{"fourier_z": [175.98720166359814, 180.16486600682666, 182.33975238607837, 169.6967021666182, 162.10805196434353, 187.28671917747573, 174.80571425726072, 177.98466464137474, 184.6934717525677, 179.5410421055899, 157.82639493188404, 182.9892124015413, 180.90957347343905, 169.06874441525065, 179.21482013218483, 165.34183821952, 189.66527751155823, 192.38663322664908, 158.24662013765536, 168.56834081765712, 170.7634897963735, 136.01108796349465, 167.1329014710724, 178.1686969131451, 174.99807847256565, 183.59785720285774, 180.54563506594405, 178.6378040088746, 163.67327234780936, 178.93090444372018, 160.36126745164776, 183.49280416981657, 156.016870373584, 178.09881740327353, 182.7000059378505, 183.51556194981796, 152.6539684626056, 185.23565957647304, 172.7683696592734, 170.54236277281703, 171.35657619095, 186.03662901659632, 162.40964519271228, 165.17193346840017, 167.5704981715643, 187.67990152849677, 151.83016763766213, 190.41257852154146, 163.6455957244178, 180.7328318935356, 171.71539986804373, 172.12606956914408, 173.14250097041872, 188.05215873672228, 174.45489140584908, 189.24317504310804, 161.03668555729897, 176.07695671256727, 185.02148425846428, 162.15590697829737, 183.36924783791608, 190.6753102125968, 179.19583827048402, 184.0598008975149], "fourier_x": [162.12425805239923, 181.45309483567274, 188.31286008886852, 170.72064053704057, 169.01669420088453, 160.84071721008584, 181.5739858968473, 172.21457163108286, 135.02395469137588, 131.88664964735733, 152.11948704721624, 175.68911839470545, 175.45908938366688, 164.32586856414497, 183.18271349491084, 130.15850983540486, 179.95201428367392, 170.43805752049445, 169.1913943501318, 168.72968609585686, 182.59914164804823, 192.1543677715924, 177.31500604279304, 167.3751557615753, 176.91603148393057, 167.37163098905813, 186.20625762000088, 187.02175503590414, 184.01585581043344, 187.92490003441992, 176.94045499876972, 184.2950567102899, 166.13918154804918, 186.6874937927882, 181.58190188364497, 154.36175562484638, 185.76461457313025, 191.33990946943663, 187.15593661234823, 154.80807040431353, 167.44965436538126, 176.78611738323823, 175.37480136119999, 176.21500622754746, 164.4210913754277, 179.39153947235468, 165.67673151621875, 163.88495162703663, 169.20841251990677, 160.84122400061747, 175.84404381898995, 176.08297833901875, 187.98162557758192, 177.38425790312903, 181.0572691536112, 182.72769347633144, 166.62969280212454, 172.41890672974873, 166.79466875267246, 132.18899590289658, 175.62800956687684, 165.6918696709123, 192.4661594369184, 192.77317468335426], "fourier_y": [152.4141017367652, 178.26392035139543, 181.71389088500035, 182.2126042070516, 159.02376491043833, 180.8816614762731, 183.3959949705056, 147.9374082772907, 185.6871382487478, 137.30032200477223, 116.10356363397878, 179.46919093056468, 168.63553750499796, 174.57933015830827, 185.38271446499778, 166.42794511230858, 166.9670865571436, 174.44779320273398, 177.26513909250767, 177.1031905369132, 177.82863620148413, 183.34336360092848, 183.85676224669965, 186.61943162910222, 171.35606646083207, 183.15986775450915, 168.1969671797421, 169.45490053025003, 185.91916061709244, 165.5464676268722, 174.0229940493926, 186.74391836712402, 162.21955219502735, 163.27068844015446, 185.0197785476164, 175.01339946544707, 179.72154216387253, 176.13626088726426, 149.05045172919182, 182.52907957198903, 178.06540805279644, 173.68524533845618, 185.64867854450335, 176.74212166514656, 178.96188705749066, 190.23100975659915, 181.4638488555676, 192.2573077742186, 169.3651569899599, 191.71844731688114, 174.5710459800634, 190.3015237269166, 175.8431965008051, 190.05537026076735, 151.37211270754227, 165.44844811295505, 186.86030810813054, 178.483146141629, 172.79930502285407, 138.64961523059551, 183.22121772284368, 183.3084594866122, 180.43149213137883, 171.7295492953071], "src_path": "/Users/hagardolev/Documents/Computer-Science/Third_year/sara_guidance/db_3d_models/db/10/m1007/m1007.off", "name": "m1007"}