{"fourier_z": [132.79751667653082, 179.87537871525646, 177.4648492462715, 179.65796321315918, 178.5594008820384, 172.20313784087222, 169.589828683735, 158.512521468049, 124.33859180029907, 179.70977890538077, 179.14431468074196, 157.0669728171648, 191.19516332301995, 165.80308085815747, 171.59501818881336, 137.5285428557955, 166.22571827350816, 168.64215012064435, 184.04775764390737, 160.90700397682284, 187.44260922772472, 167.4899015074739, 165.42032654396, 167.0132507583313, 174.37073194542307, 172.4948110497408, 179.76850436919528, 139.2106316206026, 163.0593123521781, 167.67986498857584, 155.21078152088273, 177.0904161524531, 159.41657181998752, 178.36835181728333, 165.53246765411305, 175.87316422366092, 180.5258180579001, 174.9533234530601, 125.02910481376759, 174.74743196221877, 175.57784029873153, 170.40256941266034, 166.21904265303752, 190.93930601357317, 169.29583737335497, 127.37027848867235, 114.58364102558244, 177.34348508531767, 181.10491759807184, 168.96840040134373, 166.58223610156213, 186.46725951769994, 175.65036793586987, 162.56485822974662, 172.51721955880998, 164.80019142353316, 173.6148419989965, 168.51802049539594, 142.6904046532976, 181.14762726503798, 191.93237959837728, 175.7874228983931, 181.8767148146408, 133.5080349549443], "fourier_x": [172.64611997033484, 161.26269512726762, 146.2159269753911, 158.23492291666008, 156.28969841385927, 159.3012924993527, 128.10751958761065, 168.46780929945044, 179.28444061199085, 175.19371764852417, 169.67624818127135, 147.54966159005332, 153.22878119740827, 165.6718275698299, 168.6580242991841, 156.0869061767052, 178.63245667722222, 179.6398819927229, 179.50956537582968, 179.39697132102566, 148.6548686542352, 176.23886758038753, 179.09858790162897, 176.8989934440292, 145.06226792213124, 149.68296941265032, 149.79806942479627, 166.19126019206112, 156.25142656394428, 150.78740542257583, 172.23590100165512, 165.37374441713595, 172.2254056196643, 170.25585365498884, 118.29810922476682, 168.1011157860704, 178.69280695287978, 172.2596644662268, 156.8775709565003, 166.83058305344647, 183.02056264248816, 178.32931190704818, 162.69927616890902, 159.48116652420038, 173.72951129786549, 170.01569030853432, 166.85776041300701, 158.28118409280566, 151.10406669483623, 151.1348014580466, 158.3197325619533, 164.62246886636086, 172.41553928648364, 171.6570015896575, 173.83822839368005, 165.44541436871071, 168.89783501108872, 161.3262372921524, 163.7038431802907, 138.1689615151546, 167.88302049736504, 172.93580296037766, 156.69043223757873, 167.91233388231365], "fourier_y": [197.7013793402422, 181.27707510979278, 178.8107430510679, 201.2006131772746, 160.95435423339939, 195.23725284181327, 180.72038134065582, 168.11742477243357, 187.243926708572, 195.78695047348234, 186.84711266610861, 187.66047363789352, 174.6909544501101, 169.25628676255167, 182.07770956868933, 183.67176299919635, 195.2331584747942, 188.77446613353715, 177.07368076468526, 170.46400649362607, 189.82089052623976, 185.73760275268725, 184.64810246065167, 178.69375335147137, 182.10523589152393, 195.17081764219856, 186.63610597699744, 171.70475886678176, 193.13175686107513, 176.2639770718813, 185.6644267282237, 179.27241470515003, 181.3049955010067, 186.111405997634, 174.80149757211447, 164.94481007759376, 169.49570638789118, 185.47120163927707, 190.94590091535778, 173.63122611204804, 178.71783933696463, 188.6500796221216, 191.937495840238, 171.73821159983157, 188.03565131609076, 181.8777927838161, 173.7731461741748, 170.3538480634562, 166.39270834451608, 184.19627603363082, 177.35519143622395, 179.19411946087152, 171.14177566074284, 183.19880239728704, 196.27400232575206, 192.18913604364033, 177.72246848565712, 177.26245192267245, 173.16719129631932, 193.79391637877362, 179.6970018546439, 185.6572675640797, 184.74383211429245, 187.86548903998874], "src_path": "/Users/hagardolev/Documents/Computer-Science/Third_year/sara_guidance/db_3d_models/db/10/m1002/m1002.off", "name": "m1002"}