{"fourier_z": [184.09650382576146, 161.7420880576378, 180.012007770537, 176.17405857064568, 163.5887084300848, 175.7156577959313, 161.2476668432779, 176.03753869241612, 175.34540997156594, 175.6874353984708, 183.70601371566613, 168.69441583224398, 191.58465715453272, 175.96365800035812, 192.30237106245002, 196.79170463452476, 181.39875988294347, 187.67948453477499, 185.02868280065928, 187.13007774463495, 194.49419605566771, 171.27496626558343, 190.2764540205967, 184.65765460211256, 180.49879380233546, 163.49056959097305, 185.6684621034191, 174.8542887411868, 177.89815093985715, 180.05851146969377, 189.0295218883043, 179.4682974570587, 172.81314701378443, 181.63559142204866, 166.18553962907853, 180.8677927929055, 191.95796288637308, 168.61694155697353, 186.35752149726886, 189.54841729527487, 166.5539172212718, 170.19702229925556, 173.13098009791534, 169.96070594620122, 167.10383022199693, 166.67601725454375, 186.36035067358264, 181.59235297475075, 155.09889804598072, 176.61596712134906, 176.59703466881513, 181.08795492932077, 173.79132261315007, 167.8068715998744, 176.1980977675758, 162.34849615517015, 154.91398986416434, 168.71822845917762, 173.23488927559873, 178.15636178291226, 159.91094801155816, 184.75892718731131, 193.67717584669876, 183.80038853916804], "fourier_x": [184.09650382576146, 176.5800426521847, 178.70389513677821, 186.2698007094554, 177.96239657772088, 166.9911856743248, 190.64674854453855, 184.55525963253493, 169.80976600448344, 162.89116752876942, 162.74012244126317, 163.70805602142718, 161.00556531520795, 153.1169412670366, 164.64419314032392, 156.32945203909836, 181.3402704372657, 162.35661818186114, 176.1124709914967, 183.7713737273009, 185.49286496625282, 170.49177567774257, 191.2375175003824, 185.4276361955453, 188.32772857004346, 162.74678689900216, 181.0014044287629, 178.05874652817974, 168.06500526866222, 175.22474446492683, 182.31808905279254, 162.05224074710463, 177.617539455924, 174.86188871552687, 160.120081454674, 181.12969079761402, 176.31982400642465, 163.6589021753926, 177.43898652098093, 183.65542374581705, 179.7383441375865, 165.69097641297842, 172.61565238373353, 183.40296010153133, 173.87393228275474, 178.44963880406192, 182.1600338124676, 163.69756944889997, 176.56733024687298, 181.70448891366448, 187.55935364844234, 180.4565141828972, 158.41360481584508, 183.64690688312447, 149.97251217163924, 183.8645330017623, 178.99976258688397, 191.05081195042055, 182.33270415516978, 190.2927730815749, 180.06518019003244, 172.6115868324212, 174.02685828009265, 151.93261220373626], "fourier_y": [172.64611997033487, 167.85086751442267, 177.77190410424708, 183.6660820755243, 182.3302726039699, 192.18066164010335, 192.4339176878202, 175.14923212038667, 153.12760370387468, 171.50748099687513, 154.76062976722514, 168.01951453431872, 191.27985986801923, 158.9454568674191, 195.2103793675928, 183.92182069060942, 170.62404213222413, 176.38312163048354, 178.47750692831653, 175.36566696300864, 170.39606014336684, 188.461841245507, 169.36818597051848, 187.3517691854603, 170.5568036766749, 179.6976451447315, 172.74210526203686, 166.66103100061088, 155.46598553408575, 180.78908714841972, 172.78065536141693, 182.09960671875766, 175.38807094083103, 165.22022476720713, 171.35007072558972, 184.5606586882764, 168.0207479827843, 164.04566411522745, 164.87623695812684, 183.79040841111498, 153.68078488343465, 135.5443139304438, 153.76399550541566, 160.51138433717338, 152.7878504638628, 165.46062532508867, 167.8104245165411, 186.19006407844796, 166.3615433127822, 160.75763006239964, 179.3475493357248, 179.67807659690015, 174.7296333007605, 170.95225655155244, 184.35464381547848, 176.10531554380123, 174.65725371845593, 183.35056857597604, 156.38516214544265, 136.4668537964148, 165.58743809755, 151.05435424524939, 186.8706994960629, 178.8681853444642], "src_path": "/Users/hagardolev/Documents/Computer-Science/Third_year/sara_guidance/db_3d_models/db/10/m1009/m1009.off", "name": "m1009"}