{"fourier_z": [169.7140504864973, 171.63765907609542, 165.64591507513157, 167.29319768295574, 184.81137713457255, 168.23119989414337, 181.6419231107834, 158.31496564733837, 170.37920815965964, 175.45410707408394, 177.8108717197787, 154.78181288288982, 184.2896930377588, 168.16114852259744, 164.9920462047703, 162.71111946334065, 173.26293854108354, 166.03094984682545, 174.78564021166954, 175.9146109398351, 179.82410431557898, 174.30688986984788, 184.90610408259164, 155.47798834232538, 170.3786672718709, 164.82489840494242, 173.95197469994025, 185.49119092818543, 168.95655293020934, 187.62960732905128, 189.2335886217697, 177.55761362184, 169.56601495012617, 168.9300150346203, 150.68997646464527, 186.23151528448903, 174.9166511653288, 186.83634332995655, 176.71753859982957, 180.54120965181184, 109.97863117180762, 174.51864138613269, 168.51074629559915, 187.46862405253893, 165.0698235825158, 175.15196989766383, 171.36847715573933, 180.474588997465, 179.59678271315684, 180.65982965497835, 121.52093825210714, 163.72773881092894, 182.0239900294397, 174.24437909528717, 186.34231230308876, 184.05180317781586, 178.02133220118182, 156.2314673840715, 156.25421223047334, 158.2709759906089, 173.66365586491537, 171.92455343520288, 181.9801669074745, 173.33346877013076], "fourier_x": [154.76976244989288, 166.50591879224294, 169.8209009227115, 191.32910520481656, 191.7195210032904, 177.0311466669392, 175.0315061347473, 178.79976995252372, 170.74788080326226, 174.64618653050422, 167.78978356926555, 178.38543379960467, 185.4757103537045, 175.42474802970827, 158.0723716888708, 173.79050732605515, 185.11544488270897, 186.97502106052272, 187.36926696055184, 175.1277922298942, 186.23532229823124, 192.50051091865615, 184.81969498505353, 165.8657387366933, 178.4066801692626, 164.54160190752367, 177.3251920122828, 163.98196581519156, 169.5489198103009, 153.88268260734316, 153.9577899022258, 150.46856480184806, 167.42309203677735, 174.66060100325197, 174.2198662294888, 169.34885647617793, 154.82135962872871, 176.0336895777317, 180.17625412761308, 190.05477185721386, 189.53022851660495, 173.54509115402413, 171.66421754583246, 187.0345154288611, 181.48525109996964, 180.30760080937506, 178.97215723823598, 183.36423783869054, 190.25657701035266, 185.28258799959474, 160.98433438698987, 164.43296241936818, 174.6919046615669, 175.91259942789816, 183.96999450073127, 157.82778455488454, 185.4403088126723, 176.1390853150104, 165.42359000494386, 170.3151554083722, 176.2170142454832, 146.88456874333988, 174.53379223093705, 180.63150401394768], "fourier_y": [171.71571965763695, 188.48192116185794, 172.04852348364997, 155.80990614969434, 182.38541354698665, 169.35589539285357, 174.22018021903315, 181.7462245999804, 185.71988890599798, 171.6936642657834, 185.50996637899397, 197.30749926768345, 196.2562296465864, 171.47997335628358, 198.3642682875577, 191.10756335665195, 185.5909744436393, 161.68768581929245, 164.60670835927039, 187.65721666219477, 180.4003981211012, 185.1222361850822, 184.68142333573493, 186.4971363555518, 181.454357378538, 164.64379482962755, 189.85519651759628, 169.74623929229355, 182.78649989967676, 184.45764204589852, 188.29444356326547, 184.3439631854358, 173.09719222904812, 194.43527459624244, 192.88503962532064, 168.2309736444209, 179.9213946266505, 161.1060067566878, 188.04425849972662, 155.8045571256656, 184.2818917850802, 194.03879459655357, 180.4558183601278, 175.83330451127324, 187.27248309444553, 175.33397663661458, 181.56815148585156, 178.65543036955873, 189.33600008444336, 176.40560590805802, 178.2075822652575, 172.44752070807345, 178.87448580934222, 153.1311058894448, 186.27890002080227, 171.00035500697712, 179.01817847908353, 189.5305558258945, 188.88036862434888, 187.36269904019798, 195.70146708953956, 175.85230773273733, 184.16327639550363, 147.44511554264827], "src_path": "/Users/hagardolev/Documents/Computer-Science/Third_year/sara_guidance/db_3d_models/db/10/m1000/m1000.off", "name": "m1000"}