{"fourier_z": [152.41410173676522, 164.4256607876972, 147.91795527002574, 154.45723370167588, 155.57087036736698, 171.67071995209855, 155.876381021375, 160.7135352424639, 130.39393270076343, 171.0181817652756, 169.20165027657575, 172.2537303751953, 161.7209697086708, 153.2766465029709, 169.35610743491014, 178.87110671485428, 120.60573352311282, 169.33821498742165, 165.15041427681726, 144.75563594265876, 157.60207498336717, 164.54663509678437, 148.75995506431846, 179.14520014377348, 157.04375599803774, 168.97949432907302, 163.36936891299882, 158.0484159266693, 141.45633941339835, 157.64130041174238, 141.18574360525963, 166.2891216441796, 140.00071426405844, 162.66829783720485, 139.2287199955571, 169.47555354656538, 165.67657395928026, 147.2359173377998, 156.3659448565804, 162.7895725840199, 169.0483939526517, 168.84963555328414, 165.59149483088848, 162.8069193277442, 175.28587922859475, 178.35161362454753, 174.68003127743444, 169.16756454836144, 136.46319458033594, 148.7691912716574, 160.0388624914778, 171.66943572228988, 171.8588682784017, 181.1852553135574, 181.64036970075085, 166.2738903487749, 160.65557829644465, 166.98898303301456, 155.26154699318707, 147.49736658147768, 158.16012482144447, 169.15000201587537, 171.2811616578171, 140.86651065827053], "fourier_x": [180.13998895916305, 155.25992586670503, 159.67296685995132, 162.85115188689122, 173.24872647984228, 178.75522248695236, 176.91636845645678, 174.26430496831455, 179.2706321796573, 159.45758400109656, 163.9953483709807, 156.93370980123655, 176.48120568430582, 181.33219983384438, 185.26240558905783, 177.46554406535577, 168.9489582778503, 134.52560386835768, 126.55952114960681, 168.21686748551662, 152.21058697033007, 156.99040327066518, 174.593191624147, 154.6199657033608, 152.88211834311164, 165.80354115868732, 167.79783507198403, 178.92120429128425, 171.43261099316345, 174.52256264203567, 139.50795339893293, 172.08879565439116, 164.16205190842942, 161.3757703385677, 168.18746977033635, 174.23264049135747, 177.94628564985825, 180.43198544116456, 156.53026596426892, 182.3509097416232, 178.3857484337142, 169.24477058332417, 176.1874860887276, 133.3498586183097, 166.87064315901955, 172.09120352360713, 142.73027570893217, 176.44173037777958, 185.38410900878222, 181.6335626059052, 185.09872831025376, 171.20259477954545, 158.79333922864421, 175.36592540528477, 173.11236117652882, 156.89841071870674, 175.53461737694178, 172.85571259754337, 179.00830888684186, 165.83160188766988, 160.93186006498104, 178.31897430234648, 173.75864912741807, 122.42366850174011], "fourier_y": [173.5351552217515, 172.3547191093439, 149.78483835606636, 180.3572679289135, 186.57679934859055, 173.49869388251636, 186.2806246967239, 182.04643623804037, 169.69163587726896, 143.75793519939376, 170.59968078348385, 182.88053545011593, 179.9582010257015, 161.89173844268421, 189.21244897370443, 181.3476754038734, 164.86744443662732, 167.6449991209608, 162.77539995623542, 125.3715103087712, 164.56520860934552, 176.22734875951156, 183.23933234706635, 169.7835549232788, 177.02599423754174, 179.24389311308664, 172.43414612547429, 177.3943214074691, 174.14529138918667, 176.59508480283006, 179.21923290604707, 155.81698673458948, 180.466192115071, 176.52476711858512, 177.17055972077753, 184.52830983864305, 161.89384577933893, 175.79552642143685, 177.85829846853088, 164.8475071433857, 164.4082149371623, 151.77832252968136, 176.99042446480274, 176.89574584952098, 172.48232825599928, 168.09205433432794, 164.18032028284532, 178.50582961274424, 172.86526970001236, 148.02975209221648, 151.54545302613957, 171.74738865178807, 173.55400211567434, 159.49649862882976, 161.08009841734514, 180.98299480804536, 169.51362423049932, 173.25303901439213, 156.58625218215172, 159.9546578974284, 167.17053856432383, 150.4367113168419, 169.16448139753976, 167.8822550775021], "src_path": "/Users/hagardolev/Documents/Computer-Science/Third_year/sara_guidance/db_3d_models/db/10/m1016/m1016.off", "name": "m1016"}