{"fourier_z": [164.98627492521274, 144.55439744818148, 154.2944247579573, 156.62052861164858, 153.8531843797241, 112.09007659414327, 155.68580027053875, 167.51515060363062, 177.08045804586942, 160.66075110764012, 170.01541625122317, 168.9563543463874, 176.98262446534386, 187.81891952405715, 138.4894528965431, 181.41548314149185, 176.13420005783001, 178.49393914514994, 186.08414612873372, 184.50040473747467, 175.67874936305265, 170.39669644060197, 170.7018905366972, 161.09529193696304, 163.04445655350494, 183.7692390297802, 175.02260341840793, 149.75933731088264, 144.1905282894121, 188.27797537727287, 154.86916318953953, 185.62211395226205, 189.05717060703583, 168.13555393148246, 167.39738240520498, 144.46071601862275, 192.6257314038191, 160.66270394946142, 180.26678530275618, 173.55120953266407, 177.54626925186602, 173.41027382660752, 172.90411908354264, 186.68961064609238, 175.2790266849146, 170.05783406303632, 171.97369905534168, 171.85023719617365, 157.39949582918865, 179.18751398956363, 139.5058502155892, 148.9796207315989, 156.13473882213384, 166.60518447174806, 142.00925932114737, 157.6874685142958, 176.01964501399357, 166.6515381970775, 172.93585206191324, 175.89862539198575, 165.9934450382555, 162.64057554752094, 152.8889027439084, 161.5016654954252], "fourier_x": [177.4693611066726, 187.40320939881764, 185.4365794728178, 162.5728181518197, 159.77891210129124, 164.57508427943137, 168.4787738886341, 153.48700953036334, 184.1975123268868, 183.59505892891661, 188.12604974965274, 171.62062468922844, 151.0855895115996, 180.4995686519821, 172.89078328977445, 177.26060419305054, 168.91041653223567, 183.8563863244126, 185.56402079983113, 187.03992029575784, 174.44667528063468, 173.06371359225955, 169.41028803685722, 165.7292428609011, 184.52582831369486, 167.8942284210022, 175.82148265988323, 183.20474081572536, 175.13394123628242, 157.362911722336, 166.9958282788575, 146.50365475763263, 186.7814535503653, 177.9695030499321, 186.8664935402325, 189.72917447368997, 182.5796830207582, 176.60925900475402, 159.18656676230802, 151.81548870333188, 173.19321750327433, 188.02834905564364, 167.89319993862807, 164.17210154644295, 163.2348529215972, 149.0345955461731, 164.25766102865512, 153.840021590239, 164.84667332527394, 188.4640898835855, 185.4007621360184, 161.22512324494122, 163.0256060608232, 178.77824740818255, 173.2220799700805, 137.96884698895042, 183.93906393157934, 173.98729320023622, 156.19136967911143, 161.18419949880658, 164.99353892956555, 171.74855345592812, 179.75362597609956, 184.3201145682636], "fourier_y": [154.7697624498929, 174.97572787002179, 166.90894562741548, 176.6531722734484, 184.348362593245, 172.9185043251225, 157.23517919963552, 182.65635755353188, 177.86146239944387, 157.77403618875957, 178.6490954184288, 180.70435776466329, 172.0338066950694, 183.74054734869605, 168.5114896820134, 188.43200709474544, 162.65544670215903, 184.92006229178114, 164.4936950316418, 176.32288381572565, 182.51468559244262, 185.49648136751856, 153.91262184000817, 178.9020404600344, 165.20293778225778, 177.1094666365535, 198.84421117500744, 180.98621081495907, 184.53615606166835, 169.8016172540339, 189.13653157088103, 192.39996974272913, 173.51052412427856, 170.27849554478695, 160.6874716744723, 162.12484379027006, 190.4033719670519, 179.4619514384151, 187.70609363214447, 173.59836406626084, 162.39085105152947, 185.93870661340094, 172.0009203933822, 184.71485601287344, 180.54014870925354, 158.6990116854994, 171.7237588514308, 157.99232439826187, 172.5688044626383, 178.20227282560185, 191.12045749299867, 192.41027529382512, 172.6790028644844, 192.50993726693173, 182.90484461706023, 172.9037783713615, 179.31982580563226, 189.85388553312805, 176.28630519220042, 178.65055379397495, 174.57666419348698, 171.09167065293136, 170.60136615446095, 165.69110193906727], "src_path": "/Users/hagardolev/Documents/Computer-Science/Third_year/sara_guidance/db_3d_models/db/10/m1018/m1018.off", "name": "m1018"}