{"fourier_z": [152.41410173676525, 134.2004795797355, 167.6013203986676, 166.13803827492433, 178.33614024901914, 178.78131137924456, 168.57779970784148, 161.77394682313133, 156.72433217673725, 141.61269408653834, 171.92008867857606, 158.63861297937893, 177.71294338112608, 171.43588802060887, 168.97285999466814, 146.9850856809121, 165.867490648748, 173.57033364621304, 167.08536713935584, 161.85928310395263, 161.60556976363395, 176.25745061837353, 184.6467933050572, 170.6429600702025, 134.78668159631502, 112.45776439090483, 160.96582316561384, 138.303110911823, 164.94470027858932, 187.0386865777234, 180.95602654223273, 170.6891838141887, 149.76336403934613, 161.75495507980662, 163.62364372271938, 178.39294622531844, 181.85939593434352, 158.3349096159063, 162.47004465248375, 165.57032242786448, 182.75751462063755, 160.56067648087787, 153.6821152473499, 150.2033896867491, 163.50018987902592, 178.88443907599117, 165.6079485736247, 146.30515179174523, 173.26474770050484, 158.90946096658843, 160.09896918342025, 174.9450411390653, 171.70775404812167, 155.84668355632385, 182.08308365918919, 182.9742828253583, 136.67876120753192, 164.98110958977998, 167.0557623566956, 162.5979793890304, 177.99703747207735, 180.9103619938904, 169.09726886267978, 172.84539416109695], "fourier_x": [132.79751667653073, 150.773390105398, 160.84891813110693, 157.06703006209483, 124.0092909096737, 154.11899155168382, 156.96034456241375, 149.45762048635672, 164.0241137449795, 161.82015535748013, 152.5116884127108, 145.5730871756495, 138.60205086819025, 140.35400889253037, 154.85668294367665, 162.88389406242143, 156.1214122692839, 153.65632312575997, 147.9634328527714, 146.56084750643075, 152.52493844506898, 141.58922339261886, 143.82707120218336, 163.71485407674174, 160.43665518287395, 149.38379018196082, 140.2261598144457, 132.05412071864654, 148.48300693747188, 148.57169212761872, 134.6512481310869, 141.45754537192798, 161.6293244657933, 159.06579376518297, 159.17080218762715, 158.09056434656424, 153.42102781123484, 154.07328935673104, 151.22516867200287, 112.81587891113213, 158.94369754575695, 148.72289389897188, 159.51282944535993, 156.2605159892948, 146.40165847461915, 136.7831939602944, 153.98686550125484, 163.9461723822854, 168.1328854106332, 168.56544614221218, 163.5103031926606, 148.2374246428365, 148.0637409713162, 144.59954792245387, 147.71867406497537, 163.24584835137844, 162.53822653151013, 158.72167774882655, 156.22873714368544, 138.5333372326699, 162.85402819966944, 173.29948695536288, 173.09342394937534, 166.54558147707834], "fourier_y": [138.55115812556633, 131.5694345494951, 148.3436977017468, 163.4302982091316, 169.99598225996732, 170.46671348319305, 165.11424460488638, 155.72698596612918, 138.2552514025284, 132.35916781877557, 143.416482420005, 144.11049105322653, 154.51205158039232, 159.8892545807396, 159.76239785766228, 161.26452360122627, 133.63351842350696, 157.0447324639781, 159.1593217542204, 149.14913594428558, 147.11495448079341, 152.61153244940056, 145.4691991357777, 150.08621037179014, 143.79606253174083, 144.31840404614337, 134.89208695789333, 113.33619957146, 124.98065384262539, 144.1401300000827, 152.00806240148572, 150.37455105834812, 118.82793299607962, 148.15838837189116, 158.68809068739918, 158.71731096176154, 149.86691691230004, 145.96370307179805, 148.227000158132, 130.13579817567248, 111.80673801611823, 123.43663480238502, 146.67849668789572, 155.91961639222976, 160.56564241573383, 163.32363831941652, 163.30839806056147, 159.4541306056718, 105.80856058748616, 147.47834147729895, 157.35682446309553, 159.62537209565656, 157.5853719593955, 153.9924580693186, 155.16185252558427, 160.45372239535126, 147.61830016185255, 141.9101308853508, 153.36958768728144, 161.49432144131146, 164.67184441623988, 164.68016974331425, 162.30260355834415, 160.59839475463374], "src_path": "/Users/hagardolev/Documents/Computer-Science/Third_year/sara_guidance/db_3d_models/db/1/m102/m102.off", "name": "m102"}