{"fourier_z": [146.66046028772962, 152.4540298178727, 157.75522207434267, 157.52880252173762, 154.3221254883496, 156.1117928509476, 160.5251490377395, 163.0001817779854, 139.5328432648329, 150.69296980370962, 161.93676324218416, 166.36604441994194, 166.193516611133, 162.06540794497465, 154.85563327532458, 150.58767070698732, 149.50234663990474, 128.11359678826037, 148.6152625366196, 158.08705541753713, 160.16882220247555, 157.1749521955235, 150.39691779387817, 144.72713167034217, 141.0429921113713, 145.9227700768039, 143.4737462578058, 129.32864627062293, 139.52829148702727, 152.29650643361506, 158.81733434211012, 162.44116479747166, 152.94149625370824, 162.0926817587187, 167.251174659216, 166.3914286134788, 162.56853221351648, 160.93634775535418, 161.47084828010136, 159.05434085375933, 163.38160572797142, 164.94062555219247, 164.07701896784778, 156.54058019371274, 139.4002062891425, 152.5971585597789, 163.4356901829325, 167.4677105055663, 144.29009271114498, 158.20862407483696, 162.94398126437895, 161.72203848519106, 156.13522280759636, 148.30985357248147, 146.2127088464227, 152.8267460173727, 152.32055310984637, 167.21526775567747, 171.57575683146078, 168.48068414192414, 157.51143275057078, 130.91526647593759, 145.78624789775807, 158.43719079856578], "fourier_x": [154.7697624498929, 99.87652822421602, 145.65892170333473, 164.5081447424837, 171.92637748653212, 152.5560092660137, 168.95071573572602, 174.06262602115493, 163.44445897686563, 158.18745611543937, 165.5952634117372, 163.8361579419741, 158.8819004373571, 163.10993741731735, 171.8856657701848, 178.7735098812156, 162.17314484614906, 148.84373253671694, 168.1867576926714, 167.7699751799737, 151.1567594610927, 161.07739591466168, 160.88817009532792, 174.5572457948832, 168.45960852791046, 148.03538200449646, 164.65005548844556, 163.1615721684605, 137.1792602775608, 158.11959810813255, 143.03253757869743, 166.42600911039904, 180.0241777674014, 156.95182100467153, 157.11064224607958, 149.23532276616132, 161.39595457450784, 173.28194063307197, 169.27913041277475, 165.7971868205479, 176.74284289484692, 132.20568976643312, 157.20500703104747, 153.5111382886505, 157.2582039912013, 167.54048695883688, 169.6769569745718, 166.38866328556793, 126.35280639123651, 154.10281040888805, 170.64079554049488, 156.71225129159427, 143.7570683523872, 138.59113512348998, 149.94779285837052, 162.52636206664454, 172.27199242954754, 162.39695323871618, 173.8503858088559, 168.43946266594116, 167.0419027200976, 171.01903707693134, 143.77345153723286, 158.60352515014898], "fourier_y": [163.6064174954737, 145.27499880696408, 154.3260858284774, 167.31837843509408, 162.2388391732083, 146.6925310823643, 183.52365394576134, 190.44105646165212, 173.91864743949085, 183.70072270692123, 187.42761865764442, 182.1321370319617, 176.22044383705935, 183.07337599378488, 189.18145142661064, 182.00186958636783, 170.4507232755662, 189.79976359852176, 192.56228570921462, 170.2524181748346, 182.2808694809449, 183.7207477249322, 179.30807971814966, 175.38390348842398, 162.60040714160763, 190.5266524805919, 190.23913147802512, 169.43272568955805, 168.21256129090673, 163.6685366515315, 173.01323138838382, 178.5334958185224, 158.92677385884693, 182.0093617806879, 186.70723402836603, 180.41293032974195, 152.9494436261402, 182.8549422908868, 181.86483798795507, 175.01312588789267, 137.19144616587738, 171.83429258722728, 172.4388186190055, 180.09077995574694, 165.71507736382824, 175.964084343922, 168.79005024449927, 178.51305082633982, 161.58848774212902, 163.02940438763673, 164.67319734947336, 161.13658343271882, 179.06146138622603, 173.65696978177897, 161.6532204861049, 173.11985333987815, 157.04155324496534, 180.75887187451445, 186.55988889470223, 173.12476641281438, 155.18226895480802, 157.97838079490927, 132.01620721612034, 173.16944864604238], "src_path": "/Users/hagardolev/Documents/Computer-Science/Third_year/sara_guidance/db_3d_models/db/10/m1034/m1034.off", "name": "m1034"}