{"fourier_z": [184.60285998544725, 186.840244084346, 178.67401181149773, 174.3393480322319, 175.78503803315812, 174.4875323082229, 168.45992846157813, 150.50009187311804, 167.19163474135462, 175.1459459245059, 171.9255279294742, 173.46720999301334, 180.30983186265348, 183.24560902336034, 178.6055583702898, 166.64056198015027, 144.25558904823757, 151.169404541821, 152.07577023373292, 160.84814551153562, 177.06739541069553, 182.35086143907094, 178.998589272494, 177.1035594864756, 169.49299585140434, 161.13243614276394, 116.89566009006582, 161.68978627645205, 174.93222761950332, 178.8143653076654, 175.81387563883362, 179.96773328716102, 155.7181895464974, 158.780404119011, 152.84454769773475, 174.36332591768743, 171.4172732457307, 161.19450702649527, 147.90576598855986, 171.51869647237135, 157.89393331413697, 157.57420709952703, 165.99720003557377, 182.58490447479602, 179.82939360456584, 157.21027854638726, 153.6855344443542, 166.56714141205086, 156.0346514151878, 151.10126867309592, 158.65102841633708, 180.4660771490765, 179.89625586947835, 159.37295177565449, 170.21106666712686, 176.18330387451468, 134.04586157865532, 162.81778496472748, 144.63934218655055, 171.79538700371992, 181.63739398885008, 171.4980530088937, 134.57225822414742, 150.81204532279932], "fourier_x": [110.82527090316852, 123.81568946601868, 131.7493980284218, 133.52107678488622, 124.60880565341773, 132.5203037405785, 116.6193034099798, 131.09726665108275, 115.13014845088605, 129.10205180094397, 125.5231042810311, 130.48180475037822, 140.68050715675292, 128.6102825189927, 121.0151106582333, 130.24430085945912, 119.13087850503045, 131.8038440506263, 122.00279171254729, 139.2673769799058, 147.6054584138738, 127.85622171731842, 132.33734879753243, 127.70070835119193, 121.40048283639958, 131.7792142619349, 118.80338133958412, 144.01173734649075, 149.20609749082703, 124.40227920698936, 136.6824234150753, 123.0359927586499, 128.33181060853627, 132.07377837494303, 112.02616546714167, 143.88738149495373, 145.98608504307364, 110.19200683991843, 135.53108429891165, 119.359432697866, 136.7494071168018, 135.12301196263596, 116.69862958212966, 139.59607771865797, 136.7984085844989, 121.87200721911498, 129.20923727543442, 128.624677039106, 142.16085764825525, 137.6363182896054, 127.3689433647977, 132.90817763660823, 124.25471074651495, 137.38304263321635, 118.0393694518992, 137.97038499281143, 143.95395552397315, 136.13400629106167, 132.9377028062644, 130.10137304342746, 132.71491440727746, 143.9852386611572, 106.86590233537257, 142.24819612565076], "fourier_y": [132.79751667653073, 132.33242925832118, 143.68988315596567, 144.81705505714, 162.11079692579236, 166.58183053867216, 166.34567604073095, 165.2567655515867, 136.94508130016527, 132.446193276912, 157.00607837949477, 155.6639306385438, 162.0951632701786, 162.37161133965753, 160.22321725726863, 159.6084269254516, 144.15984547828185, 144.34073933573347, 164.30838299560452, 162.4149344641371, 162.15205184810745, 155.36335042244505, 151.68592586123864, 149.87164237652016, 149.96718769210034, 149.8170733817476, 166.7385823099713, 164.79161599559944, 163.40027887565756, 159.81407704181876, 163.28332513626688, 159.3549737077757, 153.3958299827181, 147.866336682386, 163.81890039124303, 162.09684832053927, 163.31257664761964, 166.6155020647979, 171.69513950015903, 168.35083535725605, 155.06122275378462, 143.4400361350884, 154.68809094460278, 155.58758250703323, 159.95335063300578, 167.6930973991815, 173.50624108695004, 170.8861450512245, 157.20793711899756, 154.57868370151448, 152.8587977438127, 158.5877770389445, 157.4605463337408, 163.90549371957974, 169.74328062798278, 168.17161350867195, 161.01462909127594, 164.3445354360664, 161.7930537991792, 165.01861014395612, 161.16918380056842, 161.73557121095928, 162.7731979583691, 161.98446779613207], "src_path": "/Users/hagardolev/Documents/Computer-Science/Third_year/sara_guidance/db_3d_models/db/10/m1038/m1038.off", "name": "m1038"}