{"fourier_z": [154.7697624498929, 164.5936591370312, 171.94730866572397, 172.88444155419856, 169.66687243312307, 165.90077348587795, 166.42951510433082, 168.64785171346222, 167.13737791795347, 173.32429722867238, 171.38676075931696, 166.9639946464899, 164.642567984359, 160.93545536685423, 149.87643052733875, 156.089221799116, 171.39728838123523, 174.24701581044476, 166.71475586720177, 138.93067917514594, 155.4445248016902, 166.6473114144405, 165.99580381089675, 159.70714594710157, 158.54655536259224, 149.53818865133118, 147.95780913812513, 161.46899827975855, 168.143262916487, 166.40554463853852, 150.7372750477078, 133.4169481738131, 164.86856529430398, 140.43660715007664, 153.70181790602874, 161.15998469072454, 158.290459745248, 151.4766066839369, 148.04040375538113, 153.87371897446198, 130.0299756279742, 165.75194026361464, 175.16963416883095, 171.44360926616793, 146.09197827258967, 155.1648692696173, 163.72408883922242, 162.34868921775023, 145.70051152204866, 159.3462692006351, 170.8295438737959, 167.21888506280692, 153.9526614577901, 155.35600027227594, 140.5846854510647, 158.0966192054404, 153.21566037218173, 154.91364311863987, 167.70238267796967, 163.55983879598628, 146.78215398742265, 159.37277982922205, 160.51415227866244, 147.8537643556637], "fourier_x": [132.79751667653073, 132.3499999574674, 162.91919910433987, 170.25611045230562, 167.84485027665826, 166.66402847380115, 146.67182052894867, 156.32085443049084, 142.14213449796603, 141.53060010475983, 153.07733064708952, 140.38105790196119, 159.98442364333945, 170.51871618077246, 156.23765413919807, 161.88326050793918, 141.59872956578823, 156.7748411373515, 170.64586950663596, 159.2100730950595, 152.2797273674058, 163.01515913999674, 147.17700781754417, 162.04492133334597, 123.17253961297426, 159.60050371276532, 175.77868544416555, 169.67798109980941, 155.43075940396324, 143.0624680384338, 146.54454818930273, 162.52073740257802, 152.70525141639095, 159.56334823129092, 174.46633615241893, 171.62256271195844, 166.77344908058498, 162.07573775533515, 156.26363896582188, 164.17522268217397, 164.93082397123993, 161.36778665169493, 168.2347575522985, 168.2578351758158, 172.04800341806776, 170.57101894703084, 155.85334984675703, 164.16603436790214, 167.54234882790774, 161.4361201787039, 159.24951126405338, 162.01773905107075, 171.87585089637054, 170.84949409489678, 143.06750405455722, 158.4792101363384, 162.90685701415143, 157.21973178412938, 150.52693074241253, 159.18408195111135, 166.96709902163659, 166.4438671538363, 147.887751707928, 141.09250190676673], "fourier_y": [185.5786632688359, 184.96054063266718, 174.86413567043374, 173.79395468738875, 180.068150628152, 181.20139433237648, 181.46634527866158, 188.09960588811475, 169.82095098705065, 178.02041799864628, 179.39311420432597, 167.29629830062404, 169.4118731796912, 172.56438352305875, 186.0792574713034, 176.64049566988297, 189.785512835267, 172.4076239647525, 169.67229756235554, 177.65771134667617, 164.5535855280276, 172.68851980094811, 175.4838141158348, 160.18556409777656, 172.47821081014618, 179.9876934483961, 160.20466922278044, 178.12382246590892, 174.2335383957278, 173.02891963122886, 178.54394790170397, 161.70446070605126, 177.95775420329605, 163.20575890886604, 163.25285564794547, 145.5775249637554, 146.52227724294085, 161.25658582530647, 149.85489744358276, 163.95865758012712, 142.12858477557762, 156.26697672331352, 150.43393419809613, 175.9473431772619, 153.15282534597927, 184.00837583285127, 186.26071766584624, 175.8208739668795, 172.0428679537042, 155.88881060035766, 180.9767583044946, 111.88823177823787, 181.6475193926658, 164.04060516132756, 189.51198888418224, 170.95884094632532, 173.76919363613936, 170.18526014346463, 182.17717791070567, 184.75493502099454, 177.2575336359692, 166.37330801142969, 165.0152504143959, 179.91328280525735], "src_path": "/Users/hagardolev/Documents/Computer-Science/Third_year/sara_guidance/db_3d_models/db/10/m1039/m1039.off", "name": "m1039"}