{"fourier_z": [110.82527090316866, 163.25026531222647, 176.86571478558068, 179.27195363255743, 171.2900527029862, 157.42380224306407, 165.28944071286688, 182.1036900654945, 140.7704211091035, 162.48750230095314, 166.77413701284107, 158.73649620173632, 141.8473050591971, 168.97588068058698, 170.020968382371, 162.71720527840614, 147.66992533842384, 165.9815942382408, 164.53271177402215, 171.20581022160002, 170.13013255923602, 162.54056450218923, 164.40158418882294, 156.78153246886941, 167.54195209533913, 168.5280011725477, 148.6072666153803, 160.15175681859344, 166.16892840294494, 155.79439099276786, 161.2105047883909, 171.13465621550372, 142.17295991773688, 164.2240670859784, 165.7900959302632, 169.24990220328905, 183.30110214018816, 185.11597148955775, 176.12538332418123, 162.73801751837647, 172.6889706763899, 180.82413718425104, 180.31065236328823, 162.1334136896334, 161.85094507711003, 174.7304201773773, 170.9548785657105, 151.95339591676768, 166.49818419854765, 107.7172853779058, 158.34769041748575, 168.05601459960621, 175.52782114097025, 178.17924426160056, 172.8958662494149, 158.31032342492412, 173.20120578116098, 163.04694394848556, 158.99834094655682, 159.22724068777634, 157.20835843516835, 156.10286339726417, 154.59451025737638, 155.90409943608702], "fourier_x": [180.75542213249815, 181.9334394120151, 136.8199564512697, 181.2651599781401, 158.68876567279855, 182.06336378077742, 172.17309083281847, 184.1718697136737, 175.76421305252424, 177.77202708465632, 165.7471058567441, 185.12481501424014, 165.00790904455806, 173.59779625405, 164.55080840443514, 168.89659887632493, 165.8510026274018, 172.65795958450983, 176.89258593745168, 180.35473682670894, 183.62273790108878, 140.78921264123525, 127.589586311739, 158.74375087673164, 165.14145020975974, 169.13801983176688, 177.08767945847907, 178.16017965322018, 185.93582103602398, 166.24872907344678, 141.76963029751815, 173.25306366190762, 152.4476477833542, 182.59433882397985, 166.36332878302733, 184.5067716358511, 174.46871998748225, 176.26642119779294, 169.13884710613587, 173.6962782684978, 145.9994807149742, 190.05414405778777, 172.6097117550991, 184.164233308518, 133.887463921101, 189.3577038336757, 182.3629916239506, 169.58340463394822, 157.27396531581573, 186.939272024607, 180.20545551136843, 176.42795080077192, 166.83186178384713, 191.24320135852275, 182.7910327785057, 167.56373033335396, 149.80534206785717, 168.83958637976562, 178.8906909128416, 162.24956462815493, 148.65752100273997, 177.9281220279637, 170.51873459110118, 176.260629129782], "fourier_y": [152.41410173676525, 165.552988524032, 189.49867859614127, 165.1223294323571, 178.17933067575564, 159.47283169624146, 182.62567893318408, 180.6162065681279, 176.9623502737704, 194.00717862266035, 160.3613363628324, 162.06200235321558, 189.86830509939233, 165.4349203154107, 178.12940436913397, 187.15953194604168, 168.53057907998135, 170.15373238706388, 152.80057119057827, 173.4640630420509, 180.9466437507445, 152.7636598167925, 183.0817963357607, 189.11586833474075, 185.2800827547409, 168.50268007356746, 179.80382705745868, 180.71284123785523, 180.91556806210534, 152.02932000878533, 190.40047449386032, 162.05073249163203, 148.8261870457109, 183.41571214556228, 174.01177295452436, 172.55702460502397, 186.63692426364088, 188.60373609132893, 169.3040002415429, 174.93703869387326, 177.936388279009, 183.74923018605233, 185.3017100842467, 176.85278081372334, 164.3315888896875, 176.01333444328748, 178.5954762565082, 170.29256316646257, 166.61388283917705, 166.69538930794943, 179.85771743099025, 167.9480985848025, 176.9991867326861, 192.37962359489353, 165.02401716311596, 169.36532206208327, 163.55043483053524, 175.12884401388925, 181.20126961148753, 171.1576821228615, 160.25778864391094, 181.22780911953862, 177.41847002440053, 151.07116629607717], "src_path": "/Users/hagardolev/Documents/Computer-Science/Third_year/sara_guidance/db_3d_models/db/10/m1049/m1049.off", "name": "m1049"}