{"fourier_z": [174.38634751012742, 172.52607009394595, 165.735368600111, 145.90054566605608, 143.1728287609328, 160.91477082966705, 160.9624284570209, 146.1535259773839, 163.73145913762164, 163.99494458782428, 156.97832848088365, 134.74527461577227, 135.63817466103097, 136.26085128202672, 154.37460110596422, 167.6702913113707, 135.33063755604644, 132.94301659668693, 137.6012796037681, 139.737310516137, 147.88825898502827, 146.2493577647331, 144.8518426390607, 167.91446003028906, 164.5726857120868, 162.23094868425395, 155.0873133582712, 145.3873248980742, 153.98368129903764, 162.33453546832135, 158.3952974058928, 142.6395173360853, 175.71613370521385, 175.8655132589911, 171.73753765835627, 159.21388813377655, 130.240203471021, 155.9491355099005, 158.97169218448033, 149.0680702329144, 164.93802365258807, 170.3610954889908, 171.56048677594515, 163.34389399939556, 133.36495822968294, 152.18868937817442, 154.85882738267333, 134.12166640972129, 153.26065521900574, 150.41482847391399, 156.7959049188303, 154.17898893962519, 148.4533631137912, 164.93805192489555, 168.86297921129272, 159.0811531566774, 160.95367079005314, 162.21840436191914, 162.59454505329487, 164.61912224035888, 163.2439036497131, 168.0786663682846, 174.49702781863266, 173.4167913534266], "fourier_x": [173.5351552217515, 166.25631414218944, 168.28158375620094, 167.00611348464847, 117.30215691214329, 171.4242110937834, 158.04345567105062, 157.07520781341424, 168.61818760006474, 164.0402676509541, 172.63788427942137, 159.78393215856474, 150.41780168299542, 160.75830786827316, 161.71237355326386, 150.71210476455602, 168.69360061763643, 167.6171030168666, 166.81326025051263, 162.81400594867716, 164.7526304152045, 149.00048542750682, 168.42549996609281, 173.392377677754, 161.08713406797784, 164.83520492551688, 141.32289862168352, 165.01674655408243, 163.134346970271, 154.7257393996334, 161.59111598701028, 175.28663227886886, 140.97404941797734, 146.5548128965592, 160.2201366096529, 147.6594645373675, 144.38723332746662, 133.9793978475252, 133.44372062819502, 165.4379376368343, 164.11511458300606, 150.70974990994713, 167.73337452092605, 155.8344262324047, 171.28109628737548, 161.5655970255797, 149.148459717461, 161.54875231674993, 166.88594113025312, 164.0918569995426, 159.32453440092348, 156.32042952058916, 172.24777948019812, 167.2661200307078, 150.22384512901087, 173.0089496659244, 166.14441329800763, 168.99644568064184, 139.36958091804922, 158.23678519794413, 162.04907244291346, 169.37192676768572, 162.39405659486636, 169.1483403398076], "fourier_y": [185.57866326883587, 134.63941404914064, 186.90015551242658, 173.03789325462668, 154.54032691522548, 172.48483656098486, 173.28968407021523, 193.83181305962535, 192.2910288528092, 180.70143234947378, 174.84295392853195, 179.1093576264763, 197.50992508835424, 188.3979377743463, 182.5844071000531, 199.54805004348086, 196.4917734998645, 151.37272380054534, 188.0800487583216, 178.42595487706208, 175.73630763313074, 185.05574840839694, 136.5328429086568, 192.35861637235732, 185.74803606658332, 164.09162558982985, 179.15210265796526, 192.16150694099673, 188.1554807872905, 180.3379438656266, 188.76238522847564, 180.69096969394363, 187.63693570079383, 191.24580843874259, 192.40521102804533, 174.75243450211025, 191.5288893460635, 180.93792449577177, 197.10229594103816, 193.14209637282434, 190.08382294182368, 185.50161647909047, 171.112976324532, 176.16497580703856, 166.7730532498555, 185.3512951442114, 180.25635335765685, 174.88528380574903, 185.72513907791287, 161.71858763913622, 167.8664094780675, 186.0114084714539, 166.36928703677526, 179.3463313804075, 181.0045927184078, 184.37321923197374, 171.683921918025, 158.3824479095521, 186.5016132865168, 195.35551600773758, 193.68203870728962, 168.42394411653729, 175.4754389680032, 179.23425786478592], "src_path": "/Users/hagardolev/Documents/Computer-Science/Third_year/sara_guidance/db_3d_models/db/10/m1047/m1047.off", "name": "m1047"}