{"fourier_z": [152.41410173676525, 153.78874538885282, 173.11593576680238, 163.31925447777445, 179.03502884783992, 147.53205245077294, 163.65911859615034, 180.61927819851167, 179.0251982076656, 186.11600927610232, 171.422409017166, 167.10971721736513, 171.76492637989827, 177.70429316216493, 171.48450012322462, 154.79886907039617, 140.64468664104328, 161.8542035329695, 164.47319729917456, 171.05237034053135, 170.78148510833307, 173.33614593250314, 181.0922781490587, 176.19810803701543, 174.2840580311858, 174.19691221853827, 159.50938962403995, 179.76002487356828, 169.4916303703539, 173.48630889949763, 139.88807949530636, 159.76649021857733, 189.01367435533922, 183.0972584601689, 175.3600341239078, 159.59808309229604, 164.2207065011371, 187.54678032973604, 175.03679688993063, 170.18328065998156, 180.26072156629337, 187.70158828465566, 160.0849711953633, 168.15136247070495, 178.29579965034753, 193.56320369326866, 160.11238104355297, 180.47116736863958, 163.38293105386435, 150.59530010988388, 171.857852217347, 168.97879341172896, 171.59981452104745, 155.09060271349435, 172.3548170569128, 180.6511740090545, 176.88050678779106, 152.21480375507548, 128.17459728374837, 170.77492863681863, 186.26393551862913, 188.26216731075823, 179.81959662701496, 176.9843666154476], "fourier_x": [173.5351552217515, 170.54101120773439, 175.63593815357456, 172.30467881328082, 164.80087536903562, 181.51586722210124, 173.13916791261366, 166.8238964306609, 146.46614438654532, 168.17613203535475, 189.94694316990746, 180.92384395560828, 159.19517667300795, 169.37459634280822, 190.6053473869266, 177.17243404904303, 180.70444386993043, 149.83678842173836, 179.29127950086797, 166.33319943366484, 178.41350398980435, 169.6872358889233, 179.7857470244983, 160.836467097717, 168.02691615590888, 180.7115765814115, 173.98870319177553, 163.1229392179259, 154.88849502946437, 167.01242140515004, 177.01131811418287, 173.85979489092512, 168.7672174623376, 168.3558263737466, 174.8901131081523, 178.44861244983133, 179.16842187011272, 175.08232089004645, 171.1236664095729, 183.55522293425946, 159.92322846037732, 181.3132222874375, 154.07839490732704, 183.0154938792506, 172.97095509176813, 185.20984165129877, 180.74233771959547, 174.2096681509969, 161.3108268857586, 147.10797566839116, 173.0862245674103, 155.85094220532548, 183.31323439692864, 181.22161474247022, 178.40169324332666, 170.87962342092692, 164.957387950904, 166.89358109230415, 172.8587663882115, 184.36255774763288, 184.5900609167121, 176.2091808064979, 155.36074751342045, 168.9264997099349], "fourier_y": [158.78317635913592, 176.9562358855573, 179.2038039145173, 169.13576028007628, 169.18468485959005, 173.09545846082375, 169.33282637551568, 172.5884577134494, 174.6497032757336, 186.36844533208352, 181.75127723017977, 178.66340447545198, 160.89970285958395, 169.22241934590352, 141.94231643629647, 179.03027686554395, 174.00962546051124, 185.39575217137195, 172.18350295089, 172.42669686114596, 176.76558124529933, 135.76135558684055, 180.49184135581407, 147.67222218898186, 174.12476836278134, 172.70949316748442, 192.95567021564875, 190.0375659926267, 182.19992936194905, 177.00217109271958, 185.37191649525693, 168.92982153350232, 161.56764980835376, 167.87855120312338, 185.47208290514203, 186.21389523335898, 184.3970327413908, 176.44708991800223, 188.67868567667304, 167.38578534050072, 177.99659922537703, 176.96341148350737, 182.5076754210123, 183.2322930115689, 173.13897412363272, 128.58856816508055, 186.5666757724784, 145.25301374389323, 190.12123575940075, 177.5176779248214, 191.6973168690434, 181.6233967944051, 184.07232517685233, 186.07961551907385, 173.84868909312758, 160.6074693490802, 177.5396923679478, 174.3553651992898, 178.7202098604, 166.83923202824076, 173.64228341365543, 182.5739155198911, 181.53398085562606, 163.3038632371107], "src_path": "/Users/hagardolev/Documents/Computer-Science/Third_year/sara_guidance/db_3d_models/db/10/m1043/m1043.off", "name": "m1043"}