{"fourier_z": [132.79751667653073, 157.33698364171997, 168.71361820654624, 173.59696756447124, 174.95995720701126, 173.83064934146188, 170.71642744279876, 165.9483994866862, 156.6868187141399, 162.81010941261482, 165.22875859635593, 164.3718513036812, 160.92855144235273, 158.40898494425, 161.67435444679205, 166.6562863264703, 159.89751508492998, 159.93697983847096, 157.36641573387323, 150.6109938402602, 136.30759040173035, 137.1782279365829, 151.21131137789325, 157.59086272190726, 171.03166189169738, 169.09273552384403, 165.91686943295113, 160.4241324948499, 152.20695358145946, 147.43699143233704, 152.34844355528435, 156.93648474286869, 155.55658642392996, 160.28066462753816, 161.88153522773487, 161.21725910009178, 160.02831677743882, 159.7989481081115, 159.220487028946, 155.21642251205373, 149.00916841015948, 153.59043013783722, 156.28761020359374, 156.8215527642732, 156.6374244803099, 156.30278043207733, 154.18140019664247, 146.7204509369702, 140.13043922314708, 131.23363549821897, 145.1845379394748, 156.99747148237628, 164.29527815975314, 168.22805044554374, 169.10181281748126, 166.66745028188348, 157.13471318840902, 152.91521788512432, 145.4728875267276, 139.75077351327724, 147.3914414155583, 155.0724609759769, 159.0964911205966, 160.34245027099212], "fourier_x": [156.87697276304945, 167.53911506716372, 160.9347435441124, 121.10828695048767, 153.1503911827756, 149.63827468438762, 173.135380732974, 146.09312983288189, 155.4695053993593, 138.72641022096144, 156.0632853644434, 141.94085386933548, 149.0462035290207, 158.67106045673862, 147.6421739933346, 154.19140383844243, 149.78442049389966, 167.2612081615933, 158.99194322248786, 151.9324560019344, 150.31149329355924, 140.85096436811855, 141.16383710675726, 163.0043812729838, 147.1185537809459, 164.83775772632626, 160.20109761617869, 154.70455766756018, 149.5067684886087, 126.5578493796493, 163.4213058140856, 139.21055003659637, 171.96781476031336, 159.7894122358647, 153.3272103663317, 161.28470353517025, 113.82861050358456, 156.60078825066148, 147.95786225929075, 131.92217202699635, 170.6953525612789, 162.65259271622693, 153.15336311522321, 154.47942835548935, 155.19879067405327, 131.7875641877078, 146.4876350385635, 150.81022472935783, 150.51806859886733, 138.47676840264074, 161.1858984419839, 160.8953868995501, 128.888014679506, 163.35950184653393, 149.65503953447404, 163.22046561387393, 172.95156909399353, 165.53521873079376, 146.26243680837413, 142.50621016124063, 149.32441238426912, 151.46095936439497, 167.639188248455, 156.4875788165884], "fourier_y": [-565.5430063278487, 91.88236297939717, 101.46897234121958, 110.50240026396942, 122.52350331259836, 131.13136533010757, 135.27185368718145, 135.37170001313442, 143.0434117930644, 136.13764736062652, 122.95203498249455, 120.86511904171269, 134.86294291871167, 140.56270015293705, 139.75081846331054, 132.3583652434094, 139.88600143449648, 141.88889349773163, 140.66102702707622, 136.01048739502966, 130.55426655641406, 130.13918926001543, 128.80885271551796, 114.41210484599142, 139.42880749753732, 129.21805643653968, 111.99860771020931, 131.21011064331663, 139.58337130313788, 141.46751391354513, 140.69726448529232, 142.43717688485538, 136.93051332979502, 129.61238367387887, 111.56546600957151, 104.10412219029968, 127.07354894143688, 136.41188829026004, 144.16309405869032, 151.65823494629595, 151.04396356867906, 141.9263035471371, 122.26989920549734, 123.15364225161304, 140.4983948009839, 149.0224635154257, 153.46913374003765, 154.82399306817194, 152.68730988030865, 151.48871506198435, 149.52660735453344, 146.7549282079166, 141.90309993952806, 132.4930457353099, 129.5575982884461, 144.4076870109275, 141.4250965498707, 148.94730822203647, 153.04977092974423, 155.42436342480738, 156.80103721661948, 156.5457268778398, 153.12548387659757, 143.55099517502606], "src_path": "/Users/hagardolev/Documents/Computer-Science/Third_year/sara_guidance/db_3d_models/db/1/m105/m105.off", "name": "m105"}