{"fourier_z": [175.20278740053254, 179.052538552949, 181.42162572576123, 172.94145113444483, 157.83829968451673, 162.03385815653212, 160.23218643595217, 175.07202277450418, 168.96026360179394, 170.51653343654638, 153.95736492592283, 179.8746890527375, 158.58334804134276, 184.489882778352, 185.5382502508984, 164.81270184120058, 171.0703130117006, 180.3481760252531, 178.92478009282001, 159.766573531966, 152.3507793899872, 171.457611527493, 182.671998280835, 182.977218059158, 169.65355346092315, 172.97608064512974, 175.07159199367356, 169.8873270016731, 160.29680913814616, 182.9385157041979, 186.01007600562565, 168.50647328224252, 171.0384158370796, 174.60988101341925, 180.80333620093745, 172.08567034264462, 177.31291985978632, 179.25564965836938, 180.7245558992311, 191.99035080708074, 180.33341031189394, 186.91146832748998, 184.07449493825837, 177.85045983540113, 159.0668330185137, 162.34060063484236, 166.3343550314047, 175.03184253648885, 174.10712124798576, 186.5832081886354, 176.1846236230549, 171.4709283169413, 187.59629908398688, 178.49317882959485, 156.97146019650572, 177.26829365493202, 162.3851740195711, 190.02107402479248, 189.08715466751718, 176.77989348733476, 179.49837634689584, 180.54177190525604, 178.5003808296025, 180.7923423580437], "fourier_x": [143.01402915185048, 172.68254333872244, 180.49778459313472, 181.56409390880722, 185.4156949804401, 183.52809912233073, 182.13487802339418, 162.77817524098583, 161.80078394846046, 165.73653621948984, 166.66792621154983, 159.92143716544228, 171.9911841102305, 182.54245187874577, 172.83835749569448, 174.32725029400365, 165.43601042315257, 174.45212043377526, 169.49847357053355, 151.72947378801763, 156.0892898770182, 161.00250144928145, 169.419607529418, 159.3614058570299, 185.80075633040425, 133.4486367777344, 159.45730605059902, 164.58785974625388, 164.70793573984463, 175.9380268353588, 180.2713809381898, 168.74298269103943, 185.242668893062, 172.3736509247684, 178.0116079486055, 174.6474173333762, 170.1010556852276, 175.28854027158445, 154.51634217914352, 179.41300724337324, 167.87305627744598, 158.39428561945869, 173.91859307951577, 178.33581842526516, 169.0842946990875, 145.70677779160198, 171.53635204772735, 172.06793300019763, 185.11732444659657, 183.03243735470917, 161.39744301337882, 186.22966557147907, 191.11507863294406, 167.68183745785694, 125.80258317980663, 168.05847757325006, 183.59464944319652, 189.77717988496664, 182.379945119956, 169.7336383566277, 184.44141624243753, 140.91208543987574, 167.3795212133657, 168.66182658941136], "fourier_y": [190.97193460781796, 169.27774682002882, 175.81876526213065, 185.69651562637222, 190.08766141047238, 171.11323486915953, 191.44865306239018, 177.07551045446166, 175.11876252994125, 172.72185572562609, 196.08132365022504, 180.70914625528945, 181.09731136090772, 132.00614721821682, 157.76091498878958, 194.722272004827, 181.6587555412481, 194.06636544629563, 184.05263358001818, 179.7118830184894, 181.3891507558456, 183.2631105025252, 172.67647340263147, 114.88781727827555, 167.7666684787224, 172.57363076843276, 175.93412170152547, 161.8590609308802, 168.50399054444378, 172.57584083541005, 163.8717426617802, 183.2217731332128, 170.40254061392773, 177.87635049073765, 162.6581732595683, 151.74593544684225, 179.7055941752505, 178.53829653922293, 160.22217995993645, 173.42587136664542, 166.64228968922188, 181.05935073687132, 176.19244712281574, 185.16392686172372, 170.17668037859255, 167.32278745284887, 177.0978101406773, 172.9899700478412, 167.16797154552398, 183.99296827776385, 150.3990969118821, 172.3313212143964, 187.56620483280187, 187.66597364649988, 186.90128021024012, 165.96445085761627, 122.25626753129751, 180.5589523229372, 173.53347161236752, 171.9608795846354, 174.24527162627334, 179.34075719887045, 196.48528239614302, 190.2557904080227], "src_path": "/Users/hagardolev/Documents/Computer-Science/Third_year/sara_guidance/db_3d_models/db/10/m1056/m1056.off", "name": "m1056"}