{"fourier_z": [170.73991637424837, 168.8434687552694, 163.50945283026792, 158.37948179865472, 159.26448207461593, 160.03417699766044, 156.0868970631454, 155.59466952568425, 166.6344145119093, 167.56047342966718, 169.8561699498379, 172.75033497223322, 174.55316217617923, 173.70496269277527, 168.28206052640266, 152.44893944988493, 173.24160608493213, 171.54358611953808, 168.96648022809333, 166.06689896898166, 162.409877431102, 156.82837648673765, 148.01577539590897, 135.32422935223636, 157.5084992892743, 136.43637332701263, 144.94882320875166, 164.3784883367045, 172.38834564992402, 175.48443916573635, 175.23286888511538, 172.409596303651, 165.28186118331752, 172.16877124801712, 174.48052363992434, 172.34283451782173, 165.36458002617815, 151.831210218463, 122.1880419859523, 128.6610607762016, 137.92466241164308, 143.43185311957518, 152.84705416987083, 152.12764753414592, 148.39578345635925, 158.8079252327072, 168.32863897473504, 172.2560234813306, 175.60769928103252, 175.67018424911765, 173.63838472968624, 170.34240036926857, 165.94532408289103, 159.29851989629876, 148.36588285659852, 139.95496115388318, 162.8035766384801, 154.900305613259, 139.5492962632759, 158.91927527902885, 168.52808985990845, 170.9665769227425, 168.44381257702796, 161.3836034824351], "fourier_x": [160.5234038989285, 169.47645639396939, 164.81842735977946, 150.40718051433882, 110.86068009487698, 163.81703178160248, 168.4654320950258, 167.88524330704203, 151.89983266923693, 151.08028399243975, 158.045407264613, 166.19068177348163, 155.9647476495371, 158.21596395015231, 174.54227843533073, 165.50942366788118, 179.24882898698786, 182.21946238012094, 169.72198940711834, 162.14062885031814, 163.21327650524444, 168.40203880348102, 170.89662218729987, 175.13104654786014, 147.20925622291952, 159.16370122786196, 164.83808199489056, 157.10935425387666, 170.50538250489416, 173.74820248952685, 166.56609907336443, 170.1041470746031, 164.58897071911522, 175.7484640142481, 170.36680885420668, 117.90242287904823, 174.35357824233455, 185.43881397136238, 182.7906962144364, 100.41861376776579, 167.63934062908993, 160.37689438796724, 162.93309271312435, 181.41784558909967, 178.328856833484, 150.94510867223343, 146.1109357408526, 146.31429431892852, 162.72832810343294, 142.66322795568934, 158.828721549604, 160.3961379291604, 158.50511659737012, 177.48891887692042, 177.4845710164788, 175.85944760774726, 149.07152028155932, 166.97115262426635, 165.07098653925553, 156.48296635900567, 162.08199675040237, 165.45885225216406, 163.32556906834077, 176.7560416767262], "fourier_y": [132.79751667653073, 140.29227080990893, 149.31842230302234, 155.4055847572786, 159.3244782395914, 161.70947288003686, 163.03428915925184, 163.77135011715745, 149.7607869415256, 142.1402100185367, 133.09028364724958, 129.89889397364664, 133.26461648461736, 136.5064442026778, 138.8985769041592, 141.00879944787044, 147.9785456343961, 142.05415976710964, 134.56332720592584, 133.06363673399466, 146.30410875178674, 157.32864926736764, 164.71081533700385, 169.40225583624817, 141.55130915068796, 134.61673585427914, 144.61169597403207, 150.841298952858, 152.56684864300408, 150.6075804178996, 144.37548961056663, 129.45766033976693, 160.44969652775717, 157.63299552980027, 150.6452762413998, 135.0453899499135, 133.27525629139393, 150.46839263725548, 158.4044356119583, 161.73383977980967, 121.53084861431368, 137.31055089733655, 150.29845076018, 155.08356873603898, 156.42245839015098, 156.87955735949777, 158.7523065526007, 162.0478594226428, 151.59965464087875, 151.73022653145838, 151.08590577624994, 148.22781399117693, 143.75009152195696, 145.50840667346768, 153.14305219741806, 158.4517752537737, 165.42780518970912, 166.3845671947004, 165.6088944963206, 163.9744464953376, 163.0864565450008, 164.0463305783358, 165.84467511667722, 166.9286015890861], "src_path": "/Users/hagardolev/Documents/Computer-Science/Third_year/sara_guidance/db_3d_models/db/1/m106/m106.off", "name": "m106"}