{"fourier_z": [163.60641749547366, 128.6378078870161, 156.41057016448414, 162.9360498186874, 154.7094212939062, 168.46209034012548, 154.53226562785989, 160.890506725073, 172.34394651225543, 157.3290436019483, 170.43290591428078, 164.43358158285008, 166.10178040731032, 176.6874811925699, 164.6438908794792, 171.66946647394965, 138.91798128644118, 169.95807407982568, 173.4594936410457, 162.22226155769363, 174.57700953982808, 162.81622379625895, 171.0695210861358, 176.15735728443178, 163.7147510098997, 137.62276323197145, 166.20676204329607, 147.92456207515022, 156.0823895690332, 167.26380612980066, 141.0371948207276, 162.6129856360385, 156.3769573593655, 171.01267240150278, 167.010263273948, 173.80903568997724, 180.01740064373377, 170.82311989568507, 177.56046791950956, 173.39281279322768, 149.17420001323086, 155.94020995761883, 169.9917561281112, 169.2906867553542, 168.32969812057212, 181.70012641979994, 185.9918455957686, 166.52380532088813, 150.7799299377503, 164.4565076632103, 151.3550801550822, 169.66495156949787, 162.28025763293965, 169.0053737828631, 169.53374630971066, 169.30156508734763, 152.48504572792007, 98.23046930848804, 163.32075512271888, 174.81671411135233, 165.45995752356168, 178.24313576724688, 176.73223914466297, 165.31787474926222], "fourier_x": [-532.2041686108994, 155.48233834546198, 173.07977120992933, 174.03154050575725, 169.57767734046945, 167.62175837221977, 172.7573017280977, 146.31906068349133, 170.7802629965921, 148.1770415021925, 144.31032916915106, 163.57047161253445, 139.87874512027648, 151.62941385974153, 162.68300385527039, 146.15005246560298, 172.60818440553442, 162.43040723881677, 137.57537711451386, 152.41668193137806, 156.11002926557842, 161.38580561018728, 155.18270142055943, 163.25490271575714, 132.66402030167393, 155.39386597471645, 176.92204906449905, 157.71354759503413, 144.16848555708728, 135.8379512279126, 161.43507204133246, 150.85886401139805, 153.16884722242153, 161.33098967612165, 169.0954129903091, 180.62394917506919, 175.16853991274843, 169.9688707861466, 169.94335665761795, 158.83465937055388, 173.14612931258262, 167.64916144405112, 172.87992453119176, 177.82204193084442, 175.2026682501116, 154.89431582080115, 160.67384279634547, 141.58472789426776, 167.66381180480755, 177.9659326607876, 176.27110576347042, 165.8076046084348, 164.76322671673657, 168.18072686352505, 140.1673838285111, 164.0045387825789, 143.93944941281623, 166.81252798736404, 154.14037332755095, 143.70044109975984, 165.44330851950096, 173.10091319978574, 161.20384837592013, 142.62205482290688], "fourier_y": [167.48953778429285, 168.71117139477602, 167.3723304270806, 163.51838313359377, 181.314241310116, 184.92748879627075, 173.28497074507368, 164.64995843208357, 174.62921216742544, 177.07453536268375, 156.12561846507273, 159.7226881942053, 149.8812204479451, 182.39028763035034, 170.56996002107542, 171.7279283548825, 169.05848259540358, 172.07478906820762, 176.07032239182746, 185.36331060903595, 180.54402561066507, 139.46737186510236, 169.65431405949607, 164.15149303815963, 172.0619604210918, 179.93156236617864, 172.29077708608654, 179.37785180587866, 174.86785237189136, 160.74053711724903, 160.29108950024468, 172.75172819675365, 178.51110394210917, 178.07359014019255, 184.47970610960942, 188.48816283745035, 180.92913885590986, 163.94834262502206, 168.1019010314535, 166.00343829394728, 166.33399520838617, 177.9905266876546, 180.20393692992573, 183.02432285097498, 186.19056479158914, 167.35985818676448, 174.44478697141523, 164.87197946839183, 153.68242104232888, 179.0479358730051, 173.24164067047107, 168.42253116018597, 174.73324461615726, 176.07855480520115, 163.34531672304496, 167.73482397233747, 175.04896369671994, 161.47145371161017, 144.54574851698345, 156.07688329986883, 161.08057063494044, 162.8001808325322, 170.9787144177112, 181.95151919965267], "src_path": "/Users/hagardolev/Documents/Computer-Science/Third_year/sara_guidance/db_3d_models/db/10/m1063/m1063.off", "name": "m1063"}