{"fourier_z": [272.6455030359151, 140.2756683143999, 155.73312174522124, 163.59852467507775, 166.1415193775814, 163.47401585031804, 153.91197653619625, 131.01967971036512, 159.63962282876682, 153.02543918836827, 138.19312845747928, 164.52559428911684, 173.71308713521438, 175.18485502535862, 170.64325472923804, 162.40386322245658, 156.69153837764713, 149.86416864304536, 119.07997676866586, 152.8768079151704, 167.1839221580522, 173.90679014536275, 176.32066697945064, 174.89750552531325, 168.3225264256193, 162.50091959437086, 150.16105796463808, 122.82766579522772, 116.33604383895316, 138.378312818548, 154.31062929014072, 163.95871154992693, 177.1494683766661, 181.19629948564233, 182.61697216205178, 181.50801147911832, 177.76441149578864, 170.9610391803621, 160.04395010487326, 147.68938219338392, 174.51742334547794, 171.81812946141903, 162.5044794291776, 135.92221267175051, 156.83972990742316, 168.81892255673168, 172.11059680996584, 169.95312094846312, 170.90809947543985, 164.72876520972292, 148.88605113326878, 127.961771124282, 153.31631008740618, 159.20578232705677, 158.3447299032123, 153.84990217217958, 157.66444683582793, 159.9534026372395, 166.69314097886075, 171.66818469218106, 173.09308398430306, 170.6289343551599, 163.81655948343817, 155.49300110199863], "fourier_x": [170.73991637424837, 180.71415446169695, 174.89038582818822, 184.59384172343803, 180.56414108045527, 165.21426940158437, 170.69144589276, 169.57754570178014, 181.58543880747203, 181.81656186180248, 170.09108737680336, 163.91206019736887, 181.46615975697546, 166.2279576625512, 180.7989159248659, 188.39013590632857, 161.1339920049841, 186.30578427955413, 183.0090717844699, 173.96081982466143, 174.2406587930213, 181.44328566406884, 164.59402186186958, 158.74973175650717, 183.40770064033893, 162.71522196539274, 180.40010250545936, 177.70671856027278, 175.6264711319886, 172.14333737375213, 181.6158333922637, 174.11049030400036, 178.62832098350748, 184.0058699860307, 170.6905438450674, 184.51106354991666, 183.17134087758777, 182.28156134719083, 177.32371375660694, 175.0102766460672, 158.90604867284864, 180.0308017122379, 185.47376357811015, 161.44857097422152, 183.39181271319893, 186.54370243733027, 184.905084807681, 186.78376741509152, 183.79417268641023, 156.9202856505682, 171.3713237604962, 185.14151880194564, 135.63096510994984, 176.0347214308904, 171.25702136580946, 166.54657505557856, 163.50660529589464, 173.33872261406395, 166.55321779469887, 178.4481723540697, 184.409698554192, 174.21650400053423, 180.9846770549541, 161.89397516584364], "fourier_y": [160.5234038989285, 158.8144615347438, 154.06535212075053, 149.5264630200017, 151.4969743685429, 156.2616518201034, 159.5274623107914, 160.74299091802882, 155.38781079183377, 169.61078287463624, 174.8129506788237, 175.08085480109446, 172.16499343114054, 169.09490662593439, 169.6439146013309, 171.78178819357458, 144.82073252173603, 151.2509252585901, 154.45546882114866, 150.64325482251408, 134.04340792391312, 137.33745943447323, 153.999628494831, 159.14208200649065, 145.59105849426385, 165.63119851381924, 173.34647934541448, 175.63484564156138, 173.94493686130056, 168.68633599126153, 161.87168044044262, 161.32913595887658, 150.2142986794965, 153.1660560728372, 159.33839888003413, 165.9455290729122, 171.42381409760276, 175.32152561043557, 177.49077911380834, 177.79532535966155, 148.8283819802385, 170.06022040328904, 179.63382185091285, 183.38163563002294, 183.32531513532678, 179.98495617142487, 173.30263412795966, 163.7141651538681, 134.36582399073072, 154.94898887004547, 164.6301565417477, 170.96221508025354, 174.98177983613996, 176.9222143411021, 176.87929217842824, 174.7205401813, 138.13601975943925, 156.71098286191753, 170.45571872082093, 174.72683668093254, 173.60532604216598, 166.88751257452498, 150.76247155605688, 152.5572118996773], "src_path": "/Users/hagardolev/Documents/Computer-Science/Third_year/sara_guidance/db_3d_models/db/1/m107/m107.off", "name": "m107"}