{"fourier_z": [110.82527090316853, 106.1776119913896, 136.6021364158361, 150.29301283364995, 156.2672018184188, 157.1591574564263, 153.762798412231, 146.48497030333186, 133.78647312163835, 125.52912533578916, 139.47772768638086, 149.39618118530578, 153.0605765904372, 152.09744628441632, 148.70042174637146, 148.0059506600373, 151.01686259390877, 148.36779302670695, 144.36603042385133, 139.44738031923475, 136.78098074311106, 143.474867005421, 152.62584929895377, 158.31204798941434, 147.46891019784863, 136.44472175955755, 131.0105412076651, 138.6435588806805, 149.38072219657212, 156.87676637065596, 160.64551677199233, 160.86582233916377, 155.83157438058248, 157.06227609694744, 156.0609205441064, 150.90911093693447, 141.63213855900992, 137.73402121986837, 141.34518263099605, 143.13702142568593, 149.94863453534316, 153.01218184007945, 149.7070078370944, 141.2569876120256, 140.17612348096674, 144.52446391277422, 140.7645903001488, 124.8414079687499, 156.8774755167098, 157.06153748528237, 151.057849198632, 137.3540756889893, 148.02700112872435, 157.54674107375072, 158.95516130118264, 153.32523675883962, 161.85735003648193, 163.0610445421144, 157.5172820813128, 136.3041475474718, 140.57478422732788, 158.4275111703501, 162.71130423162757, 159.8448002032666], "fourier_x": [-548.5706733704893, 160.9595150870429, 154.63175529295637, 149.88348417937488, 154.04821390870435, 155.74950076321448, 153.49566137612302, 166.94073102474067, 119.49055385677808, 153.85943015467635, 152.8193127109372, 151.5721920282901, 149.6485452204769, 155.20963997913452, 157.49823492440316, 168.75693893332198, 126.17175845578116, 148.03569795369265, 149.57872998582008, 153.72197440986963, 146.7096272158464, 157.5943833392846, 158.38709203513227, 168.8390295533657, 115.09373193558082, 148.97767544909715, 143.61738395143817, 154.64195207245052, 146.37465228063027, 158.37133670113082, 154.32898952413316, 166.78310815387675, 114.80194611058353, 150.7639114516364, 129.19481225773035, 153.08889619972956, 149.73497183441648, 156.2564937954504, 140.99618890649535, 163.15060641899356, 141.20406432225107, 149.9542085536641, 137.76891172594136, 148.08412697115588, 155.38591034016838, 152.63145743520016, 114.84267334197455, 160.3359820250576, 151.56219132723263, 147.49034441852262, 155.723384579977, 141.3962603138197, 160.17001581246427, 152.41594298448405, 149.4106007187667, 160.7243040303297, 155.42005279364776, 144.99379090352886, 164.9894679745694, 146.85203524598532, 162.5554018490481, 155.2910677589214, 159.16132004428925, 162.2780371487096], "fourier_y": [143.01402915185054, 143.28683779743298, 99.80686233342824, 131.07093872377237, 131.4959903574386, 136.70924237187688, 107.59550326327977, 142.6566387748898, 120.80543280907395, 202.86524102962187, 140.90430014699513, 171.647668169487, 175.16742329216666, 163.55020417944536, 174.73671837828445, 165.33224187696175, 142.25129442535984, 208.6442020266653, 177.35900449200733, 165.80838966968037, 164.27509339215618, 149.4705693011885, 187.47996369285363, 160.89616475648984, 149.22941523796166, 206.63711404206248, 153.73363126362054, 183.7222420975712, 140.23400065846948, 170.02997027044475, 164.9139396547352, 171.2611255160595, 124.92909515795662, 195.79857316637856, 191.1506331466086, 182.00910697560766, 171.54976506891848, 168.55748356132256, 178.3749805666663, 158.37718978748862, 139.77509757094558, 147.36363280244134, 201.04558863031357, 173.8601465150882, 185.7490332755738, 112.84011281694517, 172.40329882397478, 159.01439272404954, 140.6317158324341, 170.37037148783253, 201.7444195241902, 166.76871536127555, 187.00572455588036, 171.62020009426584, 169.02961492590975, 155.62121047709203, 132.73122462511532, 174.30066031112284, 191.19399987012397, 182.3091672904327, 179.49088012802355, 177.6814748131449, 157.53374808198984, 123.47030577279581], "src_path": "/Users/hagardolev/Documents/Computer-Science/Third_year/sara_guidance/db_3d_models/db/10/m1079/m1079.off", "name": "m1079"}