{"fourier_z": [175.98720166359814, 179.24599802811017, 177.56931051650665, 181.17422442724165, 179.13697994222557, 134.49962903944783, 178.85896437863073, 184.76781554023523, 196.32746442492518, 198.34387249662439, 183.3480772143838, 189.78742164895718, 198.40624371746298, 187.04579829504956, 180.73536138684102, 198.87294032728965, 187.1501956110379, 191.1329542026221, 159.01098420458007, 185.48458631083574, 196.6391840375155, 191.1615653599944, 158.65817023033952, 187.21021676594916, 191.65754354978745, 189.44035413216193, 180.40963573447786, 190.56728606817552, 184.52875796014104, 177.1821003166828, 181.2321406599432, 196.609252562712, 191.1490736654686, 162.66442826823294, 187.31686880822775, 197.11270204307507, 196.2181233973321, 180.7033644658506, 190.6505203535329, 196.577056871977, 179.43358435230596, 190.4754539665511, 146.021051985359, 166.29103307133335, 193.12281661301012, 200.5175939117559, 194.3488899654243, 191.58339715473758, 183.73203765919214, 199.48523005203455, 167.7354837676106, 184.11582708594423, 180.20793467673118, 192.55443384681774, 191.42976766595694, 190.90569695565577, 188.3252128886304, 197.18521060353066, 144.98540056470466, 193.89617834412087, 193.87871348387623, 182.38790213307004, 179.87589508148892, 195.17219974624496], "fourier_x": [177.4693611066726, 180.89768931226783, 188.5667287203013, 187.53843517480908, 174.58194864212732, 181.36181806418236, 177.54890114688507, 166.90729912001706, 184.12491373577748, 185.7804948439775, 185.8491505805208, 186.89357250016084, 166.91643144335097, 169.14915436919827, 171.76512451117588, 155.73912321277896, 185.33100468612358, 191.85467825444556, 187.28717558924484, 175.3578223166851, 174.09280326515727, 158.67156000309063, 179.9485432430651, 161.66138053116956, 175.02419376389471, 169.82449750057245, 190.57197531799514, 188.72784475882966, 186.17675195542617, 183.6356711641463, 177.92165374393306, 167.52140176666177, 178.59480571172313, 188.91097846478192, 177.85825441671352, 157.72666337291523, 162.82919172181224, 161.31340341723615, 157.7545077603484, 168.32611037722722, 167.0468981582964, 177.85274009913655, 192.60129893350214, 189.58204234467686, 170.31102483935254, 200.530238275869, 191.5263293521755, 163.18383980342617, 184.13937652366457, 169.06021663000175, 177.54181754426713, 177.10236839512476, 143.4777580511768, 194.33473964374943, 183.7912835718706, 178.64085615892225, 191.76960165900493, 173.02539802156826, 187.31586685035722, 177.52053654950015, 183.41362466877916, 183.51562819425612, 177.98025685873546, 179.68505709594666], "fourier_y": [146.66046028772965, 162.51782074544576, 171.7633834668755, 180.62859624723214, 165.61517480744882, 172.17660279022743, 173.1109162998918, 171.66373008068172, 144.70190133681393, 143.66653593344972, 163.2645387767643, 151.19045098435737, 174.53425152732078, 184.4065604118593, 180.1180816965912, 176.21557635467795, 172.66473889798388, 168.41875365055006, 170.92520422961013, 179.34716405404842, 184.83466283905148, 184.50785920230544, 182.33504879762705, 195.72571387764674, 177.49961726692703, 186.09214770081056, 191.53603791578334, 191.16521737468696, 176.43986208728467, 193.36061115088907, 193.99437124828518, 182.23632048085304, 151.50728937350652, 178.67840318214462, 179.74652724127918, 192.93567636798997, 193.11305804697312, 187.0691213626111, 170.36906577299132, 175.8285558079076, 173.31574762381558, 182.8602107516555, 192.487859423359, 187.40435496968726, 185.4453562480369, 186.23055527668538, 181.75898147993922, 177.2516858297537, 131.21946216392206, 188.49610655683338, 160.62146419793552, 184.9101952580692, 163.9438601017321, 177.4381138785665, 165.17794836237425, 192.36652594050508, 161.40879361816638, 192.40832621174903, 178.9144186369852, 183.15751784294721, 178.232131987893, 150.88128322370562, 161.93212302072493, 181.93423854218562], "src_path": "/Users/hagardolev/Documents/Computer-Science/Third_year/sara_guidance/db_3d_models/db/10/m1077/m1077.off", "name": "m1077"}