{"fourier_z": [152.41410173676525, 165.20543017728428, 173.2522891929125, 171.64252962591257, 153.99532333390096, 151.00077734126313, 165.71524161120496, 159.76759027733527, 166.51298544085188, 163.94114891471827, 150.29909537931795, 124.515311765251, 143.1352047233448, 162.47944918771475, 167.271250288658, 158.5059680072434, 169.07440497525639, 169.9020446113451, 175.560643866571, 176.60889870043334, 167.2032431722193, 121.21202175371296, 163.09588414136465, 164.9848980938894, 132.70192168116404, 160.43478413554513, 170.546843855396, 171.42635317972534, 161.27076743444877, 152.15766720217692, 167.23376584552173, 169.0571655169305, 156.78589729805904, 151.90296214644223, 146.27001848337113, 151.2137441752705, 149.36099115231403, 145.3345551231048, 150.5074760929897, 147.98318274331513, 163.56912484739053, 163.51261705284873, 160.6322658959586, 156.57424529544423, 154.54930972469433, 159.5127872840354, 163.59173794137274, 161.03372223030462, 140.03731219727473, 117.26214195046977, 149.09620960683569, 160.49821730126567, 160.8944916245356, 148.01084820780477, 138.0242982701031, 155.73102086089693, 169.00092978970383, 167.47478513074577, 160.4520911081447, 155.33081927948925, 158.04138291010852, 150.37969454406127, 158.00530100384003, 172.8912302547434], "fourier_x": [164.98627492521274, 156.2201487389246, 148.4137445420291, 145.46641379513022, 147.46829372189063, 126.73735172538957, 153.81784057823032, 153.02931691006847, 163.00371137005027, 134.74662952659406, 152.3121099046418, 140.6937689953734, 143.67366980345363, 153.09517834647994, 119.79464873267638, 162.09333079249714, 155.92544703053386, 138.5831753076501, 162.68623737238315, 145.72312072444876, 157.22700422027313, 163.6079214988187, 135.5727459789964, 164.1629707650014, 144.52847226664932, 156.74297354536856, 166.47560979070096, 151.90945248245345, 164.13243444037252, 163.81487453401968, 131.91802921471003, 155.83262064443093, 151.9658976973053, 162.7917072948112, 164.7389375661274, 148.33149792911203, 165.63406376316954, 158.87544203853207, 157.835419969965, 93.031817965707, 157.59096102168314, 162.6485364208296, 157.53663033967848, 123.18135311372295, 159.72736985170724, 150.9949101374917, 168.6579864725763, 151.46662512042403, 151.78700738767023, 154.26981851795657, 142.43667606391705, 150.5020742116397, 134.49752747279032, 131.60349654320163, 169.74635991028583, 155.0046814937483, 134.50173668102315, 119.43398579682388, 137.96407470800304, 161.94209273241933, 144.32256992552033, 140.37744769574647, 161.92545866668698, 152.32536338958676], "fourier_y": [163.6064174954737, 137.58933769477204, 166.3973232481431, 177.79614100565922, 185.671315608094, 143.36477416396403, 171.5433260491381, 183.4183654151016, 169.9059636733465, 150.54684707766677, 149.4395892935025, 169.86415287454886, 155.42844010881353, 154.87674910943832, 155.99583057308357, 163.98709493538536, 175.9728948772613, 164.12076106555867, 170.98993242313531, 178.32088282158267, 173.47238834180203, 185.5528363964787, 160.46792437223252, 176.67743875614818, 162.81210824610093, 175.94056995876716, 144.1313919638502, 161.5486684962369, 156.75081329009788, 175.03154361984468, 186.68702615266056, 141.88745167512621, 181.4811335440997, 175.61473679505718, 159.3140706221627, 99.88275535692429, 179.12559669634373, 187.81609577452187, 178.0959766010166, 181.82295099719508, 172.54423751204567, 172.69021636651726, 153.246229632102, 182.9699045128818, 160.9258137368586, 175.71501040438588, 134.42658723164823, 184.1093394912706, 173.97350475936395, 162.72974428202897, 143.2185477237606, 180.42906459583503, 160.70170580908905, 139.22410929902907, 165.1030115597984, 167.74477017463155, 152.7929771702414, 158.64572484103863, 148.4063993969995, 167.90092939025845, 110.88174541424438, 161.23798614572408, 173.3763579825523, 172.79335114701357], "src_path": "/Users/hagardolev/Documents/Computer-Science/Third_year/sara_guidance/db_3d_models/db/10/m1084/m1084.off", "name": "m1084"}