{"fourier_z": [180.75542213249815, 164.08369327449378, 167.495099686741, 163.06654848704943, 161.25090344900659, 146.59679635067184, 186.2551821153244, 171.4752076082708, 176.7488489827164, 170.91850034924568, 166.5284004158983, 178.09635101334962, 159.97197748067003, 174.87111374819975, 183.12947788380598, 154.29987179036016, 173.47520974163703, 175.37731789185742, 162.84501662792562, 181.66198353711286, 152.14443544470763, 175.76577951269994, 181.13828273994005, 173.10809243592894, 163.7575857155614, 181.11166279065412, 161.21508061365193, 185.73146657005836, 132.81493295980565, 172.38155618102962, 170.4287136023508, 173.79970613125636, 174.99750769869843, 184.07020498940196, 173.92970178181483, 186.24895236934714, 164.37762149447985, 172.85052335961663, 171.12748993474295, 176.15284608663683, 183.06896592246065, 174.48223763408885, 160.38612735995062, 174.94619636418844, 184.5666352433348, 173.43068558878755, 162.9499092836861, 173.1159315902983, 156.64916560455322, 168.5966617493759, 155.2749545777269, 163.76160128865993, 170.65471433037925, 130.57795156859217, 165.93612236709947, 114.19177034460225, 161.58906590616863, 167.88564902622244, 168.8694413173097, 183.92836414417573, 175.36056141441003, 181.03979116109483, 160.04166555836412, 172.7261726359452], "fourier_x": [143.01402915185048, 144.33649655335992, 149.4874890084591, 154.67146597246298, 151.7849621157385, 161.70219984637458, 158.06059512144122, 163.54149735255237, 160.62316425651017, 157.00494170728243, 171.40886948037988, 180.0752645660308, 166.01443543806337, 175.21787862123617, 180.03807941028072, 171.36605518055205, 172.6731254344312, 173.7469522487223, 179.98015423984415, 185.05663266730642, 172.4183953888573, 184.17132608592848, 185.49040892062476, 167.11763512554427, 176.24269765050886, 178.9682468670762, 177.69698455556892, 177.4999774923613, 161.41429388669889, 181.88568428595494, 183.32359427624456, 151.25624476289707, 171.85721618619752, 175.2272224891542, 167.41959070318484, 156.17498669813395, 145.53813644474414, 172.13549669264586, 171.85459684280917, 148.94949891895294, 166.0288436310253, 156.0628819381744, 159.4431447220246, 164.40248441450314, 163.19043224290598, 172.51304643264177, 161.01541891844832, 165.6164232924505, 168.4814358104486, 146.59295628871163, 164.35144476539438, 163.41646041163924, 154.77285768212855, 175.52709267270956, 177.2383875255966, 153.12314148274626, 158.50749235669892, 155.04401922627548, 166.83517146926377, 153.4900657698137, 120.72731411845959, 178.1099910349235, 185.19004081499102, 164.08671225985944], "fourier_y": [171.715719657637, 182.4835109353097, 174.56256112802595, 169.39324999037353, 179.5211610041221, 176.13727954350207, 183.74622314269965, 177.70403431761332, 178.2184840018638, 168.9804878499698, 176.62309189874185, 169.71030785121795, 182.268599838752, 190.7666466767286, 187.96966244488868, 158.64829522698543, 186.49636087490313, 168.27085162640486, 176.868101893418, 186.61483109654927, 184.18868659853192, 192.10184028783175, 181.63990432396758, 169.3684032036818, 187.7186781999324, 179.7845353545374, 180.16204197267672, 189.96572561124268, 182.65147457562276, 181.54465086616273, 168.91286501907615, 165.50958759958024, 177.51808166208093, 181.6383711222117, 184.75693279022357, 186.60620387105996, 174.32634341099444, 79.63185796503633, 160.44932168008216, 177.78160728909555, 155.00672767707124, 174.3330009580289, 187.93354371389404, 181.36000725181276, 156.28234168001572, 171.19678193026618, 155.3146012274157, 182.24266710690753, 165.64703224303375, 168.97837208418306, 187.4936213398181, 175.2290235475055, 171.39826242450596, 169.2673228656817, 173.9183300803701, 180.6613221248006, 165.1807637184609, 175.0150287432642, 180.54612110512775, 158.9781945153835, 174.4509551557255, 141.75537304617328, 178.19227949722733, 181.35171270311997], "src_path": "/Users/hagardolev/Documents/Computer-Science/Third_year/sara_guidance/db_3d_models/db/1/m109/m109.off", "name": "m109"}