{"fourier_z": [110.82527090316837, 143.79159957867353, 117.60353108744594, 162.72630439953528, 171.42891641104563, 165.2789471121761, 169.3657399600404, 170.72645850660567, 158.32773909911037, 153.75250291897692, 163.99846337059049, 115.2634081572578, 170.4230111944574, 178.9133732921326, 177.43841036432684, 176.00935625871628, 172.86313551231962, 157.2027801604295, 153.06555847225235, 143.79016986649015, 162.82730815149887, 170.85402638207992, 174.07758524352454, 175.21573177986676, 174.13671486164102, 140.19715775693297, 156.59412467034326, 131.1935948914769, 169.50121659440316, 174.17306183509393, 171.5917889701116, 166.36138911256936, 167.36993015131335, 139.7145784616931, 147.637510644564, 150.89854577140946, 168.19799494286255, 167.1045879659562, 168.5917566619181, 167.4315320769658, 147.31502678105397, 118.1351021524096, 155.59263469392621, 172.1026801880659, 174.96172285316462, 158.49518169958088, 145.12070973923278, 148.63654413911115, 162.582591512478, 144.94509271261836, 156.46473273197853, 167.0077485784228, 167.36816659461854, 153.95055477697144, 160.07330765810198, 173.5437747546427, 175.4855809655885, 159.99764757595392, 144.25175527275812, 159.6291017520117, 153.86122750849054, 143.96615379262312, 170.74368135757743, 176.12310965784363], "fourier_x": [156.87697276304942, 138.26916951262908, 146.99820455363508, 151.70399288167172, 137.63176416272995, 156.32924245585718, 175.67538776497926, 185.2617376978648, 178.23299963530593, 158.98625761344624, 164.60346276095208, 179.7259291112132, 183.75127619081178, 181.8290042373256, 174.1826758110974, 165.38220528233663, 170.1686562667387, 173.66240588436614, 176.18998589999453, 172.5466212873957, 168.72740051388132, 176.1216059595477, 180.50393192183705, 182.55398840728688, 159.97186389127916, 179.02483407964127, 184.7682371547561, 180.6228231624661, 167.52679147296652, 133.84950010236034, 164.0118228222838, 181.08488307211127, 168.53723314785796, 154.06439602437885, 161.49199000788803, 160.3896542975485, 158.91895861659592, 173.79478160589065, 175.77364685589538, 173.72116425409186, 181.94158728159601, 189.3379883561786, 191.2653921991634, 185.37528763370443, 168.79654367829343, 147.7324381449569, 176.16735295073423, 183.54738911643074, 170.52566408887472, 182.91755697215143, 187.56752247568392, 185.65275236822993, 180.95225267435632, 180.12118071892118, 167.04262534676383, 160.46075693343266, 173.92123666895168, 173.26910309282658, 170.4262946838668, 113.97400882961935, 171.15089207696548, 179.75725246163267, 176.6060511279037, 153.95413814215144], "fourier_y": [183.57699409769623, 177.75893358040912, 174.67826821445783, 185.73368119288824, 161.3830714396928, 182.92113176273017, 193.45584398753465, 174.08489447255113, 192.61256461172695, 189.43621394802346, 177.34778599111348, 160.8690534279546, 150.29341755988543, 175.71945001557467, 186.4557818790136, 194.37434225432912, 175.85853874180427, 181.82991122827826, 180.80194881783143, 187.43920257707987, 186.5339796620434, 156.2092408875948, 181.8961978382225, 180.18410919319967, 186.24217712436894, 179.07831935732167, 180.21211148718535, 188.7256716592688, 193.67654036476154, 179.73532884944365, 181.43068074093446, 162.5291367459512, 185.86959243297827, 183.94969564900066, 184.50294168417025, 186.69542669321547, 199.39880459139897, 192.62019501793705, 188.66191443096744, 165.10025857176362, 184.85646719536388, 174.6874866039907, 172.7656914876406, 184.69762724189394, 156.65266262144502, 162.6270701515514, 166.76868160537913, 169.29897424917817, 193.03909352176072, 197.02986982856604, 193.71276313918062, 143.9556032281013, 166.6378493913382, 146.56348398047163, 159.29871056562945, 182.24741267974775, 178.43730358531698, 196.71350671333988, 189.12535612088027, 187.49031873603738, 188.33236135127208, 188.88129479808322, 200.35920133714632, 191.0518180517033], "src_path": "/Users/hagardolev/Documents/Computer-Science/Third_year/sara_guidance/db_3d_models/db/10/m1091/m1091.off", "name": "m1091"}