{"fourier_z": [149.74347388427472, 188.83724494366106, 189.1824343658048, 189.8945842478398, 171.06704741756187, 178.67663561250475, 176.51828985132948, 184.25540918702464, 172.98658646311026, 189.91118316130604, 189.2939122623798, 181.30706722028972, 174.58939259619254, 171.8687125569437, 162.46466414402616, 169.0860289089322, 171.28331014374686, 187.6092588818434, 184.1087166335693, 166.33090251999474, 176.65438215546004, 160.57472660599035, 186.97516905584092, 187.1155011153522, 161.91734987264306, 175.89158575068427, 150.30494235037165, 156.81866010949915, 177.02308509095428, 171.10810257808933, 189.11093891195668, 184.54376280775756, 159.90596909843407, 169.86030929907372, 169.80130904677523, 152.04671394508748, 166.00584723894247, 177.4127965529902, 172.94920228208645, 171.8569808730137, 161.38846786448923, 179.82017776105937, 161.62800267751024, 146.13136141861958, 171.7693378850172, 162.2219855414193, 181.86911622880186, 180.38604784206603, 150.7340890277694, 181.87122234041325, 164.12524890493046, 169.04291380929504, 181.74976715239367, 139.00710418695536, 189.66285312216343, 185.99008143920474, 164.65671694665946, 170.00793059347714, 174.35643123413328, 159.61235844341712, 188.44509936617374, 147.64952203385477, 183.28323614673576, 188.42056673719435], "fourier_x": [124.68821451436753, 115.5487639802142, 154.09660335626384, 152.5368249002832, 171.36935457209654, 169.14176946926648, 162.03162293393416, 167.79165133230924, 166.2517968402076, 158.34593768166334, 156.04693807580503, 154.687834466138, 146.4312834810567, 168.05743381062308, 165.93643174282536, 161.94312635608523, 173.65814999486707, 173.98221374775534, 173.47167533702049, 176.7079706457821, 165.4390228372415, 167.41476818517367, 167.38909677623076, 169.78644763249318, 158.74039859678794, 161.07949517633324, 169.38432553353277, 170.7081564324295, 166.916301607906, 175.85443140277442, 177.2273250385257, 168.95215986262247, 176.03521901152567, 169.86713031005397, 165.04172890848733, 168.97245212493286, 156.39950796325795, 150.70597675664501, 165.60245844695035, 178.50924903238106, 146.27419321047037, 149.937374499032, 151.91664592832362, 170.7641583055318, 172.7099622401837, 150.33933179514452, 141.95456900156958, 143.44600227298562, 126.70983379748662, 157.76925650160283, 171.07048469693092, 165.58046003233986, 166.0026066147904, 162.65428271626578, 148.65113610570126, 167.64029871700475, 153.05455794023777, 160.97883009436987, 158.39640075856704, 145.1032238866344, 128.58329031933857, 158.80743477959507, 158.65954126949623, 172.76897339376742], "fourier_y": [167.48953778429282, 170.89273330244163, 173.3070752095486, 178.19117080366496, 180.43957413095129, 188.4803585082722, 190.36476815569418, 175.6487490243196, 182.38300470939166, 151.7095646959479, 152.37332951310196, 169.07374989780743, 154.91074560348002, 181.2882715967056, 184.85461928585877, 188.64729272860828, 175.54038090520447, 161.10140616782547, 177.03414891274616, 161.77705785513862, 186.29063795936526, 178.40788154254352, 179.00090179955583, 188.99528275487268, 186.85009421063526, 189.122830835532, 191.91754673213947, 178.45334930764602, 178.00058897315012, 171.27046129918705, 178.21771134607593, 180.02674724549001, 192.02895731501906, 195.74127389564512, 189.44116514650884, 174.04536910021488, 167.09209485694947, 192.29302627752506, 185.1975902669567, 182.01261069015874, 167.91379914485927, 192.84874723440413, 190.82705406550468, 173.97506613737863, 180.50356667614494, 192.59852423086926, 154.98489710553784, 176.73893290677114, 159.2122916098481, 161.81867677989388, 184.55230031519483, 184.87498934582732, 183.08538444539553, 180.3770227655625, 170.36963960708158, 153.26231831710342, 167.22140408874108, 163.7018493370336, 186.78086120758707, 183.58756306635942, 188.31799185706825, 187.9760758994991, 184.19228466877567, 176.8726439247306], "src_path": "/Users/hagardolev/Documents/Computer-Science/Third_year/sara_guidance/db_3d_models/db/10/m1095/m1095.off", "name": "m1095"}