{"fourier_z": [132.7975166765307, 193.2605822474897, 174.17368876010096, 162.37341678902425, 180.71113830295263, 185.88010105286716, 186.97050485745234, 194.36419621970995, 152.40382294231446, 170.26397282530257, 177.25583569260954, 180.57085426645713, 173.95039463319443, 190.4304280082383, 181.51791533990658, 144.87495062834375, 156.1512817531747, 164.5794820596019, 171.08319319050224, 172.49562871909572, 175.8651460888444, 182.20742129683356, 151.39880041124755, 181.11578146601246, 165.26950849354986, 180.76752895608354, 160.874644136421, 138.00413267263824, 191.68917407687718, 175.32693823967378, 156.72204149563302, 184.24152869092666, 166.04069957970154, 189.18284074021136, 177.5076030470461, 139.459749034417, 178.76414362543437, 160.94488910376225, 160.71641133921506, 172.16795961223315, 176.2989968317665, 177.59129390119, 169.8934241264751, 172.76335328465623, 182.76673168083943, 181.90460360402489, 178.50186797355474, 137.90990116279193, 185.9117449525833, 181.57720214173057, 154.40447560739042, 168.25523685655386, 175.73098981173743, 181.04887720324896, 170.00363091709215, 184.42860755770636, 194.01097775516797, 118.86197702252909, 178.51261204764285, 136.91518687647095, 180.8580468091912, 173.23217302002433, 185.5783663461307, 177.43991104628688], "fourier_x": [168.63270606109182, 151.89149563440716, 173.93972088412514, 184.9035870790541, 164.56557413458012, 187.59244793091926, 177.70162687837015, 179.73948821438253, 182.99032965040112, 170.41426933376005, 192.5313111490277, 184.59301883917203, 141.6730812462728, 147.18869977281025, 167.11794786195767, 187.43917820749058, 180.61630229533296, 178.05800036641656, 182.41413618026345, 144.94176804206685, 188.9319212319265, 191.76802679523757, 179.11313519766622, 176.17751503551563, 198.83104682240946, 182.75715603987226, 182.505378388216, 179.80894394934236, 174.61556424926317, 189.45473730780236, 194.63894170756927, 190.31570632804994, 189.36752281945954, 178.94133276590742, 188.47943522260127, 197.09948578694312, 193.51262945290333, 190.5093601076062, 175.74074102445084, 165.7040293874216, 186.89397597428717, 178.19985776699588, 157.98849863538547, 190.27268157308566, 185.4186954895579, 190.158362124678, 181.43035165173148, 190.16816181340153, 175.92101563317908, 186.6141161092566, 176.79694026727987, 191.96513932551045, 185.5273023690254, 171.5150780742441, 190.88140772173585, 178.94899840144777, 171.3490156943859, 189.33041108957423, 184.03629642730405, 185.1803644521952, 170.86685022606883, 177.5838565727494, 186.8642154936694, 165.65172352110253], "fourier_y": [166.27704534796413, 140.52478982007904, 162.63356309189965, 153.60825691168625, 173.89785509335724, 169.04918574648192, 168.39332062216363, 179.5943002980704, 178.46489660246368, 185.14931983011323, 161.9165581349659, 188.44323449742456, 165.4793750239662, 169.31819564432243, 171.56471132277545, 146.08109906680528, 181.23361830588803, 165.93333576836818, 171.322612121991, 199.95495136510368, 185.31420045179266, 172.9010195372552, 176.995809399885, 180.66760473091563, 175.92468102655036, 166.61456626137715, 171.7730605062263, 176.15586213846487, 178.96052694355802, 169.70186639352588, 174.22097890519626, 187.9798464874399, 167.85760130255937, 167.5727396935454, 187.32981237640473, 169.2694979844254, 185.97343780159153, 179.8587182918541, 176.1660705228576, 160.32923884705963, 170.32560431140644, 156.9113948308359, 183.09451243753125, 192.72195320391373, 177.4756081436038, 180.82905330533146, 159.88640626769939, 200.86418553068728, 175.42896895775857, 175.0054062055487, 173.24815162089908, 166.32363806421253, 183.00051536700795, 181.83808590401594, 176.13161857628438, 182.03660694371996, 164.5611151641706, 175.58389256687468, 178.0319598793431, 152.6895588721062, 133.06650912105616, 187.35322452359213, 182.60401223647182, 164.71346970176518], "src_path": "/Users/hagardolev/Documents/Computer-Science/Third_year/sara_guidance/db_3d_models/db/10/m1098/m1098.off", "name": "m1098"}