{"fourier_z": [152.41410173676525, 123.26408561154491, 162.01721482600004, 172.31388124229773, 172.48873521413202, 165.28137987499036, 167.49310010519474, 167.16471867809756, 127.92562083618918, 151.07715513781577, 166.68425210479538, 172.94691912961142, 171.63074045533273, 161.17023097191193, 150.91987755639167, 147.59165626876182, 117.77814024360849, 155.36484701230535, 168.0253540677191, 173.2909282050868, 170.79354712401025, 152.00384460380238, 162.93581877802038, 167.14316968055098, 135.38487911529148, 159.49354543825388, 166.9088914057798, 161.71773129231366, 153.32810942457587, 143.4364591816885, 169.27094682509536, 174.64168440064822, 152.07960341918044, 168.18236780035113, 167.04749230543973, 118.76245029532885, 156.40486920318088, 148.48892807367858, 165.61416233030644, 172.93060844950514, 141.7630176416649, 170.84687658388248, 166.1677690957008, 151.68678809440064, 169.811814390557, 165.78728235261264, 161.1330710527773, 167.51908874792346, 150.63504956572967, 169.75648963463868, 159.50991274997745, 158.72169344909594, 173.06323123492217, 167.74078867394724, 149.60568057993538, 155.68068874061413, 134.84377746579315, 156.83935602387848, 153.55146923233423, 173.57592779624684, 170.7292500965617, 154.9071027350665, 130.52824246541996, 144.48926982136547], "fourier_x": [138.55115812556636, 166.8602367671366, 163.0577657290834, 154.17635760660173, 153.84627781137996, 163.40297786455395, 167.5906019703065, 170.8169073641619, 135.8806402228269, 169.00965273035976, 162.79478151842554, 152.5062907228098, 167.82678999988676, 165.8433375483711, 166.8583730241461, 163.06342104267512, 164.27731048280603, 155.7590283281397, 155.2837305699416, 152.15828266217733, 153.34308799352956, 155.24922316564934, 156.53829239977483, 161.36954840766225, 163.48192507605674, 137.40280282645512, 150.36854349976284, 148.4143171931517, 143.3586922977241, 159.79721892056713, 165.28842081543107, 157.4898034123818, 147.50004326653192, 155.55707092770746, 137.2669431505704, 166.18136264854488, 170.05144354879195, 164.49425039402195, 160.53561915450533, 150.6673315375716, 138.3039779844984, 147.6814161981195, 154.48845307473704, 169.67846381132628, 180.99936467513615, 178.2128321142041, 164.9579157863132, 157.83885847214836, 155.98115580517128, 122.27438286940671, 168.23482934095225, 168.01331847480594, 176.51094313802528, 174.2205181584492, 153.65505912496667, 151.7331253772027, 161.12854681906578, 165.3162844732823, 167.56905403065159, 170.97871953504932, 154.49877086290098, 160.65471236405702, 148.4205204071725, 134.5351942221422], "fourier_y": [149.74347388427478, 172.83724423680724, 145.2541659013666, 173.42285815802575, 182.20885241878082, 185.41843178932402, 157.81130355837422, 176.07860022309868, 181.74104910101835, 177.12008731698302, 163.3784216612091, 182.8298590324421, 180.20546810239887, 166.12241091294487, 188.76472203060024, 184.8228030654456, 177.38015001610466, 170.49546151783704, 166.69720356488932, 175.83640743633654, 164.9619043466808, 177.3477578121879, 177.36637711801464, 161.0347451005004, 167.2958819214767, 176.15056181597765, 184.0779551047085, 170.06357122464362, 169.5913626314897, 167.46716902914915, 168.72024871535933, 189.0204258365289, 183.71807434282238, 167.79123721047782, 169.32019331288316, 162.5785470996492, 186.46192661519558, 186.1155006213431, 177.54753310031913, 168.09077508282812, 175.03933836783358, 174.84229069405686, 164.8437430995095, 179.20237591586243, 186.78407365079067, 172.30573706054147, 180.41192673843557, 184.14467563764674, 185.29096493459843, 177.13105498202026, 175.04257955490107, 182.05689214718345, 181.2452114834377, 178.54846440354888, 173.0542060534841, 178.56705682065498, 195.72933210725262, 186.7301690474152, 173.09827466619268, 183.62054717333228, 159.57772084124645, 171.90951426706974, 181.45911971570652, 167.70557145546422], "src_path": "/Users/hagardolev/Documents/Computer-Science/Third_year/sara_guidance/db_3d_models/db/10/m1096/m1096.off", "name": "m1096"}