{"fourier_z": [149.7434738842748, 140.12199808477033, 116.84919001038813, 142.16786778223786, 130.7694225864381, 149.8969781778026, 164.1891547322502, 166.66866193190654, 143.4378581040174, 157.06635567096836, 158.35479581779066, 162.80461108502521, 164.82163916014233, 161.35192386915332, 165.65095071525448, 171.61211486597142, 115.468525316892, 155.11208619308837, 158.17105923268858, 165.78472536600228, 170.90891417189337, 165.47792464909122, 142.95522375501977, 155.55227182409968, 156.18239614584516, 163.0213169521286, 155.4303873507369, 155.1154296358681, 168.59084000051553, 168.05026003037938, 155.49352350189994, 149.93280235209917, 164.4601407627784, 172.03737171566104, 168.36877797179656, 146.8906713372507, 143.93998459551153, 155.1868161913529, 156.76999299817695, 162.20076686821682, 160.42510438226708, 169.9041818341047, 169.5603459586512, 161.28981047653537, 152.46253495843118, 155.0316825676091, 158.78955938903198, 161.7170908921423, 140.66409843042325, 151.17537055225569, 154.7873070370575, 150.01095652518163, 138.46937169276777, 118.57684941554844, 112.72885365120248, 131.78799801504772, 145.58569711714952, 141.95391461875215, 140.44520562754502, 143.50607426891582, 137.26445241339638, 141.7085484005345, 157.44966363481444, 163.26790438934358], "fourier_x": [110.8252709031685, 107.75278979173406, 95.76106858022372, 51.02233031153426, 99.14228026311622, 108.86454620806822, 110.78093832564892, 106.47901387577136, 110.82527090316852, 107.76928239682971, 93.94283770308147, 55.30086742870586, 100.00821836137341, 109.09606188917421, 110.82841084801457, 105.69915830310288, 110.8252709031685, 107.7803820657193, 91.95331894912128, 58.98490229527339, 100.81444384075537, 109.31343366098054, 110.8708744022774, 104.86436303707336, 110.8252709031685, 107.78582240895973, 89.75913462316478, 62.21183531779221, 101.56562767766528, 109.51705912423839, 110.90858549426271, 103.96980073258146, 110.8252709031685, 107.78535143049672, 87.31646400675588, 65.08142659940967, 102.26587466329788, 109.70733021935642, 110.94181027214297, 103.00991297505661, 110.82527090316852, 107.7787308236966, 84.56670173147262, 67.665765908286, 102.91880112322518, 109.88463374490908, 110.97082467744085, 101.97827477446876, 110.8252709031685, 107.76573529216301, 81.43025304987617, 70.01777273453047, 103.52760162254981, 110.04935206855049, 110.9959145675191, 100.86743269742307, 110.8252709031685, 107.74615190498511, 77.79876843704157, 72.17709824585872, 104.095105866477, 110.20186399511178, 111.01737579883151, 99.66871464560113], "fourier_y": [-605.5066478664677, -609.8144770273923, -607.7380833796097, -605.8112399413147, -612.0459125405343, -601.8602167305886, -614.4226290593055, -599.3547914755653, 37.153067492438275, 36.79187117865739, 35.03887527358944, 36.51857667725372, 37.3359884171254, 36.68073105220993, 43.10345337897127, 35.8931926489375, 51.01443192537002, 50.31894929067627, 49.42836732480558, 50.07778736169662, 51.11254839660643, 51.01709484154074, 56.59558422717013, 50.388773722572424, 59.121102012909404, 58.08043733287005, 58.03728546388164, 57.871482353528954, 59.1330299553157, 59.582081910529766, 64.31324621937036, 59.10218471538572, 64.87105832466084, 63.47447945595363, 64.2648764660265, 63.29772760034126, 64.79560447509942, 65.77383443545712, 69.65363892830834, 65.43253557574755, 69.32919091810635, 67.56618134099291, 69.17717708888657, 67.42153354780372, 69.16536074977788, 70.65744008693206, 73.68079694313263, 70.4457868722229, 72.96983002603608, 70.83015003186344, 73.24955839174437, 70.7173922227567, 72.71683553228142, 74.70745271986847, 76.86811202107452, 74.61727896166185, 76.04599763321366, 73.51975593867641, 76.73598900350386, 73.43853613456736, 75.70326491432883, 78.17713591227394, 79.46757480463495, 78.2009837587048], "src_path": "/Users/hagardolev/Documents/Computer-Science/Third_year/sara_guidance/db_3d_models/db/10/m1097/m1097.off", "name": "m1097"}