{"fourier_z": [132.7975166765307, 131.7790960093693, 128.05718964068393, 118.73371815717155, 99.9199736150092, 124.61929944494842, 139.07091926603277, 147.5981706099658, 143.30886652053863, 144.6769119636299, 146.80894989881008, 148.23241679501388, 149.49993080598512, 151.42884068058117, 153.9211410059889, 156.19002575668176, 142.55750625530015, 149.6072718885532, 155.55378771598637, 158.86291857037438, 160.14473043239371, 159.91973495917935, 158.6410562237561, 156.83751598317852, 138.2839839752018, 150.3270402441829, 157.6188700377101, 161.6810114652073, 163.63878412362467, 164.01175485677828, 163.0482792541257, 160.86432685885939, 127.72844558340367, 141.17346021489777, 149.08517290112042, 153.15207312667286, 155.29160962865805, 156.3718092877842, 156.74348194399622, 156.43972623054228, 150.81044927206744, 130.77804135775818, 128.6148698376837, 150.59235432001435, 159.68403957615422, 164.38629227349162, 166.441434481946, 166.4203402127044, 152.53876000260084, 137.57098958124163, 139.57293854361635, 151.7899847085344, 158.48634958288693, 161.90560258461662, 163.16715837209068, 162.76270156491574, 148.36693451284123, 132.4605882078544, 133.44570521071898, 147.4372932009318, 154.95448137126775, 159.07698783966714, 161.13907092624314, 161.75610204162052], "fourier_x": [124.68821451436744, 148.24920832517583, 148.76733696347725, 144.16103974251007, 156.769368595438, 154.636665870708, 134.20642540574735, 146.1142197636267, 124.99302353651802, 147.55707608785232, 148.1808088392094, 143.96792410256737, 157.09713005258348, 155.396288644096, 136.47869000850085, 147.32518137889681, 125.85522342905163, 146.73852990716307, 147.47774047636733, 143.60505325929796, 157.22811702423007, 155.97999988002042, 138.43051969784867, 148.33096800152808, 127.14426396638737, 145.80658089012377, 146.6636724576951, 143.06354098236037, 157.1709683933915, 156.39755160407776, 140.11361103202285, 149.1594324303606, 128.7057273241095, 144.78294275221313, 145.74645156364693, 142.33258472426365, 156.9308215369669, 156.65503593208987, 141.56641491340724, 149.8321221804519, 130.40418574899076, 143.70198707001242, 144.73745683518203, 141.39941165318592, 156.50962749853136, 156.75536510132844, 142.8182597423992, 150.3660592050236, 132.13961757472705, 142.61505821537915, 143.65328354652218, 140.24939447169427, 155.9062416683403, 156.69854141826792, 143.89201503698433, 150.7749783464411, 133.84551368471176, 141.5934274378094, 142.51790606309225, 138.86662008319274, 155.1163109238212, 156.48175113379745, 144.80585825743896, 151.07022218719862], "fourier_y": [158.78317635913595, 166.70775531193274, 147.57890252171953, 166.16340185858118, 148.97006650035908, 165.2568142907339, 166.58547752805407, 161.12721566770074, 164.81921196376283, 160.02578585059928, 173.00939679411997, 169.9764298185727, 158.39508491522056, 129.8584257644667, 169.09602130987378, 163.89892670225666, 171.2047218642344, 134.75001518466905, 181.73471464657047, 169.67198224621472, 167.0722244050341, 169.9521478072112, 167.03174417172565, 164.26793330602965, 173.11708868193114, 148.62962846469892, 183.5953656067193, 164.4425238676166, 170.91079685363158, 179.30955842206956, 160.80319078183905, 163.29925322944544, 170.2911692191688, 165.00742301781054, 179.66800546710377, 154.06444484846602, 171.78283655675665, 180.66735117221356, 155.06508521333512, 160.29702035715516, 160.80366283033288, 169.90001260209854, 166.45024504681675, 153.1375431924678, 170.0591944573357, 175.25202509682777, 158.6134823983832, 152.21654602001652, 129.29996576883266, 168.2008447925547, 139.07690438670383, 161.34702460187313, 165.20087864254845, 157.0722758491052, 162.190406848146, 128.6283914903603, 149.86823131885478, 158.30129514919258, 171.79294053826027, 164.1736521938958, 158.0718199655735, 150.60757256908863, 161.1730402273869, 145.88889774453523], "src_path": "/Users/hagardolev/Documents/Computer-Science/Third_year/sara_guidance/db_3d_models/db/11/m1103/m1103.off", "name": "m1103"}