{"fourier_z": [174.38634751012742, 152.66470270885944, 170.7533801156313, 149.70184407099464, 164.6164769136912, 126.47517948301794, 155.67644244785788, 160.7470847067422, 172.9211386831882, 164.92543598821214, 167.3590243845572, 154.6878732104208, 164.683680478236, 150.84491607106236, 158.87441782681233, 160.38695720200874, 168.89806379297468, 172.40917768636814, 170.72759679490417, 163.66801779335185, 162.95621623308793, 162.44795585223156, 161.2232644318687, 162.7150003446397, 166.14547809882708, 175.89599820092687, 179.94187931910454, 169.8117507900285, 158.14736468597218, 167.10010256848517, 164.90500737408576, 165.37621670538965, 171.02336603616698, 177.57585850520076, 186.92929093026595, 172.9793441965812, 148.84766763294215, 168.64085508308435, 168.77601670778694, 165.39583908776976, 177.7648460963827, 178.36629900790751, 190.58784166205652, 173.63714420914044, 140.63437074491736, 167.8835771736756, 170.89755308393958, 161.40130861494492, 182.04341593420776, 177.7658121762205, 191.12999188978716, 172.49560844735942, 152.39277228130084, 165.26717068975114, 170.97630610850499, 152.69071231809767, 183.4968540172688, 174.22697146173192, 188.58682146966186, 170.78736776996604, 162.89325635380777, 162.66142714427963, 169.49608757264045, 140.7174983521192], "fourier_x": [149.7434738842748, 169.81796502303376, 155.01916250320892, 166.62452343777778, 139.25398896321272, 157.1048039462551, 159.3863236231601, 167.07435476239533, 151.57811415962746, 170.1186060140165, 161.5917916991349, 166.18173198017817, 147.88010347115994, 159.5787596344301, 155.83979586972558, 166.6480602459809, 155.30805762962197, 170.81994741950908, 165.64532366871322, 164.27368484263576, 152.2714382640726, 159.51335386003615, 153.66500568561116, 165.21272994701536, 159.22479199024858, 171.1844097798671, 167.6534954929959, 161.1303094222153, 156.29321494631887, 157.2655689420586, 156.09352188586217, 162.49529751701036, 163.2367815343207, 170.49873162893442, 167.96357166489142, 156.92951079739794, 160.21921476007563, 153.5739593400548, 160.66518459018025, 158.84047520009133, 167.2468720523557, 168.39669331127183, 166.88584233558313, 151.32546951257797, 162.86010270038528, 150.55929500201668, 164.0803040176678, 156.48800831212154, 170.61715446646895, 164.8275733910683, 164.88469311462896, 142.25846887902344, 163.13628513703935, 150.80981291729503, 165.03688993183889, 157.39344037933736, 172.65098797379858, 160.04156618734277, 162.72356182693073, 121.19067613548408, 159.9925253653254, 154.1002400234967, 162.6464351363742, 159.04249018750454], "fourier_y": [110.82527090316852, 124.08086386460172, 123.2542733225646, 119.07969663509124, 135.5179222387029, 138.11338266132176, 127.69415347446497, 122.82053511741762, 111.4244457700857, 124.51601252178736, 125.6706927154496, 116.34653823745309, 134.68755227323538, 139.10262944001093, 129.1224416025963, 119.20702826182549, 112.8995343238289, 125.03195741328823, 127.48114741630317, 113.2479267234936, 133.7791944820378, 139.80182747562336, 130.1163302936102, 115.06404793838317, 114.61309810667763, 125.47738617968227, 128.69560464363036, 109.97352213216803, 132.81056653403317, 140.15572854754853, 130.64519760926206, 110.87494838753331, 116.05497642640475, 125.68816480451383, 129.30805802900653, 106.8105194809096, 131.75399650626622, 140.10372556406386, 130.6703124940156, 107.64266881774768, 116.92989157237152, 125.50788391111509, 129.29100838293857, 104.04477773024561, 130.52839675828736, 139.57454232181357, 130.13814524956763, 106.26549673304446, 117.06681741906151, 124.78415404113977, 128.58707412576496, 101.7437930361575, 128.9969864796329, 138.47620925738508, 128.97065704419217, 106.31539439186481, 116.3246632261343, 123.34583302226935, 127.09340836424099, 99.62436205436609, 126.96146217605505, 136.67796255330242, 127.04889883814954, 106.49137785421388], "src_path": "/Users/hagardolev/Documents/Computer-Science/Third_year/sara_guidance/db_3d_models/db/11/m1107/m1107.off", "name": "m1107"}