{"fourier_z": [143.01402915185054, 142.39640995155597, 140.01874802681678, 134.88757316183037, 128.99074322058095, 132.24464705357107, 138.5037473220595, 140.61079076113015, 134.64404175315326, 139.48967082387009, 140.274246609686, 136.02846936337033, 124.07422322338715, 122.77609814706734, 137.48673355709946, 144.11880826887602, 139.59200917288956, 141.10079978752267, 137.97116793757098, 127.36784963628592, 85.61060254941934, 127.51120957269418, 139.13683794633545, 142.86775645497607, 140.41550006242693, 144.42303015502193, 143.3587351856123, 135.99475467860574, 117.76646478490963, 131.06454440101993, 143.90571808691024, 148.9072051344519, 132.40737456022578, 132.67857894847944, 134.08857848542567, 131.89306801235014, 121.16979507234781, 104.12137226199857, 130.50050217875958, 140.64450649269875, 140.76666691606837, 134.61149891251455, 120.44122355426545, 102.43788845386084, 124.41311987716865, 133.28540565863304, 136.9111572826017, 137.41957743018264, 132.44532370894828, 126.16710187167902, 115.5825449557729, 91.69991491734011, 107.39392642568893, 124.04975379129597, 132.05382880240595, 135.74077411937526, 135.65333238578546, 125.64846421330128, 119.57585538105641, 123.19482095208366, 124.10521455139204, 121.13264554365239, 117.15015152201508, 112.72284964109127], "fourier_x": [110.82527090316856, 153.69018293815432, 154.93789738878922, 141.96155266938922, 114.42311097148625, 127.02968892305168, 141.5118052794401, 146.75940548813253, 134.53288659128756, 145.6895642479035, 152.54010370614628, 147.84638143192822, 133.47318688287933, 111.50173790416146, 138.09863457968788, 147.6459130879574, 146.84620244334405, 130.0187015802349, 147.6023679838925, 150.94692469619602, 143.63113221069665, 122.99865168299816, 129.69493854144991, 146.56123859000056, 153.37242769353531, 126.93310174180075, 139.09934306536033, 152.17281880933135, 148.851376116365, 135.53368206532252, 113.33134583234536, 143.43569923473177, 156.96814154102316, 144.51994468266392, 129.96830986822894, 152.01152889720683, 151.17632281126745, 142.33988717453332, 128.23161236473408, 139.74071549188395, 158.55032246368347, 153.53602586277557, 137.6073270725335, 150.9404263365602, 151.3555026478753, 145.95883455050975, 142.3876695749592, 141.46844349310805, 158.46183222502435, 158.5498891338656, 147.26374456947897, 149.69523465852615, 149.89619277731506, 147.5529650709426, 150.53647139227664, 148.76060648451156, 156.79252567552723, 161.10990927318164, 153.12949057825648, 149.23092244692748, 147.88672492470627, 148.10472716838552, 155.52549138224927, 155.59682591612324], "fourier_y": [110.82527090316859, 131.7820230521391, 144.99350195335234, 130.24712387241007, 127.49624411114976, 113.9143561211171, 131.58819732686393, 131.77354207644095, 136.23269773841434, 144.18630397662974, 137.16084362279292, 125.58380593906024, 138.23183679934255, 123.69766881992221, 113.36357520863564, 143.92564250598295, 154.4655040076975, 142.56783451736092, 149.4603583204132, 131.86527734315024, 145.89657338832, 145.99269196825807, 121.27157182905788, 141.8946500277473, 156.59213212201902, 152.88643952317264, 149.2149531928093, 152.95688304611585, 153.99890709309273, 149.56791018379818, 128.7336707441251, 135.53390507069304, 160.56848627629995, 151.68506227707292, 158.37973128853437, 156.86297324400113, 159.84497349538935, 150.09019425092754, 147.68501262445488, 141.65320573108283, 161.789580939848, 153.47028969801505, 160.38513449536723, 162.4141618783441, 157.16461255486644, 155.37495832651788, 149.21395913590996, 145.8865422619828, 157.1277950577672, 155.34265117626728, 159.086496168951, 163.45530183106067, 155.74227865703148, 152.97435019305982, 153.11046085696273, 146.1538745413659, 157.3328640348212, 150.63323597397863, 161.54267577283974, 158.2023861393835, 155.71440297108842, 146.3373809986413, 154.884576597991, 150.16049456927198], "src_path": "/Users/hagardolev/Documents/Computer-Science/Third_year/sara_guidance/db_3d_models/db/11/m1100/m1100.off", "name": "m1100"}