{"fourier_z": [-548.7391098437848, 162.88739202015358, 165.5715237993333, 161.86536466962116, 168.0648665836824, 166.98973754002694, 142.5199730797015, 151.22360090750252, 134.4068265584683, 156.57852968996912, 164.3535209764181, 157.70657201143288, 164.8254833828838, 166.80783192607916, 154.12263579617047, 141.6954215713643, 145.69513572777956, 143.7840841223353, 157.7977179980827, 143.1191216511096, 156.6112165915389, 162.06370268064484, 157.77133204391026, 150.3975833104711, 149.5579391851221, 114.13119319002753, 144.49171228937385, 129.32974234848314, 136.67310203619692, 148.97155104466438, 155.11920259036532, 156.5179270263778, 150.06736069203131, 119.8669706351474, 142.53577123954506, 156.145310431742, 142.84848798650268, 111.99709572187281, 143.0442316833779, 156.03227790887746, 150.8063000219267, 121.86606233001449, 152.4747816487837, 165.12640021329537, 157.54185922812147, 152.22725145086793, 110.32080981798715, 147.91502742019074, 154.5165139376727, 128.37387310444302, 155.17727880081503, 168.17313020613852, 162.59202906189063, 161.3864754191998, 149.60174790020002, 126.16841762525404, 158.8857278426335, 147.1884312773121, 151.24407831526855, 167.3714333418897, 162.7097518117763, 162.9185064394771, 159.6478442402916, 144.24960642363664], "fourier_x": [154.7697624498929, 142.5021137183099, 151.9682424733467, 166.22617349748907, 154.5027165807691, 144.16648674300018, 166.20915862892528, 138.2177379840145, 152.09712464345668, 144.0083413818521, 154.36534996586994, 165.13438480349646, 156.81762948329444, 131.0836045113241, 167.78694154080668, 131.9755828443269, 141.61168780626542, 136.2330393538414, 149.81047667431548, 159.73720307474622, 156.1833278130641, 133.56332896646308, 164.30096084334275, 145.34769444759388, 122.93511815959732, 133.23725675236187, 145.5762504007632, 155.00482933677216, 157.43100845870643, 147.4258227707194, 155.70909728158813, 146.85674404056113, 149.59780104452216, 157.07158741992052, 150.7580633990537, 157.0562163587676, 157.97490836634717, 152.2926986818386, 149.21185364960417, 141.0360350867104, 161.05374677374658, 167.92178588461636, 153.20866782092907, 157.7186906081747, 151.35079401847605, 149.02963517370762, 153.85090611637523, 133.68759030051862, 165.89602723650614, 173.1130505662099, 151.20758378709493, 152.44721146707033, 106.17917043256878, 144.37809725577654, 155.27485601281984, 142.88729766246863, 166.08453461626448, 174.6852815904691, 155.3244946029057, 145.69306674115327, 152.67388639957306, 156.83542387538634, 149.76614250716392, 152.15796741162546], "fourier_y": [143.01402915185054, 134.07855219728683, 112.63482278047744, 140.5637271020871, 145.6073804075191, 144.48030845871588, 136.30112768840394, 130.28914004211043, 142.96802772565056, 131.87112966825916, 119.4833507896, 140.3122834181683, 142.56125735590467, 144.5270843348156, 140.28036123373215, 128.23863980501903, 142.81206945393666, 129.27613303450036, 125.38051851168333, 140.36078847803938, 138.95496158952875, 145.0233961142551, 143.24363004852626, 127.63712502537419, 142.49523949913385, 126.28657997470812, 130.03442879105305, 140.67893420974949, 134.76891636037828, 145.79033518978704, 145.41218793037933, 128.22031552485885, 141.94059435474048, 122.80381118788824, 133.62205147143266, 141.14513346967473, 130.03604126327073, 146.61614796389003, 146.91340614016332, 129.27398220771212, 141.05184166044216, 118.53742945122451, 136.33767084651078, 141.6002659588594, 124.94120412072023, 147.32337625017385, 147.82200742462572, 130.20351231580813, 139.71608402288405, 112.80798134879308, 138.33517495632907, 141.8952439145109, 120.01643039065122, 147.78839760163854, 148.1790561512196, 130.68145892697805, 137.80151595483966, 104.04840187437915, 139.73591908242756, 141.91156661000542, 116.26888589796714, 147.93297382127253, 148.00092502382267, 130.54792041004168], "src_path": "/Users/hagardolev/Documents/Computer-Science/Third_year/sara_guidance/db_3d_models/db/11/m1105/m1105.off", "name": "m1105"}