{"fourier_z": [132.79751667653076, 162.06578759367406, 167.78587057037106, 156.27783222415408, 136.2930190091574, 150.51880192789847, 162.0105007978408, 150.6431354073288, 132.74970122433993, 164.51029263173822, 168.6190183274968, 156.4244405763214, 124.59799392183079, 148.07756295359144, 160.09569649721328, 152.9337285746953, 131.7382930025782, 164.67591704425985, 167.77267216317728, 156.27624360999775, 138.29214153006947, 138.6207324759329, 155.0238068660192, 157.7157660938971, 131.84201050376663, 161.86248593006064, 163.91618046289778, 154.92872880508781, 149.77547625198358, 133.66435491840303, 149.57560787196067, 163.49181471547783, 137.68167141406852, 155.55036133505536, 154.78518073772395, 152.81478381780698, 153.62217776377938, 143.63656067659687, 154.0427806961231, 168.26161745171316, 143.6563988522563, 148.2335037837591, 135.41030429515126, 153.0799033267416, 151.63099396965447, 147.87832990050742, 160.27341454313296, 170.8017198386966, 145.5493684096113, 149.62635875966063, 145.14508666447608, 156.50757288049232, 143.74223646639362, 147.32105596397884, 162.73940679360845, 170.62785862919114, 142.0433510307018, 153.91479012257608, 156.31540127960858, 158.84769244118252, 134.2613424231647, 146.86918158884285, 161.69256308334099, 167.3360595279814], "fourier_x": [163.6064174954737, 149.81945093437153, 146.6873923580653, 106.63796015613222, 151.37448847254166, 153.7321220657174, 163.84680357829188, 160.69708939244492, 163.200049778458, 153.0269451959989, 154.5633981598666, 148.44935205026215, 160.76387805343245, 157.842678387529, 164.63105650269497, 155.0619661882598, 161.31155308455251, 154.23468604534327, 158.19771871274804, 157.23418932279176, 165.01252351177797, 161.0309453019891, 164.80286438310634, 152.36856945497746, 156.23739454507202, 150.076548182727, 156.04410685525121, 157.47762060738606, 164.21331688314507, 159.17046898221113, 161.57256617708182, 149.72634276595488, 145.20276068612446, 134.49961064848117, 145.43069281980294, 149.84340640907996, 157.6858990864881, 149.74500397553217, 152.841469676634, 147.11470249139188, 137.32777437990572, 129.64109552575272, 114.66467659963848, 119.14163531342012, 140.69811274986574, 127.9977908197988, 145.1573956879134, 151.62373881567743, 150.57473287868913, 150.95891918432474, 147.51464915317274, 141.36421878948366, 139.17566100241064, 150.24667720571043, 157.24892919664686, 158.92785917783456, 156.99173588432345, 158.1618124859819, 157.75671469803393, 155.96863394606387, 155.12210883132116, 160.98852909576564, 165.60273882939595, 163.3038917372926], "fourier_y": [-570.8492888384704, 113.77956337518484, 113.48096274786955, 137.73269397870556, 136.75483015787398, 129.86808386086935, 152.74192917424915, 146.7276457959572, 94.91758467360667, 118.14214149361268, 107.58733621986245, 140.0179028255416, 137.41769868978784, 133.32617201461358, 153.8458882021062, 147.19052318170367, 108.6500953310549, 121.35401328442731, 98.99884885549929, 141.90907471467244, 137.9665699174721, 136.06229104168574, 154.7225686213994, 147.50776289190068, 116.54167890569244, 123.7667570076183, 86.70385518103535, 143.46805525272237, 138.37951086249237, 138.25900816471608, 155.3917298640696, 147.67743657554132, 121.98983015924898, 125.57959932702865, 87.37365117571383, 144.73865154840698, 138.64184572175452, 140.03268988866785, 155.86900191073843, 147.69824790312003, 126.05877968165626, 126.91584148627227, 99.82071111611035, 145.75272593110867, 138.7439107674989, 141.462186031269, 156.1668136931474, 147.56910401712787, 129.22204923632557, 127.85699114358985, 108.48889734430094, 146.53389885681776, 138.67932365931395, 142.6035365997738, 156.29508416351973, 147.28876074715802, 131.7317413375724, 128.46002200844964, 114.52742207287855, 147.0999159029216, 138.443742686596, 143.49815823181314, 156.26175828555267, 146.85552283097385], "src_path": "/Users/hagardolev/Documents/Computer-Science/Third_year/sara_guidance/db_3d_models/db/11/m1106/m1106.off", "name": "m1106"}