{"fourier_z": [143.01402915185054, 148.88891772758672, 127.7593930924882, 117.22631656866382, 143.37224568887245, 150.954159166208, 160.03535435651065, 156.3179809820674, 141.91863318637598, 148.4676718753857, 135.28371684837947, 131.31908015723516, 143.12850355758252, 153.15718737471275, 157.6543558522185, 153.9794800679529, 138.61465666690617, 146.66932978517474, 141.7949289506599, 141.37120308906225, 143.86281659967023, 154.0342878649655, 152.88528335220508, 149.25121739206247, 133.26810047827087, 145.39604177254142, 146.6257442421777, 147.59632734947934, 146.36751291832178, 156.41597640533334, 145.88012310527745, 142.06246528145874, 127.65626478422591, 146.02788705069054, 150.18189520833693, 151.45286842246176, 149.94936601514934, 160.11651389172383, 141.6429773171557, 134.10477163492925, 127.18806065148299, 147.49082479294182, 152.44243299275968, 153.5610753788097, 153.20576493931486, 162.83987600827427, 146.11316204737446, 131.5130474522963, 132.02422579944385, 148.53479752311114, 153.01613548690182, 153.91871242136438, 154.94068292076636, 163.2385671450458, 151.46420101524348, 133.69148415276067, 137.2642200324774, 149.49370896730346, 151.24285806467776, 151.98136941029568, 154.30331801545367, 160.61400097340314, 154.57331205672446, 135.2672538517239], "fourier_x": [169.7140504864973, 167.47019951645555, 164.80121745627116, 169.01903117823173, 173.02235005658443, 173.5347650402244, 172.6645485364469, 170.7998301493765, 178.1782094074163, 178.60805754611584, 173.61307552544065, 164.8453142044534, 160.57959106776553, 167.85598499203132, 175.00269638707994, 175.17343555379782, 164.7874015054798, 169.75483351529374, 174.62318352555369, 174.75881553838988, 169.2204506581371, 158.81937298630208, 149.09322852329558, 140.3890080848466, 169.561456404806, 174.47689338085908, 174.49302212960046, 166.71418428886443, 148.4047109912491, 146.08321711679278, 147.10016023408383, 136.46802700231297, 159.17508289864412, 154.68382980159544, 155.90817318275955, 159.92430759566793, 164.66324240433732, 161.30930026043612, 140.2209871935019, 162.6815184616228, 160.08561505292022, 160.50038892825083, 154.00469499905634, 142.55455563723444, 147.44925014699808, 152.92929780509695, 155.82552529010778, 152.76715602908706, 153.37316160664065, 157.12228949134763, 168.45725513943026, 169.6479178025827, 155.4394982020636, 155.6422592272955, 166.00729545583658, 158.06047416550368, 125.19108613350569, 160.54749898623757, 169.1209093881571, 162.01267206014268, 139.99239556526464, 157.14424513074493, 150.08937645185333, 137.9032895310301], "fourier_y": [143.01402915185054, 170.7900916193212, 128.24024244004238, 179.27734754573964, 141.69231617125197, 137.9253705856063, 144.47966285738943, 162.76190867822098, 151.72689602155768, 164.6970829700186, 154.04325268118524, 173.82901591073096, 166.09061102968127, 156.63895830630517, 146.43232365618508, 165.54120322364093, 155.84592385932106, 158.0504088212763, 166.05693127752573, 166.00093216310705, 174.32798556756853, 159.57732724841907, 147.4880860814441, 148.42188842085744, 152.8525378011239, 167.1480353049117, 163.36404923977028, 171.4621567951162, 175.90331241593506, 156.88137210328935, 150.76958345126567, 145.88494404951317, 161.39062594837236, 170.83281729949877, 155.42089183775371, 174.25588306523764, 179.0256702758852, 163.34960818331302, 157.77403610786283, 152.54363543141767, 167.47142964520782, 169.22662738323044, 161.64843774183169, 169.59422966176822, 182.19805250927618, 159.75222877684982, 165.0726186214013, 153.42911791744197, 155.79983568483976, 166.95395333045678, 156.04496254411802, 162.3501473173621, 182.58643926540424, 122.96918985927304, 170.043961730843, 165.01400040907143, 148.59494438871513, 173.98027356474526, 148.62492625411508, 169.15008241626674, 181.28151492015667, 149.96444926904366, 168.9181660494884, 170.30172322192516], "src_path": "/Users/hagardolev/Documents/Computer-Science/Third_year/sara_guidance/db_3d_models/db/11/m1118/m1118.off", "name": "m1118"}