{"fourier_z": [176.74200822325508, 174.7307132854802, 168.0354348209866, 154.42048641593095, 143.66160955258925, 151.62178653958597, 149.54009594129582, 127.8457023648538, 162.25324100615424, 142.35125009883282, 148.4897896997087, 160.52197417430983, 163.16839767515495, 158.99087711098633, 147.59614875794162, 137.27868149838062, 141.93420309034332, 156.8188210583784, 159.0119949157109, 155.6266886080506, 146.42041282569184, 125.80475989258235, 147.138683143645, 155.35152388890975, 133.0583200532959, 135.8268390305032, 141.94470660702837, 151.77458631659357, 156.74363934245116, 159.60623738717004, 163.98957977369807, 165.13487980730127, 163.64065887896615, 165.95210784714897, 159.7210217938128, 141.8204766143996, 133.01169928009924, 157.35629988166863, 166.50619880333056, 167.2306263819247, 133.0130702852901, 140.85418750801242, 145.1262573193315, 155.82505366910874, 157.96299480225497, 156.71207152642458, 160.53153838933457, 161.31822210215176, 174.50448023324424, 172.0124849285856, 167.5988238490747, 169.87282103657068, 174.5624264427255, 177.32981620261876, 177.7065441486764, 173.5481433533283, 173.0584835122733, 172.78987456314013, 177.33663731028452, 180.4494559439285, 178.74542034029258, 170.80770938183124, 153.1672788974029, 132.32886225504336], "fourier_x": [156.87697276304945, 155.1107432984687, 137.21079476120073, 136.99118598479646, 111.43736926728613, 135.08400834105993, 150.14894116470745, 151.38315742316863, 156.65473731073484, 154.7992327873497, 138.60933347330524, 133.4772567213872, 101.00309482286853, 135.63958753233396, 147.2520903378904, 150.81076982824254, 156.0081089308471, 153.38947831856711, 138.72857968187827, 130.34137154331685, 110.97587751358616, 135.63563055233882, 142.89244027767705, 149.64439500084637, 155.00135384386203, 150.65530083768567, 137.65823234340036, 129.73291675440902, 121.55449275081975, 135.1294929731495, 136.2459810171748, 148.00772825259133, 153.75132431108008, 146.11460041312978, 135.37319723576755, 132.43141603935203, 128.52614359932096, 134.19157018669947, 125.0743850776508, 146.20932710298234, 152.4263167499165, 138.6290979141558, 131.76525190310136, 136.45647077521608, 133.32841231061096, 132.9102323517513, 100.99893652693068, 144.84254509730545, 151.21018852824574, 124.82386654066305, 126.75606563321128, 140.1784653708243, 136.7220207546755, 131.39531680756804, 116.6197127922907, 144.61906325326026, 150.21784430017044, 112.08087306124432, 120.96086395678198, 143.09523412376228, 139.09308041126368, 129.7736065477113, 131.4046886456519, 145.76189871787287], "fourier_y": [152.41410173676525, 158.1045403540121, 168.04749390375477, 154.77893513514712, 178.45119946234232, 158.93984033747938, 170.29197668868844, 168.04121973589506, 149.23543226044677, 141.01059696118628, 166.6935340007014, 162.69173542372246, 179.39424762228097, 152.28292073072606, 171.79597068932125, 169.99507827364403, 137.926023985541, 145.1261188295332, 165.5206677211316, 167.78257921394558, 178.7621341296777, 134.30825767740032, 170.46376925221847, 170.1065399084572, 139.1012023870263, 160.01125973099263, 166.77171887945232, 170.69270262399215, 176.721677001928, 130.56267797687593, 165.79718926086264, 168.3204680390641, 156.51541851376652, 166.7588813968926, 170.27757971958044, 171.79135563715164, 173.34868824959418, 153.85493125622378, 155.31684420754715, 163.944443777655, 166.93605672542347, 169.19569882449332, 173.8495624282243, 171.2501488664089, 168.7166099766468, 163.80655561904837, 118.87672358354598, 155.3139992390348, 173.6880876383654, 168.62762200036667, 176.24671886725832, 169.0532583213216, 163.23464235723657, 169.40526451147673, 149.76771336328918, 141.92535818586512, 178.20958829547214, 165.79326693904633, 177.12536397158675, 164.90330009230337, 158.72167750769523, 172.57609838113046, 164.52338688326662, 150.75875635586107], "src_path": "/Users/hagardolev/Documents/Computer-Science/Third_year/sara_guidance/db_3d_models/db/11/m1112/m1112.off", "name": "m1112"}