{"fourier_z": [124.6882145143674, 152.89110861498014, 142.3130598032481, 161.0899640437242, 151.01996735792147, 163.34392314806124, 168.2480895259842, 156.3437068761247, 90.80126957190048, 126.98890765359894, 136.91133208282832, 158.4181033743029, 146.14703261300716, 157.80265939277865, 167.73092537093999, 149.79019360904056, 136.8010163202545, 146.49109876046134, 137.62104289375537, 149.12610946543919, 143.2436504145235, 152.39180330149995, 165.38675985541758, 139.3796250773301, 144.35953324694972, 158.07242163062597, 142.82881095057328, 145.33142097742754, 150.9116140902867, 145.67998260854225, 163.46598480616797, 135.41579412002193, 143.0019611787063, 160.74629750925874, 130.53421571326305, 153.44581888784856, 156.1019037372771, 136.8518912848169, 163.34571581683298, 139.43512419764699, 155.2067026650476, 162.91230934205825, 146.8966822375527, 155.37258237955749, 153.39905078747603, 145.54570586978258, 163.80940720544632, 139.97644309294242, 164.02830225693145, 164.08287625755793, 160.4108701225996, 153.27639720126012, 143.58259266616068, 150.79190204423358, 162.78016263860377, 133.04840336641792, 165.77790951495297, 160.04960487206662, 162.18409821042013, 148.42750676546424, 135.75856828939212, 146.42991127360747, 159.64519049772034, 132.21905853725127], "fourier_x": [143.0140291518505, 165.9467778129868, 171.02536459217478, 165.54863624582856, 155.04170825039424, 139.75738268453767, 133.79626785163296, 125.15561279450374, 171.03606862257138, 171.4899627558397, 168.46053899762182, 170.5749719190861, 169.15677526436266, 160.90929264519107, 149.7972733075645, 142.56066848498963, 169.84643105100477, 164.9255882197664, 170.70584700028672, 176.2409347582029, 178.49927335182008, 175.54396252828843, 164.30074432738607, 150.0366573808282, 171.06258568233642, 169.75383514603254, 167.1366611293049, 175.68730868447938, 178.7199703957197, 169.88187576081947, 126.38705935091039, 158.58514704438016, 173.96706724387215, 170.54549479545415, 170.07747560487942, 172.61829507660482, 168.7317540195262, 163.84542446788853, 165.27739307080515, 161.61746351639317, 169.75040886771956, 167.59519434495928, 161.50429366987768, 165.02455391487618, 175.52681389527464, 176.31349181359468, 166.08886156093575, 159.61084693682207, 158.3043159166616, 155.66527389353783, 167.69684870993115, 177.1369052125765, 177.04673083835064, 166.82552274310638, 165.9110191913573, 174.59141208217457, 156.84036015745107, 155.38796239520025, 166.9934015761533, 167.02755294293738, 163.0100355283564, 171.27271342964121, 175.9650525013917, 173.16063342149675], "fourier_y": [158.78317635913595, 141.72380142897185, 158.14178781508264, 152.5530341121977, 153.1662988882865, 137.31865909930474, 151.91405001661622, 148.26417399025553, 151.3654713765867, 109.5464065011201, 154.46997320421855, 159.00197422678016, 152.93210733140862, 159.656097483152, 153.7278003389893, 139.5137797443706, 143.99174855913284, 151.94238771731116, 163.31447705969637, 161.84442490236216, 163.4462896721047, 133.76383926952175, 127.22606476540255, 146.91790358421002, 143.38063436151583, 145.614081009652, 130.5930338918925, 150.35521979162053, 138.15339775212144, 154.12989888300675, 129.26716707682291, 136.45677020707834, 152.0652315764109, 139.9242860688564, 151.14749689296303, 139.2673481674682, 162.61330552279944, 134.66408307306165, 158.2660298404623, 144.24858462705134, 154.68079586672258, 141.6781101412623, 140.4968945284048, 163.77152066524647, 145.75992965489948, 153.2316641542996, 135.0389239338298, 159.98918284776556, 142.62680531867272, 169.24879971853517, 143.4444743897019, 150.03568747758277, 154.43045161674686, 141.02381961360183, 158.00381201352855, 130.21659179485675, 159.51972296927707, 151.60562916533544, 139.25572322317004, 160.79418944940244, 157.9919202811983, 152.9556269469259, 124.47334645846178, 165.3298131760165], "src_path": "/Users/hagardolev/Documents/Computer-Science/Third_year/sara_guidance/db_3d_models/db/11/m1119/m1119.off", "name": "m1119"}