{"fourier_z": [110.82527090316853, 144.03259516345756, 141.70857397813265, 136.00810371285684, 142.13415741661098, 138.82755986549492, 142.15124586772802, 123.97488202742838, 128.69262417825124, 137.14828427581986, 134.6590943231843, 145.94553216889858, 126.5097993954909, 149.20286047626342, 151.47835168302436, 125.22861184309045, 145.18532152464212, 147.0710945418533, 122.8152267571038, 149.1625060754988, 153.40213523717375, 151.40213748173156, 144.55292740684402, 146.99412574099637, 152.10724962878265, 141.16686693454977, 143.80656793929327, 131.00091316449715, 140.10798760899812, 157.78397091910793, 156.06322179447216, 139.53671190670013, 151.81215119751647, 136.09891698208463, 137.14114135794358, 157.11647988242348, 159.36107933954165, 135.76205945959242, 148.397658076374, 115.94461938110382, 146.27637535894996, 124.350384717089, 144.33419848992276, 141.81699667017506, 128.11230775791597, 154.54107046073793, 156.51903697778016, 131.56233875815306, 139.85157304410006, 135.9191107350184, 142.38732238660313, 148.0895233452815, 144.7384258006167, 128.4900222615951, 132.1831301946391, 127.92270944829158, 140.30459262168168, 137.2714061173841, 137.6794578381963, 116.2099351492173, 145.17939929384409, 153.84109585499877, 129.64326880887467, 150.38502540514546], "fourier_x": [138.55115812556633, 138.33735961988788, 144.68696489783736, 136.60580395099612, 150.61247976946447, 131.5945550916385, 152.07520573137555, 126.234041778694, 137.43080022421867, 141.9309206834917, 139.95430278758124, 145.6995526186987, 143.5959395386961, 142.24043320074665, 145.40037891402602, 127.2062927178756, 133.9086775277822, 143.3841113541868, 133.06148250102427, 149.5829993767248, 131.51064390769884, 146.56702870362042, 136.49002308936855, 129.05998030989446, 127.67717048476752, 143.7664657566163, 125.43773034049785, 150.6082434542112, 106.60493935538341, 146.89315456202536, 129.62000995262278, 128.63160143861418, 120.88014316446733, 144.43813932052083, 121.15071011976609, 150.4457302755303, 111.28305648902247, 144.99726997178018, 127.11194872045641, 130.2581761272942, 123.68345162936487, 145.81957649206305, 123.81385753817753, 150.5289701494294, 128.5772401707572, 143.8980735826558, 123.88514592223214, 136.68165525300657, 131.53001743820872, 146.8493796109895, 130.27653892199677, 150.94157976915744, 138.16674945690394, 145.6846207992791, 126.05495733410311, 142.7132762936098, 137.15809795073554, 146.22505414035084, 136.12940852539845, 150.38186112266607, 144.37788964268717, 147.95900078756725, 135.1600208194688, 145.96950382676496], "fourier_y": [143.01402915185054, 151.27725660591292, 146.64405749077798, 127.98427586903479, 145.21984793732307, 144.72321176356598, 121.1776606178327, 136.86183306243055, 139.57345925661505, 151.089977371365, 150.4370748937791, 119.60999246127676, 149.12942631081276, 149.5147743516919, 136.60938462480516, 124.89256392749454, 126.36655517475089, 147.13186062719987, 150.15110098682612, 122.57175791030976, 149.86997200546423, 153.38843768208338, 146.52929906230065, 133.60880674846229, 121.46131874754204, 137.04617889533, 145.6456330553639, 123.69693517283692, 147.96387414705853, 155.09670172737293, 151.82563015995913, 138.22658678391895, 140.75535896091415, 132.1614664457287, 138.1406180840853, 121.77306126442093, 143.7779483610513, 154.4908692648682, 155.5347152678279, 134.64510733432957, 149.58952693059953, 146.9640551094999, 138.10072298138476, 128.28546778423262, 139.43323849177847, 152.3388012919828, 158.55639980155027, 119.40358931537405, 153.55415837559073, 155.20083386924736, 144.20083558107615, 138.1085417304402, 140.48092304278046, 150.47336369446796, 159.98271821951514, 109.12434729578004, 154.2493854829536, 157.9540887269492, 148.24821894806175, 145.1784510270043, 143.93316629659148, 150.8502597516814, 158.9788319459441, 132.47666112821884], "src_path": "/Users/hagardolev/Documents/Computer-Science/Third_year/sara_guidance/db_3d_models/db/11/m1124/m1124.off", "name": "m1124"}