{"fourier_z": [132.7975166765307, 147.83871362067688, 156.38730636549798, 137.20269419827503, 134.89647820281985, 150.42436463056518, 125.60304018945565, 151.93132622380523, 140.60183022030859, 142.11009228541946, 151.0990117991415, 131.9035108194687, 142.78080080015752, 152.02337482623713, 149.69735603995352, 137.54420164096248, 142.98636080914127, 148.76838330141206, 143.479921118755, 142.52684515950332, 141.06697144725334, 142.9047714178194, 155.18921460923235, 144.19710960975485, 135.9186069646554, 154.20562879984064, 112.79368702031091, 135.33718483313908, 111.90777198753757, 126.93210664693275, 157.3123865450519, 152.4910011376674, 137.25260183538242, 159.23508890894811, 150.1953483212901, 144.73219316083686, 141.1631728317774, 143.3403880976364, 157.16174711272436, 152.12138373952183, 145.26856393947412, 161.94503102500505, 162.55653534287796, 158.44435485000218, 155.4318372140823, 145.5723876791704, 151.94265918858892, 133.21793744903405, 146.87394130100702, 158.42787321802584, 163.97256802232985, 160.51725356249307, 158.56853272115774, 135.6626344773024, 152.70557310662593, 144.92239255068756, 142.6483046659697, 145.6541901441144, 157.0714152661433, 153.33297990344744, 156.60991628995365, 120.6047812159741, 161.96844110196787, 162.33846666757447], "fourier_x": [170.73991637424837, 170.03182385944837, 167.36437944714442, 162.99180024737365, 160.23831373707503, 164.01875481499602, 170.98916317875245, 173.86384537279974, 165.15444273015208, 168.47181185759314, 169.89499114361067, 166.668217933249, 157.52412460712398, 145.43276917305772, 150.717793170974, 164.97126652558293, 167.0916562111895, 167.4908990820886, 171.76979621233397, 174.56015945965441, 172.18774771353824, 161.84328634466226, 134.91143743169448, 141.283163319442, 162.7813746212815, 160.69350778614438, 159.2205049488705, 162.70403072234646, 167.17455848100622, 164.99498656842573, 152.10489257165793, 148.9048623899939, 149.8635097622964, 164.06676039359567, 170.32870087522664, 169.48834608555126, 160.75416612928, 141.79260435334203, 133.33398714802934, 148.93856239509918, 144.49936410432235, 148.95126669181525, 157.57227063462193, 161.6960092853148, 158.41225616097702, 148.36301572218673, 146.47298510714342, 139.12541819137797, 131.6099727845568, 139.01718364065158, 143.91687744172683, 150.5241235081662, 153.8362208381935, 149.49634825808357, 141.78016985363374, 148.54055816558744, 165.04894598228594, 162.44176670178544, 163.7588767467317, 166.4771635853457, 167.1005328237839, 163.5163705297992, 151.55203656367635, 127.97685320916148], "fourier_y": [149.7434738842748, 128.61317979389463, 157.506675160254, 132.15875403549197, 155.32883521407416, 159.5100304584144, 161.56422989031725, 173.1804470967407, 153.19184826125172, 119.854989463071, 154.92347261559033, 130.96189171175956, 154.37132064773922, 164.7352302708703, 162.68580945084312, 161.2550179343442, 153.89638251726123, 140.9415258432157, 161.11882149220156, 147.50890562442467, 165.03336505119688, 148.32339713095894, 153.1977331440156, 162.8250970575448, 119.2433461244923, 150.43480156678444, 152.39282598470606, 140.00998229834207, 142.18450340133734, 161.77222781035653, 159.29947851054465, 147.32950637032516, 152.33087928940958, 159.78823066586355, 153.73713412721636, 163.0042534286141, 157.8508178147199, 160.87961522789956, 156.37063285058497, 143.22103869191955, 162.53171447242016, 164.2170639167566, 171.44746794273092, 169.75002612664758, 154.15035178919538, 170.6476342220344, 155.9376717456609, 164.7067158805908, 154.25048643906987, 141.83556062816848, 169.02594180184568, 167.39829145998374, 131.97459163428906, 156.5589847506177, 161.4216858822962, 173.34647101134894, 146.31964002390555, 116.63091629858471, 163.35735641196288, 161.04297694520338, 162.3145145940748, 170.1994390580775, 172.61196692866716, 178.73938137593848], "src_path": "/Users/hagardolev/Documents/Computer-Science/Third_year/sara_guidance/db_3d_models/db/11/m1120/m1120.off", "name": "m1120"}