{"fourier_z": [143.01402915185054, 148.35654647117832, 123.03446584735484, 154.49278110688198, 146.62079166272036, 121.08496353086439, 141.62526518554037, 145.06533221483767, 146.1249722172415, 151.28881073033202, 145.27926969632423, 147.4135602204913, 152.18346937679948, 135.4679639382184, 131.72968285332405, 144.6655822755562, 142.12041092477676, 149.47932765584153, 144.40049841564576, 156.9563093784069, 151.71699834019924, 144.6346533390129, 152.99188355375637, 158.31582001318333, 153.84493540502794, 145.58996413913488, 140.20502064215447, 158.55824876025258, 150.91628645584666, 145.06380123457123, 135.2495081873012, 160.6764872976666, 155.66992849982205, 146.14987344969333, 161.7319853135099, 156.707232146703, 163.09123727744944, 148.73943832326958, 138.757156626886, 157.9476770457329, 141.19679548181676, 142.78512304564194, 164.89182741212815, 122.01957289912437, 135.1640907183321, 157.9581130161906, 160.98566350229748, 149.68642939683076, 143.25900050070095, 166.7160489060134, 158.95922788181883, 120.86862444055255, 133.75741239629266, 141.77660277795215, 158.55970590243035, 141.89598460472067, 155.8682433173138, 162.16250439666825, 157.0388664265273, 171.3729771137915, 167.63064003964988, 168.46833253959912, 164.65255012923654, 142.37330687902676], "fourier_x": [110.82527090316862, 135.61692336127211, 144.7291832783398, 143.85453833806855, 146.82413018575795, 137.04172469753755, 118.5310303241698, 134.09677281609606, 133.97735687050323, 138.7596937548476, 153.83142270211945, 149.34381171422447, 142.99590430387698, 130.99066485375192, 159.21893958266926, 160.10911980736228, 137.21701335586252, 142.86890623130697, 154.33109306144448, 142.35576529669385, 131.41937983157885, 145.64150985183372, 168.6736984928488, 165.62586042296465, 121.51677107407176, 153.74476977592929, 151.62233423026709, 139.61413626903763, 141.2518499368542, 152.4782409422264, 169.2863928732819, 162.45983731820382, 122.11088528275965, 156.66172398677568, 144.88785406386665, 145.08211425626993, 146.75224242334582, 154.3573767517316, 164.12069646751468, 153.5056076666865, 137.14868248825826, 148.46733296195288, 132.71490570831318, 144.411998825993, 148.47191517523552, 154.83270476109672, 154.37988961788358, 147.15577719208903, 141.97385960600104, 99.27967697894556, 141.37362614591217, 140.79517070997102, 149.12669701959044, 155.06534097861092, 142.2004409524218, 150.5531327820807, 147.865360863488, 139.3032954672576, 142.33825720199843, 135.36917134219988, 144.76963767935797, 155.43820420436535, 142.152219252681, 157.23944872958026], "fourier_y": [149.74347388427478, 148.8438992330366, 148.5217818668502, 159.04716617720786, 103.04114235716987, 158.52420209951165, 138.76421111915928, 140.39675232083533, 146.19535941819433, 141.34735440839097, 146.1129471572951, 158.76772069219317, 107.44257513021262, 156.63342069826695, 140.67428730711242, 133.72934041866606, 129.98359414668045, 130.0049763371851, 133.84978199322524, 154.847303292785, 106.83361709762471, 153.02685200958504, 138.83729371489866, 145.07057383247692, 138.9061891343641, 130.1714091319574, 104.15755907396444, 142.55487295095963, 127.68615430000719, 149.03372026649117, 150.23989355857032, 161.46093037306025, 151.09505009733508, 143.04225630197885, 111.66357431065136, 114.9484183603117, 144.5249234456556, 147.44976546280455, 160.42334076489337, 172.6440919407959, 148.20973869053913, 150.50386809610976, 144.3764459667256, 148.72508398398537, 147.88346942955363, 155.50856802238803, 163.05566907640156, 180.49817443671736, 127.48498110163885, 152.46837721969789, 159.76083657576805, 158.05881169920218, 130.45039585848775, 164.61514477783268, 156.94261197114093, 185.22609275621778, 149.1500685145494, 150.51267767682907, 167.88464316058332, 157.36453836354178, 159.2686193281805, 165.56440697683672, 160.05858563870194, 185.9014672341864], "src_path": "/Users/hagardolev/Documents/Computer-Science/Third_year/sara_guidance/db_3d_models/db/11/m1138/m1138.off", "name": "m1138"}