{"fourier_z": [110.8252709031685, 140.26699165178343, 134.17487271872218, 106.94686380785193, 125.5423844768022, 113.32940696396352, 98.62741789903909, 117.16773216957895, 137.3923661551424, 150.51376748653217, 134.70754245848377, 130.34061356116905, 138.0556054245271, 136.61054486176218, 119.20875482596867, 122.59975259421418, 142.1927490425443, 150.10813570925393, 129.52920055876862, 145.90120976960003, 142.43358357837226, 100.20447691133876, 130.52645959734232, 138.17830001300993, 132.7929223166396, 148.76680078686948, 141.7893902900439, 102.57074247589826, 138.05821156275545, 146.43667893846265, 140.24302926320556, 128.23940958032642, 128.66461115824774, 132.73889911314205, 133.29789893457792, 128.2843689890768, 146.42362775541778, 136.46736673937542, 121.60079656888273, 144.36703339254117, 137.7341832341168, 131.56770017008608, 150.41151684983652, 143.27768263430784, 102.52118462923795, 146.37373066501553, 148.74083703961423, 121.82213675051997, 135.43780023734365, 122.070334513921, 132.9411015084448, 120.29081060017342, 145.45056845267277, 139.64289124441206, 110.26969704716983, 145.212491579932, 138.55727884238323, 143.68018598617945, 134.64255432857803, 122.4675459044729, 135.3662681977171, 144.93725185390184, 143.39908840519968, 108.3448485772338], "fourier_x": [124.68821451436747, 119.70704033749087, 128.0857231456956, 136.3915016302072, 144.23285280161494, 146.39778065218428, 118.98258307525069, 142.5898562881465, 130.16821297074662, 108.15101723637518, 138.6199427248292, 115.7706126049751, 148.3246843537425, 143.58675485564018, 133.55235546988138, 134.43613113633648, 137.33502745274006, 125.89505724411609, 143.99395600911285, 120.94182348536106, 150.39666894453615, 142.5864824906771, 139.80304991244935, 127.15505488551857, 141.74698076154957, 134.8083885543921, 146.32428417569548, 138.1188442190972, 150.523989120305, 144.32948474865805, 142.25025250805243, 132.23903136237783, 143.61295998426374, 138.67667187775362, 146.38117986557876, 145.79553546248712, 148.44886602706987, 146.86896986662782, 142.12768894919031, 139.3248600074551, 143.27468378579283, 139.17210818833811, 144.5649615524599, 149.41638842824992, 143.29686728967948, 148.41950891111136, 140.05147556092513, 143.25097591322285, 140.93568411019345, 136.59694877969628, 141.55038271537273, 150.41845605899658, 132.08284744568846, 148.2519648311315, 137.0261257648788, 144.33753072938902, 137.16617459803646, 130.71888519060937, 139.31532643744674, 149.3351747318278, 87.52467704686289, 145.99077377114708, 135.50961237922607, 142.93907972866268], "fourier_y": [154.7697624498929, 114.5967675485082, 152.57593244705762, 147.88845164879416, 153.0194652341502, 149.14954970679548, 117.39372751116463, 141.60211123285092, 154.23704684020498, 138.55535135002353, 159.3888993389532, 149.58873018180864, 156.44730151613481, 148.59709380424349, 140.30218506560348, 148.95760354009522, 151.6273151206161, 150.84456185983848, 157.94338613407444, 156.3228670652246, 153.5069406495862, 145.51556613160946, 150.20739110590333, 149.88147723907508, 144.4623303916384, 152.80228168490098, 147.98076617151418, 158.9963646624035, 142.276002318416, 142.19898301029065, 153.84190477376808, 147.17103946179364, 126.67715057803773, 144.6215391629195, 119.09553355011184, 155.53737051772356, 129.13512716313426, 139.80237584480517, 152.48637981647357, 146.67563451850495, 109.38501066263584, 70.87653011469637, 132.70480716339003, 142.786291246002, 144.56053948555055, 134.98038139751623, 146.5425085170566, 147.86464608283876, 130.6830183146861, 147.32871539598045, 137.6369337364785, 109.48176823480743, 150.90684893182086, 126.7647776446725, 141.40887767421327, 143.46141531789303, 133.91208804888157, 158.00350510208474, 133.9138484281706, 138.69290109977536, 151.75881320993057, 134.4841853288005, 147.10181736388049, 118.80104072150515], "src_path": "/Users/hagardolev/Documents/Computer-Science/Third_year/sara_guidance/db_3d_models/db/11/m1134/m1134.off", "name": "m1134"}