{"fourier_z": [152.41410173676525, 145.81480409328938, 131.28601852142225, 147.84984902888684, 151.7371951650827, 145.12345532421983, 129.18487032592932, 120.36291051685346, 148.4765202584757, 141.64696955558634, 118.1442538314283, 148.2996955919619, 151.6635023357838, 138.13402819191384, 132.29913569328733, 146.31947276104114, 139.11196654473252, 142.11166533130347, 122.92119607189287, 140.8708349938894, 146.3582692150093, 135.447204699258, 139.87529270520432, 144.67214209015478, 147.7132665485613, 147.02353950868374, 136.63287076310712, 156.22881750636265, 160.30607793275038, 148.27022574365728, 134.9978951308421, 154.62133126780816, 140.88420657397504, 147.89426549604957, 144.20654332090703, 118.31983129476605, 136.9777656138986, 151.57924400500602, 160.2291569014386, 159.13613059787738, 162.44294225782448, 167.12898130815702, 161.40021320472556, 157.25664935231597, 162.91422389433643, 155.56381204731866, 127.6200152428651, 156.18294564435013, 155.96416514012867, 150.50585197260867, 140.67758783607442, 146.0348542626578, 155.76478117339175, 149.9943768506077, 141.3711346673359, 149.64890654547065, 141.36883070375583, 145.01289949039605, 150.66050018175696, 143.88562945598113, 132.4470297069217, 139.70198640839888, 149.86137342205313, 151.97060804050506], "fourier_x": [149.74347388427478, 114.10518525307255, 145.59285349025293, 128.71957241123357, 143.51564826228594, 141.87089824083432, 154.02560930343387, 151.04482618725558, 149.98451787117705, 100.27784728221275, 143.073210912725, 118.67597795018685, 143.70749316940734, 142.6966599783813, 154.6941559034494, 149.9913835066272, 150.55292295253003, 86.97325758771973, 138.82230198119396, 121.34925461043565, 141.92611274261316, 145.71927991547602, 154.23225429413696, 150.01824814614983, 151.08892162877277, 104.78674459232431, 132.57274284988443, 129.58154334502166, 138.73512906162188, 149.11110606790567, 152.92241428545128, 151.1781781423556, 151.20401254530617, 114.33910976606619, 125.56394284571653, 134.467809369111, 135.9747877984847, 151.56438652766735, 151.25001586761192, 152.69979691272712, 150.5592619792556, 120.31204619344118, 124.45221624091893, 136.52067302119366, 136.60992447306944, 152.54352491327782, 149.86227260756803, 153.73521042673485, 148.84439308527075, 125.80180330001143, 129.515021617708, 136.7932719399734, 139.96668954537515, 151.73843715481271, 149.17243076032244, 153.738804810553, 145.7183894080834, 131.85651259585566, 133.81091641259562, 136.8545577946642, 143.07840071353914, 148.69497766154566, 148.92227516096233, 152.37392731559456], "fourier_y": [146.66046028772965, 139.55567531105234, 130.86060469770703, 160.09408097516075, 163.25909094145817, 141.27646104025482, 140.62991074328033, 153.793885629208, 147.72253133680587, 148.82923507410047, 138.8815268762291, 154.59775866517975, 153.9939450372783, 122.95602496916322, 149.9819028295354, 160.67872274042003, 148.56659412573168, 154.24832272352762, 148.04638093418322, 145.52232177345797, 137.71906981208852, 148.17799985985206, 153.44906814011026, 164.12417252412462, 146.58495691106702, 155.5711512687243, 156.80593650836605, 135.22531196654006, 136.40279468383963, 163.18612681093143, 154.3183869601109, 163.419004643244, 140.82706584473055, 154.26880600153083, 162.74086211797695, 136.78211335856838, 134.90834931196807, 168.7801244852185, 158.68058653288043, 158.182916087922, 132.53929480242087, 152.73000578032563, 165.0694664999419, 148.86152324105115, 139.84248596835639, 167.51202107990082, 162.1385745992869, 150.832022322852, 136.24922307807805, 153.93268191192473, 163.47090620418112, 153.82427321459113, 152.59445340543937, 158.7599482588481, 159.265857013828, 154.5386915332479, 145.37753851434985, 157.29778500972745, 157.420847453603, 148.9569665782646, 155.56029087327676, 146.67085969467007, 145.54551726009345, 163.0451064723432], "src_path": "/Users/hagardolev/Documents/Computer-Science/Third_year/sara_guidance/db_3d_models/db/11/m1137/m1137.off", "name": "m1137"}