{"fourier_z": [124.68821451436746, 126.87115332801908, 136.78582710807305, 148.09940000468546, 142.378451136081, 104.90915724279715, 111.0352533114324, 134.93836745029157, 125.34624948640621, 117.99140789508526, 144.33314645791182, 146.21812324567065, 125.47839593482777, 112.2672227243615, 135.31991385253735, 140.82817880727043, 136.56875040791172, 140.38287582357842, 140.70894462253165, 128.74517444286906, 137.9047494190191, 137.08806316574257, 140.31889964941104, 149.97198647483134, 127.81559660121513, 107.07807014665505, 150.09557832800098, 150.6441649652331, 114.97997113698936, 133.75101799640376, 140.3761688537562, 136.88951588004622, 145.1751108758415, 144.32636504705084, 139.7100319887818, 132.2987130232803, 125.36011517724249, 128.6893886631993, 123.97009390268283, 139.37644638992464, 138.5730929953422, 115.29291742795783, 137.0781943274486, 144.23175199687574, 139.1509621059359, 134.9598134503458, 116.27599654234237, 140.88135599803798, 149.04607875522836, 141.90003352907877, 137.9056936004969, 135.2287582659809, 124.2335994276887, 150.9696769111879, 144.29318416381722, 124.23837139428004, 131.4364114145136, 132.11639422585628, 137.9711384932619, 150.5888766152916, 155.4639946014382, 151.2568533254526, 135.246554134167, 154.77154628274786], "fourier_x": [132.7975166765307, 143.23943123059695, 154.1905421781419, 165.85394231600046, 162.23412619353806, 160.08112646348505, 170.77158376422648, 171.52861035336923, 129.3433788299862, 138.37141286115406, 156.45118091114347, 166.80987536643664, 161.4025062998503, 161.18073425731754, 172.0105666108478, 171.63278800551103, 122.70044785615441, 134.30681662700255, 155.10113457428122, 166.31452482992304, 160.08529353731873, 160.30728464560497, 171.17897906987707, 170.49475102658423, 132.32532297492833, 132.67863120227003, 148.83145331846413, 164.02541252168947, 158.30442854228227, 156.90905442543217, 167.79524682446896, 167.64656714196204, 142.72067628589, 135.62180123075652, 131.16251271343864, 159.2507407469127, 154.72686272009102, 149.74599070383522, 161.15900810625755, 162.42699755470053, 147.88360644082752, 142.0893033099872, 123.55679554884154, 150.32250577874552, 147.18709562328564, 139.14681734941593, 150.76315059612324, 154.0049384243472, 148.67761450441517, 148.99253709798867, 147.8057908744105, 131.2899519733941, 136.83287650819364, 144.75035355458266, 144.47027283745174, 144.02891288611184, 144.88212640292068, 154.87406338905322, 156.62145626048562, 130.62044446715677, 146.08546828711476, 155.61512597830205, 150.30473764931173, 145.06953677555546], "fourier_y": [138.5511581255663, 171.58909413205666, 174.83500132467617, 168.98206647511887, 176.93603057437147, 157.40919838287, 168.00973489384504, 170.13761683222097, 161.57732556728092, 172.64782939011397, 168.44029717738795, 164.44330405828768, 171.50791563706093, 153.91096396987814, 160.6092312352543, 160.8266186558818, 170.72297469613454, 175.255587039675, 159.44587808600062, 165.2398168710658, 165.66465772886144, 154.45174086848826, 158.23481713858155, 149.38045791557587, 171.83063272058388, 176.1780180436355, 145.64479569156504, 171.32669496401292, 164.85396622481278, 160.92143688313823, 163.98623604443998, 145.62968072953274, 168.23144692386475, 175.75429507073696, 130.5482922750885, 177.1569331208467, 169.41295542638403, 165.55984648607793, 166.61203171596236, 143.20535871539988, 164.7794334896688, 175.16756143284962, 144.82108617953358, 181.07935666971056, 172.6160242541854, 165.32818305818944, 163.5376150819289, 139.06980273807082, 167.98545463379338, 175.12444986324715, 153.11797863088498, 182.69858750995863, 171.918507607324, 158.74953546543816, 153.6625581397322, 141.98918709250586, 173.66062959447373, 175.15605421400443, 153.5573939687522, 181.67582697637187, 166.1744622470101, 148.54993155719416, 144.3426010340029, 143.4884088787423], "src_path": "/Users/hagardolev/Documents/Computer-Science/Third_year/sara_guidance/db_3d_models/db/11/m1136/m1136.off", "name": "m1136"}