{"fourier_z": [132.79751667653073, 140.6135670122906, 146.77738212523522, 162.06832273738553, 146.20709601027448, 156.30677880158845, 147.50606924183677, 153.20006060961856, 127.91142305298152, 150.24929458963922, 150.60609911976945, 160.93084676265954, 144.40506670541592, 152.59763546646798, 147.55125266720566, 147.14845479829233, 127.64636379206848, 151.88667575215783, 146.59724846612207, 154.2049242359311, 142.02331116359642, 139.82375449866478, 144.44341159342613, 123.44892616691452, 145.05088077492658, 147.12519020594948, 135.00084947456438, 131.21737329088162, 144.8591220701306, 134.32199134534937, 134.8884913712101, 139.31222310230436, 152.65108114727363, 142.8324439048326, 144.57170469680784, 135.21297379255947, 149.88324924109708, 148.51104015458185, 115.13640929013766, 149.20083797075245, 151.44232724553729, 142.76553502914237, 151.071111646168, 149.6240205894363, 149.00583117026588, 149.9119704932319, 142.30108570550902, 144.78905530799568, 143.4449943805523, 135.52385888766807, 147.7284106914727, 150.93474023058855, 141.11785917816508, 143.63217502227852, 157.05923948822445, 132.8251426479756, 148.9641972995936, 130.31020400842058, 140.36246313466302, 150.26298452828826, 132.19246445204084, 136.7073935328048, 162.18101471515558, 147.03155515474128], "fourier_x": [164.98627492521274, 165.035314784096, 165.11534860398353, 164.9543974120887, 164.06019076607083, 161.93164286846934, 158.44692786772845, 154.6239008442199, 142.92990801716917, 142.124929497336, 142.03298794573482, 142.57042316185934, 143.28592980558264, 142.98342813510902, 139.81266661120503, 130.205636913242, 150.78560031027854, 156.71117234308957, 160.20133228692018, 161.32466437240703, 160.37268179462274, 157.34641300595004, 152.02740886711985, 144.8048969903018, 141.69606609093893, 144.90114503057038, 145.1255070101425, 142.69589716240841, 137.61111486091735, 129.07060346408622, 118.58117094502165, 125.79616910944927, 138.39057339980837, 100.72774012583795, 131.92473030110506, 142.12530732146345, 145.6931126678418, 146.09210393027521, 144.1387389043089, 140.15989226602738, 152.31552015844915, 155.7166789879472, 157.03901816494437, 156.32722714500522, 153.58081758074474, 148.61373435795142, 141.22992176126894, 131.98180263991114, 144.84365329208785, 134.43887300590288, 137.17137823674074, 142.91995013800013, 146.04079652792097, 148.53317874437786, 151.69707030721565, 155.22266299343454, 151.98502974819039, 157.36835273952963, 159.97269644864355, 160.08880708996992, 157.60949249993794, 151.9492413242164, 142.73631159739676, 137.34751525689757], "fourier_y": [162.12425805239928, 160.39521410258715, 151.4511935417804, 161.78482915539104, 157.68978728938617, 149.6534610947472, 141.9325429690938, 153.28909860393526, 148.52204693881203, 162.62308320116387, 159.7952026143968, 159.4990727936381, 150.53440793612992, 150.06985864779924, 148.63250612330603, 120.29935815954225, 160.51529292174922, 165.88726082815444, 146.57482354994573, 145.16721501160572, 154.48381766668322, 149.4336706984477, 114.14669227556811, 130.766106423473, 145.6754619529583, 141.71421790737116, 153.6524299905775, 164.94402789361982, 153.45080714507534, 140.00819049080948, 127.32633835896735, 141.97258945462852, 159.275769006229, 158.85244913464982, 149.84453498753658, 158.9670960786152, 166.61040524708002, 168.35930031704666, 166.3708950125135, 168.644639732789, 136.07982773979896, 152.38215644742462, 156.6609162100293, 167.01637725536503, 171.08624960073, 170.7418140531108, 164.94288191228947, 162.9632940820906, 155.688013490394, 157.30335869928246, 107.31195185562945, 147.77930012150756, 156.61105280997177, 163.43159792233635, 161.28718012031712, 162.45921400048417, 154.96333948640665, 164.17872432022602, 155.03782931049514, 146.2433513948442, 157.71846241784414, 160.3768908843297, 150.47520257113598, 147.05291646208912], "src_path": "/Users/hagardolev/Documents/Computer-Science/Third_year/sara_guidance/db_3d_models/db/11/m1145/m1145.off", "name": "m1145"}