{"fourier_z": [152.41410173676525, 150.61793880447024, 170.3048276504072, 172.45744701623215, 172.34387404301566, 168.78022034832674, 163.0091045737667, 173.75452591818728, 153.4651503023446, 151.35332421231664, 172.668311654153, 177.99249142957794, 169.825754463564, 171.00208601748125, 152.84199736407183, 169.22380678919413, 155.59046695503392, 154.25156853860238, 171.64285785395037, 179.54655976362312, 166.6275555588609, 169.54534591060823, 166.56791474321153, 156.06870893326362, 157.3391310823471, 158.89828407183802, 168.80712958635155, 178.26046285743445, 164.2070298854185, 163.1318608065034, 173.77741272089284, 152.08815736918314, 158.9919550594497, 162.92574676453103, 165.0651019338811, 174.67212295525655, 161.3204639221144, 152.42356997814755, 174.6834052927307, 167.4291435605296, 161.93884080903686, 164.54276276588297, 161.0440166686643, 168.26201001855702, 155.24654255932202, 154.46431911523769, 170.54199402176025, 173.3605847140544, 165.15037539128375, 162.8668564595398, 157.80157587152138, 156.1701379280689, 140.1489861776995, 163.29231577310455, 161.28954409542746, 173.60554322108408, 165.82210824331955, 158.0660749547008, 155.5944481482494, 145.22659314888205, 135.63362736058048, 168.33240643717284, 153.1476948544506, 169.51733974702523], "fourier_x": [146.66046028772962, 145.32787198499778, 144.09292386836, 147.09861141820778, 149.32971345509566, 147.56552537395524, 146.507956989392, 149.51689813743735, 152.69390923921011, 149.2963821185943, 145.8711917604803, 146.4823208826407, 149.12763463142556, 149.26982709761302, 150.06695773568651, 155.19089281811335, 154.0691575681817, 156.6525757077494, 157.87619366413315, 158.41767652673167, 159.14912077176393, 158.00622620106412, 151.89840913857924, 138.80461176269665, 156.14296950196365, 156.48226851420705, 154.28523180496936, 152.08613305358992, 151.13898856777797, 149.11254167125287, 142.92498032315822, 127.82705089894377, 161.25361365073076, 160.57439032472755, 157.00045623939815, 152.05997167306248, 142.9724376482417, 112.02606402771758, 137.54116006432983, 147.79512810043119, 140.87638219596536, 137.30899382608578, 129.95800292221196, 130.55259564072696, 129.70510093092028, 143.18861313050775, 154.38888253947613, 158.45693735884277, 151.65701880042627, 154.08334884643943, 155.16950548341785, 155.69282477359232, 157.98454276529458, 161.17903298446032, 162.62326952738206, 161.37157411795968, 153.68089339749278, 158.3790170873361, 160.9691422774631, 160.9494144232537, 160.57495513084606, 160.39847173496537, 159.2905997823682, 158.50345813548034], "fourier_y": [160.52340389892856, 160.8450084711634, 147.47584114350752, 145.61046989280186, 159.5353775246058, 143.54667643581575, 113.9227944636454, 149.6056354714767, 157.1021963801905, 160.98490322281913, 145.7574705695148, 145.9882570170355, 141.62685998782902, 122.02961845876337, 137.64322452871517, 147.19153590461138, 154.0766299279206, 143.14140728222807, 146.4830568512352, 151.35981685198817, 137.06966213938364, 126.09734738837476, 148.5064943308597, 111.97802265084883, 160.82543771684854, 148.46369278007722, 146.04957930387752, 138.64373401217622, 148.11235740941646, 131.62273613191763, 151.99803854366803, 137.26447556203098, 121.64759104490768, 139.5653912669093, 127.79714597906622, 89.70724102640766, 129.63169266725453, 135.30553846779324, 150.6876006590067, 132.98966969929643, 141.02619081965264, 148.17665978549852, 129.01504771613696, 141.9919211458124, 126.05149598109958, 140.26069254892008, 139.10149595332084, 131.7998131933068, 141.00094304264306, 141.9522622603592, 149.6965980497955, 150.9724067192292, 137.1782082874398, 140.9093518554707, 117.1193885802872, 139.8997677484607, 146.8988785926739, 137.83769928811165, 127.94193918236266, 117.32393905095941, 133.52879771263468, 139.74754151401993, 139.44144940462277, 115.05319956866816], "src_path": "/Users/hagardolev/Documents/Computer-Science/Third_year/sara_guidance/db_3d_models/db/11/m1149/m1149.off", "name": "m1149"}