{"fourier_z": [138.55115812556636, 149.82314853710992, 143.04238107112027, 146.8696482572763, 150.59471073584297, 152.9171953391923, 148.90202729726286, 142.2640194683662, 132.7995796325096, 138.1881980702288, 150.43195768220477, 151.1076373811822, 152.72606789139832, 156.1473114452359, 150.65146495415593, 153.81240962258704, 144.87606177664108, 119.57790159341764, 157.45143205206273, 152.96216895806563, 150.24921710671305, 155.45364635013166, 149.9568738272767, 159.27923676014268, 157.9920010760912, 148.34035301017826, 162.27806824543447, 155.31072438187047, 150.96938551188452, 155.43856866666164, 146.92052249433513, 158.99609304113565, 162.93276284187797, 157.00704809823762, 165.42165161534973, 160.22138805322723, 158.2427927195052, 158.53712871756716, 144.4756713726472, 154.50494920401272, 162.36922247521338, 160.95694513566798, 167.3337461263148, 164.33667659609017, 162.98336942789848, 160.60412098531845, 143.74968996346556, 149.06935959975317, 159.26630626624478, 164.7516174777128, 168.13886505021753, 165.4572640618337, 163.37909859229342, 159.1189481670819, 139.54375431589622, 143.00346180239774, 158.9079449796617, 168.62316426716606, 167.83613877184206, 163.60212922627568, 160.49819481787586, 153.7621252653346, 123.73696801203695, 124.52176390675405], "fourier_x": [146.66046028772962, 152.82530491885578, 157.67610179412034, 156.00602989273628, 146.99729707392768, 137.6441119272194, 145.63801817216708, 148.12316229689242, 162.29159949026368, 162.1805997401043, 154.1416856296539, 131.77038798164364, 145.51796043134755, 155.67879521030005, 157.2432215027393, 154.5817815597125, 115.82687784419177, 152.44366973647413, 162.98476895580592, 165.8673680760289, 164.26990783563747, 160.87863381341148, 158.6318576885953, 155.7926184868196, 155.57713248285802, 161.76797643330443, 161.8390101211122, 157.9265767412433, 152.65835774983472, 150.98907147353316, 154.55885674377862, 159.36390054201132, 150.7200807909569, 139.29177766181118, 141.08919605953596, 151.02503778378895, 152.46292937719969, 145.78876412245958, 135.0327658647209, 144.63396613556884, 139.2668017338712, 149.03478682619146, 153.4375165534835, 151.3583015073824, 145.16791457701305, 143.190112635479, 148.0589456509259, 154.10284933238648, 163.40915163662083, 159.38750649758543, 154.78200362053227, 154.39873422507057, 157.82290878927347, 160.5144556091111, 160.4439517107387, 155.98885001330524, 154.51650173464063, 151.268504475052, 150.85079507215167, 155.84291320578916, 158.65226386398217, 155.94792402416053, 143.68934787501536, 117.91358403746952], "fourier_y": [166.27704534796413, 154.19249365925634, 155.5863715515946, 160.63963107591002, 171.9138134919834, 174.51459698583878, 171.57031580695957, 164.09359847504928, 166.7830701420549, 163.99736811508834, 171.1318950081827, 181.45905687047232, 182.73747108741517, 174.86180715260866, 169.95873080383961, 143.4180701197805, 166.1231080545801, 157.76746592811932, 156.79144173609677, 179.8837505534014, 183.70129030159507, 179.484999948144, 176.67796807658044, 153.70406305034055, 163.90981005073937, 163.8983154189852, 161.09337345222986, 179.6153672181652, 181.72125006506207, 178.79470568281621, 162.64186176368722, 156.63657493846804, 169.81066822643913, 168.3764772843945, 164.83087093529488, 158.4501891109284, 171.05098448058328, 170.63193048194455, 142.17432529725195, 140.62735953095677, 155.59556633826386, 146.70729458271035, 151.91612976081547, 146.06287966947104, 157.35234033573246, 155.82523946073982, 155.23670349210826, 121.82157791056689, 150.84538151233565, 153.00910789079632, 154.52696473086502, 168.16886985406734, 177.09722410209724, 177.4677549118277, 170.45138903462743, 165.05618588647206, 165.24057323842928, 165.78873933180768, 173.8135053130532, 162.09935212179133, 157.457909132056, 147.35985243194577, 155.4922169332424, 124.00054518059372], "src_path": "/Users/hagardolev/Documents/Computer-Science/Third_year/sara_guidance/db_3d_models/db/11/m1148/m1148.off", "name": "m1148"}