{"fourier_z": [110.82527090316853, 151.48835725626094, 139.00576067111214, 151.81909348103352, 161.27100911718654, 164.42860673106597, 173.6544087013496, 143.1163613789501, 129.1900103985895, 150.08358204806785, 148.96489028354367, 142.50991772724018, 157.44177764444908, 158.82384487716647, 175.975024219371, 145.44006515434984, 137.7438889251931, 149.107597846046, 158.02633869959703, 124.6733552290022, 126.115531259243, 147.24510293610524, 170.61145521665097, 145.94000265810368, 138.76648345933427, 153.0419760456591, 160.6521082096324, 115.22369483455981, 148.19135042872958, 124.24514333757928, 154.27331351239542, 143.92279004538057, 133.58569323383318, 151.12951537652532, 154.2771189828545, 129.03718428598788, 158.72278577519643, 127.55431956990108, 146.691816365603, 153.92855896794805, 107.86175054946794, 133.94062775961936, 127.32415415055443, 139.3250022487526, 157.4159751519766, 148.44992986040174, 156.86041512049138, 163.19756007910797, 131.69425137663768, 126.58852076208984, 143.35866225163767, 143.21239842947472, 148.98885170938559, 154.23060396878506, 151.021633437184, 164.73302275693766, 149.8633872440256, 144.0900020111729, 152.03414515857548, 142.68706892279786, 155.54867361349974, 148.10930597192657, 130.46847345288964, 156.98825720784993], "fourier_x": [132.7975166765307, 155.08878107482025, 167.04838950408913, 168.59758380840927, 159.92590431258088, 154.0062934525571, 162.39267781949115, 163.28556554774428, 173.38748766357244, 165.99723983446222, 162.2920987373614, 162.8789355618095, 147.2782930810367, 148.06778261694998, 154.17406541220225, 144.52340177837814, 166.81764402385858, 161.8047583873424, 133.11072730079357, 136.3708909618086, 141.0380017018229, 159.7332002950435, 161.04962965852798, 138.78005107985632, 154.17401972437386, 139.83436882579994, 138.31805706990812, 154.8368054306921, 152.4006227561835, 142.71891615257974, 152.7796708577876, 157.25272188004058, 171.43173141814546, 157.95146555220757, 125.14230061523679, 140.81042943249258, 134.63547023049645, 135.1697753870247, 155.6963557189464, 168.65018913215127, 166.84065685780206, 145.2841792736969, 148.2903827204408, 160.01460743866153, 154.83672009040544, 137.65365430223764, 134.17939281464587, 153.78047836580336, 149.8309116628819, 153.48902656171094, 156.41993108175024, 141.96154125762172, 132.62511732047636, 142.43347597524246, 151.09718717918065, 159.39572368370713, 162.26503872015098, 169.89323431971303, 171.33991075875332, 162.60573007271464, 157.09643466366316, 161.4498940935946, 156.20294390564354, 151.717431049861], "fourier_y": [146.66046028772965, 165.4611301660604, 159.8979284292222, 165.19326330618526, 170.41504367699207, 168.39431477047253, 164.7099002662587, 146.28547928556907, 140.66023156950249, 125.87523214828822, 164.1643327866173, 177.43918651814806, 182.40564399196444, 190.44849351876798, 191.41864120917836, 181.59464680269903, 158.74276417035975, 173.53352291204945, 156.6022386642697, 170.66304390260564, 168.02484250536807, 178.4592483682549, 171.4656125712023, 176.38035688938902, 144.25721888448632, 149.09065496500085, 177.49446021458414, 176.55501953179137, 179.83131673634998, 177.89032975439562, 184.806640367618, 163.26274276988613, 167.5139413074723, 169.84196219117703, 157.11724810097132, 170.68437136311059, 169.1794325082609, 180.9787714293122, 178.10977961770305, 180.94528952294775, 156.6728084001796, 166.47828245067925, 184.53715151770737, 176.88397238849655, 161.0222480314015, 168.84848436641988, 171.30911929962704, 168.87726283338478, 176.95628094820339, 156.53997984060058, 168.8072153535893, 176.00849193901198, 178.33521830915967, 149.19964041095628, 171.47211320048328, 167.19429617688553, 167.42445562884993, 171.7363616248188, 178.40089201867343, 176.70963503671655, 151.56841873684192, 156.65950761528498, 163.7581875153861, 166.03166978415302], "src_path": "/Users/hagardolev/Documents/Computer-Science/Third_year/sara_guidance/db_3d_models/db/11/m1140/m1140.off", "name": "m1140"}