{"fourier_z": [154.7697624498929, 163.8004026178312, 165.5446653849187, 162.25725088781064, 161.6679101853074, 152.03235940429872, 170.4411055659874, 179.37485610198496, 160.29436248384866, 159.25211811472252, 147.65283118727888, 165.3241759593952, 170.96732879897803, 160.65752090606384, 139.7906475372256, 160.77127246170653, 161.989017086336, 155.9728472972013, 138.95178804755065, 138.2214736340885, 132.1763104830292, 156.44523150874508, 165.17888222211087, 158.9792702360854, 119.41979635065749, 134.0154717087825, 164.0978817802034, 173.9647516554528, 172.35656504883633, 159.09963987823684, 162.6227554171271, 169.48651456891412, 154.9926899716371, 158.4799780950198, 158.15488877035, 160.04966562909095, 159.70192710025472, 157.93742701167204, 143.4192292529637, 160.87129175723587, 148.61209154455483, 152.1043795932825, 168.68744063759715, 175.16333589198396, 175.35437886718384, 170.89478177071805, 169.36152597339944, 173.5758639724042, 136.67032224930702, 155.85123480467345, 164.39500696134883, 166.0934706320057, 163.84087943297192, 158.36875939326654, 143.05419686981475, 145.39083972855607, 169.55287095687225, 176.09139693979614, 171.41890399009836, 156.51313537417388, 168.21730608548938, 177.0308377058625, 178.45653562941695, 175.46618838153435], "fourier_x": [143.01402915185054, 171.23103984261587, 157.8221458380285, 162.30521303019503, 159.94522948425094, 179.5442742318116, 186.32056622042018, 171.4168967355276, 162.87588612928803, 172.46920217161687, 164.54077116309375, 170.14231716176351, 157.80390719130492, 172.8422102425405, 186.40410669362535, 177.15330371579472, 165.54888270309877, 162.2933001124272, 152.6303756319803, 168.51822002123467, 163.92967034194686, 171.80350669487729, 180.44611365657158, 168.2468430847591, 167.01824071982628, 155.34458408937718, 120.6730100944408, 161.8745590629007, 152.9857839409102, 167.303412043352, 175.78529170607823, 159.5896404780604, 175.23489287333842, 144.99197258907643, 150.383049776316, 154.51048045657058, 143.81541596434312, 163.00724407247804, 169.32182284312273, 160.03619038320528, 172.8783571863026, 172.86271525905207, 174.0792303888598, 152.39002882743347, 170.79965612007618, 171.906296839573, 162.4732572084023, 156.17479191747947, 171.78221026148125, 164.58612743731803, 169.17233187097295, 152.7596196866071, 178.03175100268047, 181.01958246054852, 167.87240326261877, 127.89114658848305, 176.19822611946068, 166.89199662508472, 170.36421869451516, 164.90285646907208, 178.0701320106614, 178.40133490851272, 169.79225618277655, 156.0637438056249], "fourier_y": [138.55115812556633, 134.44929420687527, 167.67515284706545, 167.7206952911444, 167.8984709507088, 177.36229195274962, 143.58398690954476, 164.3312669774092, 159.71170179363722, 160.05906242706988, 160.20231752903885, 174.841930017774, 175.71588545223733, 148.4446494971167, 170.9964909978757, 155.79455117076475, 133.4569964308545, 166.92540746672705, 177.61178970516553, 170.0876052054103, 155.07551691723518, 157.0946970195376, 166.45680902849475, 170.17993215719122, 151.3156645552889, 173.89227354356112, 175.133286506088, 163.8147175558235, 143.29945376716594, 172.5509806033618, 159.69727168097188, 142.3802390459558, 171.0146214938359, 165.3553499361959, 161.14164754679248, 162.32356956525774, 170.0706480623, 166.43925341343981, 157.59619831481916, 151.6402088356508, 157.28545910973392, 161.89804642056214, 168.01622184195378, 163.47861481002397, 177.206201308468, 166.64202070622653, 121.44432592826556, 173.42895342654484, 161.92450636647297, 169.89850888738408, 165.57858477648054, 143.71671419477406, 161.71608069995062, 168.2580837476075, 147.79924516748883, 166.41721319974891, 164.764854726908, 165.49174277605928, 164.1280758242849, 167.3933132998965, 161.8453915112952, 159.61034546162966, 117.12658740242688, 150.36489121319363], "src_path": "/Users/hagardolev/Documents/Computer-Science/Third_year/sara_guidance/db_3d_models/db/1/m115/m115.off", "name": "m115"}