{"fourier_z": [152.41410173676522, 155.66563433275596, 162.64519702018606, 154.92716333764758, 156.6074744447577, 159.39082689618232, 143.51104411992185, 160.36373637857125, 149.93873263243364, 152.2766804239065, 163.11469524096853, 158.58946335559432, 162.91675437792006, 161.9653505134298, 151.3035711544448, 156.55513785093686, 151.40571947824145, 138.13943394005412, 160.87711978293623, 161.81134966043055, 166.86073731284895, 165.5931214443589, 155.89623296616583, 147.13128798312232, 158.31776655044894, 118.5944085412276, 154.94066273424824, 160.94051713357447, 166.6763607775937, 165.28543595668788, 156.64375737713246, 142.62748158344263, 160.32956719083234, 139.28309312145973, 147.95435629288306, 155.99358736924546, 165.30503367364545, 162.791252734896, 157.89002997472215, 144.6337453728005, 157.18706599891863, 139.1692484930506, 147.25557324545858, 151.94578501328837, 167.11987666782622, 163.64248882203614, 161.53701920970744, 139.9347080948337, 155.48018432604277, 143.9520221947129, 149.75110032482797, 151.9391576081143, 168.7611946647038, 164.75849884473573, 162.63802369674212, 144.0195365382732, 158.68556550002384, 153.4670684742769, 148.27064105863582, 146.76844150648157, 166.9672200016326, 161.1224409480207, 158.38262286155418, 155.6893705031163], "fourier_x": [132.7975166765307, 131.1441664907839, 141.22850783995196, 149.0406911414736, 146.9500620154447, 139.21082244677226, 155.7319619233313, 166.50970941496934, 138.20503855804628, 139.46935041539393, 132.45725553718168, 115.84984681717705, 147.39915917542794, 154.26070265485106, 149.6160685424837, 153.34819789305732, 163.93695572668375, 161.41607778275502, 151.94451172474803, 148.88835011609305, 156.8558706724226, 158.72455690806572, 152.96038558606298, 141.73769690867573, 155.7021520811441, 141.04928090046957, 147.56020190649423, 156.55384042204733, 156.8273222637281, 147.82403633053582, 136.51119749965173, 150.62952822738742, 168.73273089404404, 166.92582625587536, 161.37529768540537, 162.56497992238212, 167.6325261657064, 167.82490059721232, 161.64615649744607, 152.5964719344804, 130.26714858308767, 151.19249101964436, 153.54349813105534, 142.44394979055275, 142.14137376700148, 157.6403141079263, 160.70559137375778, 154.55860128607918, 150.06394913416688, 136.92954844491734, 129.4597515424353, 133.99210038993198, 123.51413005450512, 143.95506628451108, 152.7905217153876, 149.45130657727515, 161.2327254709341, 152.2637166514423, 131.20518997815816, 150.14393686580402, 156.78063021735173, 152.32733036760317, 136.6958452260851, 150.4971512704719], "fourier_y": [149.7434738842748, 157.45566627088925, 152.12473568708126, 158.08578871359228, 154.3159040234137, 146.24289742479596, 158.13436748351842, 158.08080684497196, 152.56857708049307, 142.74264449306418, 148.00787415789617, 160.02163423128817, 147.080133454035, 142.04726150926354, 145.55387380426, 152.07638906326528, 155.15021169803535, 141.37121530431807, 153.20421762592042, 150.4972038430135, 131.33096955223448, 155.2307796789596, 131.87976353028705, 152.59760664989852, 123.19954101125114, 125.83967518945695, 148.78941376571288, 158.86423472093372, 161.88474719094532, 159.20474133483148, 140.7419645174524, 152.28697248593863, 136.6817196491066, 147.189934785953, 164.27011221830296, 164.95002996579447, 153.85962348507195, 133.43625264074444, 146.97448524262174, 141.66195795424844, 140.22124761988775, 149.04151652490663, 166.24662123334952, 162.30921827837264, 148.5028096400216, 142.12938650957963, 154.9313550658295, 165.72040619387263, 162.34439393654415, 161.43196118332637, 164.28490670760257, 161.6118383059263, 168.71359098733626, 167.14092447570482, 167.26770998274205, 172.59921417269223, 174.22688858123846, 168.72173345120981, 165.09818498987153, 153.92861315432225, 162.6649601598163, 168.70689066729201, 171.46128181163607, 176.85468818386977], "src_path": "/Users/hagardolev/Documents/Computer-Science/Third_year/sara_guidance/db_3d_models/db/11/m1161/m1161.off", "name": "m1161"}