{"fourier_z": [110.82527090316847, 147.69171359920225, 135.3640329690136, 142.77294443763904, 135.09870578509327, 140.50744740288184, 146.47333574128692, 120.07788145036777, 110.77487465119407, 148.44643006988647, 135.7208781513254, 144.54740977007322, 137.13626523856334, 138.20221601188922, 147.6694951513532, 122.5042293464646, 112.26796315183938, 148.81462394224866, 135.61945661813002, 145.47254420829552, 138.3670027595811, 136.45396717504866, 149.1994355984969, 135.5130136604898, 117.95208820248038, 148.7457270418678, 134.63539254551304, 145.3062463786904, 138.5076222402981, 135.04473946719224, 150.99154188926286, 143.86694550206667, 126.59420007849086, 148.0966497890233, 132.9177245289332, 144.1046477033155, 137.4992725712224, 134.41210564459686, 152.35874272614492, 148.9748398631903, 135.10461902392314, 146.78035139877414, 131.47763579811271, 142.1524714700808, 135.54778219477328, 135.21828919588376, 153.09935372897118, 152.2779954184145, 141.9940468658516, 144.96962241560797, 131.9874881971288, 139.65051056807334, 133.03363342236526, 136.8014668258777, 153.78548925307558, 154.65694122497425, 147.06888669936123, 143.15950022846363, 134.84864566133484, 136.49971094178122, 130.3576923920713, 137.58915435600915, 154.88418496767932, 156.3646473573959], "fourier_x": [138.55115812556633, 140.31035069957002, 141.35833304138882, 137.82064381127756, 134.54929663369822, 143.6119273157702, 151.4516947671679, 154.0614526543265, 155.66054913468014, 157.00298404141836, 155.91226917749032, 152.4310169580775, 146.861672077935, 142.34002453796793, 144.41591693509218, 148.3106071219224, 142.20440494745318, 147.47473803189854, 145.3997319461506, 137.76084374875194, 139.04579676579084, 148.31772322029346, 152.70489035301333, 152.30473138370348, 135.33470108869085, 117.35812869407964, 114.83426409573171, 132.98668885534036, 137.96947498528814, 136.83738244456097, 132.07371921458585, 129.8340336172816, 151.73727490000525, 144.927941440307, 126.4202973973574, 122.73667656175299, 134.8080963305017, 131.6536523591353, 122.50709020362562, 141.6031582935088, 152.21459105609756, 154.99169535420586, 155.32374559650552, 153.37838581353168, 151.45496272298632, 152.8478028755344, 155.5079549272627, 155.96382893595634, 153.7330967539645, 159.7482763815904, 161.8161313561783, 160.36695993072897, 155.69946158631654, 149.83114212895072, 148.34656626026887, 149.50673841570082, 154.28542235054073, 152.10683866848646, 145.13250937639174, 132.77860478285277, 127.32046887229579, 129.40055121255068, 122.44535019495656, 128.7204359992055], "fourier_y": [146.66046028772962, 142.1876364485468, 150.5539980337469, 149.1616138327841, 160.45108798684055, 147.08102998044865, 156.44657145381893, 150.72928228013845, 160.33336097051853, 164.73275648971065, 155.5949171878755, 154.52516800394275, 171.09376594520543, 156.81057009152812, 154.56872383069248, 136.69198280562492, 152.55495167455993, 154.66212794886755, 123.46337311080515, 151.1256011907706, 162.23176469632557, 137.29511943393362, 151.9821518909203, 149.59242483814808, 159.08413925956816, 170.33845328069714, 167.96384859667415, 156.79232558007715, 162.72746621361975, 147.73058690742397, 143.06191476288183, 132.30957637791604, 153.3575722028737, 154.3259283171003, 151.43386733968998, 115.7673778456133, 145.97634400157725, 159.04822931439023, 144.56276883362884, 151.21332615439047, 155.59177970398403, 133.62785610469848, 151.17869433384354, 156.6857481714245, 159.20662366175, 167.30271213164198, 156.6604987326094, 161.77378568733062, 164.44365981165174, 158.83276003997497, 140.36618676003562, 160.996559221397, 154.99346488301953, 146.61407589418906, 159.50491057735536, 161.53666388783518, 151.36867652141942, 149.6122616807275, 146.76090542426985, 145.0149955914176, 152.05403586428875, 158.233380451921, 155.99992139215834, 149.55723552408529], "src_path": "/Users/hagardolev/Documents/Computer-Science/Third_year/sara_guidance/db_3d_models/db/11/m1166/m1166.off", "name": "m1166"}