{"fourier_z": [163.6064174954737, 162.91992462848728, 163.0307163649127, 155.51145608813962, 129.15748121182628, 169.1655137112127, 150.39096696680343, 158.12850777896298, 164.2247639594532, 161.7444894819809, 162.26285468201775, 159.3867079296292, 145.1112039052756, 168.13084095746493, 148.8353082094198, 159.75786227916413, 165.77181939020747, 159.6534272958076, 160.41036623692108, 163.94167197356091, 153.94229142435503, 166.01372080121558, 146.22094514703036, 161.1907672835328, 167.63611279096807, 156.72951101124485, 157.31660269004828, 167.4989110055827, 158.98930511333, 162.62741108774972, 142.67837312183934, 162.30176543026036, 169.328359006431, 153.19883952486902, 152.55127869600184, 169.8147639493161, 161.7765004573602, 157.58718995229026, 138.74072273783034, 163.10045381246965, 170.57455049585084, 149.67068547664485, 145.22701703047608, 170.9102227866381, 162.8407321779554, 150.79252320401994, 136.273174677038, 163.44961226460228, 171.23748196927573, 147.24001502202466, 134.41435252745802, 170.8048520146463, 162.3657254366824, 145.96356545889597, 137.2119414291111, 163.06644603231223, 171.23712622508913, 146.66412945614266, 131.7608097908668, 169.49754339690898, 160.40310713545716, 150.1095124698511, 140.03027024905018, 161.7091711911695], "fourier_x": [149.74347388427478, 150.73314768761085, 152.9914823263253, 155.16913423676885, 156.17915526619305, 155.25798377978867, 151.7317045880825, 144.91579252644198, 154.33517280983298, 154.9205613123914, 154.35964064461228, 151.8972145998998, 147.08042250646787, 140.74498790198535, 138.04387392212618, 140.61020221436388, 144.57911521007372, 146.6871479243159, 146.83563638698897, 146.7131363691778, 147.2541524733141, 148.52195411640878, 150.4061650988624, 152.63890314652483, 133.86846492921617, 115.23555896407078, 90.37773203274875, 121.1932395096055, 134.68949773584998, 144.02529259856644, 150.03289287598056, 153.10835013688728, 149.74336658033647, 150.31813343211417, 149.9586486797987, 151.01630713562076, 152.44333597007278, 151.97129607740135, 148.18285375717846, 139.5395693010533, 133.84627077689396, 144.1658466435796, 152.38018702500315, 156.01631392685815, 156.73705307685935, 156.10905136910677, 155.94524414502064, 157.18827210093121, 144.233732372366, 143.73377659376752, 140.08075780872085, 133.20055747795982, 124.93909144853882, 122.83795740713883, 130.11531424795425, 139.14967397619773, 140.17695703343438, 151.51078411904064, 156.4057226395976, 157.33110394184428, 155.6171884798705, 153.63788740327584, 154.4761705491657, 156.88738716838148], "fourier_y": [149.74347388427478, 171.3046819230925, 172.84816576630607, 176.80143375496115, 173.69682867268008, 193.11216507308217, 187.5932018189916, 178.0461178545952, 163.24140047245737, 157.3220676338376, 170.14987887343923, 162.48251353565206, 175.16084963813014, 184.43634265425032, 176.80339872598347, 196.9419623461553, 164.53056247008203, 175.16805973046752, 181.4437555981895, 180.85633362204572, 177.54874394101049, 176.3918072485093, 163.9317460202508, 194.67948618979426, 145.0522109168238, 167.5320590249933, 145.43703484605203, 183.4898159382704, 183.38841899067688, 178.8630430954963, 184.0086945729758, 163.03382509888283, 159.42720183185205, 184.26315777066006, 187.56560325546354, 147.95306172273948, 175.10445828647832, 114.81499281041516, 175.68572672404798, 173.63878180480566, 146.70473336789462, 147.01257710410076, 187.1224197063066, 187.11418983736056, 164.11275056019988, 162.08890320953623, 172.70185179438215, 183.45553468241314, 179.39251131350872, 192.189130721864, 150.70197249628646, 178.19261410785006, 172.1059405246601, 147.26879740572943, 157.67948813092727, 186.76988995628633, 175.12451238544384, 186.11493858806534, 186.24515197457544, 180.73402404365754, 158.01702284466953, 160.27502136250004, 180.01935182742875, 154.46891705044646], "src_path": "/Users/hagardolev/Documents/Computer-Science/Third_year/sara_guidance/db_3d_models/db/11/m1164/m1164.off", "name": "m1164"}