{"fourier_z": [132.7975166765307, 149.52219078567174, 141.5690209303183, 151.2393599209845, 121.41088121835489, 160.80029771018272, 140.49077150293388, 114.44462198943121, 139.83933602110528, 153.29463209259143, 148.15016167884426, 153.15377451452687, 113.6235771430067, 162.25320371389876, 142.4711184587668, 118.42266278933577, 146.98274760889285, 156.32726980991865, 152.05201417931065, 151.91945074829417, 126.32624393658978, 162.00756295049004, 145.85319543082716, 138.20357806913714, 150.59224963715286, 157.71016293527288, 153.99963866382467, 146.9606433928968, 138.01934287340214, 160.33055593977087, 148.63549488330926, 145.99781369850712, 152.72828639779087, 156.8367504082423, 153.57128929475124, 136.78285979842724, 146.20546002036144, 157.38573661658864, 150.32976800062653, 149.65187298536688, 154.294495240689, 153.73512581733414, 150.27095936305113, 112.34934829236713, 151.92837895765723, 153.87040042603385, 150.75019662708405, 151.4214139244711, 154.21681980403736, 149.54602441187592, 144.93020114040772, 121.23454536518368, 155.26483865073746, 151.53005148914605, 149.90472537481472, 152.5663456363881, 150.6769431329418, 146.06657575268994, 142.4904094599744, 142.32898735495746, 156.15065578118083, 150.8008592081649, 148.3591352695006, 153.60440532171873], "fourier_x": [110.82527090316862, 114.65846588278382, 119.68352836082417, 120.50671651393606, 116.89937038554976, 115.59291354072053, 123.22186401917156, 132.76335141204368, 141.95169008411804, 120.86155161374424, 140.9930234862294, 151.7494451746941, 151.92310260931652, 159.3886390321166, 165.930206433921, 165.32456511557166, 159.62036258659865, 146.60425400345682, 146.15085797339148, 155.58315581942117, 154.43395399237292, 165.20758627685905, 172.6153103452467, 171.66778433390917, 155.07202495069126, 141.62484634637994, 153.16528054208032, 157.70808934621763, 155.17286973489342, 162.15843542926794, 168.47368287366925, 167.2702568396632, 154.40449147204274, 147.08593594454985, 150.58199955934623, 150.88790240581258, 148.85928450272172, 151.67218857293602, 156.8181157087688, 160.16745493968432, 147.6701746995549, 139.7252550307902, 132.25989164158878, 138.83171273004103, 127.94487277239256, 122.08056142698702, 144.29637497175128, 148.97086018056999, 116.88614086610755, 136.08163651829852, 148.24458260591825, 149.5114830673648, 138.96531126280416, 143.221111739182, 153.86493361899375, 154.73818307210396, 122.39046986158289, 149.88342828948714, 152.73311477607504, 143.95554933605862, 151.3143868906874, 155.7673172543433, 149.34696209092462, 149.75525535624104], "fourier_y": [138.55115812556633, 119.60643972129924, 167.90846677242573, 179.4082401987917, 176.26709700376367, 174.34772229182246, 173.32970632707907, 168.88742193173368, 169.9320636287523, 145.33129474996602, 185.95716177672446, 191.12847782507788, 185.69761854193527, 164.85608376862524, 163.78799804203905, 176.25633958346523, 168.4964585038773, 173.78871992782746, 185.21122947598667, 186.5813559508592, 180.77782443971546, 157.252438323506, 168.07738105705545, 171.41394245714486, 173.64759790540649, 178.47372029501472, 179.34412724616197, 178.82001481073817, 164.36246937449025, 147.88111692084203, 132.48666477383838, 161.76775684579246, 156.40690986405818, 157.8816055542324, 168.3831565292655, 160.51707496134796, 150.81734486766624, 153.14129197955108, 180.56952815371307, 184.82787303794683, 174.7465255272308, 185.15684766086198, 186.56716636546173, 164.34548440578118, 128.85150340260196, 169.75191594300708, 175.24555405647934, 168.56877901614834, 161.96225669154953, 177.4928454448738, 178.95548116897726, 161.31378104801823, 171.7116879443859, 186.26161356202445, 178.97617352998287, 180.70915458776471, 179.4826998052153, 175.22717312771195, 177.52064956746682, 176.02645875654204, 177.82598972039082, 183.4819481800794, 176.7663145000125, 180.90478556174415], "src_path": "/Users/hagardolev/Documents/Computer-Science/Third_year/sara_guidance/db_3d_models/db/11/m1171/m1171.off", "name": "m1171"}