{"fourier_z": [184.09650382576146, 177.03822570448006, 161.97415230332888, 123.3474917447723, 174.74361308456324, 178.47537079196178, 177.4059265454129, 166.50307191026377, 178.45059830947878, 145.76690251095684, 188.12393157201927, 194.44447614202477, 191.77551241655584, 192.45560550308554, 189.68859295167445, 188.5414022353012, 143.4975208604976, 182.88043619153737, 194.6160336931197, 193.4439922187421, 180.85966809525536, 178.4386038495894, 186.38571636691313, 187.35184268243842, 187.39833081442413, 184.0354295356747, 185.66966720927718, 184.78939698018507, 175.14665381057483, 150.35247732393856, 177.93073419822974, 188.07849812850574, 192.78055396694896, 192.4685804465237, 187.48837093560425, 172.39611401820824, 158.48156980113004, 130.35627211184323, 117.73961417787369, 171.78484244027214, 188.5659527839887, 179.32898682603908, 133.69767271792398, 157.36554836850758, 168.6906706978785, 166.96679957581156, 146.03041009306844, 142.37588913809415, 195.7158761331431, 192.28217571714964, 180.65891727884437, 164.87841544153267, 150.76967740721082, 165.0882443424257, 154.08519155853068, 152.60084684682244, 159.58545251387807, 175.73821408938494, 185.8818758725992, 183.30044389319053, 179.87098330303894, 167.94918056984386, 143.168265275632, 145.04054591860756], "fourier_x": [166.27704534796413, 162.80349744391577, 153.634422967712, 144.97544884414947, 139.32068213731347, 120.26932386908932, 129.1877468954507, 140.32895970974187, 165.19242176969382, 161.27940004689088, 151.28039996705496, 145.95556748419142, 147.3568046300541, 144.70340410034478, 146.4348721455279, 147.90633384550634, 162.7586913482025, 158.9293500755198, 150.75708986598588, 153.07252904159796, 156.9572825979073, 154.96470492236253, 152.15677294084867, 149.7271405754636, 161.75739423818865, 159.17640732099363, 154.35489642854986, 158.78978838460807, 161.78500040797775, 158.43374935073365, 152.21627639040003, 146.73575074781309, 163.637951674524, 162.25498751490704, 158.43732966292959, 161.7610744437945, 163.3232254146694, 157.9441969745857, 147.75294018587692, 138.54860579443059, 165.4094787364889, 164.46250664642778, 160.23486401419729, 162.20253662171532, 162.66111263844385, 155.1091471479339, 140.8037629232594, 128.74708255820656, 164.32626246962712, 163.60825198151122, 158.78624806113243, 160.33169024320276, 160.96324982313942, 152.82904331339319, 140.38182692861096, 133.03110248150924, 158.30461930978208, 158.07418072071488, 152.880381053438, 156.41082505079243, 159.6474832140941, 153.74747676006803, 145.03273085837552, 137.8513457868619], "fourier_y": [154.7697624498929, 149.17156707430377, 152.7822062736619, 143.84155953751667, 153.79720475653014, 161.83026567489523, 158.70405740922888, 165.1921545779362, 155.92027950288863, 151.8129941682077, 156.8717952381678, 150.14175997845368, 156.4518109288284, 161.2220877466834, 161.0051711483922, 161.99149392717797, 158.66282094986974, 156.13554247688575, 160.46236321229657, 154.98435111254716, 158.21226005446957, 158.8227005995059, 162.69244314033097, 156.46722915089927, 161.73012918649147, 160.12623389467709, 163.02449439798107, 158.24329181339525, 159.23794606369546, 153.87698631805554, 164.5108608132715, 148.39687344979848, 164.2314329734889, 163.10730401357418, 164.37077154714942, 160.32151436318028, 160.28155642655844, 145.73984301806905, 166.80573842376276, 141.200915895531, 165.68985471846315, 164.98424955667375, 164.5443497986663, 161.96120311736703, 162.2298173787874, 139.8351491702184, 169.18984811254458, 142.05980779391885, 165.84164710804257, 165.9301446801365, 163.90373266450376, 163.9649052939074, 165.06850574152116, 146.53197469656394, 170.96255143428345, 144.00730306202465, 164.51606906442194, 166.3382278437527, 163.27896486020325, 166.5224267791334, 167.86237728106948, 153.24426643151656, 171.562237971622, 140.86689900718588], "src_path": "/Users/hagardolev/Documents/Computer-Science/Third_year/sara_guidance/db_3d_models/db/11/m1172/m1172.off", "name": "m1172"}