{"fourier_z": [149.7434738842748, 147.79737497619888, 142.56047630387832, 139.4295850092205, 143.7714163266958, 147.7675489763277, 148.29560785831438, 146.61500726307753, 143.61448669535855, 158.60134323559015, 164.65588749606206, 166.66919540337454, 165.9085518427218, 162.74175519356714, 157.0286458488904, 148.57348883329718, 124.86121346312711, 149.45819967575628, 161.5004327956154, 165.92796316653096, 165.64422311929337, 160.55008255551255, 150.35357532201937, 155.36898977817913, 118.29879709866889, 146.9378224466418, 156.96554829837885, 161.80338777399837, 163.62904813548516, 163.14872992248473, 160.6195142463579, 156.14492944352145, 126.42044666255234, 159.66240996637654, 169.8370681814504, 174.32314149874082, 175.5304463117369, 174.21026510759253, 170.62305005104608, 164.86171644872516, 135.00881291674673, 155.7090049099511, 164.68059938929264, 169.19099230091416, 171.18302607253196, 171.5798075941548, 171.03136727865888, 169.960258251799, 134.72410605406273, 147.36816390481258, 153.3307820243186, 155.00442482506935, 152.52580910974945, 144.41533006762296, 132.4034858093632, 145.84072853794413, 138.93283391742648, 130.5388308650529, 131.7980299922558, 127.48171491450634, 123.75043794999486, 151.5454507241901, 166.45547984119793, 175.78952377285418], "fourier_x": [158.78317635913592, 149.9881080250065, 154.012378526709, 155.54938768476157, 156.399866698416, 145.07146484038128, 145.1216532322252, 166.81083323521673, 158.53875866681378, 150.80544819069792, 158.6935093688315, 154.9502586425353, 157.98738118719936, 145.67355686750997, 142.52098824589243, 169.15076035042742, 157.83101490746884, 152.43609020899473, 162.93743712611942, 153.57985060905267, 159.90690455045632, 144.8968618287719, 139.76104887457538, 170.91986883679834, 156.75797518483768, 154.68255736985046, 166.50931334179987, 151.27111712631276, 161.80402199080305, 142.71567511691123, 138.78064270036742, 172.16143379761436, 155.54299307300408, 156.97681033145764, 169.33386291331317, 147.9676130260849, 163.44153658030078, 139.12836739224107, 141.36173483207125, 172.91993543150753, 154.55670650438466, 158.88110169602822, 171.41797642700817, 144.38995462237753, 164.6745168336589, 134.2685261825562, 145.7545583469766, 173.22455150470682, 154.17344896431007, 160.20518999543327, 172.8082172305318, 143.5939344348123, 165.41822504589305, 128.7587290810997, 149.72658358236944, 173.08184497183015, 154.4572476404914, 160.92294067400803, 173.57137746351614, 147.97283989351158, 165.62437120729902, 124.3932450310972, 152.52950395358238, 172.47953281320108], "fourier_y": [181.9322321329568, 171.15013361476483, 149.86513677474312, 168.2394339384754, 175.2539940421281, 176.63269707649587, 179.61086024774417, 188.04408735007195, 175.29404063041437, 157.674772219828, 162.19887436605347, 169.3578105291661, 164.7318868238632, 173.1910520035412, 167.99237796104606, 182.6665341726768, 166.57026755704993, 176.8122711561175, 176.066586165455, 155.62179083553806, 144.48551814958603, 166.89149171837778, 150.82135430673853, 162.33710205037994, 159.8541402184282, 172.51165564010455, 183.20203668970592, 181.38538190736557, 167.47455549381866, 164.17157274812482, 170.58003519833557, 168.10700109420964, 170.39377421649687, 160.2013191235381, 177.96781521050565, 178.98103345977052, 172.4192044737343, 138.45621925338202, 174.3176765119128, 181.12626081691383, 182.8730419397516, 172.88884089653368, 132.07164536255067, 165.76858630680957, 177.96258621640112, 171.21144044058622, 173.71084298864278, 184.13834735506617, 177.70932647961257, 166.5452871370388, 177.85746625537652, 184.24733916531036, 182.33054163935947, 171.82015067951528, 169.8585761069262, 177.75429842207313, 172.0062971298753, 168.6397641487294, 171.70926121867015, 180.43989285681835, 181.2261034810935, 158.01945428232412, 177.697910917568, 152.2918964805813], "src_path": "/Users/hagardolev/Documents/Computer-Science/Third_year/sara_guidance/db_3d_models/db/1/m117/m117.off", "name": "m117"}