{"fourier_z": [110.82527090316844, 159.82008097865847, 135.26652253055605, 146.4269854004475, 102.61449205046713, 166.80731111791607, 153.8903881244271, 160.25168730953115, 135.2262290452428, 157.8814439229735, 125.06581123296283, 149.4832860213322, 120.69929630640533, 165.64115676120625, 148.90075525730734, 156.09625620868408, 152.31616015952775, 162.03983814124393, 142.91266097239762, 127.17854724472149, 132.09542148600383, 161.15817300850352, 137.74574399150208, 146.6531096888352, 157.7108902905949, 168.20151281001316, 159.6627553179744, 144.11237199704803, 148.10667939287822, 153.13187794571706, 132.4070949834567, 141.9351754745712, 153.71237374653927, 167.95352216153873, 161.5309692546241, 156.82465116390844, 153.67844037611184, 152.42479020722485, 128.83946235425054, 139.40677171359545, 141.64408550308343, 162.01547306936322, 152.84805632552465, 154.75616958405246, 149.77142400253194, 154.8580028172783, 140.3614358794178, 128.727761425393, 129.93326913691834, 156.46154900088942, 144.82358308543445, 143.05062454287722, 141.6130154260861, 154.74207558039544, 150.74575811010246, 135.89934879063298, 128.53879341826678, 150.11867478061566, 144.49652226903322, 142.63892421153076, 142.74619469671995, 154.30605418157825, 150.76121998003896, 141.67090600907935], "fourier_x": [138.55115812556633, 138.00635782394752, 136.18850842925664, 132.60614585385935, 126.5686011965934, 117.53567378501825, 108.19675968926164, 106.56883490932614, 143.9399466513714, 142.8852940626248, 142.57366090101794, 145.58306474854143, 150.59988966879237, 154.8437150344609, 157.24594844970704, 157.56775147541492, 145.8994364222248, 148.10775139842232, 151.57681770533392, 155.06317984705234, 157.29784538169204, 157.88200644852378, 156.92933875353228, 154.82481489380913, 148.93110591104386, 150.97498417378867, 155.01639617797713, 158.1362386046388, 158.83481010466346, 156.25100213532212, 148.62434705620365, 128.60188563528635, 130.47421233315464, 117.62945082392358, 125.39572311576335, 134.91920250844203, 140.00024961240914, 143.13507187498178, 146.03443975371528, 149.20054308151987, 138.60077061825874, 141.9379491853414, 139.15670869305677, 128.38877485334172, 106.10375381567827, 135.79523904441774, 148.58260424410742, 155.30654175584584, 142.18057054488247, 144.27849299473309, 144.76525833017436, 145.41711866244344, 145.70277172998783, 143.286501420946, 134.35697520187654, 104.28699408420185, 153.1788303114596, 143.8734312084706, 122.90836284958883, 132.49417566610595, 145.94553688807184, 150.50360466635013, 149.47223919060053, 142.1882241186007], "fourier_y": [163.6064174954737, 153.44317151684209, 130.16264828741728, 142.4153934026237, 150.71483942918644, 158.20804088825722, 156.67689131771897, 156.3828701654383, 152.32994597414745, 144.824055645892, 150.84758005251652, 151.56685506385455, 130.25995741646742, 132.8647043525442, 135.58425947648016, 148.85187101335637, 145.93495867177668, 147.1302326454763, 151.38280583859643, 154.6246261905611, 154.3927734893653, 153.0323191909354, 138.47797981040196, 132.37103017831262, 149.314998603873, 120.9304369929606, 152.5480642126188, 156.97984404979746, 138.49217386435222, 146.74502057813567, 135.33437858080222, 140.7747969495787, 119.32187900592294, 117.15803142229203, 153.93120256826208, 158.60422972627083, 137.38871430842673, 146.0578008634535, 139.83833450587863, 137.17873699335303, 152.0346718095857, 155.32928581460678, 141.78394250244597, 124.92113383039151, 141.5909196644041, 152.46280946752435, 148.92572327994873, 114.26988564036704, 121.41367294556895, 127.51204148284316, 143.76856901853202, 143.59932252982114, 131.75416232294288, 137.3112322839395, 110.7677855610789, 136.6796488808127, 147.30421511871444, 140.93146658291548, 148.5530561041334, 150.60884344758344, 131.34465053889016, 142.10780894639709, 135.5280602331427, 142.66015256401408], "src_path": "/Users/hagardolev/Documents/Computer-Science/Third_year/sara_guidance/db_3d_models/db/11/m1174/m1174.off", "name": "m1174"}