{"fourier_z": [146.66046028772962, 138.58799368545345, 135.10254737691892, 131.35441331917144, 136.5292774146157, 156.30953629025765, 161.48642665220285, 166.41194554268043, 148.6538584807177, 153.72634486082032, 151.07472517482893, 150.1667410127251, 136.9156185756611, 153.3313926362264, 159.50799884227976, 164.9607823041525, 150.44659233403112, 157.081300339375, 153.5360198953085, 153.08234464333572, 138.52151693559892, 153.84148510191852, 160.11029403399644, 166.05915924627186, 153.44697409398583, 158.84915819284396, 155.3987594297696, 155.09662843810509, 136.73910938489104, 148.41026100522703, 156.2348870085178, 164.25439503990992, 157.07414069333925, 161.10112503374256, 157.30024690218207, 157.9100185384299, 145.19620543155665, 141.7971002067304, 152.01166483439707, 161.63979428386085, 155.60291200286238, 158.9430078150259, 152.9733735042991, 155.18577090841825, 144.58310255587668, 141.76198750040942, 153.38019853633935, 162.62520035307148, 148.7108766936598, 151.78088696784346, 146.9480123689411, 149.93196217367935, 143.2042287382962, 131.4707557373961, 151.60824974306524, 161.84459472332787, 147.49571778125613, 148.46934825924325, 150.3331485858019, 151.25130031745255, 150.2868315694572, 126.29274114555142, 155.22798578318705, 162.18472039356755], "fourier_x": [124.6882145143674, 126.02288088675708, 126.15470536036378, 119.75067998578054, 112.73836457505892, 130.97992858116064, 141.7524350720319, 146.07652891111385, 140.59478890028433, 137.11993708898342, 124.28363899661521, 104.09809704144386, 127.86078218970866, 134.40301697847383, 135.63714580176207, 138.96935140425248, 146.71362077418382, 141.42581527018422, 136.12966359001987, 130.51277689502888, 121.70373277463116, 130.58226895470622, 143.46814040935482, 150.12853957233347, 137.95583963108967, 145.49165052981695, 147.20314928879102, 143.78112996574853, 133.9760526473519, 120.88569983744605, 133.7519110144208, 143.3658215783038, 138.6379569276445, 144.7725215569228, 148.35661679624482, 148.72852626750827, 144.70953922103917, 133.69508115897042, 125.55615912000177, 139.1958994603286, 124.01288162329098, 139.54032650381757, 143.7285419600691, 140.05446787968435, 131.86359829395693, 139.78604884571263, 148.45397158553507, 150.69775364198364, 125.32639856102497, 124.30937237292159, 114.86221866390099, 113.92664507143898, 123.34526911127212, 128.60206948925688, 132.80317464769914, 135.43743222897672, 103.55013629767362, 131.7804841895172, 143.68510098292407, 146.61560004361314, 143.5245092264065, 135.22050813088512, 131.6283862319646, 138.84520631096555], "fourier_y": [149.74347388427478, 160.39579294029156, 139.4541150301471, 126.8733884289996, 164.9530865920369, 158.697229202619, 173.67463311109742, 179.91813093469068, 147.7421620273844, 158.92566811572337, 144.5893231918139, 156.60406134609252, 160.41919937263134, 153.18518711465597, 177.47190008118267, 180.38004477289022, 147.77544542624648, 144.25770965167953, 159.12024179846438, 165.01913589165247, 159.22003884645295, 163.7151338032973, 177.0515990316543, 179.47888142044485, 125.48999923432858, 146.65968333505404, 161.62013630750647, 164.16134279460954, 169.12275327479423, 176.03555792994837, 174.24315761921372, 172.3872334504286, 144.05909542435452, 161.4975838688173, 167.6651627160415, 169.38308812291123, 172.2374918520487, 179.2716239928156, 174.43327100823336, 168.8135620790859, 150.17058421446765, 170.64385378343417, 171.92371359358137, 175.010508462648, 169.54294193967425, 173.90819265109474, 171.72591652791212, 174.96596272917603, 163.30649823144216, 176.92820248735373, 161.9773177859284, 176.34619841122645, 176.9437314221959, 175.84335702246148, 159.50060658072437, 160.76150947700214, 166.41078704779835, 183.96049298205247, 170.87833388754194, 177.75828754279158, 172.2413813942163, 166.16624836759595, 112.48587962441876, 156.9727498359784], "src_path": "/Users/hagardolev/Documents/Computer-Science/Third_year/sara_guidance/db_3d_models/db/11/m1187/m1187.off", "name": "m1187"}