{"fourier_z": [-542.1249482663754, 146.08335622203126, 149.7937299939129, 157.38452823789999, 147.78189053230375, 158.34834688431772, 164.16897025808706, 165.81493010994012, 146.29222794866627, 156.8371498556453, 146.10659800631896, 149.04289186409335, 136.7008293919322, 159.5438289999002, 161.9516157126442, 163.84050683106165, 157.99024465832358, 162.47952468310004, 138.34059711501476, 137.56553983760793, 130.66891550078358, 160.08923493296982, 158.22017208924618, 160.09822550813152, 162.52754511154134, 165.06092845382344, 129.3990852004506, 144.4781657346184, 142.11770122999616, 159.45997527608594, 153.61797856954973, 155.95298861985472, 163.4690999647304, 165.5850565683409, 131.51689748053792, 150.43289164153143, 148.8648809112584, 157.67605169037074, 149.82896625277093, 152.9455237045912, 162.37678458356882, 164.7972827113772, 140.15801693604087, 150.8556362329996, 152.48313809082077, 155.11274677599235, 148.86268921273364, 150.58055438906302, 160.65603528552947, 163.71379085905613, 147.64572896327945, 148.18115852824423, 155.11676024860336, 152.6317010125366, 150.65901080374462, 146.97247830973632, 159.28217605195204, 163.54868533427288, 153.7620301340647, 145.37952101895394, 157.19465751832485, 151.52625338815716, 153.44396267660773, 140.82006380076626], "fourier_x": [143.0140291518505, 143.52602376249823, 144.9528727377118, 146.87245371743958, 148.5647147560436, 149.26958724626672, 148.35748552115194, 145.32227115375522, 97.06462208652086, 92.19252870127305, 105.0229404069795, 123.35336935442298, 136.00143363481314, 144.54606248692173, 149.8522239969518, 152.26137840509415, 149.60893184495654, 147.4528016221332, 144.6878037763759, 142.5819309320941, 142.84661277585502, 145.81362643273533, 150.1543937991288, 154.30938377457292, 155.3163880436654, 154.56669376541387, 152.08148974717562, 148.0871058203588, 143.90900437460436, 141.37867510995105, 139.69991185607722, 137.24385304943945, 152.50361598287884, 151.83045462764443, 150.38586984857568, 147.6741906429148, 143.16802513041333, 135.91013873170252, 123.16693442942392, 112.05046917890677, 144.76531911196136, 146.00773176617272, 144.10311920265377, 140.30335737199584, 141.02911068482408, 146.4852503751875, 149.81041394968852, 148.97333342115925, 131.6947700254439, 130.43582157630848, 125.77466676648729, 103.07856850883798, 121.86143840032796, 141.77949120076613, 151.15575105481963, 155.5447828892331, 146.74801849547103, 146.5928606519662, 145.44051731205914, 146.74555920659634, 150.5106093743209, 153.32358715790645, 153.5148094929938, 150.50263756841076], "fourier_y": [-554.4787580437996, 149.5265406113107, 142.2401677090876, 164.0168357248474, 147.79764439091633, 175.86485821191246, 184.15132784441533, 168.58038834348693, 113.89410396003184, 142.91144687746913, 137.574807489131, 158.86546786488572, 166.98880963621943, 165.72137361549326, 181.10997717944116, 166.0587125008434, 128.9658196688715, 162.86545181651314, 152.64733034243713, 161.77176970910008, 172.88416431374256, 153.47752603486703, 181.65612495422715, 176.91101787976518, 157.3136578940145, 163.77232467098762, 163.77181706577628, 161.98088737935302, 164.6470962336267, 139.9730949679091, 181.6624895840141, 180.27959638943128, 152.64765638074505, 172.03304833542217, 177.82673554073892, 163.44304910304157, 146.12232294678958, 159.22073652848786, 174.69160944941035, 168.7572352867201, 162.10842066108512, 175.97868938716073, 180.1102826664263, 163.9679964038588, 162.76100598083354, 160.6070921994779, 172.6435627713357, 169.96782687715668, 147.88531698690306, 171.16235770321143, 175.81170563116888, 157.9668975921593, 154.46814832890422, 149.3735598583733, 168.33646301354344, 164.48679258571593, 147.64190869096763, 181.53994304215203, 180.2727649881291, 162.6741391358272, 147.80567614849178, 166.6478335534984, 168.416960380127, 162.03279778277772], "src_path": "/Users/hagardolev/Documents/Computer-Science/Third_year/sara_guidance/db_3d_models/db/11/m1181/m1181.off", "name": "m1181"}