{"fourier_z": [154.7697624498929, 154.53301537957057, 153.78299338967025, 152.42213499131543, 150.35171227981724, 147.55304016830192, 144.1938078813001, 140.70362721796943, 158.8479740391902, 159.40013251443727, 158.87727480543643, 156.96040178368474, 153.6456999900152, 148.55868827883955, 141.79000129944544, 134.7610213126369, 163.72086175015934, 163.92485801112687, 162.8110172491117, 159.85008372500553, 154.97307063031852, 146.7947798963447, 132.69798057570685, 111.3693685185988, 165.02636520612543, 164.86192425205974, 163.17452225033335, 159.27765830519516, 152.9027458715973, 141.38743536834585, 117.98738660390666, 126.63921621940622, 162.4292708952386, 161.8556646284406, 159.3923892178067, 154.21693481609498, 145.61342754282205, 131.6557696052263, 134.0999570949088, 143.24027054472583, 155.6131292532325, 154.38093661072477, 150.33866416368915, 142.40198879778237, 129.18216143323315, 132.45590103194115, 144.5825625659021, 149.49329425535322, 143.45880446125395, 140.87668942366795, 132.0381662620898, 116.01780964210631, 127.2014905002444, 141.86116567810853, 149.0931794710659, 151.13198548255457, 123.1548684300209, 116.84075997509525, 93.145652307206, 125.51557790936755, 138.67161340103218, 146.2482822109089, 150.15422560374898, 150.39466820837265], "fourier_x": [146.66046028772962, 145.17013806344738, 142.38908656309934, 145.75389704697278, 154.28210799509588, 160.90164226147525, 164.3037766122036, 164.46182742509492, 147.34739892545673, 146.47493362078868, 140.8503344982719, 121.60201876081403, 126.34634002307612, 148.28277350173738, 157.37150604437994, 161.03075204336602, 154.343565529671, 152.1658569767096, 148.89140110774508, 143.42888920820147, 130.75128724467595, 118.39916977888544, 144.68205717449172, 155.74951452236283, 155.3006782760893, 154.34372573158234, 151.0565958015262, 146.2303468285465, 139.19942507748775, 123.76441520853848, 126.13405246320382, 146.3965176762138, 153.6293195066156, 155.61861601450875, 153.18840485008764, 146.72120143594188, 137.47650088081113, 132.78607342839908, 132.60759315183455, 127.25886979955943, 151.43905889776198, 156.99896095740024, 157.32394927768348, 153.89345796474646, 148.87428248981126, 148.22077007934212, 151.68168970548982, 153.5862573884524, 115.42432041299465, 114.39538554176629, 124.21433336357723, 120.29132908037835, 124.20351393391384, 138.70137888878384, 147.29847176993903, 151.41769412462486, 140.20258754399856, 132.78976816189237, 135.18569193638194, 139.20546198289753, 138.82764898534288, 132.64856560859545, 115.64087719673223, 119.69961071436593], "fourier_y": [149.74347388427478, 146.0854556764164, 158.00351562080445, 169.18651865946111, 171.19068106132534, 166.31126412818585, 161.01914981848142, 160.74287859371228, 154.29173573965903, 153.14788636326932, 169.9588098715741, 174.7652582665819, 172.7896224296635, 167.751731447262, 163.40068982179528, 150.69678274485372, 143.26967485059984, 155.49144750725526, 169.81394920305968, 171.6241094630627, 168.94993356946568, 168.3424323967877, 166.7144754594517, 152.03175391058653, 133.85751607190278, 159.48198188077794, 162.96796278477524, 160.1135374996559, 163.1518918557775, 167.2472503645662, 165.22936021018054, 148.69670942734712, 154.55502686743964, 165.39920071909273, 168.25044831037167, 171.9103637052974, 174.56474641427693, 170.71320710103703, 157.67204859413755, 129.32257287574475, 119.49902037366611, 144.07359901734924, 155.00070505783077, 168.78515495329356, 174.23397381372016, 170.70402394964225, 157.49200638220634, 132.59821281955152, 157.01538223728252, 151.46522751876483, 161.9412659881806, 169.91304292764622, 170.97655279089312, 164.5091294487779, 151.26652654076815, 144.85039568160613, 157.37593906093346, 151.8675148333167, 167.73812404847288, 172.64726884260807, 169.85362647463845, 161.82710257995961, 156.60041019227518, 148.4684551220699], "src_path": "/Users/hagardolev/Documents/Computer-Science/Third_year/sara_guidance/db_3d_models/db/11/m1185/m1185.off", "name": "m1185"}