{"fourier_z": [132.7975166765307, 157.9140558478975, 165.12348306765614, 152.72602337061664, 153.94649540168163, 160.77725517448408, 157.9331444034673, 159.71434836205876, 137.31764116568112, 152.51539272043706, 158.72679909422348, 135.75176657170275, 143.1558382317954, 154.01361648039634, 154.83720688455722, 157.35000893232353, 145.2876083399926, 141.98548046571833, 145.72230927529742, 138.85589573278108, 144.94914814420414, 143.57012020094498, 149.73720322427508, 150.53709841350695, 152.62401585100292, 124.56236573924753, 128.8332002187619, 154.13527954746198, 154.16554932854748, 143.5965306706456, 147.03066219806624, 135.38846747921946, 158.709810394416, 142.75916278347623, 151.52301542517625, 162.11654339318162, 160.819934645678, 156.99033682571215, 154.77684354157736, 144.13973917939452, 163.3843820284079, 155.1792031602128, 162.16835725958632, 166.0218177392655, 164.5822135229518, 165.161648809877, 161.9080076614462, 156.8283415548918, 166.4247711178155, 161.7611932273217, 167.51440784158692, 167.04977731928477, 166.14918451283597, 169.5687721443643, 165.98827329308273, 163.52443540329577, 167.47716498338303, 164.83488901643227, 169.71859724978574, 165.3403258009326, 165.6015073634538, 170.99280241079225, 167.14567895405088, 166.49957490038395], "fourier_x": [143.01402915185054, 141.37307809422504, 138.60992096057802, 140.3883486086844, 144.7228015358625, 146.89042536428937, 145.98734360874658, 142.1933024532385, 154.11682226499624, 158.47305163080432, 160.84546809349035, 162.3979701555363, 163.68987577036114, 164.49908247472354, 164.30219911704194, 162.77073711595028, 151.74280338782725, 154.52936031093165, 154.7018438223955, 152.85210687903395, 150.50403329000196, 149.12277894339726, 147.5031590924437, 142.6636452690133, 152.51234214685385, 154.73545746206017, 155.3920922437389, 153.63037323102714, 149.68504856591923, 145.8562015075486, 144.66261425142196, 143.1672909164758, 138.6808788995427, 142.0844687924961, 146.9331016886941, 150.38977672797864, 151.85691602505483, 152.41639589187045, 153.15693196161945, 153.57114070218665, 143.06570324166987, 136.60087983239816, 124.59757952690927, 128.60731838172092, 134.84766348372042, 135.48119482308, 136.59494179012108, 141.75373585104236, 153.89167120744244, 153.78249796340532, 148.6838857997944, 137.31594667390277, 112.85419586221417, 102.15118208551206, 110.04734855414591, 105.14345824123873, 153.01165875110195, 154.97041356161003, 152.9736214803207, 146.6752080554766, 134.3124627928102, 106.91956008386363, 118.29528616296537, 130.64738162288512], "fourier_y": [152.41410173676525, 155.35705817067185, 145.93093432049062, 161.1444706016239, 152.2397715694701, 157.4175454211295, 164.6369444977627, 164.9361937590859, 140.65126904475173, 153.37160074493414, 163.18672371805195, 175.45839393310771, 164.77171958005712, 165.670872291033, 178.94415885708776, 167.6715627900315, 160.25439456615607, 163.20470975056634, 149.48164135578713, 177.33445487181018, 177.20158174336223, 156.85346364858705, 170.71217731807712, 159.62111538209393, 171.97861645829153, 167.92483371357383, 169.00422698362408, 172.57514703178882, 179.3967454759582, 175.33457284480423, 169.92365996354354, 157.6642511895615, 177.34208234293527, 159.64471709892132, 176.9663153441277, 164.8042999887912, 169.78862373185694, 169.47350640057917, 151.9445050022348, 132.67884652827794, 157.49201726567773, 179.80888475281702, 184.71877611617026, 167.80506021537988, 153.12582900692672, 159.47092838201752, 136.07961374424417, 132.1288840266619, 133.57612598032122, 168.08272421546258, 163.44672330281557, 164.23863199194147, 172.25294394671636, 153.95664412410613, 150.02770144311197, 155.709258376708, 156.3002521483548, 170.99266895459922, 173.39688940017467, 175.57206435605173, 167.17784508703824, 152.28131727009415, 172.72143261709328, 161.48913165799007], "src_path": "/Users/hagardolev/Documents/Computer-Science/Third_year/sara_guidance/db_3d_models/db/11/m1184/m1184.off", "name": "m1184"}