{"fourier_z": [163.6064174954737, 159.84307810080514, 154.649993702432, 153.9309816981221, 144.48596877950214, 121.04861056527584, 131.44642900600326, 132.58048487833275, 163.00634446356082, 159.585921728444, 154.38775321943356, 152.0998704635863, 137.8680190666215, 127.54553409537135, 140.8904397035055, 140.89158476030374, 161.14788641631378, 158.35261282371366, 153.88501864089324, 149.8818711685239, 130.5447040813313, 142.5198116568109, 149.8670414597463, 149.06513331029407, 157.848826525832, 155.9680135723321, 152.87162825847506, 147.57172928814927, 132.48835499766233, 150.79516976074694, 155.99337155328666, 155.34636866448733, 152.7852940664493, 152.18382242817847, 151.01708720042294, 145.1507802777866, 138.6133893438451, 155.4963470314336, 159.84720013274716, 159.58205752485802, 145.54539305098925, 146.7385331637093, 148.1881163179486, 142.2665328734016, 141.93372342016085, 157.8764610269697, 161.92123709651614, 161.90702226094112, 136.54697297738377, 139.42631994882734, 144.6495084558221, 138.70506750965322, 141.71420297561357, 158.0628160558428, 162.17623268320034, 162.40446918782314, 131.488294305541, 130.29816662381032, 141.1715884024104, 135.30669725331322, 137.45574971304904, 155.6519647079929, 160.2054304784734, 161.03976064511127], "fourier_x": [154.7697624498929, 153.32965226909894, 149.0023191397565, 143.15345548997163, 142.91657251127037, 148.61516044362565, 153.01025266135142, 154.85683992820523, 151.08865917766764, 154.6131478646623, 155.59225513763465, 153.56564337821726, 147.82757159791788, 138.0320616548952, 134.19181592154308, 141.68762473546556, 147.61077913878597, 152.26996089248922, 156.87196218491474, 158.94138517749136, 157.70378899482648, 152.32809329727596, 140.2328108186701, 109.54469482613086, 141.46770070583256, 136.882626963108, 144.23617804502763, 150.5819160185854, 152.21958442916184, 148.88338428991446, 138.15574580536608, 94.6645148765176, 115.5922310268765, 135.1724480492444, 141.5622063700924, 140.92456113322086, 131.0253773824534, 97.18544284086862, 138.0682329906941, 149.46193282040576, 148.37063919185306, 151.5546706424193, 153.14755074179618, 151.90887995347467, 146.1110263667998, 135.65547612318048, 142.51388254046293, 153.1677593569024, 144.60024234253774, 139.9609342094372, 125.42404545558739, 94.43690074985744, 128.1425348656708, 137.1148048603974, 142.61793684421906, 147.45368314983548, 152.370757281032, 152.51902876205537, 148.1065477680289, 136.7281026016644, 102.04255862426345, 131.91446850695124, 143.0676374766415, 146.01099072270128], "fourier_y": [164.98627492521274, 148.4911436547517, 152.15859617298608, 163.3269367583879, 179.65618147099661, 141.37673894171127, 183.19362960147745, 174.37226269311276, 163.10675727736967, 147.85522943652683, 161.70745705063584, 161.81443305118066, 177.6538607831586, 154.57439389961957, 184.44231813469372, 175.09710031336766, 163.7709724432976, 166.59696380506588, 159.88647277650702, 172.141325866025, 177.53927283032297, 154.79364947873597, 182.44406205875634, 177.22867852051309, 149.11242966778428, 178.44688955454052, 170.026457495036, 170.37379976303203, 167.27661904757758, 172.87182596968537, 181.9855213625126, 172.1611402390384, 148.73323522578107, 180.5142376468515, 172.3531029488153, 167.09618838272192, 152.29714439612786, 171.24915445750887, 170.95825337184186, 160.87020917163844, 155.58023349162409, 177.7334205270105, 179.47379751449827, 167.51064894768464, 159.86353830445194, 167.00418201184135, 163.47983722319094, 181.2711414002115, 157.72453128257735, 173.13611394416853, 186.55107203841072, 173.01812377029302, 171.8286424797785, 174.88973398722564, 173.15319380816408, 185.98726976226084, 149.45792928817593, 170.17834370417944, 187.78343449858374, 173.31477162090678, 172.84092111113554, 159.55520475351997, 169.01946490123032, 184.22533160116558], "src_path": "/Users/hagardolev/Documents/Computer-Science/Third_year/sara_guidance/db_3d_models/db/11/m1197/m1197.off", "name": "m1197"}