{"fourier_z": [154.76976244989294, 153.66419197217337, 150.0881047271436, 143.29729244855486, 132.16755137688665, 119.92666497332604, 129.88314245437053, 143.4723767751596, 138.83551769418864, 140.23748583069374, 139.5993200853674, 135.8244395649245, 129.14420680982437, 118.27554091816289, 114.59662429881388, 137.8873781984337, 154.63371707134309, 148.98655636640945, 147.8706553524863, 152.8527732899395, 157.53147401288712, 159.76725030074223, 159.5687509755189, 158.09247538479508, 162.0062704790301, 156.1667777966726, 147.6338827340476, 144.06450383866206, 150.3830437309798, 156.00850160289104, 158.4657833928808, 157.8466719798506, 157.7051203905182, 146.0916290062372, 125.28168223292072, 139.7165242888291, 149.35008754019847, 154.50955120544415, 157.91037817613622, 159.39891329183902, 142.0446491355113, 136.22558259922008, 130.03657625786073, 134.4474877722656, 149.52359907758358, 159.46210707363662, 164.47410092915842, 165.16540285007164, 151.57795029036345, 145.98024012990453, 129.93288696063414, 140.9675826594275, 157.58470774718432, 165.38647843642266, 168.35536285938338, 167.8299170568095, 152.8760731119349, 152.52233900368836, 142.85595268553732, 108.40956272386335, 145.81050107926276, 155.27957384169162, 155.33237069218583, 145.02484868493136], "fourier_x": [152.41410173676525, 171.47956448362407, 143.0903543069657, 150.09107645120832, 163.90838260796286, 149.79185040552318, 151.11348203737742, 129.569398216729, 155.87960293589373, 174.16241421983864, 134.57770231385018, 151.9272440934315, 164.83033444228883, 136.05233670607257, 153.94386913137802, 133.3608089500025, 161.0733226231233, 174.487859787036, 150.79976581954236, 154.7648360399063, 163.21157558085676, 124.19738345612379, 157.35474428272005, 139.75391603936464, 164.13979654839954, 172.48793018990168, 160.78560364092607, 154.973482840452, 158.46422531975816, 143.3355471098019, 160.3701449435641, 144.59885368191357, 164.56614225164788, 167.6647823558115, 165.96976129786512, 151.4109478967995, 149.78048453981916, 152.80910568870817, 162.37451876088357, 147.02906458026234, 162.2661880937247, 158.37899614826873, 168.15802699880646, 142.63333593430664, 142.52684481123433, 157.45414396511688, 163.1501143108791, 147.06489804877023, 157.33758203698636, 137.8533250073127, 168.09785007120198, 130.29453367200597, 150.11103215768048, 159.14445790932797, 162.67126494023958, 144.7422887769379, 152.6860568571778, 137.24218330365335, 166.0938730741504, 139.63789953099433, 157.36587558580987, 158.47195142356742, 160.99816551724442, 139.98226512941497], "fourier_y": [143.01402915185054, 157.77291568185237, 132.34870171410904, 170.30959797043965, 177.40585412511237, 187.46147556443083, 171.646274399186, 189.59058305219114, 138.4696012346509, 175.4284459680757, 164.0983783735403, 187.07275314340168, 167.82397141429624, 179.7844590455398, 167.44714854800156, 185.10365223320076, 171.55603070073784, 164.18922566043517, 160.00989431345232, 160.68863784803807, 136.24691187687145, 162.04122123584523, 167.07146554466877, 179.07718914371964, 169.83387630585986, 187.65400018860117, 157.23443070247524, 157.1296411360036, 182.33996413222565, 178.09614305812562, 183.54384221309573, 167.85195373322622, 138.90474405081224, 174.21847930312805, 167.86997141862327, 169.94597187937146, 177.22913430719987, 170.26691118119845, 136.82521200619215, 164.25173643986003, 142.78067061947326, 163.82543155930435, 173.696380182969, 173.25749855668482, 188.0216375192889, 138.414498268879, 186.1592454633406, 136.4737858305649, 167.48375509891363, 157.9341875221954, 177.78188832205035, 150.9871492501455, 185.3789723790931, 163.67763474087536, 172.19439788933673, 138.300233173499, 173.76963041646448, 169.5314479907487, 162.07324084395134, 163.16183255941297, 178.9126083996797, 169.66610088789807, 164.51255025455666, 175.7024065460913], "src_path": "/Users/hagardolev/Documents/Computer-Science/Third_year/sara_guidance/db_3d_models/db/1/m119/m119.off", "name": "m119"}