{"fourier_z": [168.63270606109182, 135.18665115346863, 155.68529055253694, 138.581738747051, 150.23582972422267, 145.59797446337546, 149.8926398574725, 152.48088551325858, 167.84148250927944, 127.21147919481871, 149.05575714130907, 143.79279834306945, 151.3561079502855, 143.7093012429085, 151.9242899451767, 147.32177909159967, 165.5735053901836, 133.58975233709248, 135.53463852163026, 150.2118853444148, 149.4971655471535, 142.19973538865838, 152.05808467192531, 140.19916267613718, 162.32412002264346, 142.93172141796578, 83.32294940346324, 155.3793169391027, 144.942702774628, 144.39876603224894, 152.0702868591634, 132.53933784425942, 159.3847556037492, 147.97884541813377, 131.26999250320372, 158.4699743152915, 142.2907269777841, 147.96001489700353, 153.8619192434801, 127.28413884038595, 158.24037507789325, 149.34110343289748, 140.85777296786276, 159.2821706580605, 147.62791926328123, 149.6925037221563, 156.83990552691992, 123.1924226387714, 158.39758645983554, 147.22598713125547, 142.6137001175155, 157.67949561168777, 153.91514669036076, 148.52669070573742, 158.99672149106755, 118.321185449231, 157.94458014788003, 141.0495013404054, 139.96459969222272, 153.52664667532383, 157.4262311590394, 143.87609637981916, 159.1214480886125, 122.85201655798134], "fourier_x": [110.82527090316846, 124.23327053473672, 135.85392913308385, 142.29327681036918, 146.78670536012072, 150.30664132673957, 151.3224136879793, 150.17269055513367, 117.77902808728322, 119.91770637263505, 138.59339712158254, 145.34936381455563, 149.28084311634177, 151.8835961335167, 150.90310270894787, 145.43210235024924, 139.1109907966727, 124.22317402524449, 89.67927788916084, 120.41684968491111, 130.18270974024517, 137.1800445395981, 141.9914331854482, 147.79167432849806, 134.9421615043483, 121.25151839907275, 136.55288789307224, 141.8892718661471, 145.46120547294947, 146.4477195447771, 138.1993304115404, 91.03305920123611, 137.38256920972003, 111.83251314517335, 115.15981375239286, 125.69862107394187, 134.42730459279977, 139.14070677796883, 132.719615446396, 83.45800004868664, 136.54438742763128, 129.29748238168776, 135.16611567424306, 136.31973658145625, 141.27270523371305, 142.84056716123357, 135.23618787010932, 136.76940907199756, 153.02619140399452, 153.09930540685198, 152.8461234240876, 150.4032274880508, 152.10704864304114, 153.2705571466689, 151.0948812439567, 154.2362888996064, 120.51034284088448, 115.98630520032324, 128.39774440175236, 138.56430716823556, 143.05929379426084, 144.3123098200655, 148.4689767918791, 152.85376941608874], "fourier_y": [110.82527090316856, 134.59982209417666, 113.8592102600555, 144.47870726405216, 135.4694132352831, 152.5388510076284, 118.01024952102593, 136.05431943168963, 192.75376155299014, 192.34676717323356, 191.95210543811334, 189.34592175759494, 177.0990075621811, 164.24989296690555, 144.94836386459068, 143.6865354578113, 189.57157583890964, 190.9460032118656, 191.32604833236232, 188.3823920050363, 180.96937254698184, 174.45756226495809, 173.49398770843806, 143.35071029861646, 139.4282276128262, 174.85859982073904, 182.51681826728017, 184.67947678219468, 190.85514751493258, 189.30067151135464, 185.13235773129963, 164.51574693996923, 179.5319312877102, 177.17728591613337, 181.242581956196, 183.0516294829314, 189.66778696539893, 185.67901896791705, 177.93894764247244, 171.31130290857828, 161.26683381041258, 162.6051860105428, 175.95888714215795, 179.78643108628145, 182.3157818870179, 181.20290975915466, 179.72214916049415, 186.48967091080053, 150.54896126660702, 174.22177961139323, 178.2645440681801, 181.30758481770818, 181.63127925848852, 186.6451340838668, 185.52217449217898, 187.66301608214403, 123.6160279034418, 166.00004385800148, 160.07481782741664, 169.64778370339593, 175.27194502345742, 184.18439709480626, 184.97789806485605, 184.24078452960575], "src_path": "/Users/hagardolev/Documents/Computer-Science/Third_year/sara_guidance/db_3d_models/db/11/m1199/m1199.off", "name": "m1199"}