{"fourier_z": [143.01402915185056, 135.02544551007114, 146.61054464940207, 139.95649700609582, 158.53918543733965, 142.33975230588754, 126.73838989742039, 121.31692892445449, 142.44815745754158, 136.4699980737384, 149.75225308188237, 145.71190950896332, 160.25353616539437, 149.75790473054187, 139.79264053245163, 109.60285884888692, 140.7074178161667, 136.14938742764207, 151.42329895992498, 148.95291751374532, 160.51399636109537, 153.78117461793562, 147.03910335978276, 129.64304953516483, 137.64788225961075, 133.52822613676017, 151.71104435114208, 150.38871560813314, 159.36892768993988, 155.72205486089229, 151.32928939208827, 140.64853921526495, 132.9725247174343, 127.33686901595846, 150.62115132477356, 150.42276042044483, 156.7369344591534, 156.13011226897268, 153.6704295408986, 146.887455647853, 126.12059398874032, 112.80196023208056, 148.11166969230038, 149.3081176783932, 152.3659287730225, 155.29074506795664, 154.49577676930724, 150.35315840351228, 116.2874674537595, 93.74203645072865, 144.2639086475587, 147.23624805148353, 145.70299759238088, 153.387552510224, 154.01500539460696, 151.77547871570826, 106.757502679433, 124.83018972109096, 140.05478661178182, 144.3814310648331, 135.66557786541057, 150.5853280920198, 152.35785465695903, 151.4656727375077], "fourier_x": [138.55115812556633, 138.71306022681526, 139.08959441881257, 139.67069537394204, 141.02368118953936, 143.91511542683799, 148.08184223926844, 152.3743215721451, 137.46156581804274, 124.6134233127338, 111.38782095113079, 123.95962327647445, 131.15823530507788, 133.12799402414052, 131.7127829992887, 128.62028240922976, 120.15986710779154, 121.36875976432718, 131.5584818584799, 137.1789004140612, 139.3843895001931, 139.45607652183497, 139.1825955749675, 141.15259838421696, 146.68596189563607, 141.66945865680526, 139.7011215107558, 142.9493747423989, 147.19573581672097, 150.23116873361428, 152.10105850246396, 153.44848471134287, 124.65107711990805, 87.0313724410853, 126.84448335298933, 137.63949836392163, 142.50587384240848, 144.24374866704733, 143.68027641857114, 141.08363274115507, 142.97282025824393, 142.77688660787453, 146.5174986497462, 150.5551979137308, 152.9325919163959, 153.19541922714245, 151.08919623406132, 146.02284519285323, 122.28383189174662, 114.72647962287495, 111.65547027616245, 118.38711900295331, 125.9935838178123, 131.57644255344658, 135.5121670817468, 138.29908128703832, 143.46183754329684, 139.52140460161044, 131.95855472171073, 118.88189916370231, 107.60542765150993, 118.7349376651104, 125.29868561509048, 127.59244380547558], "fourier_y": [138.55115812556636, 152.20767917753798, 152.07287449821592, 157.7559282846789, 161.02198455936605, 140.32598559125188, 162.026937399479, 148.90993331554998, 128.62444556186117, 144.2415513755318, 128.29111001453302, 157.03475712708692, 161.21966118424706, 159.3161268995612, 165.2266128846839, 163.94873058991394, 146.82343201632844, 136.45788712732838, 154.59533352854498, 146.22052236561677, 165.82775625573873, 148.4047491625979, 155.04135471083958, 150.66589487552977, 122.53409776355299, 128.53252073755522, 114.24936836685895, 150.42465756137355, 144.65955036158394, 148.56721837586355, 132.70630568674812, 149.0478068933611, 156.64237266060903, 150.38454326164975, 152.72048492291066, 133.69257620065747, 155.04072385323323, 134.23324191248008, 147.71257910225054, 140.84650784509697, 151.26586587644766, 148.07625006430032, 152.43289897565032, 127.51051569616278, 153.09463101134793, 133.9838561787926, 134.33008711006798, 142.72650500394843, 145.0467063127979, 151.09132350672218, 143.59833229423262, 160.44124670860728, 134.34761923762065, 159.62840541207626, 150.87735175360407, 155.86572414387183, 101.5491733575106, 133.30666718821388, 121.56603618242734, 154.96744804106785, 155.30617492635417, 138.59902263457604, 158.9275545233771, 150.59887753854622], "src_path": "/Users/hagardolev/Documents/Computer-Science/Third_year/sara_guidance/db_3d_models/db/11/m1192/m1192.off", "name": "m1192"}