{"fourier_z": [110.82527090316839, 148.45767704143424, 162.20253107019477, 142.77837317809315, 171.4424967028395, 146.56141960114144, 146.6328017631417, 173.70856497164456, 159.25977192848836, 154.27282461452316, 166.12686373587775, 146.27563043037063, 162.62427391304158, 105.45469774979183, 148.3511574844267, 169.96649675483948, 166.73739731679646, 168.18380115098194, 167.62180154939955, 153.66833120594205, 154.96390939028333, 153.8585178145375, 169.4412344011444, 167.08990316136396, 163.97594070478442, 172.94634641595434, 167.14989119486435, 146.93271756155931, 165.19579160618463, 170.16303778292757, 176.55691978127905, 173.01527004822873, 157.05776068177883, 171.27006840678206, 164.93818916823074, 144.5179831717641, 169.4194209527694, 177.72099838039068, 179.0203363613226, 177.31612284134928, 156.12914704890596, 169.5311586216405, 159.02528778348375, 158.80298429210063, 168.62531316165644, 179.64650521768604, 179.4487444203317, 176.91170557779716, 159.44293317172094, 173.76606610564136, 158.9199815226089, 161.75153074264279, 166.63625461563353, 177.10914244975956, 178.32054383096278, 172.56755594101372, 164.8812368565963, 176.5907899793555, 166.78190299152615, 156.0564305899975, 164.95908798716965, 171.2621012291905, 175.2931759136937, 165.6978117286979], "fourier_x": [189.06573101173143, 194.47210449497294, 198.15580722768067, 197.18760514847793, 192.05702986220274, 177.0827090204395, 158.2356352170842, 173.26532208502667, 191.89018198739038, 186.49187877579095, 184.0792306044818, 178.9547618193531, 171.88070596110893, 172.30544026381614, 186.25613317475043, 186.61046748736962, 182.9203108102268, 160.9617306816153, 159.4462445298245, 174.86411933040682, 173.1189002112664, 171.9180099225791, 180.89824540013336, 178.82584901998783, 175.02055130700026, 165.24331492014863, 184.8290065069479, 192.85019304791365, 189.33090483495928, 166.87325997454815, 180.2216633858953, 187.5894667933747, 175.7356931668156, 158.87031563193688, 180.29255046077336, 175.92980782853522, 156.10326869395723, 167.92640125699646, 186.1981692934974, 194.32355419004017, 178.03713353452977, 165.3864577882767, 156.8049822670485, 170.3350417883819, 184.1694054099844, 191.8500908603387, 195.90138712230436, 200.39261691778057, 147.06708585215347, 152.17310074939715, 170.36466603029865, 185.35946257323667, 194.2949085694537, 192.93211449575978, 185.70265204726812, 185.39326331562305, 182.43425061275548, 176.36448679332008, 155.60424667651603, 174.61256636973684, 193.86798914500633, 194.79469249643446, 187.0695011692192, 174.5934601785039], "fourier_y": [138.5511581255664, 168.12972523446473, 167.5019934539456, 169.71344164991712, 179.19365090938584, 163.58673394593455, 169.3477658350849, 163.86250887150211, 165.91992037970397, 164.6169882100455, 151.9579376787455, 168.46644657813258, 145.42873677130302, 168.36611875579285, 158.48069966696505, 152.4249375224626, 169.8971813695561, 153.88706813886273, 158.84213775809818, 161.54038912408737, 174.15154729077403, 171.7756258380503, 177.16848294109167, 154.51491271901955, 163.9017614522728, 164.19745831273477, 165.1651853425239, 159.71665252469836, 158.89756666107604, 153.87044907166518, 173.2457662329598, 165.91932138427313, 156.6715921442113, 156.7290483449468, 169.2658408931435, 173.5850194879731, 155.40227684063052, 168.47582635038282, 172.90144772347358, 167.24826366539799, 145.0720080097465, 156.80683406516857, 169.0940332606365, 163.53998038229037, 141.95986915985236, 169.35098773756903, 172.8659257428616, 168.35982331001514, 147.978979894806, 167.37082851937654, 161.4639366847871, 168.85381199129642, 173.49663330615437, 147.56325203213393, 181.9830623470061, 178.8495828690134, 166.2068678293669, 156.62235324712333, 161.4267336954086, 168.35354018809693, 172.38160430354154, 155.07764341923252, 179.6485635255094, 164.7857243414319], "src_path": "/Users/hagardolev/Documents/Computer-Science/Third_year/sara_guidance/db_3d_models/db/0/m12/m12.off", "name": "m12"}