{"fourier_z": [174.38634751012742, 160.3048850934776, 152.68494651816658, 152.1211267240645, 156.85300337804102, 125.4874067105279, 148.32172568648008, 161.67449887926054, 173.26217752420547, 159.23345590437987, 125.26252608566313, 144.12158659776216, 154.2186068471542, 143.95620499972603, 142.9239925143807, 158.14995511842972, 169.43098004535267, 160.34989018598847, 147.30310181237712, 149.28130662309204, 143.85201545290346, 157.90195304399217, 154.2949677634677, 151.9805856048057, 161.11336535700372, 160.58989005220462, 157.11550139543488, 158.89167236281835, 96.25332759360406, 163.7571308323199, 161.45580489625942, 145.4030898781103, 144.87386193137394, 158.55468375594495, 159.22746641097356, 165.15397791698663, 140.77712707414912, 165.68519014895725, 164.3725686501145, 139.98367191879845, 153.2950599534055, 155.81989553792536, 156.41898692283846, 168.35514453882112, 152.23810052293368, 164.26547789243347, 164.15923940895286, 140.97975707174368, 165.94362054187215, 156.16668997674822, 149.02134482071008, 169.0794971567263, 155.5496556223647, 159.01836520137172, 160.88718588524176, 143.70108164106279, 171.13942293164035, 158.46233627595717, 133.88950507381304, 166.8051589664397, 153.04551482721797, 149.41468818951247, 155.09151511680042, 148.01126607646745], "fourier_x": [110.82527090316859, 132.68482664324512, 139.95312703808742, 138.38029373568074, 137.82740401414566, 143.90758084823983, 146.44134431274455, 142.34039370871147, 132.46032359832722, 133.4282724037034, 142.95282996264922, 144.75244375966744, 143.2620073360423, 147.7912063872419, 153.9353891289633, 156.12999790557393, 116.80685114134621, 102.89945823427868, 132.33441751851655, 140.7339150276821, 142.54458315776054, 145.10730076295113, 151.61269164377595, 156.45258782644905, 149.22021979681483, 147.19133260836114, 148.41882781795195, 151.15367490433002, 151.7490034076287, 149.99865986711944, 149.0711448416164, 151.37638603036228, 160.1286131634738, 157.48477017590852, 154.74353720378895, 153.30785452550845, 152.75604675818482, 151.55018689392494, 149.33498013966894, 147.73846240345824, 140.3181653284662, 130.79369347943052, 121.75039358361495, 127.6650816662633, 135.58741575583684, 141.5554523486517, 145.74101049680138, 147.87208734482869, 167.59252465801833, 165.62664770459116, 164.01325681895656, 162.88439995373793, 161.25366654713173, 158.77661163854182, 156.20646252477144, 153.89435703161564, 166.9418530710462, 164.94217780185974, 162.25357892330686, 160.56986419025648, 159.0291169590696, 155.568577220644, 149.7120879915205, 143.68299470480943], "fourier_y": [124.6882145143675, 142.31590543051, 149.64769124850986, 145.75856073618542, 146.82462618986756, 154.11293808240907, 153.67717870899963, 158.49169456222268, 162.95346901322827, 164.19023761914826, 159.9065675629993, 156.96628913654322, 155.1575592935944, 150.90940150112624, 139.31211240538377, 145.0873402132258, 161.66615509874242, 157.57010220871655, 134.74889293290806, 150.49861632694882, 158.356519113663, 159.78612176854807, 154.44912443359402, 141.07173675997132, 154.68385322169843, 152.4632250191583, 143.6389215552013, 150.5318290749619, 154.33955887643637, 160.41365110874608, 161.1979152739568, 149.92816024055492, 149.0541943507224, 150.80794498496337, 147.21530495040975, 150.5267130062273, 136.67616924233212, 143.5835502278173, 159.24420733821086, 158.60378486015344, 153.22217220045312, 147.4473683720823, 130.6959339973738, 159.0028528356905, 161.8793448771913, 152.49402776793028, 146.7833646236572, 147.9004197441676, 128.65171018309465, 141.41045146782943, 156.8580512427839, 168.28633095999066, 166.39846084253327, 152.9217128042665, 155.22610916835586, 152.31628799136286, 138.54212707323774, 153.66000135840304, 164.04361350280521, 170.5915031242975, 166.0849215551397, 152.44961064274676, 157.200195650788, 148.20901314604802], "src_path": "/Users/hagardolev/Documents/Computer-Science/Third_year/sara_guidance/db_3d_models/db/12/m1200/m1200.off", "name": "m1200"}