{"fourier_z": [124.68821451436744, 133.47063461002682, 139.63219096982917, 137.2226253930798, 144.2116434925645, 148.92263243724602, 147.28919883927975, 144.6955135563082, 140.0493278830659, 128.74097120705116, 120.22819956520037, 144.53792552005137, 155.85606023042982, 156.95749747839753, 150.02924418118778, 149.2121577819449, 141.85053098781066, 138.52456630627526, 149.83765171204672, 157.29210232873115, 160.54666607130372, 159.65101766909325, 151.70062093212226, 135.86600427191516, 140.1485498198739, 145.72848914933783, 152.73459683694486, 152.02123609236517, 146.9203203615514, 147.55058447637003, 153.95256190978392, 160.06520200305226, 138.0675198251725, 147.34514961719515, 152.75416830001257, 152.59332497387666, 153.75008464711536, 149.52854836182834, 128.6425863957825, 151.1288110778023, 154.88413704222103, 142.18714601555456, 116.3409928484709, 139.7511257605246, 138.815529745227, 131.73365999082495, 140.6818057496145, 148.43021800810473, 146.27656322936525, 139.00389671744043, 132.8973313219778, 150.116177624805, 154.66518890962982, 159.59972218973948, 162.81859795965306, 160.48508762163007, 156.0522397510574, 144.5381812402833, 136.80004831533932, 117.38213394968719, 134.4678516696137, 146.36905956657097, 145.0710711309858, 133.4237582117456], "fourier_x": [124.68821451436742, 147.33776403818263, 119.8776837539139, 151.30580417343364, 136.43414727261938, 97.73506780270344, 149.5985128904186, 160.9793727548974, 132.01398156413322, 146.08928515725313, 115.3573483469347, 146.90061383549022, 132.3884535134894, 125.07405485790557, 149.98276753746111, 161.32686820700718, 137.51833322603025, 143.5524014710943, 96.26909344042204, 138.0575833464463, 129.7489783299364, 141.42758643219304, 145.5036398328685, 158.5666348796264, 137.06665188007383, 138.72929911962999, 126.131987891992, 128.29043740662198, 137.92355588185083, 147.27183880358362, 137.2698036006335, 152.95215992402922, 134.38329842081777, 131.83094729421182, 143.1976294509187, 129.60365656732793, 144.78958317362088, 146.43364223866553, 137.40280820020016, 145.1501218729918, 136.18550863083578, 127.07794823537344, 152.2510131482847, 133.01048473200441, 147.64021858015937, 138.44477653897428, 147.27183545109736, 139.8433512953162, 138.9488678884394, 124.38941743497607, 156.37968999812284, 133.58921765446877, 147.2627755898816, 127.06502630556642, 154.45949679772409, 145.1066038078524, 137.3048032466092, 117.73359705684726, 156.35519096903718, 135.73265591158173, 145.96185137029744, 136.6063278876047, 157.9751633128478, 152.09684337905048], "fourier_y": [132.7975166765307, 142.74146812420025, 155.4250178171807, 160.12912137328485, 155.6769433722183, 127.30688460379648, 135.0624694597168, 121.03276363792601, 141.20057169136027, 147.45995720122357, 153.17568041897366, 161.91069508005185, 159.03921733919515, 143.6834065798539, 141.31626726013778, 137.59381179141806, 148.94984124086244, 153.23514900416177, 155.38236915268547, 164.4056652686663, 162.14389858195833, 152.00315901458796, 149.66973146077603, 149.20434193868704, 146.89220318149233, 146.6615690659103, 147.1764101764951, 159.46425215911052, 156.61457193843117, 146.73636321806552, 148.47655019318188, 154.99217830135444, 137.84172509021818, 110.8528290999587, 130.2670462865756, 145.7911279866352, 138.6611847589798, 140.38648819105188, 136.30577971365372, 152.80282484062553, 137.50390719370085, 116.83211140721853, 140.91567081457913, 134.3458597725515, 122.4773933564963, 143.53145950119642, 127.27520822930666, 147.5392353014255, 147.67112382441502, 137.09953243670384, 138.8494634014253, 115.74737803189025, 132.42148597515921, 127.62179967709459, 140.0336813378257, 149.89481280148294, 150.8026418921324, 149.462082391645, 148.28872025808795, 147.59764192378645, 151.70403609768886, 124.45251482139007, 144.08798882930546, 148.82335194317272], "src_path": "/Users/hagardolev/Documents/Computer-Science/Third_year/sara_guidance/db_3d_models/db/12/m1203/m1203.off", "name": "m1203"}