{"fourier_z": [-551.6800627166498, 136.18462133349846, 142.3044487708748, 129.5359367643532, 151.84355978513923, 141.3775190712971, 132.6245729436046, 155.19848147745546, 106.52658976497986, 146.96295266142548, 139.59983043922597, 122.10391941153547, 147.43091033191826, 145.20157351760636, 141.33315810110804, 154.36453566779656, 117.06141105280552, 152.04091402487344, 137.2755686735472, 123.25775112482975, 140.38701543537584, 144.4920529671977, 147.98059196322535, 152.46927710510982, 120.28400103834574, 153.6040886531694, 139.22957846695107, 136.17554413121613, 137.41902197012965, 138.2421142471534, 149.4441594513246, 150.80262338691742, 121.2363999231409, 152.07769681075132, 145.2884732382358, 142.49120727218263, 141.076784996754, 122.1789665156025, 146.95722437956624, 150.25837284672744, 123.36705721776092, 147.00114126548488, 150.3269896867107, 144.2497794048799, 142.2714987711857, 121.83554008456711, 142.23679075856754, 150.64858968469076, 127.88726324194775, 137.06875541717025, 152.37561137565473, 143.09506447707486, 138.49601267772474, 135.80182986450018, 140.02837504705235, 150.9929203048533, 133.37626572139686, 121.14781591326762, 151.0553609111028, 139.83311322091646, 134.2974781789497, 139.26309421340108, 142.013674529122, 150.5121890980741], "fourier_x": [124.68821451436746, 125.95381313061479, 127.62238521520325, 127.54890846770246, 126.56779903863273, 128.2548501861076, 133.2680481829845, 138.5736346450889, 141.8469494306394, 141.75099994486803, 137.91227768852187, 128.95526581604236, 123.56818747313713, 135.14555735928207, 143.23807530004822, 147.15066360575884, 156.6080828340306, 156.77214303448244, 154.42016407266408, 149.0091120073723, 140.26951690990543, 134.30475349993662, 139.92408162122746, 145.69537039047512, 162.9581587661354, 162.35415407455034, 159.41076078644124, 153.96493000237726, 147.97119132087485, 148.74305834369673, 154.64790082838124, 159.61419104949778, 170.88118502737467, 170.25650320685375, 167.85223558307206, 163.49477131105246, 157.5117142964658, 152.4060695255351, 152.64382792932395, 156.29416237880977, 170.49989265185715, 169.60230122169207, 166.73150775056507, 161.61661714251966, 154.7748163607418, 150.7542418416583, 154.21310989973895, 159.40224457321074, 171.60155326984184, 170.4987668702692, 167.50679717406842, 162.2638754809319, 154.74135399937924, 147.8595798606099, 149.28601430066576, 154.9311098639527, 166.72135101656903, 166.12880933575482, 163.60130755996988, 159.1528757483464, 153.69641876469854, 150.1938180385734, 150.81690574426165, 153.1530586123568], "fourier_y": [124.68821451436747, 145.17911484649647, 147.3111615418769, 139.00058934879945, 129.11286850782625, 137.14585418775175, 156.31220657974387, 149.8340673969663, 131.87490865749479, 147.51673185006223, 129.09516310497426, 130.336646220682, 151.91971097187528, 132.3044860154239, 150.39019575773088, 129.90689402190418, 145.0024335026747, 153.57456071574723, 150.0745473367846, 144.9168607358296, 134.2986965166408, 154.22351841345053, 159.5153720304788, 158.93597461724963, 159.86698057494206, 120.08814982506803, 151.54718698562533, 144.4756195870307, 147.93260498103373, 159.3188018391567, 134.9990508384637, 149.62587530639462, 157.08442416558034, 139.38546382795175, 133.74149041688807, 130.3771214755866, 158.55060162774433, 151.07616666234034, 146.4391531064964, 145.1570983771423, 146.39952383403903, 131.6369001544106, 138.73086224214123, 142.99145711523917, 140.68938695603316, 163.24383317455772, 146.44539004720974, 163.9165393537763, 142.09408765429018, 139.03858878790314, 157.20956367424247, 151.13597737050821, 152.13294170520987, 164.28559960669898, 131.87491740726622, 155.91873193313418, 140.3063331759317, 157.5349414835842, 152.92506974446184, 147.5196150200258, 150.82063016682096, 155.58807937211998, 127.72223753558481, 155.08969398041023], "src_path": "/Users/hagardolev/Documents/Computer-Science/Third_year/sara_guidance/db_3d_models/db/12/m1209/m1209.off", "name": "m1209"}