{"fourier_z": [146.66046028772962, 154.21965594405532, 164.20750027785485, 167.0466323950301, 160.92489424675074, 150.47039555640313, 141.4016580348601, 139.15269226922888, 144.24826085529, 156.03053395093636, 166.88909952542912, 170.57985776214565, 166.22342812763978, 157.47980692126282, 147.58552228488443, 131.01325917752314, 137.38601313794777, 155.95571822537713, 167.89162870176196, 172.2724683618844, 168.838720415769, 161.33218396341448, 153.3731447756967, 139.88268231127904, 135.0160947773949, 155.53175455941303, 167.5577425924339, 172.3644548463683, 169.38838371320747, 162.74318481560755, 156.85120257674694, 148.1309357878244, 143.29969934919288, 155.803066376151, 166.11096239821651, 170.9573509298026, 168.04173616619184, 161.89305379110723, 158.13581006056995, 152.747419048055, 149.10581432059718, 156.22523198944162, 163.375243678657, 167.7463876902141, 164.41395129094468, 158.50325894073234, 157.96638765110617, 155.67064286367142, 150.98528857721914, 155.70118940428054, 158.99378055871435, 162.31914961393838, 158.3617451507712, 153.73774727597714, 158.86173560442606, 159.53450155780854, 150.3643942673472, 154.0661033000446, 152.94289067478354, 154.33272100871784, 150.82381166070067, 150.5956992651678, 160.99298952465898, 163.3512096759303], "fourier_x": [169.7140504864973, 166.48579486094067, 159.1837777448843, 161.37164517521185, 166.2071428673856, 164.62838651571417, 154.73656228709183, 133.0305839291746, 171.77058153478842, 171.10724952573096, 164.4401113917849, 160.67247456661386, 164.50211775077238, 163.04294139170324, 151.06795823857732, 137.36444703400585, 164.71489901112523, 162.40668129763847, 160.09348562234584, 165.14793642778855, 170.74939324152962, 172.04578830327762, 168.5248833554442, 159.83984735202216, 162.8279308547555, 164.94311359661012, 160.75554362054928, 159.01834012876515, 166.54103115772332, 170.9567680419683, 170.49593216814313, 166.3259704560426, 154.22724242179356, 162.42989251928316, 167.3879910369834, 167.24673154447174, 162.9635750015805, 160.96356236441233, 166.60611104336448, 171.23787181703844, 163.13126259749677, 155.91532498058768, 151.67624975022034, 155.95082061355137, 161.3836087919988, 165.20912317531466, 168.57326068809869, 171.8203658059046, 154.50098645455307, 159.93388326031084, 167.67439960145822, 169.11933070745783, 163.45970756688234, 150.8354238630445, 157.62911342494044, 166.85853805775776, 169.02443050823567, 165.5262088394777, 163.85447953517544, 161.70524704596073, 155.6319705594652, 151.98489685070422, 159.8283417774924, 165.97667347570803], "fourier_y": [162.12425805239923, 169.5721461990391, 169.66026905332373, 151.40551306325133, 129.97641203513197, 142.6830406840318, 156.86800111760445, 162.04215783031026, 155.07204525420033, 150.92497159375728, 146.31551099259252, 161.36708611583714, 166.4741921858522, 159.0457149329072, 154.14623390100536, 155.23448108896508, 155.03538723796834, 159.5573685463764, 162.38269129102662, 152.30653641494567, 145.65700723612224, 156.5716425969509, 159.3346342988663, 162.37016555279158, 149.8925171564162, 162.4163759695928, 162.1302681911868, 152.23058658651348, 157.51446418313958, 157.62889955715568, 155.8994379751983, 146.9839121618664, 155.8054810341692, 151.31641406049377, 153.97016213870242, 162.03335637348505, 147.60245824662755, 122.26136788588015, 148.64507357588113, 147.87337415620183, 156.17484260442197, 152.469039990793, 148.26262387801026, 145.00044396390226, 152.76872325190456, 167.69209571327838, 154.80238796944573, 147.02854376044945, 150.53058130588798, 142.86954713056636, 144.78332654870155, 150.5450301348116, 142.93633388744001, 154.19362859987282, 133.1745117515794, 153.5087516229579, 159.3200991957081, 120.74649552330372, 58.07693231329744, 157.8232488689581, 147.7697970595725, 131.23080775224165, 143.26969879757053, 143.20504640373002], "src_path": "/Users/hagardolev/Documents/Computer-Science/Third_year/sara_guidance/db_3d_models/db/12/m1204/m1204.off", "name": "m1204"}