{"fourier_z": [166.27704534796413, 166.35287657612088, 154.1937799693446, 164.6268007577508, 118.09568201841664, 162.34267272659918, 152.31976141438162, 160.86682071922928, 163.4177438071648, 163.32225212729833, 155.38350847330457, 161.97562172070914, 128.90503848229756, 158.0096747535575, 147.33409767147467, 158.68399921458828, 164.60177032678195, 163.48542541756416, 163.60613164953648, 154.15998798161274, 154.77951121891616, 144.39972673364431, 126.53733247998227, 140.3839700296528, 165.04046996358116, 164.09160300212636, 166.3712812002267, 154.7018942934945, 161.41508671779053, 146.65519084616514, 147.16819584837128, 116.24907133458018, 156.18697221587405, 154.12762163457023, 162.85448193082976, 138.6736818077338, 161.1644254316921, 133.53452403339708, 146.88851960019198, 125.78478443416971, 151.9629952639786, 147.8471814994532, 164.97328960919984, 121.10241625866158, 166.06645271562454, 152.7208906385573, 157.6593394287551, 149.7031397956475, 145.4773216423552, 135.63010473609975, 161.5776531120605, 128.73341470872776, 163.32811118908367, 151.27151248662943, 154.83740404450012, 146.2206588261511, 122.89899199709029, 135.88588032232497, 153.3997797429616, 154.9192136695448, 156.07726540294752, 156.97672796114333, 145.46840059698803, 144.72482117124898], "fourier_x": [146.66046028772962, 147.68407925764788, 150.09409785325133, 153.81439028440997, 161.41045992161256, 169.84143323791898, 174.7666204572113, 174.53046543342154, 132.0900291559936, 135.8836429533526, 143.81081589554262, 139.54528825324837, 133.09158322841088, 158.09170199466058, 168.23315559020742, 171.01414077287353, 159.63071601092003, 158.04014527254145, 158.14296621642742, 153.11886129064538, 157.60440217980658, 171.46455314829933, 178.53973812486757, 179.90539646185454, 167.66472541087595, 171.3485984881478, 174.0481736208135, 173.53841018054484, 170.62003367686583, 168.70073922037477, 168.88775038118038, 168.70773454219946, 167.16846731275115, 172.5289946071382, 174.58437044638305, 173.52490312938897, 171.97831523452592, 172.53599349584897, 172.97067302046378, 170.66012165395196, 162.74852918205013, 169.21109718913908, 171.69083090613825, 172.3484999553067, 172.20102501720794, 170.15420324386966, 164.524574419565, 157.63341115742446, 164.60473307576456, 167.8806708742371, 169.5440209395544, 171.5966682629645, 172.94166195577148, 171.20176302148673, 164.45749937533978, 151.01665700296135, 168.30891476417693, 166.90578546690548, 166.4816046617163, 169.38875021430493, 170.66337290166842, 166.75681593524092, 153.8798604715892, 127.55314420578168], "fourier_y": [163.6064174954737, 161.8742284275621, 155.57413329299172, 129.0726816698218, 153.56723911896788, 167.30714920309939, 169.7499073086127, 160.49206362045285, 154.03265633782237, 153.1848850545355, 155.29883328771427, 145.8104680053233, 159.0088016610051, 167.99650585301222, 171.06869384898215, 168.00991571967063, 137.60339113762112, 161.97836878170546, 166.11002696192327, 164.028668270216, 161.07905928421297, 158.7590747809312, 161.1693517723562, 156.52000672618874, 157.3938273171572, 150.90178147710327, 127.29989214704338, 154.09005134921162, 166.08345470505196, 174.54864920219615, 174.34357268907058, 167.45330102024457, 143.21725108990168, 154.40195945531093, 165.70283875408086, 170.80566832579183, 167.42383155643367, 167.2913006556985, 163.3405631886976, 139.44849346250658, 144.15827984447165, 161.26823025645407, 168.16502242224408, 165.01717656449807, 163.84029933536752, 167.0830183899895, 165.4125418698066, 139.70822087770193, 157.34469811630382, 156.27914153857006, 167.80729523128542, 164.89824290301084, 155.33694565492127, 159.42158467053017, 166.8991251763777, 161.47319034759377, 163.0920894565921, 129.0585212690578, 173.5359697563794, 177.2880995948822, 166.0857951129844, 152.26989289525574, 153.6588690092564, 143.12620035955266], "src_path": "/Users/hagardolev/Documents/Computer-Science/Third_year/sara_guidance/db_3d_models/db/12/m1212/m1212.off", "name": "m1212"}