{"fourier_z": [169.7140504864973, 170.68537563306148, 171.47191507917603, 170.2263477068951, 169.02278266316847, 170.88180212227928, 172.68973924275483, 170.72497086826053, 171.320558776428, 170.0891285978127, 166.70992782783318, 161.34434303101838, 162.82797852072022, 168.11674330823286, 169.7786586510638, 167.2493472322914, 175.09480540578562, 175.52595701843956, 169.95326862415428, 160.67731282237105, 161.47434571999986, 164.97859654009255, 162.3742001686867, 154.0356529923365, 160.0883643121369, 160.612718196672, 162.03129354353115, 166.79365764401237, 168.27968523050657, 163.712782307236, 156.14385353494248, 161.6826483058365, 159.25853122824523, 144.96467762640862, 153.65176765582353, 165.73251974683268, 168.18143541134486, 164.18567036167556, 159.31148762060067, 162.46631343748774, 127.68576532456183, 157.50136594802055, 168.3183589686795, 171.19495760853846, 167.99859603192886, 160.89215476799296, 161.215171026742, 164.93047140952524, 151.6585233339256, 152.1235645461473, 157.68190260644377, 155.71753593122332, 135.80910424526513, 145.93022231791088, 163.07769861534018, 166.82819960158446, 145.25344487429902, 160.2393657684749, 167.06283512362813, 167.09977576453332, 159.55235693594605, 142.31442752885505, 154.2198335239095, 162.06451403884586], "fourier_x": [138.55115812556636, 158.82614981979862, 143.42125165994878, 151.31683755419215, 156.174354730429, 165.49638361981073, 152.6706790653161, 146.7242404591438, 137.83476189922322, 154.20737932920414, 138.67181777898534, 156.49227048539, 151.11744477453738, 166.8818793367602, 146.0626458794353, 133.82608045120438, 135.82129903481996, 145.3260930483044, 139.83211979725908, 159.71482216875012, 143.17028375950792, 167.41779560620176, 141.14995426624057, 133.86460675639597, 132.8882201357951, 126.90144991401924, 143.12052394371665, 161.4792837814102, 132.0016676124077, 167.2171234336281, 145.5279959362684, 143.78518120625034, 129.36086972124912, 132.87593899623118, 144.91955067733156, 161.99522242827015, 130.4767126542544, 166.4185846259616, 152.65172210858591, 149.61284013363715, 124.85133979278095, 149.1121294345904, 144.54611597014235, 161.3050667015047, 139.41542858490152, 165.23171176864122, 157.86174901473117, 152.40248651209728, 118.94585221817864, 157.760413979795, 141.9672432624008, 159.34599278419773, 144.841675025728, 163.9633401464214, 161.06553467056443, 153.08481180372513, 119.81714183939053, 163.14296110708338, 137.13280862176342, 156.08132637644843, 146.48782875080278, 162.9430113167122, 162.63948088177725, 151.9657557714889], "fourier_y": [163.6064174954737, 158.88270780663512, 167.63503736829787, 153.109447457113, 159.21715299096337, 174.40377506136772, 161.6951365708728, 161.58788315269948, 164.5435981464179, 155.39498515599422, 174.1227582399598, 165.0303064928224, 166.31906497437149, 148.1550806314408, 151.30319429187549, 159.53202359799948, 163.12616290997164, 167.05427396618308, 172.49578025295523, 170.9582288514281, 162.104761185796, 168.52460549247414, 160.93124510506087, 167.3432856285299, 171.99498379693023, 169.98011614814163, 170.19364210028715, 169.73665862390393, 149.05517531473726, 165.2485366678765, 148.85053325453845, 157.77399638097614, 178.57791672164353, 171.54263601220765, 172.0922399377702, 170.77599575056112, 165.69012239097728, 153.06313188519294, 152.45947421738794, 152.30679139737208, 180.61160628039977, 177.34392887817393, 169.66873176171322, 173.4881176078456, 177.91872430051092, 180.81640734422027, 176.01396206062043, 167.6141470278998, 182.97304466021149, 179.70868789683675, 152.8272146698918, 178.3988933990803, 182.08073383307735, 185.80208733181775, 188.60274784300105, 168.89967694917746, 183.86899677895747, 174.53049262800204, 145.96732947812686, 183.42782450232983, 173.91555721278883, 182.38263096135682, 188.53548915528916, 160.12377192566265], "src_path": "/Users/hagardolev/Documents/Computer-Science/Third_year/sara_guidance/db_3d_models/db/1/m121/m121.off", "name": "m121"}