{"fourier_z": [-550.2569004948473, 152.71161785853675, 160.73050012220136, 164.07605032597274, 166.98756559883498, 155.83354935663004, 156.69461316629827, 164.54962076029236, 141.64115903136693, 137.3917294619896, 152.13621450464126, 155.0711525056538, 160.00560900506764, 146.350339092432, 153.41455898523398, 162.8875590450553, 154.42574212378494, 135.2091822718963, 144.12640104757276, 139.8647397794911, 148.66777745566185, 138.81094880805932, 156.45540103088416, 163.59076401638777, 160.64414271196082, 147.983542470153, 143.2666069073269, 102.7940837404563, 121.80322302209206, 149.85038490503197, 162.73091049986272, 166.2665969854423, 163.6363375964554, 155.8302134938769, 151.00636441547573, 145.16357446542503, 138.10594536849192, 159.1633706244774, 167.50511509513257, 168.59396576207996, 164.51781806156671, 160.35092096784635, 158.22194384784282, 157.19649525010178, 153.43703178912028, 164.893982766292, 170.50858013940507, 169.70014551685114, 163.97825715113402, 162.36497465927988, 162.23857452218468, 162.7578371054338, 160.1341820966589, 168.2795606351583, 172.28694630300552, 169.8133633925753, 162.55812166399744, 162.24863635032125, 163.0951566815345, 164.39876365384487, 162.57788085791714, 169.81851249923054, 173.185319740892, 169.46089985568523], "fourier_x": [149.74347388427478, 146.96080639988995, 137.83778610753626, 134.18668383294363, 147.51981336259777, 155.6570487693423, 159.10272762162865, 158.8729873979931, 156.42938647914517, 161.23428071376694, 164.0252216107824, 164.00617008623817, 160.85161278114134, 153.97591017383144, 143.8237574667189, 142.4578678899125, 143.8149583618203, 147.50044536991837, 152.5577491925512, 156.17840816510676, 158.24082600857284, 158.56602807361745, 156.6164081231822, 151.6039167970777, 134.69266619052036, 119.76794176183546, 142.1398696136003, 150.82999166694628, 153.56247299809993, 152.3021103997114, 147.4060789925742, 138.28363792503413, 152.86483453145192, 150.47095159973213, 141.90705274948593, 117.50670993861752, 130.82037298564174, 144.77565326185675, 148.9986480310895, 147.58082662987192, 142.70298409083262, 153.00601272205188, 159.41486730073282, 162.6318406668437, 163.1678954920326, 161.2993331155235, 157.5308746154259, 153.872963399364, 148.500408944927, 143.15694595436256, 133.43701491188594, 131.28559169915076, 142.96528078237745, 150.04062693595782, 152.45125750102343, 150.74324642572145, 154.07361437390824, 146.47122371090552, 139.18504215792674, 143.84792391404662, 150.11591281805715, 152.58500539142833, 151.38020099975358, 146.54034935550575], "fourier_y": [160.5234038989285, 168.6434214217902, 192.73990559826416, 182.28088738366637, 183.3459211909798, 178.24629923663218, 166.35341987869708, 156.42852537098437, 174.71626147202738, 182.87030266434084, 193.02882821045685, 168.02380470100462, 192.09476075896265, 179.61432041020558, 183.8642795745348, 180.1187210252965, 169.57672532466276, 187.91515181127366, 190.69175407079797, 157.70839550753718, 189.88766050947527, 170.00910074933233, 189.15930257982907, 178.3482030601245, 167.24304702811833, 187.2556345350376, 186.46946478987945, 153.02790599018542, 158.50064257366063, 179.48437974210077, 191.14204743455457, 166.70842124031824, 173.22270923690414, 193.23743007613592, 189.1804829400398, 162.95953645694678, 180.6880292281653, 181.24494974671993, 176.08215514416452, 177.1403423112768, 173.1593523250622, 188.0175037778002, 173.5984281982553, 187.28209090102632, 189.50663214276636, 169.78674148531323, 177.49347773282605, 187.97547204372006, 160.85820776003675, 173.26317893692345, 163.57560835436814, 189.01056874418646, 173.25162801152663, 170.7972830747334, 179.92163175499218, 175.70842865213314, 143.54144101284274, 172.75738672661316, 180.35702169109732, 177.84355543708318, 173.18093767873077, 188.0383082894262, 177.2401124976858, 165.30691862897382], "src_path": "/Users/hagardolev/Documents/Computer-Science/Third_year/sara_guidance/db_3d_models/db/12/m1218/m1218.off", "name": "m1218"}