{"fourier_z": [152.41410173676525, 154.1576357131378, 159.90364663365705, 161.58496429355012, 162.28079703767924, 157.53073056401632, 145.2269659914757, 146.50630803250797, 152.6686917613617, 151.20945369859652, 149.92035591546144, 150.78520796986072, 141.61773793836406, 137.81314031625305, 121.2821913079483, 141.6328493204503, 148.14635793526855, 144.2960884326829, 137.08732811578255, 137.4339024778219, 119.59316818856794, 101.01870420243247, 80.14425021646822, 127.36390487568687, 143.27230402738803, 96.01716910126731, 131.43285543227535, 133.59109323885434, 138.2962867163139, 112.7727637374785, 117.1180419486535, 130.67107420518542, 159.14345615370092, 148.6064799395669, 139.51048353374077, 138.10827387887446, 150.4826266947626, 145.57355722494856, 142.09554876757602, 141.20456700355015, 167.2363553334799, 161.08884505304053, 149.7519317852891, 147.85829671738128, 161.06094544242353, 159.12315077963038, 152.1451341337701, 141.33498720363366, 168.03929142246295, 165.7373858058989, 159.25665847997982, 157.47555916361063, 164.538317426191, 163.1406132754177, 154.40301510461381, 136.69343387415176, 163.6871097959288, 167.43634174093913, 166.1105905489415, 164.39341951978267, 161.5807067172068, 159.69348876323028, 151.26764452638696, 146.1501859452023], "fourier_x": [178.17118750289802, 176.67516450515973, 171.98129521488147, 163.98983375733707, 158.45411409733057, 163.88328482570438, 169.29556620791288, 171.28116838788054, 159.50724239437483, 156.51079522794322, 165.99256842960162, 172.14875270338092, 174.59464499748182, 174.12200667774684, 170.9940455828539, 165.17562293621262, 178.75150590387682, 180.22756222542222, 178.96820899664527, 174.86149844181313, 167.05820157056039, 153.0517150781056, 138.67469914757396, 151.8424997516739, 162.69446717693197, 143.20743312865392, 152.08265821198066, 163.80973356683282, 168.40858428261436, 169.07359900780057, 166.98040858473382, 163.17996250239474, 176.4842348860134, 176.13381814158086, 173.51091039488438, 168.71264665706138, 161.80038329933586, 153.6324600947157, 148.39962032124137, 149.4126771445789, 170.51706897831394, 161.5359684896706, 142.96746979046273, 131.47579500116748, 151.28214642309953, 157.2563710572758, 158.2651581361428, 157.53056489461306, 158.88158396459204, 165.22236459171992, 167.8813909657003, 167.89603058167808, 166.34445532387338, 164.87683903336057, 165.12319513244236, 166.63870898747786, 166.0156238282801, 159.35938367693373, 148.2674549239842, 137.2705090404671, 142.61290880734856, 146.9617145480488, 146.02136713567572, 141.3801849941208], "fourier_y": [167.48953778429285, 167.41213346919622, 170.09760876888694, 174.3792597419976, 148.30670976039437, 119.21944503489662, 160.8876944512325, 154.7360077923164, 111.76073343119633, 162.98907516650365, 159.0628691793888, 165.1209316459025, 170.55073779494865, 170.72301619447944, 162.11529375129788, 151.42996838619356, 154.7238524546748, 170.78811326749204, 155.84956712399187, 143.64824890610078, 165.12429126094912, 170.2963844477077, 182.88997468179932, 186.22949695675237, 159.23853566391665, 171.6609417449563, 157.9978383219637, 148.14658474159825, 171.39251239917087, 175.81681745098916, 181.62982332386508, 187.47083034697232, 147.1076357286959, 158.3773718239386, 154.09197095068166, 171.62270165679797, 177.9961502349548, 179.03607958882478, 173.80583934811875, 179.71204242865085, 152.92927937798243, 148.90094288046686, 175.95072554558772, 184.96588751764295, 183.14232385609247, 181.6238198301579, 167.85300256949668, 166.15890127780037, 144.11072953379448, 165.66532551910953, 174.27245476612023, 183.8110063862177, 181.47358729563462, 185.0524250447831, 174.86006602297044, 154.71253765076165, 148.89622059996884, 181.50470133572884, 180.0917449557649, 182.68746590847047, 166.35802272995284, 175.6029061111617, 166.2982339930806, 159.5141943987821], "src_path": "/Users/hagardolev/Documents/Computer-Science/Third_year/sara_guidance/db_3d_models/db/12/m1214/m1214.off", "name": "m1214"}