{"fourier_z": [110.8252709031686, 125.008834597745, 134.28061807791983, 137.24506901642974, 135.97877722314584, 131.6586562895918, 126.60475934292126, 123.92499383203712, 108.99693560605344, 117.49377603094857, 130.22897520811966, 134.89223108055992, 134.35912502786678, 129.16417040481883, 121.52786225855442, 123.72182852035165, 140.90140843713476, 143.4301167838309, 143.4626719588862, 141.0136075065431, 136.44054017118782, 133.05127464140577, 135.8473817597476, 140.72103144175273, 135.67161589444868, 121.27093258120556, 47.17677220681037, 118.03752021813852, 128.58016712758047, 132.24209287484382, 131.8409142231636, 127.31107056496941, 136.5817342723643, 107.30093927829245, 120.51145523411215, 135.51152825522806, 141.6690246177303, 144.97877032120684, 146.79728413432377, 147.078143859616, 150.3097045962062, 151.31050071355116, 150.11766067265225, 147.3756374804088, 143.88803965133806, 140.4706498049216, 138.232389835969, 139.3026451517211, 150.6225425279885, 154.9960919395432, 156.54654655152345, 156.35480293755955, 155.24549318576126, 153.69603774576345, 151.70184930828506, 149.2513359110163, 155.8483507312238, 153.34827239897214, 150.2035180768324, 146.45614966708192, 142.3497367294956, 138.8589844788336, 138.65002677244595, 142.91695797422935], "fourier_x": [154.76976244989294, 171.4182122536766, 171.72964986775918, 160.05836213241463, 165.67019125966513, 174.40333266293783, 180.69506386226118, 153.85619562046602, 155.6627580314543, 168.3640462063906, 171.8150519689519, 140.03805508018277, 169.93013146040286, 163.90606364168485, 177.6338782430725, 173.69012723163007, 160.6665255628099, 157.3900437515019, 174.6790805259228, 163.616681643756, 160.61603985236013, 161.38826679179633, 167.98310172508823, 175.70344285777293, 152.46221115604965, 163.74281993043226, 167.73261081364728, 159.0119209329987, 161.46637208347659, 163.22504535399972, 148.9891518551551, 185.00288148305313, 163.4939567849833, 162.42629733050123, 157.55075838882718, 169.85438901045225, 150.42348628161682, 176.34690475001935, 162.5006384319671, 183.81396757156386, 161.91828727546027, 167.647749922086, 151.01450956649475, 164.45156558571992, 161.6695912469805, 175.64582188773076, 168.62299012051392, 181.36625723443078, 163.2115114866846, 177.0951805121797, 160.18771305719977, 174.52055944981763, 180.67053435087928, 178.45562676657897, 179.59575725691496, 179.8080263107296, 161.8907803399357, 165.49073636608657, 171.81914543370252, 173.51511695582187, 186.79334681535693, 171.7897728245082, 179.39086249845053, 174.51553158415035], "fourier_y": [138.55115812556636, 139.2661303786296, 140.7811791432432, 141.95881750176483, 141.94571637063365, 140.19012317985022, 136.69723954023902, 134.82637038812194, 139.0339764771244, 134.43130789226, 123.47074688793231, 110.96048109121652, 132.17978992698292, 144.6632276256139, 152.458572919029, 157.766073492436, 143.33897804246763, 141.53359068942387, 137.76330309273567, 131.96231729630688, 128.03237258513732, 134.22859595269935, 143.28081587584575, 150.55365115714707, 147.82944903029272, 146.73807755386682, 144.05790123088096, 138.88332029229156, 128.55581920178537, 103.34955065128995, 127.84164408621206, 142.9792288123873, 142.95615499624984, 132.57013801512545, 104.88914619446165, 119.79332147704133, 137.87058001245032, 147.02419037019078, 153.1291600828916, 157.7130348180157, 152.62429496617466, 151.9280801417354, 152.91770483490092, 155.28090518842015, 158.08800086232986, 160.64490502039047, 162.65140226563207, 164.0457994227088, 111.36148192059738, 112.83713345522384, 129.77557162700063, 140.8188320786407, 148.5716968740641, 154.2957487813149, 158.51296789610268, 161.45240145860132, 151.36680865538443, 154.80967387504603, 156.94714275719275, 158.01964283303454, 158.37232864336463, 158.48430303342536, 158.92753062965386, 160.06754919158683], "src_path": "/Users/hagardolev/Documents/Computer-Science/Third_year/sara_guidance/db_3d_models/db/12/m1219/m1219.off", "name": "m1219"}