{"fourier_z": [146.66046028772962, 139.18319267485035, 148.10555996831698, 145.8966016198688, 147.91870051901518, 115.37178568695198, 147.43858245072724, 153.3876215466695, 149.06218019454772, 136.2974674802746, 151.4886911710114, 144.8947028957875, 144.4908270011975, 124.28528177711902, 153.338577031527, 153.9128652305768, 152.39084544576497, 130.87654315671853, 153.89028516276818, 143.72763495268026, 142.39112341994763, 132.35801975571275, 152.49929093986856, 154.75269137732954, 153.25314386309822, 118.38205202526677, 151.6655426619776, 142.26377093953383, 145.72904351818016, 141.98147193019238, 146.01748824550722, 154.10230776018847, 152.27105927149583, 117.77834725460866, 142.2752805613386, 131.75834705915352, 146.29511247988995, 144.22027007136217, 139.80360657216352, 152.6531122872315, 152.3686043473299, 129.84201718331008, 126.7024336808343, 118.67813122787007, 145.33288342638375, 137.0967600284609, 142.42327145228114, 149.9887741984767, 154.8663588033689, 129.55669035100496, 115.24444945595563, 129.52571813949416, 146.77176956927013, 122.45258450384456, 147.38530428295672, 148.76612262086357, 156.7185828276532, 132.05315253230904, 98.88816794872453, 121.52030826087795, 145.46905043599625, 106.0475168665418, 145.9655849059646, 148.14935761972566], "fourier_x": [156.87697276304942, 152.42450825257288, 151.77987076781662, 156.96402202463221, 158.80983981627307, 154.90204359907554, 150.30123268501433, 152.32802841869716, 154.70846984141477, 151.67593845983382, 147.27802128621394, 148.157376185343, 150.72954074734096, 145.3659139104915, 144.09627477732, 144.03344987325823, 147.45261549731492, 148.29462951640804, 141.93052546211234, 130.05254701879156, 140.54542726812926, 130.53228067503423, 135.84510875885795, 133.91693503467712, 139.36055776634774, 143.9483335386488, 138.67690343222964, 136.28754029421265, 147.85587310451044, 142.23993531357647, 142.5355076159133, 145.25339244943166, 147.72180077397027, 152.90993967950058, 151.3943773067876, 142.96995630466847, 143.2722616605824, 142.36654863171657, 155.38736071406302, 156.32029630593175, 153.61243186272316, 158.75608919095328, 156.97478793002767, 144.82084400385307, 114.70676124501645, 134.13712435322782, 158.35817903541556, 157.5433570835529, 152.2574293065269, 157.0130328565597, 153.8680319833369, 144.2237994997426, 144.3128005241008, 138.50708967464402, 152.09561300415896, 149.1483456656845, 143.03616922018415, 148.29310426165182, 142.20209105390737, 136.18413356699057, 147.48250355940777, 138.24023308942753, 142.48705766850492, 145.23261781361103], "fourier_y": [110.82527090316857, 150.34866721697318, 133.67909414241578, 152.91097203697967, 146.73830131969416, 135.34016722855802, 148.39766709578393, 146.43236773267512, 125.05270872070929, 152.40558630240096, 134.77380895207546, 148.99819746274034, 146.01242284846157, 137.28726384312506, 147.08877394205214, 142.83536292406953, 135.60314774736986, 153.00271469856474, 132.76383448747703, 143.95880693510367, 144.28744520266014, 137.10280722526284, 145.48173387184607, 138.12726404205986, 140.87775428798022, 152.07067180123116, 127.50798416265901, 139.46654657479075, 141.29299718792308, 135.18597305327992, 144.51604755234527, 132.2758688283815, 142.89765860535977, 149.51646549538557, 119.38507914441246, 138.92941543341703, 136.75042761074855, 132.03837874922033, 144.83195124029004, 125.33899773761948, 142.35107163378171, 145.2305779764338, 117.24214615213177, 141.9629550660725, 131.1306296862564, 128.80059861249288, 146.0150375777584, 119.99789844001967, 139.4412675735341, 139.44969028822098, 124.88150685688666, 145.22794245926937, 128.63084463927007, 127.23209772501384, 147.12861555378691, 124.24055796829123, 134.66609733761825, 134.42561043987808, 130.8691459701877, 147.39679521160323, 133.11319700040687, 127.77918881492033, 147.54549839474097, 133.24341089611076], "src_path": "/Users/hagardolev/Documents/Computer-Science/Third_year/sara_guidance/db_3d_models/db/12/m1224/m1224.off", "name": "m1224"}