{"fourier_z": [158.78317635913595, 140.05659063368515, 144.31355352942987, 133.02064011709314, 136.65574524071917, 113.98935366380591, 143.7331115669666, 149.071958812991, 155.31332047613606, 145.9408457782475, 128.42530100345166, 133.40451922031485, 136.96143177625942, 138.41892013323584, 118.47114405078653, 153.02497358522277, 147.7690588293841, 151.7973843163451, 139.71751229981123, 118.26771402062887, 138.86508730879322, 130.5811066989659, 148.9754442285946, 156.84887618513233, 141.61544782445424, 161.90164164519555, 152.21939949096847, 137.1349270197352, 155.8400730471555, 132.8125598308504, 159.06984611662006, 156.42083969675446, 148.65675502350905, 161.86770287029364, 157.13476489452688, 147.39806447811517, 160.09541986078523, 161.86563372953512, 150.20938587055917, 127.41139877686314, 157.367103759472, 152.7352631895673, 135.89708729374382, 154.0153909331678, 169.3184065236771, 163.08883214267868, 144.16304866535836, 143.0087357247496, 145.01688689165042, 169.0758843464656, 156.17345555064261, 150.566154446861, 166.3103014422548, 163.45052592572796, 164.7791302334445, 164.40747310992154, 167.1431935709088, 178.45957317708806, 169.85095326975517, 167.67726628458277, 161.82923726401094, 161.65463769972826, 150.96210391039787, 144.04680798875728], "fourier_x": [138.55115812556636, 147.49519675425933, 151.04094172641703, 161.68133057073345, 151.86976362654292, 134.4488601030398, 162.10977481059788, 173.44858536163275, 157.41311143150762, 159.1620270170301, 155.6296815239425, 160.66145916585765, 153.60178927289562, 132.16859659618171, 157.83797961893518, 172.29530845196024, 167.64522730561438, 163.59324617715063, 156.14227723052718, 159.59313831670528, 156.42525363175605, 146.65607428478904, 153.31989832957078, 170.2804513453665, 171.49644473288765, 163.59702958435477, 150.27050641429406, 160.26952091438628, 160.4454645147652, 157.66625030856974, 149.8546825580302, 165.66080213722955, 172.2281537212983, 161.29353092686685, 123.71926884232832, 162.95952960932152, 163.64121302342284, 162.98898326006537, 150.2732451164929, 156.55558868867658, 172.19847485040287, 162.2559125429308, 141.6391134762399, 165.41341208020054, 163.34437007311496, 163.019457098151, 153.90446810232402, 146.1580727714777, 173.02471894880352, 166.52832786911202, 156.80194840849595, 166.16714300397018, 160.16418006243785, 161.90785287399558, 160.38766317229513, 139.46626135916324, 174.0926015296672, 168.96192346073417, 162.59220975591745, 165.93817094503248, 157.60456335805648, 162.51309419405206, 164.6438258748464, 137.0899069800712], "fourier_y": [154.7697624498929, 156.58831680899007, 169.2643090005452, 153.5171765230371, 164.95406402014365, 157.10028891823808, 151.9864673069379, 155.60203325296752, 158.19759233251776, 163.0964649624454, 163.87134252368202, 156.05676332673676, 168.5208098206917, 150.10140639749687, 146.64630903560865, 154.35654151220422, 162.14556673405795, 166.00099234287921, 155.97829941524157, 166.23646264154155, 170.39874693891937, 146.5896053482367, 142.01469755255448, 147.219048235144, 163.10452981571598, 166.1995299814726, 145.6456993784497, 169.37492137156428, 167.46701635073296, 134.87236953023944, 137.86955994292254, 127.82859535038646, 160.97128579275216, 165.66450015706397, 141.09177574386675, 167.73878370199898, 156.6208883568067, 126.65754171834925, 145.67275221803305, 137.00108132792008, 153.6113479884855, 166.33616760163602, 151.82567621846, 163.74951722879337, 137.49524627445882, 152.9027106105967, 153.83145775195038, 143.71939800897184, 135.17060542094774, 168.01440485571237, 159.06056133811293, 159.2951394998988, 155.05105537437035, 160.22994115754165, 155.1644969506092, 130.46534901499146, 147.92086549531808, 169.0772018353678, 162.9866323055325, 153.73637773112839, 163.67747073329443, 160.5074108718549, 149.86535979511785, 143.27426216425366], "src_path": "/Users/hagardolev/Documents/Computer-Science/Third_year/sara_guidance/db_3d_models/db/12/m1222/m1222.off", "name": "m1222"}