{"fourier_z": [132.7975166765307, 140.5913748304239, 148.90396542447058, 155.6448363563394, 156.77983727697574, 155.58695993831523, 153.345572817392, 152.66548878231788, 132.56817066331132, 154.7615513352616, 105.19745251942949, 155.91539198798702, 165.5991949561677, 168.9578280969664, 159.85495460394742, 148.4853881469188, 149.99679718591187, 156.55049375293027, 131.01214943385241, 160.4633693878914, 169.55228212110055, 168.1023662525013, 147.97395007693876, 160.64161306075786, 138.84003505591366, 156.83732343654657, 147.70919423075523, 147.6484799150166, 159.426597199452, 171.79499204180496, 156.78151418936747, 149.42979369970806, 136.91986267193727, 148.34869683375356, 138.19672029896853, 144.86650378935144, 155.4319608355534, 168.54555943697707, 146.8329803308018, 143.0735711903913, 128.97137905627017, 153.27675462741863, 143.61161107430618, 158.93088370887446, 164.6404895975498, 153.08074437915243, 138.68171544980942, 161.47345935940407, 148.2573172022835, 127.06137472806475, 156.77417305084504, 165.72827028024102, 166.51893938267744, 164.1466555335117, 143.7904159610269, 154.8489173986245, 173.06370914069223, 169.1096799460453, 169.58081992250993, 160.55854236742198, 160.13198050264924, 166.8641541797965, 160.25548261705697, 151.37752578417513], "fourier_x": [168.63270606109182, 151.67038034154237, 151.97204539402927, 146.6708989281025, 157.2984489771682, 163.73859173355663, 165.5061792308388, 148.1719586877961, 168.27223509290997, 155.27827579164787, 150.44411947082796, 150.48977926747972, 159.18417021879173, 165.57838306391642, 167.69271856690688, 154.62921494421448, 167.70281516294884, 163.56025684626394, 153.45772911660464, 152.72026100409175, 157.3354813838986, 165.03760012573028, 168.12301923697368, 158.51115628698807, 167.6364525369416, 168.96337930583792, 156.01699946385818, 151.53834169388406, 150.6921377051617, 161.56745474804111, 165.9286454789822, 158.83897736947802, 167.45730998291208, 171.0846299143958, 155.09573191109178, 146.02009535005294, 138.85043576509943, 154.84350156250852, 159.8426639889978, 155.05912097448555, 165.462893017454, 170.08038898266062, 149.64622769606694, 138.03760878755807, 142.77424336352937, 147.9561328607539, 146.21018054938278, 145.57206478725635, 159.63589331016325, 165.8521893947756, 139.83286312500186, 140.26229743290241, 152.32869685475538, 150.03268022475237, 121.74575671180278, 131.55745997948156, 146.2725619910496, 158.6383268630414, 137.582205338158, 145.95650855550826, 155.45733158182222, 154.27782283496634, 147.6820487714338, 141.44952722963006], "fourier_y": [154.7697624498929, 158.11428916822788, 109.18152210835076, 156.88436952329423, 152.957389782383, 143.7866323629737, 141.48078285064693, 131.75182334375987, 155.46292906013275, 150.92875414202692, 128.6999876904802, 150.74515350316292, 156.84041114550513, 133.16532243220922, 150.60293938274265, 127.31050505092003, 157.01642111665495, 139.66124130779082, 146.28736873828447, 141.46299035052965, 159.11336530750796, 131.12008892984915, 155.99062294025904, 128.65428280023423, 158.46512172421438, 124.00746674191302, 154.39674405511735, 143.46483326249046, 159.783189836066, 141.4257944469804, 158.33938264422426, 127.11406932016448, 159.09559083926115, 123.37384803218262, 158.00507683111925, 152.2834436543386, 158.78334670715964, 149.20300293829706, 158.10538419328446, 129.92815419881256, 158.47449842596487, 134.42787851817428, 158.1944845190095, 156.97330193161466, 155.90879042439954, 154.42083566509385, 155.49481317779984, 141.7201186867744, 156.30673515676025, 144.62237833684637, 155.03832613197653, 157.78057401733497, 150.9335607694533, 157.92496655595667, 150.76867054285276, 150.90105173473233, 152.5091292012112, 153.14364267074043, 148.28428114871537, 155.32811712215707, 144.81965519726205, 160.01141466237016, 145.36300076439747, 156.1022724004233], "src_path": "/Users/hagardolev/Documents/Computer-Science/Third_year/sara_guidance/db_3d_models/db/12/m1221/m1221.off", "name": "m1221"}