{"fourier_z": [110.82527090316859, 130.6894342619117, 133.4866828000381, 122.8513754060458, 138.54368118239785, 132.85657960983386, 139.20516410836908, 143.69689254030123, 143.64681685795577, 145.51681065730892, 137.37225224273155, 145.34359773307085, 131.4462260114644, 126.54240631453018, 129.8599038700149, 144.80891824733146, 159.6140025185011, 161.9410527617525, 158.21652266677103, 160.33065013359575, 151.9632595367502, 144.11411978958276, 133.33036112542476, 144.91168819851603, 168.62483777491803, 170.49492466601126, 166.1890766427584, 165.57522370465927, 156.6230244687647, 147.89582510332568, 135.07935222640788, 140.15511132598127, 172.92399471861177, 174.2620271748691, 168.96909566437563, 166.9178513684314, 157.26344168731623, 149.9452126998213, 139.61487012974254, 141.44162235949264, 173.1789113006716, 174.3250255776524, 168.5618630838758, 167.1912758139593, 159.1977336418369, 154.05793835421954, 146.08990919702632, 151.63935679287331, 169.6567071126567, 171.4872722861678, 166.31773171678282, 167.33373067854382, 161.19262002643595, 155.98032083484938, 149.0713553889175, 157.47081482314707, 163.4433923636716, 167.3955915474554, 163.0195497402731, 165.5977979348759, 158.97295084814297, 152.10339851937016, 147.51842326279638, 158.39131319796007], "fourier_x": [149.74347388427478, 146.3281022909844, 139.34571724753906, 150.42344911989653, 162.89532571370546, 170.66639500993512, 175.23211362991287, 177.39688091455582, 140.80124414010726, 155.36794261632838, 163.78020656089166, 168.50559935199087, 170.72722948258277, 170.9695085731725, 169.5790343814336, 167.06119786229567, 157.3487446357829, 164.337078878697, 168.51095710342793, 170.74019302588852, 171.49116027434331, 171.07075211598232, 169.6935613169627, 167.45208773637773, 167.0923148470203, 168.44446800144905, 167.81594593650087, 165.74125583389946, 163.29897330423978, 162.08279032240497, 162.43713092030606, 162.84064698428463, 169.31049231120193, 170.21877615057565, 170.2402582753138, 169.87306096934253, 169.17549794975744, 167.78047931803914, 165.12129920161686, 160.58212033365675, 164.0511254503743, 171.54097096629715, 175.29856024424305, 176.33305583002624, 174.93811147678036, 171.01224593521007, 164.03786667756566, 152.740524361673, 165.72410347123417, 167.29816621682352, 168.50760650095938, 169.15243264863312, 169.1061015764367, 168.21604319401789, 166.29801960198853, 163.31587498844883, 174.43386052205005, 173.65284498429588, 170.87194451140093, 165.927836736216, 158.34194111893825, 147.00226721789755, 130.1164732986493, 124.12514790867193], "fourier_y": [166.27704534796413, 171.99669808404477, 154.27196476765053, 184.1337008855375, 181.3442182973966, 162.67782722064516, 186.01354257297174, 186.2233540028368, 159.42754438304502, 172.64623735120225, 162.34758869736623, 184.2963143222126, 182.65655484990037, 132.82372800078525, 178.2618434680276, 176.38206355228488, 166.3931439554062, 172.3032741090313, 164.7113660359815, 184.37518803174686, 181.8102656414892, 138.49498377642647, 175.29657639490864, 172.41617089905606, 143.69873226335693, 153.56149343222222, 168.428815830861, 185.83888987155507, 181.55768965273094, 164.55975628520363, 175.8890181092248, 170.90830500303693, 145.39705602105403, 160.25350921492833, 175.0798735685291, 179.164399005794, 172.8521294572872, 178.90940926208512, 177.84588147848692, 166.4208493885232, 151.50159095336568, 170.82441204370514, 175.18222457190714, 165.38515902336414, 171.87231052380213, 181.43288206823595, 162.74840214995467, 161.46835470530564, 153.60949899247603, 177.09428243444046, 176.5768711905665, 160.4672586079771, 169.59737278405171, 178.61894655252968, 138.07364479809914, 173.68625756733255, 140.52080847594505, 176.03153994905477, 176.04335606475954, 148.0851155927199, 171.9414556967571, 181.0211799017489, 161.85379265401522, 166.94228749992425], "src_path": "/Users/hagardolev/Documents/Computer-Science/Third_year/sara_guidance/db_3d_models/db/12/m1223/m1223.off", "name": "m1223"}