{"fourier_z": [138.55115812556636, 136.670320465284, 163.4906888252757, 174.49540761671466, 172.67675965068932, 150.9578658351723, 150.9276674093206, 163.47889591813106, 142.47497860787513, 149.6820410427893, 156.23655571472634, 164.8987880172212, 161.848775169372, 116.12933883875604, 154.17373272169985, 153.36690737208386, 141.41319557027612, 161.44916315970167, 160.66619531744678, 153.1175500556753, 161.30200147612067, 172.3505758886874, 175.4094756279197, 169.63776530858428, 164.42773798396456, 168.19524410559262, 153.85407683194705, 143.69128737130163, 160.80412813107725, 166.39157454952354, 168.55201215257185, 161.24261411372387, 153.2277075376355, 172.37546108919128, 174.00980763602462, 164.99910421272244, 140.37369133186587, 149.96310298968413, 157.4320841660847, 138.2149190896794, 137.30746885344078, 163.3245980487406, 163.24125350905643, 143.88339483651427, 163.06855248718918, 167.71564737191198, 157.9815118787181, 149.5038353982834, 145.57746390648705, 152.09499583713915, 135.9211619958974, 170.04108590426426, 173.80744782459647, 160.959556128072, 142.3209962588316, 168.2380844580479, 169.68797219597013, 152.89231495300965, 153.18981777466894, 164.4038049346457, 152.97264847336382, 169.9424816015282, 180.9216668796479, 179.2566787656801], "fourier_x": [146.66046028772962, 127.87058995607421, 135.60822515244317, 124.70740035098893, 138.93175134653745, 143.9944678750675, 129.68305063985144, 127.43052650411853, 144.0503085520329, 123.40400222943109, 144.7900498863141, 99.81155102538355, 138.00462388082008, 144.95614060571953, 133.11925830421924, 128.25085349778374, 134.86760259310222, 134.05285112349586, 150.37997407735594, 111.22312509681296, 137.76921721412248, 144.5900231668781, 133.30530512675114, 129.4740029258021, 118.53695638944147, 141.367818372081, 152.05734625559893, 124.9350551617551, 139.27029489720314, 143.78461835565585, 133.9221171937736, 128.59240848666045, 132.65156955254636, 143.3044066957202, 150.35529212981166, 132.3590467083707, 141.43489133724628, 144.03390694656707, 137.1269938725546, 126.55528691407815, 142.3299612032116, 140.11637472315581, 145.25103738931082, 136.11538203813691, 143.32579049105385, 145.93110283765313, 141.62437737205607, 130.8964656882438, 145.06179823087444, 130.52416914430944, 136.2176654751441, 136.78992976369892, 145.51170136294232, 148.46844311756814, 145.81315888301145, 139.83341398642293, 142.60724354004589, 122.88110915877483, 123.23311183677225, 135.55656337161395, 148.9712407229496, 150.53517159938534, 149.00413735537595, 146.72503587128892], "fourier_y": [146.66046028772962, 146.3960113139794, 167.97804663549624, 153.4832211255291, 130.5140046406081, 147.17105580385592, 151.59812838454513, 113.79909224098674, 149.60348860661426, 133.18622536516185, 159.62973473490771, 137.0047683132436, 105.65219310368681, 144.62432120750782, 149.09790248940686, 133.77657718692507, 154.54828531682898, 156.60954662301666, 152.92642338408842, 142.1525944987214, 128.48774804763028, 122.69690094142861, 135.39352824306428, 142.4540004700609, 158.43260403851798, 166.4149290718978, 157.5038614130033, 153.11519912753334, 138.05650495528062, 131.4624361746695, 142.39438836366304, 146.54040044882558, 159.51742071516853, 170.64808588148307, 159.72348950564418, 155.69009410806504, 141.44725879869728, 149.68669064225776, 155.49275705059512, 148.4404647010773, 157.56589387729701, 170.9708252120693, 154.83862068029228, 149.808047016517, 137.60766530279545, 154.80350171833362, 160.09093476253693, 153.4263237433785, 155.0486096914848, 169.67286311950772, 148.81496679423333, 135.07944814056575, 127.18041270724098, 150.18984777982416, 155.81252130761138, 157.02349557951914, 154.54705186372496, 167.95002966031302, 151.4670897005096, 125.63889973278685, 125.29073414704713, 135.4694777070465, 140.43882756541527, 156.88287642266482], "src_path": "/Users/hagardolev/Documents/Computer-Science/Third_year/sara_guidance/db_3d_models/db/12/m1229/m1229.off", "name": "m1229"}