{"fourier_z": [149.74347388427478, 150.4023992026522, 152.11121109193962, 154.12897492228433, 155.6254339176371, 156.17257445600376, 156.02066332861628, 155.95915524485935, 141.83333157445983, 119.24900539162581, 135.5342422682585, 149.38957163710046, 155.1309905509378, 156.57816329797495, 155.31877288238144, 153.49288569136777, 141.31480322687514, 148.38604681181354, 150.51936531556774, 149.53711688332453, 145.13972960747734, 133.33351269108996, 113.63270490805512, 142.4463007016499, 134.7061408403981, 106.06324114659128, 140.65330456995076, 149.64225455014866, 151.67466978372508, 150.15730697733036, 152.40392852394498, 160.24677625822625, 155.45184306941826, 148.89699254719162, 149.02061187353507, 155.421204316388, 159.54852666647756, 159.8349564327598, 155.749059242991, 145.14550402828897, 158.10498887292687, 159.38520485270845, 158.99110856654397, 156.81425797893047, 152.3059276796563, 143.9000667593125, 127.19794860359502, 123.63372862157246, 145.74535464013104, 143.3806238515935, 141.914706061653, 142.54341510628217, 141.90466627077802, 137.7432088434725, 136.91981074887656, 145.1060037928347, 153.44709950705828, 153.31420186655137, 150.36610256204168, 149.34999493846186, 153.66676109280942, 158.70395588822686, 162.10554558130528, 163.74929451876784], "fourier_x": [176.74200822325508, 172.51628577363084, 162.41227326957176, 167.26373850590494, 134.87081619336163, 161.62651548726402, 142.7012743144894, 155.8552899615254, 174.91450308764084, 164.48486449075153, 163.4671772333081, 164.2540385311176, 147.59411222485136, 166.5450729177769, 138.79356729636459, 161.01493057490373, 169.76759877633378, 150.64680588132893, 159.97205977031243, 159.81568841841755, 151.93798699609087, 166.79621564856382, 123.41406635563052, 163.84435517026918, 164.0655396121208, 139.89532005814357, 150.8030178465453, 154.35845812355575, 150.80733347179722, 163.97946026873666, 122.09195635467859, 162.2232966849212, 163.02189823779952, 146.89720660731751, 136.31724056404838, 150.20834900634986, 143.6754817075365, 161.0799846140709, 138.3925895814759, 156.5444611893267, 163.02829771287895, 157.10059578467028, 142.56406512147888, 151.62152024310942, 132.55392870062067, 161.5919167133214, 142.8151502879881, 148.91246879572213, 158.9728973523672, 167.6316189364749, 148.9982623286293, 155.94661338355297, 142.43623682141865, 163.25440545233545, 139.6700802326637, 145.2203291083378, 151.394771429598, 175.0307093679408, 146.96196325380365, 158.83982413413497, 151.66047979347573, 162.78173428968262, 126.34777726855951, 144.08693934431335], "fourier_y": [158.78317635913595, 148.19209962594255, 168.57424126615075, 173.6698520199224, 168.67245131745096, 178.3736559963253, 169.12964458634693, 174.29917684455677, 184.09893699956206, 180.92963637790191, 182.45948163049565, 172.01634377926945, 181.08383994410298, 183.56220740968323, 160.55532365206835, 173.58450743789336, 177.970848069843, 184.3083610020655, 180.07600590150935, 168.998778791319, 182.1956413308118, 174.7679578261476, 154.9485276207837, 184.380243218636, 180.45994929442702, 164.05305453781455, 181.54954210424566, 170.97628991680426, 159.35744445497147, 177.87824087667803, 161.2933826579785, 180.66992306847823, 167.2662662933469, 174.08176028212398, 177.33281384115926, 175.5879999418946, 168.33062012944097, 172.43274024154152, 168.588668273497, 169.91302127880402, 173.39408446268277, 174.31108106686767, 169.60945930051454, 133.53079699101133, 181.83149194054337, 152.07023133247486, 155.58778407065037, 178.7905090413949, 169.20108939263244, 162.3508448459525, 175.533985222387, 174.78097165062948, 165.551655925347, 169.57151446955467, 183.19465318611716, 165.58760605291894, 174.3507953733556, 160.5647028665709, 186.7500655066399, 160.6295016425531, 178.27500615344354, 167.0282328176256, 168.61515394668146, 141.00956500013447], "src_path": "/Users/hagardolev/Documents/Computer-Science/Third_year/sara_guidance/db_3d_models/db/1/m122/m122.off", "name": "m122"}