{"fourier_z": [132.7975166765307, 137.25851179765127, 115.55535024171506, 113.65049777131502, 126.08280310288377, 84.69983108297927, 152.15512980664818, 136.98695677712112, 149.1435704042231, 150.4858688439018, 141.08278684278378, 144.84610965502446, 144.40049141591822, 134.9864849046822, 152.4156533153226, 136.9133872843162, 159.5135314746973, 158.3181364272209, 154.12175309798295, 154.6988972699093, 153.39856718983265, 146.32065276311738, 148.70154295615737, 133.21444545215434, 162.53992985841845, 159.6584622175532, 156.38334801927024, 154.95391533460463, 152.76897108718254, 144.420513440354, 143.33040395834885, 108.06753582036079, 160.69274065482588, 156.00918428359114, 151.6958525413643, 148.11640731240533, 144.66706027423322, 133.0422710714183, 152.3357029849153, 140.65523155015103, 156.3593792825488, 149.6934896315823, 143.7653689788368, 144.11798612248776, 145.76965408253048, 145.54116479297574, 160.85834114339033, 155.13535680351006, 147.5403111000214, 136.5966618126495, 134.1493269194331, 148.80437280065593, 153.56382209975067, 155.4357455928449, 165.7742598820909, 162.22166953840502, 121.09089271683507, 135.15647382431962, 146.4220239051489, 158.491466147393, 161.90151879605767, 163.03877933452074, 169.72465027522185, 167.41236410065903], "fourier_x": [138.55115812556636, 137.889310514763, 135.44186801082773, 130.12439784086706, 123.39069532798042, 128.46919584086382, 138.16071141335826, 144.26123083352334, 141.90980643367197, 135.91892123111813, 134.0996367904619, 137.25291635493886, 139.45278692944387, 138.927050332092, 135.83976736997607, 131.14511953759356, 132.3603307291893, 139.47035552791863, 143.4276729286196, 145.07676958314764, 144.8492986937742, 143.05911778647436, 140.35197069793807, 138.58510443214024, 127.66926567931333, 137.23743112851426, 140.97996169455106, 140.6285657695705, 138.35354392262246, 140.53507341704767, 147.607046747861, 153.60206677363232, 114.15602196090171, 115.50825867555446, 112.62700650245614, 110.45687071407133, 115.43367779875915, 122.02166856974864, 126.13158628465435, 127.1045556450965, 130.98225708061563, 126.28916546011597, 121.91623061385116, 120.13552924864089, 118.49854378469053, 116.30252538039491, 119.85402770352368, 127.68689700990835, 136.65167372732768, 132.49715616454034, 130.7668711348103, 132.15545351479875, 132.74293028459698, 130.41356036154698, 124.39869380619534, 114.03911564864376, 144.86268672515234, 149.882196634214, 153.41236634637522, 154.99739531108744, 154.94852681653052, 153.9384285318886, 152.9012640647698, 152.3982392696983], "fourier_y": [149.74347388427478, 147.526602280731, 152.58931273055742, 161.16563256800004, 159.0039037314421, 144.4826329057189, 128.4967435928558, 140.97850071082195, 148.8999684556257, 156.5961198236627, 155.842112590164, 155.61303011758116, 159.09570043356447, 158.54356682985508, 146.05430183871962, 143.72039549866966, 132.08580703855125, 147.4463296105569, 156.21254024396336, 157.14643618747988, 159.53491366253127, 162.71688945428042, 156.16428266494543, 137.22469785406443, 99.02977803644401, 134.58919839579022, 155.87720218817395, 164.29089833033797, 162.5460130515827, 154.9141859308712, 148.44181091928277, 134.56386563550626, 117.05304441308284, 147.25593262372414, 156.77148459828584, 162.04225818538583, 161.3433728821843, 153.32511629713863, 144.84917741003463, 152.45758030433038, 145.91814936700013, 158.95622801791086, 160.7947916330059, 156.41463533980652, 152.39913282234707, 149.97801896350782, 138.2029613813011, 144.1726171954097, 166.18300734542063, 167.78522374841305, 169.47704323131248, 171.24382577532228, 169.24858530556392, 162.25690174586862, 153.2162389429627, 141.63874957609994, 153.53467588673342, 154.19060881566242, 157.7724616133802, 158.9056757176487, 156.92287458217095, 149.55317294264378, 149.2772693840506, 158.6095972269162], "src_path": "/Users/hagardolev/Documents/Computer-Science/Third_year/sara_guidance/db_3d_models/db/12/m1238/m1238.off", "name": "m1238"}