{"fourier_z": [138.55115812556636, 143.32287096677751, 139.87357821177326, 133.7795575175683, 153.09878757524024, 128.3602510641515, 152.64531506042493, 154.7904578419693, 138.3675137927693, 145.25683345402922, 143.63632623058004, 132.73144286880412, 152.31644559704904, 144.81766521836192, 158.77230735377535, 160.5146834230916, 135.87290218682546, 145.1348953718011, 144.57618461241833, 125.18543835203289, 155.0409740972142, 149.92411892876137, 160.39906594227494, 162.00645822998723, 126.45167854180431, 142.16405438305034, 143.21186069908674, 93.44298640058537, 158.51192515151715, 150.88802842470915, 158.38396786717402, 160.11684584994623, 91.12765865468332, 138.15291771755122, 142.44925387598326, 128.34739834851916, 162.0289071277407, 152.22922133902867, 153.510443536361, 155.5077327592669, 118.99346033949797, 137.46430095863184, 143.86690626524637, 141.69062722400386, 164.87880574265733, 155.23905689354405, 146.52507778470715, 148.24977304738104, 123.0413065683676, 138.0724948000441, 144.0401478618167, 146.22044430465752, 165.99589560439412, 157.58674342088426, 140.7011284232794, 140.9980711211669, 79.13308554965963, 138.4984584121823, 141.110062129508, 145.3152251375882, 164.84554174144574, 157.87957201576825, 139.58763303217358, 141.1351390459839], "fourier_x": [149.7434738842748, 150.04763291445232, 149.2676030772242, 144.5447875876275, 134.90806937285606, 138.8911662321562, 149.3808969414257, 154.10990197715682, 143.53860574032024, 142.51736270611826, 142.5648471160803, 143.35355300520615, 147.94004705723083, 154.1691689959601, 158.6277493509467, 160.4023316376805, 132.2440250970468, 134.15288281961946, 135.20536876686305, 136.36745508516918, 135.33370350046295, 127.31647979709794, 117.90639169296728, 137.7265551959075, 165.50180674032708, 162.8875073758585, 159.70683444175694, 157.1197705433943, 154.921949098481, 151.9125005177444, 148.24623342943207, 147.23912362307576, 147.1976650961801, 142.21590553561842, 140.5316385063898, 140.4215845977209, 140.2264878962962, 140.82977854157207, 141.16510030686695, 138.74097114201015, 153.20755566991932, 155.25827987969367, 156.54113279148814, 155.81035207186213, 152.8658706497074, 147.84110718764634, 141.22303506223722, 133.66449079178796, 150.40902431096262, 152.18305973068763, 154.9106570923149, 156.08085015356895, 154.83811748339406, 150.8046990574422, 143.59970315786563, 133.68486074884797, 150.842456189903, 146.5734220508796, 144.94828696771376, 147.10603377586963, 150.79225913248226, 153.9042057837557, 155.63346415151793, 155.84347771853828], "fourier_y": [146.66046028772965, 146.39640264359284, 140.93432162930742, 149.41730865109724, 161.6640526713044, 175.87054434958287, 187.07146672481525, 190.95670354521383, 166.0415086804412, 168.0690253960161, 168.52417192804535, 167.2158166300645, 165.3047950818039, 168.47141483954144, 175.9774749594493, 177.6963570367118, 162.56515664642237, 159.59622234099066, 163.69402248655945, 167.80402453734786, 168.5314302364079, 172.81639840543914, 176.67105058045277, 172.88102963189655, 140.15227888597815, 149.092670735763, 163.01021520222713, 172.05590600264117, 172.7862156164116, 175.56900617373435, 182.81965261025945, 183.5605435838461, 145.25743530506082, 160.84641305352474, 146.71805086592866, 161.43753372499265, 168.4264767645902, 163.68656976006574, 167.873584011768, 167.64932962235602, 165.00753064561894, 178.78959227155838, 181.5363322257535, 181.85954566469505, 179.907369912431, 167.9478600312845, 153.50314139602492, 155.55369188291073, 160.94899544676122, 172.26113814301164, 175.14468395100653, 176.64950976538995, 178.45410626345793, 169.72479753329537, 160.9063560561302, 170.46367862905714, 161.04068391469212, 175.77304419485327, 175.73967055350565, 156.66130396708292, 163.94630478438722, 171.25323964940404, 173.07132388239577, 173.55851770447765], "src_path": "/Users/hagardolev/Documents/Computer-Science/Third_year/sara_guidance/db_3d_models/db/12/m1233/m1233.off", "name": "m1233"}