{"fourier_z": [110.82527090316859, 140.94722518473156, 155.54829748906005, 155.32850482021945, 151.4833336098272, 104.29853997541998, 151.04109554382987, 157.1226918086, 151.52881377895548, 146.30087016490015, 169.60669888881915, 139.31791054036347, 149.0965662823908, 148.43746617179232, 142.07665344751646, 127.99562785058683, 150.61823175717817, 134.25515639822618, 172.99066462522256, 161.30660722259648, 154.27386077539518, 153.80805634084578, 148.31097935176768, 153.23447990025235, 157.09262302522362, 141.72008266692973, 168.3852837528809, 161.72732276491078, 157.42735815452247, 145.91131341708856, 165.6308123297573, 141.04678361723663, 152.96357809588383, 153.22523983240325, 163.22477653210092, 149.76464639710787, 154.6663266913443, 155.22019856803513, 153.93775218251304, 147.02165993814583, 132.8619136299677, 150.4413831104125, 155.6581065214846, 143.4218139093613, 149.6645442478436, 161.6558110086222, 144.92665074338157, 161.14081293285648, 139.7309549726179, 145.99383500316424, 108.49944975503006, 127.77370164675693, 138.58869299221627, 152.22880632953334, 151.35347908420425, 145.5876747295984, 165.03882941404163, 135.81486951243113, 151.2492017081202, 126.40131178474002, 147.07537330774923, 162.58639288473248, 161.26787463559398, 134.1248280523422], "fourier_x": [132.7975166765307, 155.85804762884695, 154.4266199114835, 145.3648406218654, 157.97024005007412, 152.57318162882183, 142.50550597891817, 153.81454713114243, 146.95178457271354, 140.5105801708798, 132.94766516353292, 149.0149230864818, 159.45193080092048, 148.2814643399846, 135.06072789144432, 138.38106352169495, 156.2065592569014, 145.709267771862, 140.81577341514262, 154.90726378355726, 156.17534769204133, 130.1767019363688, 150.17995300968389, 127.4096658564464, 159.95085712803086, 155.47717791501415, 152.2398012105328, 158.44802323410025, 152.10368908917832, 141.57650470097542, 160.33620555712216, 153.39836396595703, 161.0934031504705, 155.85608290900583, 148.3944973322407, 154.9686595435204, 151.55441889287843, 153.64878699810632, 162.42499154149937, 159.42331690610342, 160.29663763886018, 152.23792137415404, 146.2705467060632, 148.99461092172237, 155.69324420940563, 156.1350393373317, 156.48722873821467, 155.1480681528136, 157.69615580544655, 156.0858762875863, 161.5916623297877, 159.983618910371, 161.07496670024096, 152.49448564175344, 136.93584564473224, 133.72327493704785, 157.56510935777143, 162.41765633718472, 167.55434155196693, 165.93699542415973, 162.8304043086084, 143.89618288659807, 135.61757233245177, 130.13916874232734], "fourier_y": [-549.6626662901392, 158.07800263370342, 142.98641015513857, 162.53951822339386, 146.9732728478326, 159.0071046759529, 143.6471391861233, 168.5830817295817, 134.36670907106165, 160.17421915082122, 143.13197832997946, 159.7761448813947, 149.07452044182787, 165.18962880476357, 163.57459314829893, 173.4597249455207, 142.91769263186146, 158.4295209967288, 131.97007888134036, 151.41354843912967, 138.7198351042211, 167.40267114917273, 172.5981798344822, 176.1653579227422, 139.8469127675506, 152.2924182536798, 114.1373008348946, 151.511775008023, 135.79639652863173, 167.09325301796454, 176.64439835404548, 176.7346463931574, 114.09709903505386, 145.9818166877889, 147.51182472484965, 164.1949809787599, 162.73774727433477, 166.7179129744429, 177.39556583161482, 174.7770099839788, 136.6255775576745, 155.51557229001025, 159.60643131860041, 172.79122018623968, 174.57798149328423, 168.49651254610606, 175.79275420476273, 169.45337439522234, 153.56424710151245, 165.95947058934925, 166.2371413472204, 177.97460676973574, 180.615798338836, 171.27024939990554, 172.8385171098202, 159.24624686611614, 160.97425815587286, 172.47368013657888, 170.1695247487406, 180.7640178007174, 182.73748626221558, 172.94215807443584, 169.4770048460383, 148.1027046634445], "src_path": "/Users/hagardolev/Documents/Computer-Science/Third_year/sara_guidance/db_3d_models/db/12/m1241/m1241.off", "name": "m1241"}