{"fourier_z": [149.74347388427478, 148.8570832950192, 164.04882361908216, 173.12176715655204, 158.3911561993813, 153.13159055607764, 151.443023752057, 145.99420010005778, 149.7930189947723, 142.42070691003312, 162.0845534029308, 172.53367874345625, 159.6994450546867, 153.9384108867894, 155.61579411596978, 148.5402098568412, 149.84580170448692, 133.6422298460265, 160.66958439630682, 171.95625188256824, 161.66970508162396, 153.73162243005248, 158.56491842323481, 149.41051842754757, 149.67276043103695, 122.69363748581995, 159.4769201250374, 170.98252479557652, 162.6012294227384, 151.0104041855347, 159.79498307245638, 148.28296845262537, 149.05856676422945, 113.02847431142274, 157.83515669806792, 169.24556317292507, 161.78041670858482, 143.8326314833319, 159.12157517744157, 145.3933796477277, 148.01328613021883, 114.51717724753054, 155.1670844908918, 166.46875245686087, 159.0072297634077, 125.49823179804969, 157.00159029677127, 143.01501898030065, 147.05099295380063, 124.50785874856224, 150.99960581087223, 162.292205240541, 153.87283873868296, 124.7129552703108, 154.33312871548307, 144.89061781016196, 147.18930961345774, 133.70141060788546, 145.2484997442709, 156.4189011670049, 145.6127091272288, 146.91643564266045, 152.22865625309356, 150.1037484763135], "fourier_x": [-549.6626662901392, 94.64687334173757, 126.34753487166144, 144.3748081435017, 154.92717526687593, 160.20671706864903, 161.40487395720038, 159.92034520652996, 151.95632217821353, 149.02974429535846, 149.19794279608607, 153.71625539538292, 160.0692577555903, 164.57484636660251, 165.94065424323156, 164.55646041398415, 169.42266199247157, 166.83912792359848, 164.6208226081995, 162.61864896267272, 156.9024406946979, 142.0094621704246, 132.84020389186264, 145.73317419992492, 152.1079959255564, 146.58763054969225, 138.88677069038863, 136.7669586609516, 140.13314920908454, 142.20210654544323, 147.06128430534523, 151.50089392243942, 148.90610569195238, 112.90270926391594, 149.44085866207752, 154.4674123245405, 149.88387462348862, 141.36090098526898, 140.43502051458785, 145.50810939260654, 148.47107616452956, 129.2901185794528, 150.6016549515224, 163.4077561974263, 167.01801011665296, 165.78538681805048, 164.2354449440708, 164.90874780847375, 169.6874783285985, 170.76714596167335, 173.3365920272021, 174.99767297654682, 174.512148941676, 171.47011465886249, 166.88431723453448, 164.01335906850818, 150.1344622369049, 152.14122935895622, 157.70812916223562, 163.77844552408035, 164.76354639204158, 159.12336251370544, 144.07426091287425, 123.20454427697912], "fourier_y": [-534.9697534832306, 155.97020542701725, 154.1470172443183, 162.77275836848656, 159.1361001539429, 155.98791951442809, 151.05675714307387, 136.7622034093078, 125.5351174691769, 135.46638111810114, 151.5420202293838, 168.04784576495112, 157.38743977510575, 136.39957789446262, 154.035369342548, 155.78411037444374, 145.39029579428598, 137.1892965082861, 149.7628030938103, 154.1282278568985, 138.79823561105314, 141.4803244463791, 149.058713011499, 145.20943106384053, 151.1828746817088, 146.66478851248038, 136.63104291775286, 129.76373135703423, 131.47309192179472, 156.30642372915042, 158.86872998474232, 146.47036761767004, 149.07796037742062, 101.7077320595713, 146.09602711177595, 152.29898906792232, 152.91132246413716, 156.81768587428638, 155.81645176925156, 138.70616940230502, 103.17849560089334, 130.29024346986824, 134.66839334124847, 134.39856512757845, 144.88968212939233, 146.67573654198117, 170.5823455134403, 157.71964796002396, 125.83152519196446, 152.25834025836969, 153.26735480471365, 143.18508948252034, 139.86547289475413, 133.74289375226076, 155.78335523203964, 133.29296052026632, 141.84654904734765, 158.38574673583355, 153.90016942038744, 155.2977713306041, 142.0808677592236, 125.42268309159, 161.20069376985757, 145.58047160641888], "src_path": "/Users/hagardolev/Documents/Computer-Science/Third_year/sara_guidance/db_3d_models/db/12/m1246/m1246.off", "name": "m1246"}