{"fourier_z": [138.5511581255663, 140.58169349331547, 143.68359269652188, 145.06483444819094, 144.78119584043293, 144.45184860090328, 144.85839958625465, 143.94469360462122, 154.3649465126943, 152.63634042880238, 143.89116120070292, 89.76049682578243, 145.32442452772634, 158.90214263564783, 164.0085201085864, 163.85618293232116, 124.44430182729809, 145.9465240746144, 155.17755499382307, 160.3455809329533, 163.21777265991028, 164.790891293021, 166.48539596524694, 169.29327782550033, 162.58113201165773, 156.0319365482997, 144.43851029674303, 148.98312257870705, 158.57623849374895, 162.0323562092524, 160.7004090360685, 156.14767686105216, 159.6168590529375, 163.329946593185, 164.27310579724352, 161.60296899596835, 155.37417641666693, 158.21863566569186, 169.30356917408847, 176.39183652346742, 149.8771827128512, 141.61044754939707, 143.5051345722939, 146.38971038013517, 147.3438926632046, 150.25454689342575, 154.56887576508248, 157.55295597441065, 162.47886384315237, 163.0681487274109, 159.69780661802034, 153.92421045880272, 157.7252199622917, 167.30099554729716, 173.71932279677526, 176.8492277179193, 140.931703964948, 142.21160441959063, 153.08487170894097, 161.31227261297997, 165.8433474178168, 167.68704534975487, 168.2259489522188, 168.9079509040366], "fourier_x": [143.01402915185054, 153.58819110523297, 127.32771295519382, 151.8387949651156, 163.79911194092327, 169.58188599905662, 153.6381577135845, 162.59172637776342, 160.50700639693585, 167.80809464286455, 158.58484571552214, 154.26448279588934, 165.56788148306276, 162.2193076928179, 131.13012833049564, 160.26011998664586, 171.9183633906874, 176.62092252977007, 172.28901766178421, 172.85488876587078, 175.09796820085143, 172.5915245600328, 148.6972117652235, 158.23930788028332, 161.58661595170565, 162.32008654133037, 171.04135010269405, 178.06423760708844, 178.13444384529433, 165.7019685534766, 169.60828998698764, 178.33657960158547, 169.08574425954183, 162.95141666402878, 166.2636197437231, 170.12056808911294, 173.19744087749456, 161.06471560142225, 171.90152364057997, 175.62895502907676, 124.11584208280571, 144.79430593362207, 164.21899530019903, 152.06580954576071, 170.6317742290344, 160.24600036427734, 171.844004638853, 162.99597648411495, 159.51163909878, 150.6759270525851, 140.3742714661934, 152.10088820987767, 165.03241132246924, 161.73390635705852, 161.4988072809574, 168.00061327973486, 133.81871220247942, 150.04873990236553, 144.92456060641769, 155.56032947794614, 163.7025982183803, 153.85720441054082, 145.8718412676564, 165.57536794877765], "fourier_y": [149.7434738842748, 152.5484628969864, 156.42838555137166, 158.1505519846351, 158.4712821068404, 159.22647815092364, 160.0891385576628, 158.4147203694257, 154.10408380391493, 160.63706734226233, 163.67452111132366, 164.18410420910718, 164.13385534660011, 164.75905282720385, 164.34369756540355, 159.83629791731238, 144.1958647889046, 154.24561086571057, 158.13950940845632, 160.61132805791243, 164.8318577010861, 168.57987472287718, 169.12986861014505, 165.0955485288534, 151.30762508630147, 157.18470997095184, 158.55792205952886, 159.925941664317, 163.99842704945868, 167.0036626768092, 166.00864859517603, 159.43486649540796, 144.75207925862836, 141.66154840891744, 138.77888283426665, 149.15849381379746, 158.61033603918358, 162.27833390883603, 160.51013612210028, 152.64330637364762, 151.8014486753454, 145.77963816531266, 133.26997960790223, 132.14704023807263, 143.09215524773566, 145.9138220153517, 141.57322803526603, 128.81665135745357, 159.68286255722694, 158.83201972101045, 155.67599796695046, 149.80277718812346, 140.39847028421053, 125.78417410288829, 116.3007924084655, 125.84938255742225, 154.68262036728453, 154.09004108841916, 149.02940415240536, 136.91131579837375, 118.75261096307483, 132.3372542704371, 139.12973258753627, 142.00237974250024], "src_path": "/Users/hagardolev/Documents/Computer-Science/Third_year/sara_guidance/db_3d_models/db/12/m1254/m1254.off", "name": "m1254"}