{"fourier_z": [132.7975166765307, 137.42695259362887, 145.09780255531555, 140.20579993692996, 143.8056313491686, 150.20023555577157, 153.795358623895, 144.89499627069614, 140.1151260298744, 122.00732268332212, 146.97973508668622, 135.95421700025133, 142.0653328557504, 147.019398943136, 153.39200499922137, 139.99979695482074, 147.7881719245225, 107.35060962873546, 152.42557737421714, 127.12060144578766, 127.36559790792306, 131.73764962603556, 150.36245734755428, 142.00081917072117, 151.6561290622071, 136.2579852695165, 157.17485196439702, 136.38119320470295, 113.89811073951802, 124.697739665418, 145.52521751024324, 146.7969051544861, 153.27974423804142, 149.04294966514138, 159.87031923762467, 145.021164812126, 126.57256439283243, 142.47672063651788, 144.28393581087067, 154.74528588550896, 154.46967339884478, 157.48521976710558, 161.31028827063093, 151.30066285168044, 132.25458283999814, 147.93171999898667, 147.7637335283311, 161.1304281382493, 156.13764490681808, 162.65884095117423, 160.9204869265915, 153.63275838630423, 134.87838380106427, 148.42672099990943, 148.65406949373798, 162.76152267544052, 157.34732342113085, 164.98840207027214, 157.5207064785785, 150.88538372310586, 127.70424644925889, 144.76654025177012, 147.43271955532967, 162.3661739110679], "fourier_x": [132.7975166765307, 137.249481560086, 145.78594662611349, 153.2640601849703, 158.40534376932604, 161.30094201104566, 162.2935198042612, 161.71714996264842, 158.39943919835895, 152.97377825659612, 143.2929999401447, 140.23125422399258, 146.3264055523536, 148.6638589124567, 147.95122467251332, 148.6525145418891, 147.50049364012344, 145.69718159313365, 150.61963561538192, 154.46517881789597, 154.6723445507061, 151.73999393771672, 146.97029223477617, 142.08328816489714, 141.76244264153394, 150.0242299683222, 154.3274967656944, 155.18969608334297, 153.7619772474014, 152.67991593446789, 153.95096835475715, 155.61284519717293, 147.32140578370652, 132.51802332939727, 111.19982136985568, 109.91455407773807, 124.40607060829579, 131.72084747904537, 133.60594724778122, 137.88511639468092, 145.7702148389397, 145.15341087482508, 138.1755933834137, 130.35785182458665, 133.55425911509923, 136.15982593787686, 135.04099414833257, 133.2620499394599, 119.79747241037396, 122.64117793588863, 124.28496050544052, 109.21931498476764, 101.47301969553351, 112.54927220977338, 114.10234882000253, 133.98815382637378, 136.77051925698007, 129.97314434517872, 139.42582165683504, 146.10800585868634, 148.59535561252164, 151.17506104008376, 154.16640869460505, 155.09190449494474], "fourier_y": [-540.048554618593, 168.7031424240073, 180.20524818070265, 177.64706372961524, 174.47290454737208, 193.90565886692355, 192.27694964676022, 186.56100216627263, 172.6464167070419, 168.41522043425022, 169.7618965112214, 191.25213984996097, 185.4153609436832, 188.7746909693543, 196.31509132822484, 185.22415888812492, 173.73269492922395, 175.83029707206566, 153.8688543119926, 185.24933786291456, 181.29343269691717, 185.86424854372453, 196.47645006198374, 160.62515493139904, 179.2414422173785, 174.64532306507803, 168.55184860539848, 170.79738665707185, 178.882826472004, 188.22722907898682, 191.07964234680466, 175.53753217034458, 166.70269246050566, 151.06975247263597, 174.311084410385, 162.4885731970919, 180.49714177429007, 188.88935619504363, 183.9752769205995, 187.66870353470796, 167.411483881378, 176.92608725675046, 187.00200065145748, 151.8906051877971, 179.86953130501325, 164.31189417259986, 163.651805669027, 187.59915328822498, 169.06327392101926, 189.17767665391983, 196.06132957577668, 161.49346909894902, 184.50805837330984, 161.85088208944563, 168.31607787868802, 156.507418370472, 167.86293276017875, 181.23968881423193, 188.74908711438482, 175.36194580104439, 188.71858447392015, 177.85529846139366, 176.55567891425414, 167.2013545926511], "src_path": "/Users/hagardolev/Documents/Computer-Science/Third_year/sara_guidance/db_3d_models/db/12/m1251/m1251.off", "name": "m1251"}