{"fourier_z": [152.41410173676525, 168.75335490860405, 139.54107084559237, 135.72071208243204, 157.44783489068945, 166.92290987910417, 160.68733203565162, 150.39457265950892, 156.64371530652517, 167.92023246573333, 149.91148548773512, 141.73091377719527, 154.04991114010795, 168.2077613198629, 167.73018045013484, 152.9977025033005, 162.465052537586, 166.51492214016915, 156.11833482077787, 148.9469583989062, 149.12612716691658, 167.6700985999995, 171.93196298664628, 158.13484160912537, 165.6848270431898, 164.2599319875808, 159.3567011528522, 153.51487058557186, 143.92339613748544, 165.86573277836763, 174.20762819644654, 162.88508680379732, 166.09881898584678, 161.02399686184825, 160.76186501045032, 155.24248214551108, 140.12267754472578, 163.94175646719393, 175.2288095937418, 165.82950332883678, 163.76451851391374, 157.23483070732905, 161.30827503842713, 154.30423906245787, 134.51006236842682, 162.98361474069293, 175.6064261368436, 166.70514790623292, 158.38634567987037, 154.42067445271854, 161.90116346586936, 150.82442176682346, 114.19308155994862, 162.81492655202396, 175.78765646994398, 165.57302505315207, 148.9052166618127, 154.12260957982002, 163.07777653775244, 145.2455145983761, 131.31932264208652, 162.79411894861394, 175.87085035611364, 162.66552519226946], "fourier_x": [164.98627492521274, 164.55939812732748, 163.2564268133874, 161.00940956628347, 157.70917559061976, 153.2607765705227, 147.9139731699944, 143.51790645982018, 152.41070552694376, 148.1269526995013, 142.6839317756336, 138.11624492429277, 139.1197121540196, 144.3172450001984, 149.35045717526657, 153.07795825181904, 159.41544548383274, 159.98805779923757, 160.28547583377838, 160.2746549723434, 159.89957815265976, 159.08460350562234, 157.73318507893032, 155.7187681159269, 145.66136460483264, 150.4614426711906, 154.12392791970515, 156.75795997364676, 158.50556382451538, 159.4780625020586, 159.75585639311916, 159.39821367171578, 155.9363128877128, 159.42831062113723, 161.63085408924672, 162.8073016893715, 163.09304853829036, 162.55173303606102, 161.2020073733363, 159.0382791858102, 156.73972116088837, 155.85893900964237, 154.3488507123089, 152.11130858178836, 149.0401063287243, 145.06366387732615, 140.35462560353554, 136.02954436076914, 148.75811153992126, 148.21273616039144, 148.10156952708954, 148.3267179687419, 148.65208820918295, 148.81131430050806, 148.57388173968178, 147.7498868499288, 149.56385239158402, 146.40596092368935, 143.0193324910712, 139.53107542134882, 135.98232684465776, 132.22812069629052, 127.90503345639152, 122.57312007402213], "fourier_y": [143.01402915185054, 148.70915730935562, 144.98111632343273, 109.1725875755278, 149.22093550575232, 142.7937647807433, 145.40175243523018, 163.00595668459013, 155.1599340968139, 156.78546227477804, 148.45977433716848, 134.41462302015174, 156.26662542149484, 155.96494983535473, 130.6488779520714, 136.26919690073657, 150.54958342919218, 152.94042834322386, 148.307469842538, 157.32996288643642, 165.90007509447773, 163.86244695098466, 151.76359160747958, 158.00023675716685, 158.1982999764409, 158.26608099797062, 165.3025307014105, 172.9039986485895, 175.93718818597216, 172.07896527307892, 158.92733575645795, 153.46529297446017, 144.18793947903717, 138.63696000713188, 149.56466491693237, 160.75713420760795, 164.6988888847742, 160.99168215508183, 162.06434329702404, 169.49590793343498, 140.19579899915084, 131.00867179772823, 136.95952112546556, 117.86891004446382, 110.18019108899901, 145.21437820409295, 162.29111560552712, 168.3673586624461, 158.2025447322806, 137.2099035214588, 132.12088738386495, 145.41959830954514, 148.69713117718376, 144.7707681738664, 150.57869643023446, 156.8515899010888, 159.94519235660493, 146.26671745217612, 143.40952664657016, 153.01187677990154, 155.79585626778464, 149.87234862267837, 141.9861546638813, 149.68211351250585], "src_path": "/Users/hagardolev/Documents/Computer-Science/Third_year/sara_guidance/db_3d_models/db/12/m1256/m1256.off", "name": "m1256"}