{"fourier_z": [156.87697276304945, 155.4426814525588, 152.07375437030436, 150.88955835611114, 163.91547193968734, 157.69329462686906, 147.60794669959603, 160.3148110429403, 150.29249872221288, 147.67924309461077, 157.61693447517584, 164.798150925028, 170.18083136688216, 163.33396642392412, 121.76394897862693, 151.5976487792742, 144.326419191627, 159.83861008913593, 158.66756367501372, 163.18142171713814, 164.11670395022304, 160.3939181112955, 160.1500930799999, 154.77400833630003, 147.73663417406036, 163.348043752746, 153.33798653129222, 158.71238336550232, 160.09190591117417, 163.71754361797744, 164.8384568279114, 164.2561189178139, 115.40717612742272, 156.95760946190217, 141.03038988098476, 154.77699276245525, 163.34376424005546, 168.40239288377003, 160.8543738596231, 138.65662645603413, 128.52393792086582, 163.4069825304848, 146.27749935716935, 148.836869224527, 149.0579039599164, 162.18635467783574, 166.2952605139935, 154.2602477579433, 146.67641883111563, 166.54465239269368, 154.77641668177324, 156.85796953870206, 152.46947786888566, 158.57061978763963, 158.03888389644152, 147.40199980181714, 159.87518392179052, 158.86227985875715, 151.22454111642452, 136.18774842150435, 159.3637579560436, 169.12294063554342, 153.48188074167632, 165.5436884315864], "fourier_x": [164.98627492521274, 150.17020288602058, 148.6161296444259, 151.54126143904472, 136.90041339971248, 161.2641469966038, 156.00971253927543, 169.8999165671632, 162.28293056310497, 150.07336533176775, 155.88470593842607, 159.53855657536144, 136.59865735061382, 155.10418999109876, 144.92617948722, 169.18392510570794, 154.48959689373285, 144.91836529997911, 161.36290786775146, 166.53054833087907, 147.59108464956853, 143.53023481204065, 134.05832991073143, 166.45551920989593, 148.17172843067337, 142.17184024592322, 163.98179016625747, 170.54610232492766, 155.86571159323907, 135.82988966585162, 126.28558092656162, 163.9011175293005, 150.4157668247193, 144.98606336659117, 163.53760023280316, 171.64507750737428, 162.83114147583905, 157.63785648992643, 120.4749800511018, 162.927065748247, 150.49319132179912, 143.87074834602396, 160.15453362121934, 170.12762991541928, 166.9242937112117, 168.08353127089856, 148.1817985922326, 162.6601225429529, 143.46291147770484, 133.87606864093226, 151.58230977545483, 164.78647277534066, 166.63063741728624, 172.85038402221676, 161.13248517513168, 165.3339834974621, 140.33714263101675, 148.50053633686053, 130.02057531490394, 149.73334247224352, 159.04271598809058, 172.89801420427312, 167.26424220725283, 171.11994235139878], "fourier_y": [132.7975166765307, 179.94880495634973, 167.82330055655376, 162.95449237208626, 153.44515417797393, 166.77187497814577, 156.12298837252945, 145.29522349382268, 151.06861326624824, 178.67102243803546, 170.1386514523171, 164.0156167250546, 148.39125694062173, 164.11982222779602, 164.15937623095294, 137.6332225476239, 165.59210281392225, 175.25204639394946, 169.8708172741664, 159.79979641703898, 139.08665068997837, 160.0886165126869, 170.84719314194587, 149.50131051019494, 173.9942911490667, 170.0612167691312, 166.02227922282455, 146.43181122210933, 148.36181427830516, 153.2910413388019, 175.91638158377975, 154.00055562418726, 178.04988599996017, 164.6180616374453, 156.991567738389, 125.65555537468416, 157.3839253523005, 139.10898637902866, 178.19118443046125, 148.4426054603225, 178.7934154361913, 163.94838778620385, 139.21291284605638, 150.51909043031847, 162.84655819353168, 132.21264575467794, 176.58008147226948, 154.7694476527589, 176.98520882683226, 167.71648288812744, 128.51737025800526, 160.83938025414042, 166.12700654971673, 146.06570708954177, 170.1207529297826, 167.2418682668085, 173.2552282743742, 170.89860895575228, 140.51973947041182, 166.20274427282442, 166.67959168435038, 154.09589552646557, 158.70444371671832, 171.67374738704558], "src_path": "/Users/hagardolev/Documents/Computer-Science/Third_year/sara_guidance/db_3d_models/db/12/m1259/m1259.off", "name": "m1259"}