{"fourier_z": [154.7697624498929, 148.8899217978843, 155.1434492265069, 148.1971306156102, 142.55191952049637, 146.45802219647317, 149.31173262516486, 155.8608245730587, 182.42557467573113, 178.67925201705526, 186.31721249769694, 185.01722572701516, 183.75330472359846, 181.36911227782943, 173.1271580749854, 155.9194259496398, 190.92721655512807, 187.1157880661857, 189.15178317552474, 185.20192159716527, 182.77500666963823, 182.7799623593831, 178.75266188255335, 165.84499686756956, 184.71494057519504, 179.25121665011133, 178.99853252372617, 176.01671171700502, 169.3716502860412, 168.45865144283937, 173.1595438984478, 173.0000121206943, 137.06512580342041, 164.13285028432878, 160.16103772466693, 176.74171122186536, 177.1626205120364, 173.75910230767246, 175.05903305240872, 180.1600899452076, 172.04064982818537, 180.9724072439888, 177.66516315316926, 177.34564753729305, 175.88530698801964, 178.3996842994809, 178.759471861793, 183.0488499402841, 152.86794315736216, 174.12489606923685, 177.5799563301811, 177.68661340852506, 168.55397249061863, 173.4733784844941, 177.2674662565711, 155.93188365714747, 161.26305072718836, 137.94028963687387, 168.65917078899602, 176.35869702587246, 170.1551548732749, 175.41271117482768, 188.95940321383463, 185.8984421371015], "fourier_x": [146.66046028772962, 149.58598173006638, 155.4057746189065, 151.85176841099357, 154.71047721290077, 163.10281182211102, 153.07857034013279, 156.15162061790681, 145.99660548336055, 149.51464567524638, 154.5241038476326, 150.75753975429848, 153.70344037685624, 163.2972497825081, 154.56202657986844, 158.20424293642975, 144.11640792982547, 148.26307212234002, 152.11934936359205, 147.12521537684395, 150.32286314569865, 162.02512963244908, 154.0075527152856, 158.9317550246794, 141.56057544780833, 146.6153196223857, 148.83095614413645, 141.7704096300901, 144.17376175981803, 158.71781343284258, 148.90224626759905, 155.5668672985237, 139.74373602753863, 145.47274030444663, 144.2606384250417, 133.42612427313102, 131.16650585896164, 153.08760171645224, 137.5131486393936, 148.0940100821026, 140.165077413804, 145.5651100917369, 139.11282612560356, 131.48249666777832, 121.46244901759219, 145.4646873747438, 120.23198409196593, 140.1369789810014, 142.15889668221286, 146.61991892591175, 137.81685158183723, 141.1363783017956, 140.5354510923803, 139.67384398872935, 132.88130332289742, 127.82351577111662, 143.98169483833394, 147.60792920202275, 140.25779521885835, 147.01185346376775, 149.02849485684104, 143.38964312315943, 149.115931176654, 136.90886066972044], "fourier_y": [110.82527090316856, 148.90217636752428, 150.83574489658454, 148.3104260127993, 138.28862817291014, 167.07987948445506, 147.27465997049123, 141.93504033768878, 132.3775887431315, 154.4426441328536, 155.98058368642242, 154.83588454720908, 143.85387124608602, 167.8478907745295, 149.20557171402507, 137.32064016260216, 141.75347903227131, 156.570626220139, 158.17595740994918, 157.0911965609856, 143.98633590098098, 167.21250742455845, 150.6688545931748, 134.51051571247956, 142.79776654004894, 155.21671732159976, 156.98112009084065, 156.36405403762768, 137.7026113285245, 165.95370354015088, 150.33739361726376, 138.2341162874887, 136.35453051602536, 150.65212704790832, 152.3913710333515, 154.5788038075564, 120.95446613603917, 165.4026179772884, 147.90829562710869, 142.52875549358208, 120.63648216765301, 145.8075520070885, 145.97967875683304, 155.09975231025408, 127.8101201224181, 166.225431343345, 143.3241511742389, 143.81093207322112, 134.07543413333653, 147.47821327094346, 144.59465700546022, 158.2026384732104, 140.9620682955251, 167.5059034952257, 137.14406473453454, 141.58354072323112, 145.7110440477015, 151.46626392494517, 147.74051305942973, 160.800501703306, 145.48437785453154, 168.0439727945788, 132.99970325372595, 136.59311963521426], "src_path": "/Users/hagardolev/Documents/Computer-Science/Third_year/sara_guidance/db_3d_models/db/12/m1252/m1252.off", "name": "m1252"}