{"fourier_z": [158.78317635913595, 152.1690797235076, 158.5675905596257, 158.1158104594417, 140.90100292717534, 150.48279585650926, 150.505631273637, 143.71158850987896, 108.95870972691993, 114.59058753430537, 145.34524316231062, 136.31359071691372, 139.90307255639553, 148.49621264675932, 129.12785814719584, 136.73110856837934, 120.40679842901754, 143.3528280179449, 149.77023246290952, 133.70477499507555, 155.74731351709121, 156.34066814981256, 149.8354201672759, 155.1552442389509, 143.4233666425509, 135.64920686184814, 132.37417983753895, 137.57470196308762, 139.3409748327501, 131.10241860421542, 137.8035638153719, 140.447229748949, 131.2156515562092, 144.3316674060151, 153.05840130693315, 140.02057768231225, 144.3126904285939, 150.515175945192, 138.14328898207978, 138.31799719861283, 141.69155788133867, 135.83252843378182, 133.97998519169386, 141.43503488345286, 117.3017991718157, 122.33497614046938, 106.21543212064336, 116.63220506119632, 138.7026017726804, 151.0573258676484, 153.24067797040487, 142.54432057303285, 137.40093426464378, 148.8872867331158, 150.894736058726, 146.7367085921128, 137.6499954906236, 145.00925303946497, 124.58149047366877, 134.45342974915562, 144.03913514708682, 141.51464365252582, 134.68338659845733, 134.90142693346527], "fourier_x": [152.41410173676525, 152.0059574682247, 154.29309281599163, 147.6865359233301, 147.35690013380008, 138.04044023098487, 145.65447610717277, 133.2829917457205, 152.26383902828658, 152.9470249885776, 154.86766243963459, 150.61497603232453, 149.8768090921568, 142.7442948287484, 145.56370497118843, 139.39625101407108, 151.810080469064, 153.57627966155326, 155.0823168042383, 152.89880193585276, 151.94444302321514, 146.45630653557973, 145.1994215468522, 144.63570928561214, 151.04365419108495, 153.91758477416263, 154.95373782490992, 154.6845564221072, 153.62544336583196, 149.54170968122304, 144.73706446889662, 148.83451466908707, 149.94835779932242, 153.9909315022687, 154.49082216658329, 156.06822180975556, 154.971943310557, 152.19538661369268, 144.41386434639173, 152.17334342502818, 148.49940513204942, 153.81338493089305, 153.69631740667916, 157.11591535418475, 156.0224957903964, 154.5224232522318, 144.4866474306166, 154.82377644956085, 146.66084041361023, 153.40003241765686, 152.5681709231771, 157.87470086222675, 156.80358546745865, 156.5761744197257, 145.12733061763777, 156.91034844081292, 144.38137077784847, 152.7648659523248, 151.10110461380535, 158.3785994383658, 157.33114562296788, 158.37957994771426, 146.32466935735283, 158.51927374262922], "fourier_y": [138.55115812556633, 157.09090042816388, 159.01595338396274, 148.74341128271033, 151.2236159357367, 153.59844117754048, 160.1917178229935, 153.04345701971025, 140.31627219934595, 158.94824053148758, 157.32123949860238, 144.00204237403904, 150.44325863210355, 154.93998389457644, 159.82130031956922, 146.6537985941778, 143.7946598899088, 159.65748968013096, 153.74126998857864, 135.1006428421306, 150.27293194767157, 155.2701257895747, 158.83181078265292, 136.90292882022484, 146.79310649191785, 159.25071118394004, 147.50084185478318, 114.69710907652241, 150.4012374712441, 154.75727996484355, 157.41432161191307, 119.49466446872978, 148.58749239472652, 157.74125155189165, 136.79011405170706, 111.16411036268345, 150.34420569323862, 153.56860520342445, 155.72036709095758, 110.52449365431228, 149.1104832566053, 155.12004744027132, 123.46884084957156, 132.82312424998184, 149.673772684729, 151.91011373901017, 153.8126052516015, 129.78534879749625, 148.4820140823439, 151.35837891853845, 135.2219090708757, 141.35274374547856, 148.07013823796797, 150.04930276773453, 151.62611773771917, 139.17500125457062, 146.9373652459113, 146.40516300247316, 145.78612623593386, 145.5242362409105, 145.29797574176573, 148.29122842597903, 148.9812925771602, 145.01494507276465], "src_path": "/Users/hagardolev/Documents/Computer-Science/Third_year/sara_guidance/db_3d_models/db/12/m1268/m1268.off", "name": "m1268"}