{"fourier_z": [110.82527090316853, 134.33551546050688, 140.23568206336725, 138.38645108116376, 117.67640376900437, 140.67731680879803, 126.19320423461963, 144.68912086526063, 126.88064396844317, 146.44862071411558, 137.9749748062642, 127.3361503574782, 124.68217296209689, 148.23390284809045, 140.17363085608577, 152.71758326013244, 136.70607449755795, 139.94492170305966, 148.5364967858529, 144.2976595112622, 129.81298117445345, 142.3242225842724, 137.4651258516977, 160.14021817035007, 138.62596962620896, 152.6960659464532, 141.82431643487834, 137.33503819340348, 118.86988039257629, 138.22131261399502, 144.08650534179156, 144.72407785447794, 136.8533860892203, 140.9253508653868, 147.42880242875367, 153.3153242581576, 127.99544004483215, 127.99196450826925, 135.6145535182913, 147.52532683416285, 122.50351558206363, 149.18225330893824, 145.78726159652624, 149.5122694941179, 122.45200434742222, 121.37323367836967, 149.86442228643185, 130.31202312584114, 99.85898888295436, 148.61625981146202, 145.93462184820365, 149.03948883338666, 118.47997296512165, 115.99080331338955, 142.42044221375951, 148.61461843315678, 130.5380217618968, 148.19595573182917, 150.3628440801756, 150.1759970524347, 137.16200237182323, 139.12955584669393, 131.55184846402096, 160.15302950829164], "fourier_x": [138.55115812556633, 135.7812933023561, 128.99684970026354, 125.18275576596592, 129.7094745646215, 135.6477406892053, 137.08853024281603, 132.40264041352847, 137.30663257416134, 135.52282764504073, 131.23159844442432, 129.3849998603233, 135.07928901166582, 140.6603547891324, 142.53392249636855, 141.0135443198326, 133.7181023801266, 132.41856499993474, 129.76195071603408, 128.78750746819298, 136.5872250963326, 142.51924073182238, 144.83723500563056, 145.56858548648603, 129.22626264564173, 128.6510418863012, 124.35070621939188, 123.07656612673311, 134.77569218906535, 141.6639142822095, 144.4712731297329, 147.23646535353498, 128.65348732774885, 130.44812313715607, 114.6349844336446, 109.26641955997015, 129.28436315390948, 138.07710524249893, 141.43189065780666, 146.41318443297016, 132.72111316088623, 136.46928237306145, 111.47675276572215, 108.34383516239942, 118.92146813536317, 131.58664043614084, 135.41698277227079, 143.11261460954103, 136.398545843083, 141.3176679351398, 120.55577789583269, 124.31757835762804, 110.53784840410749, 124.2282112069747, 127.31586265783835, 137.08172512983177, 137.8280886972343, 144.05316539047533, 126.5008759222332, 132.64211392293709, 121.03829148140426, 125.60540692023761, 126.71084331462582, 128.6098861379379], "fourier_y": [110.82527090316857, 153.60059994998173, 126.61134552809969, 102.58158458399605, 147.47405181625433, 111.91417301379632, 154.9274269456651, 134.070437280264, 120.66111042047886, 155.45291321092753, 110.75069427725275, 120.6410556540203, 150.97193996421458, 122.17165914770894, 152.12786307569533, 129.54791613039862, 130.77279305769113, 155.14420537215813, 96.05976500564877, 128.99917670976757, 152.65208052681658, 127.36935793310549, 146.60179001769467, 126.98645995856567, 137.22231297922636, 152.54365499239648, 121.10921725914386, 131.7151125124558, 152.74829096592458, 129.52314263747618, 136.94675995996124, 127.61444801498236, 141.29268599815563, 147.1274635678436, 131.3237127893464, 130.8097287258808, 151.3998148134038, 129.40765957021736, 120.93317823443658, 128.7353457845089, 143.60793809911377, 137.66178917218878, 136.74872313013205, 127.50966738707834, 148.61994820458017, 127.43516477670363, 123.5335087613349, 128.37804961004588, 144.38352123032817, 124.82277412637423, 139.55779371309367, 124.76622953113414, 144.24972552758993, 124.62431803199107, 134.519120416091, 127.309974019021, 143.57899173383612, 130.15957726080683, 140.5516493519069, 126.34629130914541, 137.99722331459262, 124.39196215996644, 139.071029494693, 129.57855989011873], "src_path": "/Users/hagardolev/Documents/Computer-Science/Third_year/sara_guidance/db_3d_models/db/12/m1267/m1267.off", "name": "m1267"}