{"fourier_z": [132.7975166765307, 138.49492404534348, 125.61675887033503, 140.2334725157272, 114.66644274138908, 146.63520749034336, 149.17530965031784, 151.98671116146687, 136.66199243042422, 139.7821461439614, 130.18713489911718, 148.32394406737777, 144.97995600945256, 158.6668581169482, 154.06641194451663, 149.38647355284266, 134.2825354758994, 132.71312190444144, 151.68070851384783, 157.36538907649492, 150.49255021874373, 154.37638888804395, 140.3728392851071, 137.30673298821887, 131.7006646870457, 142.53335099050682, 151.75358225474272, 153.2300717692772, 137.63285933005852, 150.51865588540008, 127.94408358309875, 120.27903108156417, 122.06963921748566, 145.77154176385326, 143.17012140063608, 135.7993808198607, 120.57292580149466, 147.86592822812966, 101.07482274803642, 134.20182813199628, 149.083427811536, 158.3569907116163, 148.70911346860476, 137.3032914386194, 94.78632262806796, 125.97282882219703, 150.45992892695065, 136.03853424196265, 130.02162988155487, 151.93619601916077, 140.22194145293423, 135.4420614206432, 117.9049498392601, 125.29977747419846, 153.09714576893225, 142.53158261094356, 144.52813231097352, 128.9806492437356, 136.5733845199481, 141.34543276613692, 123.70175463626735, 139.83074301658144, 152.78417637830034, 157.54804565287972], "fourier_x": [152.41410173676525, 165.23168787835226, 171.8935226796753, 171.66123437824325, 168.60755719669285, 163.89392056412402, 154.83822388316509, 157.44661040023084, 153.62749602597478, 165.83286581056052, 169.75612980038673, 165.21652866019775, 151.46999382189762, 134.4220724633184, 149.8364614437705, 161.13259960045568, 156.77084569001164, 161.60497946423814, 161.27394481627223, 148.0170209967826, 143.46271322004276, 161.00227545739614, 162.98192498286005, 159.0129266013884, 159.65839030426525, 152.76517322630062, 144.8310394623885, 128.2878461530605, 155.44122257940774, 165.66872220018985, 164.17426561897113, 151.97023946069268, 160.19670609733322, 139.2220887922724, 144.5719194680044, 153.9071188200267, 157.36899072245882, 160.98328163519457, 156.82364338010416, 145.8805162162235, 157.48529229518977, 126.02619157754842, 150.7120574665654, 159.07949655222498, 156.9227863693698, 154.84108114015748, 149.56928660000221, 150.47357400128945, 151.06961052870957, 119.90305488484492, 146.13492562930037, 157.4138628407766, 158.5029729995969, 161.365583554509, 160.18429927431825, 158.80845758760597, 140.26678250937624, 133.64104485371587, 130.5535442424578, 152.0144343296534, 159.07001355917376, 165.77390864823118, 166.11110408212267, 164.97062838103633], "fourier_y": [156.87697276304942, 152.87953538338706, 161.75486458561835, 170.3975085229344, 172.3975207099159, 168.27355243975663, 172.94879203751915, 165.39609356695894, 156.71929833933024, 165.03735337679612, 168.70071841366638, 172.70564648086858, 173.15804861938022, 165.40415661612852, 169.15493267001494, 164.35095558885627, 158.8711252569848, 170.6384545846838, 172.29681737716916, 173.08177723153918, 172.25169058199825, 161.8379862859647, 164.4560181776573, 162.60236964636746, 164.66232474615902, 173.25256468423885, 173.4287245022105, 171.5827747662458, 169.27325293076277, 157.88468635825947, 159.6097081870807, 159.27208387967931, 170.20385939024754, 173.91748298096877, 172.60180193931714, 168.31500752480588, 163.4973811776539, 153.5892045551527, 154.84824012512036, 153.24188927792213, 173.40171419822926, 173.0220573783622, 170.16492972874852, 163.80843961186508, 153.24751418830755, 149.7321723528938, 149.57882785110542, 142.36989321221654, 173.8297293758436, 170.73940630576772, 166.39416254018056, 159.42667170883936, 133.08515456550057, 148.69135245929854, 143.22778735333554, 123.87603790044176, 171.19886948332623, 167.18169532379451, 161.42110953762847, 156.40842618995958, 130.18490914626187, 150.98548621300975, 136.60238026076826, 134.7474177821563], "src_path": "/Users/hagardolev/Documents/Computer-Science/Third_year/sara_guidance/db_3d_models/db/12/m1261/m1261.off", "name": "m1261"}