{"fourier_z": [-604.022447815285, 119.56096432457606, 121.69448279909551, 97.82493854745539, 109.3832274378237, 113.9725912755313, 83.50255670216576, 113.63851978528592, 120.36733591711834, 117.14323444828112, 104.93294187057096, 115.99034265331949, 115.30644202077357, 125.05973750194015, 132.20934167782355, 122.92883195794445, 126.17704005825382, 106.85586253633221, 114.6022064015939, 113.13109521491306, 119.9737842829979, 100.85136566868037, 123.22508108861027, 135.47211248422593, 131.56680794308718, 137.30682060697296, 134.92734901822556, 134.48152729760642, 126.98611373246112, 127.42485683095866, 132.56742053577847, 120.92810108353704, 143.71438499662122, 136.69621591361178, 138.37149292871234, 135.48344935309413, 130.1655557153168, 130.19371847328608, 125.35576194247939, 117.81463750006773, 141.70129062336616, 146.5425229041633, 144.2568838978806, 143.22991856404, 149.12122906718182, 145.77818623662174, 139.1983786562259, 144.56579805541128, 141.64843344329773, 136.49110282155485, 144.7026904328339, 141.10575742327737, 121.0050416963186, 137.8934482112385, 145.12052327449587, 130.5100702891188, 130.81086640644696, 137.27308233973392, 131.87669060878974, 133.5971637640912, 146.7643536816558, 137.7375198234223, 129.60882772896008, 142.36277315218317], "fourier_x": [110.82527090316857, 130.7352687261156, 130.2615177296148, 107.45416695675067, 129.8132869545741, 112.5281346849533, 79.58160887463524, 140.58487197482756, 111.37832024853532, 130.97985773352352, 130.9821498966186, 108.50671966724262, 128.65577806363407, 115.99401240361372, 84.34658662763346, 140.33322170485076, 112.87562769583003, 130.88884093371635, 131.83795252407407, 108.91047981096838, 127.08309389417009, 118.46176720440452, 85.97269075143066, 140.00126249323006, 114.96032519905127, 130.47419232817668, 132.8429225102709, 108.55198927469812, 125.04667713761216, 120.18284591903247, 84.3704172956866, 139.57069478124725, 117.29276121889548, 129.75058220762403, 133.99238309477622, 107.32814735580205, 122.50625269025413, 121.3105256565292, 78.33279704637847, 139.0254292515613, 119.64386135988437, 128.74360333396965, 135.2630270808008, 105.07207462643021, 119.48001289037093, 121.94831707647143, 60.602387940875275, 138.35245426350252, 121.88465202519313, 127.50416501529592, 136.61747373984107, 101.46042334071535, 116.19657327537665, 122.17455659593078, 60.03206131795055, 137.54259997945618, 123.94915010291994, 126.13215923968141, 138.0111910513043, 95.79097557487597, 113.43098827326465, 122.05699518795377, 85.21573132863094, 136.5913226899342], "fourier_y": [132.79751667653073, 137.18419463628803, 113.95742336219791, 126.06314310517962, 125.65969737736766, 124.61468035669158, 127.05412487864953, 135.312597318391, 137.07091301224375, 129.79962866727678, 125.11060490488121, 101.16486532750271, 120.0800357238133, 129.57843226956263, 134.34019386740903, 128.52809464409287, 143.33882190167026, 118.55347940055941, 130.53670957095267, 110.90809475612124, 115.54078853151583, 132.2072454222496, 140.75140200287382, 120.73275446985677, 147.50025330411012, 122.95261822608731, 133.01164841043052, 127.11003067558663, 119.1256394622856, 132.55250032025523, 144.94462197028983, 122.21762338266876, 149.3762164066593, 134.32965375556014, 133.71847542932647, 133.7939774692582, 124.9580295510163, 130.75577964259426, 147.1827690601242, 130.16334604521637, 149.12689094950795, 141.26167221812926, 133.44423216188486, 136.7334336868982, 128.40512920288214, 127.03583441280023, 147.8008436706739, 136.28821547999652, 146.67586273356122, 145.06733583176236, 132.77455352346385, 137.68788953449118, 129.061723146123, 122.47518835248763, 147.13999105649978, 140.34551596594278, 141.53386100595986, 146.6178990292407, 131.89267981609177, 137.7533786096615, 126.81076346525742, 120.43318603516722, 145.72549927792386, 143.12717000405226], "src_path": "/Users/hagardolev/Documents/Computer-Science/Third_year/sara_guidance/db_3d_models/db/12/m1269/m1269.off", "name": "m1269"}