{"fourier_z": [124.68821451436742, 129.9718300930228, 125.55439910183952, 107.34166695364912, 136.12573221798866, 141.65456451771811, 138.26331516468446, 135.44942149077824, 129.58820141548412, 106.46616546841446, 70.5827020876644, 116.71726807507255, 134.67475281580502, 143.32274177046642, 139.93609544959565, 117.13665926115462, 128.76572383439097, 140.94787035923054, 143.30513411719537, 139.8942154217812, 120.81687425661003, 124.4926562478864, 125.78265916281957, 121.03152205300194, 133.89564995490903, 122.97426009806975, 114.12160132818289, 119.78819056373484, 137.893343505129, 146.64048530810325, 143.62819349375084, 126.4581059113062, 134.54693293259115, 142.947520208473, 143.52648004942833, 132.63679063667524, 118.56549680387883, 131.34168945179113, 125.72206556685758, 119.91790513874797, 144.56640834355758, 130.03403342990455, 121.03934094563385, 136.42022119467987, 146.41477125150203, 144.81778909828347, 132.09269421311487, 134.72236590558924, 136.84374493689955, 148.21515981676615, 149.8430844848621, 137.46566886118035, 130.90235723650935, 134.0848889489138, 125.16941760619326, 140.8619756544241, 137.98729721004332, 121.69738106272567, 128.8209243054747, 135.5071431371461, 143.74329552895475, 139.5094376818672, 133.55140151901165, 146.39194070312493], "fourier_x": [-554.0503250776438, 112.9782451544896, 131.68619397808132, 124.04340009498986, 135.09286952143188, 138.64598188270327, 137.56347105246624, 134.47612324001562, 85.05875872011978, 111.60571586644564, 131.7218666960014, 123.55871883860456, 136.41634609617674, 137.92151692511794, 138.5403990792263, 134.30380125444233, 98.76334464427018, 110.99115214426567, 131.59525888729334, 123.27208933280917, 137.66452775230863, 137.0508605153614, 139.4597526813035, 134.0109194666936, 106.60826849136623, 111.00043101779741, 131.29446628742247, 123.16792275418779, 138.8299756717551, 136.04747286062954, 140.30088945087013, 133.6079838740322, 111.99085256242819, 111.36267973698308, 130.80509701287286, 123.2147636475629, 139.90612669418576, 134.9331580534697, 141.0424351786533, 133.11134835870894, 115.97509778307065, 111.80685531757028, 130.10960862701072, 123.37500243459812, 140.88703201004296, 133.7399523486367, 141.66326684836287, 132.5428124634911, 119.03425380016037, 112.13543307252183, 129.18668992019605, 123.61400746241631, 141.76715737744993, 132.51181343082766, 142.14313203141953, 131.92850934913247, 121.42013232236103, 112.23226615857266, 128.01084416567468, 123.90619786955662, 142.54122473059755, 131.30523525306762, 142.46294446169622, 131.29668842785156], "fourier_y": [149.74347388427478, 122.99933974410618, 137.6242574341795, 119.5065910367415, 130.37811879807094, 139.3489428687878, 117.43453917493278, 127.9191066049788, 149.78072939961737, 112.53168954192085, 141.75425890427678, 117.04665976494908, 130.97087047880396, 139.46240874548653, 125.03223430190334, 129.19742668808348, 149.40974838196078, 126.62707944516656, 143.11543395990245, 117.04034336802255, 127.39933372854323, 137.56757063549026, 128.58091731111952, 127.18688283323395, 147.62109372597507, 133.68654934780096, 141.40276989823084, 115.14289969699715, 118.49942893022488, 133.76885333464367, 129.55075370250222, 122.86573042577322, 143.48369749965866, 136.55593318807578, 135.82708581262614, 119.22341610852826, 100.70259873879287, 132.3872795662662, 128.2898425625041, 124.49402962616402, 137.38455369305996, 138.21166310947933, 123.70487786198068, 130.2468596536088, 103.28623079169316, 137.9579940002908, 124.31009182034529, 132.43773299202445, 136.72173990734584, 140.501374202317, 88.8961358285861, 138.8293857054892, 113.77634959575394, 144.38628139656188, 116.43946028611524, 138.2853700221477, 143.92789138339694, 143.11299746366797, 115.64216661104085, 143.89278616702782, 115.2029426239088, 148.3526708088437, 108.67298403709893, 140.6560157076733], "src_path": "/Users/hagardolev/Documents/Computer-Science/Third_year/sara_guidance/db_3d_models/db/12/m1276/m1276.off", "name": "m1276"}