{"fourier_z": [110.82527090316844, 151.91948656148932, 157.413294047787, 153.12563615216155, 148.5942158107855, 139.01287049049546, 108.56469743010527, 142.77848190267795, 160.4547425586594, 149.54702516420483, 163.17303019818698, 168.72349458565594, 168.85156019251986, 165.03072987510217, 158.47756979110773, 154.51815649612652, 169.9026726019393, 174.65345762567995, 174.14524977220066, 173.04844639403254, 173.7731828452706, 174.93224839996572, 175.74488028136219, 173.99386836373182, 175.19276142657128, 173.6236111006341, 177.07425252936847, 179.47517195344085, 181.13171501773485, 181.2427121346389, 177.16086303308236, 169.79074712291748, 173.32506901891534, 175.31660678777934, 175.00694033284617, 175.48259949478805, 173.8717863248201, 172.04168359317134, 175.94745081625035, 177.6686035740684, 166.53213629244425, 166.04512726033104, 164.89448948434574, 161.39169138911927, 165.0186313217084, 168.08670034345937, 161.93545473005955, 161.19017563652318, 127.94414654237625, 129.41549413598273, 105.78073692005441, 129.82223338254735, 144.7856934912084, 162.85909351514027, 169.3503152468502, 166.93684693671327, 153.54563971164055, 149.08084655957487, 147.05007286864446, 159.78260884811812, 163.0852059461592, 159.2461975434669, 159.03398951702647, 165.80740344457283], "fourier_x": [132.79751667653073, 133.18473721457872, 145.82172689907242, 124.0544751655353, 129.0140243302771, 152.23986714328356, 130.6599272159221, 162.90426364295723, 134.60140885552755, 138.38146303652732, 143.14612769861827, 133.19259235623042, 115.95384094623475, 147.8698142369189, 144.70731746622408, 159.56126616769583, 138.4234311298621, 141.10203114952535, 141.73220312182903, 137.64447271139724, 104.30580202727704, 141.48032773721468, 151.9776932182019, 154.04843070388458, 142.2490127983477, 142.18650109303258, 141.6830085201117, 139.7561701442827, 117.50212405383314, 131.48127981531542, 156.19862447811278, 144.7873461717794, 145.34867345276123, 142.02566417386225, 142.4335511905346, 140.5115951905803, 127.29998627710224, 113.28261623429525, 158.44820285036076, 125.1780223430657, 147.61626520105767, 140.74819312575858, 143.5662913531055, 140.2884126878864, 133.4181851371805, 115.09821773493343, 159.1370644122526, 115.73981445568995, 149.1045709466652, 138.22125538308808, 145.012521520145, 139.00109375702272, 137.49721339178092, 130.60472486081565, 158.39585770812147, 139.6821127488944, 149.88707308791444, 133.90792870861978, 146.72344437037913, 136.09984767927432, 140.18185919352237, 138.48425189913962, 156.16980654282148, 148.5280335037132], "fourier_y": [172.64611997033484, 156.0344132045724, 143.45317436294863, 140.06911894907682, 120.59226693826142, 158.0693327903509, 159.47916350895025, 143.93113267896027, 170.08782070410248, 157.8457381232294, 152.4908911776132, 141.24411711785515, 133.77064128915288, 152.21292704678336, 158.17739976801408, 149.56841079507566, 164.4460961845525, 149.85318721518271, 151.3031179060943, 151.03460004132495, 151.26213290692692, 142.01848187061412, 152.1410718158626, 151.3222591090217, 162.68655656366207, 131.51630937954042, 139.27875428005666, 148.7103243571915, 156.01887395956487, 135.04653590452682, 142.84752091569396, 148.55958882911747, 161.76765938509482, 149.35432903372964, 140.31536422150728, 144.3600894395509, 154.31587870723826, 125.13220983492812, 140.2426332564444, 147.28901961937729, 152.24549494328653, 153.9088990925779, 148.21616586552733, 150.27317726350554, 151.39902057178347, 123.78900033813714, 139.94265877147438, 150.2280802225374, 120.27125391739148, 149.1741313610856, 145.2578742749212, 150.83743796530598, 152.09650250543348, 144.2789603830666, 138.46721028654972, 150.69103066641296, 150.59014327621404, 149.53611467495216, 130.00250934233893, 139.12366457928152, 150.73350362130844, 151.58776555811937, 144.76952401386347, 146.73802414202652], "src_path": "/Users/hagardolev/Documents/Computer-Science/Third_year/sara_guidance/db_3d_models/db/12/m1271/m1271.off", "name": "m1271"}