{"fourier_z": [110.82527090316846, 155.83512855554275, 154.9497029315019, 168.84602995937337, 158.25025253157358, 154.319458618761, 158.434469803706, 146.56482673255908, 139.60866620347838, 159.39143895856407, 160.38207801143295, 164.40174002757928, 153.78575723774398, 155.46748827410892, 156.19595757240288, 115.95726907430036, 156.22015927803088, 161.42495585219194, 159.83756611764318, 157.0233827465143, 156.45184293552572, 147.15754339971073, 163.91248003457176, 119.72817373580618, 164.02680705254053, 155.28862439245967, 161.49658573507594, 151.15273269360026, 154.1608886137375, 120.05975637498807, 168.19445074575037, 120.63892653528984, 164.89444186809177, 115.70716020840254, 167.32066146823786, 149.09378297970764, 155.59516040767454, 124.30598132051497, 166.5779812654082, 148.62726275817852, 158.50260851372644, 155.07436432621208, 170.04983143604443, 158.04665641681555, 164.92060228352344, 126.01637134012405, 160.0745230125344, 156.67035519499143, 149.42804591705243, 167.03125434376474, 167.43937200377215, 168.0094502210543, 169.7144606700533, 149.99934004699884, 157.85796360533416, 153.94778635761037, 158.57897104244108, 169.79632717487246, 158.7770691257099, 172.44620867360732, 168.88000941529606, 164.94718805597586, 163.49478430720558, 138.47417881811634], "fourier_x": [124.68821451436742, 124.72584769643846, 124.8356115158215, 125.0085098439471, 125.23080588727937, 125.48556105615705, 125.75424684198326, 126.01814543757885, 126.99685753326881, 124.64113986125489, 121.56050421373239, 118.61480796666049, 117.98386493211106, 120.8919238486181, 125.3829366831379, 129.57905156334297, 120.60415041593204, 125.26871891964288, 128.77952527156958, 131.2984546219919, 132.94995798163998, 133.84118734689966, 134.08521609532932, 133.83107205082385, 114.3477982109948, 121.27355743680297, 125.86063300663255, 128.5917765369786, 129.7239404908764, 129.3961752511849, 127.80313967001047, 125.67613830023085, 121.84919340514121, 119.26532195085065, 112.08327358934639, 95.26283314309659, 103.06054159561941, 120.13744439992979, 129.58666984478097, 135.50864489449043, 72.32786813930083, 97.51845742962475, 109.17230300061834, 114.38107875007722, 115.7785030007201, 113.80568914954578, 108.42569265122467, 105.60445224243468, 104.6858529762248, 95.57311626903234, 91.61091573570538, 97.34691824904822, 103.21300295125721, 107.35760460467634, 110.63341599819967, 113.853428160447, 119.13259751741903, 121.56408621917977, 123.03422731644021, 124.03834957093241, 125.00160744075998, 126.2393447977844, 127.85183753201477, 129.70651588081776], "fourier_y": [124.6882145143674, 123.76362485145101, 127.73434778764906, 138.1833103744187, 142.7184697196625, 139.5624714973444, 135.76268906975554, 139.48621748391164, 129.5990937145986, 135.60189127853658, 132.53098127511026, 135.42432059179256, 146.7791683066877, 147.802091699058, 139.18800063134148, 142.77071472609805, 136.56554409935464, 135.88703234397687, 126.9618122905298, 106.14700433882369, 136.23118256757252, 139.0331751793621, 120.70020061074854, 133.41087541227466, 141.3146645277941, 141.11310772420825, 132.3015899225105, 121.44380691980287, 148.71517984426723, 150.6750289244284, 129.6870349424304, 145.67167923360753, 143.88613760108467, 134.84157664809854, 133.29584729548247, 138.58664775178687, 138.9362815502813, 130.47918905302882, 138.27575431024601, 150.49575978903403, 144.5898095864511, 135.615391678632, 128.44449686691974, 133.36280665622238, 147.777694937106, 145.6004928474747, 106.80583345826574, 151.8210927423843, 143.55204900697066, 117.54223166916631, 135.39420024646364, 144.46815097164946, 139.53636652065174, 83.79801779657421, 146.05184895801364, 155.88946863622306, 140.73081512049438, 110.49044609949391, 122.42553678506546, 133.08364662361387, 138.353856176572, 128.88123483726008, 128.51682888900382, 149.6978327732046], "src_path": "/Users/hagardolev/Documents/Computer-Science/Third_year/sara_guidance/db_3d_models/db/12/m1284/m1284.off", "name": "m1284"}