{"fourier_z": [124.68821451436742, 136.29091609283626, 147.5112978777085, 147.46371614569622, 142.0171304495385, 121.66944972624637, 130.45393587004065, 138.11523436823268, 142.12305330525044, 142.5831719616266, 120.07925075791853, 116.10673303857261, 150.85669784592332, 135.5698691551379, 147.70999774033407, 122.82354497032165, 128.07399861093853, 140.5567961872699, 137.79101961089762, 138.83674259915406, 131.50335759830648, 132.4633729473, 155.05557192945054, 137.90491777734053, 135.97042424512904, 135.4080834628515, 147.51583814981032, 143.12724900564237, 144.2093219557454, 132.09829494935488, 117.41082924647355, 132.72601344097433, 145.90752737279772, 137.4207491435028, 122.54979398691967, 130.27952372353084, 140.3641196429269, 148.0702113779679, 142.7711676631498, 141.25182714041054, 119.54036708817716, 142.8895022491273, 153.08787665929563, 148.3280375938981, 149.7794771150912, 127.97589990513967, 129.71008373174567, 144.57683785615953, 145.32430867923316, 133.91743746761787, 143.36400999099885, 137.6061681794839, 126.63284163468477, 157.61078221861118, 137.59048564682433, 158.07199539665842, 143.32084932809772, 108.6503739622359, 130.00164362160493, 141.44770235503015, 141.05013664792008, 142.52805271747908, 139.39425530924245, 127.4987727170783], "fourier_x": [158.78317635913592, 136.45419523767382, 150.53133506311693, 152.51549220770156, 147.56484180144065, 154.01065598936196, 140.7126069235247, 141.64876588006382, 158.47510867501978, 146.7028283434976, 147.17561093235022, 151.1955921509765, 153.97166769101887, 152.4087571669002, 147.41067617261587, 146.78957893257743, 157.51652053800365, 153.18320255279826, 143.3073062084057, 149.68211786163045, 158.58247490705048, 149.9953873791923, 152.40232720871958, 150.26330333681045, 155.79605312244172, 157.52352669105824, 138.8335323776499, 147.78090393079214, 161.8669058573297, 146.41135868979094, 155.86535606128916, 152.52931215954175, 153.09329886554127, 160.4055208363339, 133.41993688379867, 145.11396481679205, 164.09895367688253, 140.94677711983766, 158.051622333818, 153.84714633848208, 148.98999632834006, 162.16574877601698, 126.49844166036883, 141.0388243182504, 165.43927713970868, 132.04563869269896, 159.1185368403813, 154.40484022467274, 142.60414183853842, 162.9867270672909, 119.55072718334081, 134.2676231905516, 165.9809569658414, 118.24711837274711, 159.13350336767405, 154.38775014671424, 131.57376260056742, 162.97044658870283, 123.05981872618601, 120.77181774381157, 165.77230804012143, 125.86136826121084, 158.0810942412009, 154.02797534420242], "fourier_y": [138.55115812556636, 142.2085038056394, 132.75978074730762, 136.86598775146027, 147.75980267537722, 133.13202537707852, 141.1605918198308, 134.42488767196159, 137.80452221144049, 128.30164111396482, 110.99633090004993, 136.12296179533053, 143.3145945419753, 118.74939438787918, 141.61806043726318, 137.90203775926338, 135.48698764608318, 111.77168831464888, 110.96650735200227, 134.8038814517958, 134.00043270049, 128.77924714483805, 142.79010904106673, 138.75372383136042, 131.55793638601747, 134.96681939670773, 131.3375084411221, 133.30470026771542, 105.88323983430297, 140.70361660221937, 144.52782557157428, 137.52028526925125, 127.44317114673046, 144.99399151460585, 139.9444855622215, 135.01385960510325, 125.86209644431308, 147.04243194156814, 146.23929136586375, 134.522823727355, 128.7540542695164, 149.67363709742006, 144.45869042115373, 140.93262999070507, 143.5084853852577, 149.9736510859566, 147.50369825526323, 130.60661652201043, 135.68961971674528, 151.0610646031677, 146.49641312607204, 147.30327704707105, 152.55730587450185, 150.2676656413597, 148.31308504578186, 128.31437409885433, 142.47036016233707, 149.54790927833076, 146.56859640695313, 152.20253585424987, 158.11528434035705, 147.97013374835703, 149.05357436648933, 129.8126986882913], "src_path": "/Users/hagardolev/Documents/Computer-Science/Third_year/sara_guidance/db_3d_models/db/12/m1282/m1282.off", "name": "m1282"}