{"fourier_z": [176.74200822325508, 173.49780346684244, 166.15755474545784, 159.07665570939793, 159.3448148520039, 166.10089669618543, 165.23374551784934, 159.94665255123746, 156.7667700183469, 165.62333654228036, 170.0022626248247, 169.7515041075768, 163.55290377467907, 165.10536147494088, 173.5704011240761, 179.671123009464, 168.3911486212586, 174.49878817597892, 178.67544914274677, 179.97480594612256, 181.24828067703908, 182.52183819005847, 180.48123074733897, 173.01460968256637, 158.56300798632557, 151.7372746645984, 141.56709791255133, 132.11055818720908, 154.93208428632406, 158.98835293155375, 160.22423182634515, 164.3433576536197, 141.91186686710378, 154.91458749683522, 150.63447030937067, 122.66798741344898, 126.84305134603554, 150.63404362434292, 157.82918032717367, 156.74280711553314, 172.87218703918737, 170.31464830767905, 161.66173441577422, 144.5198136953032, 146.72973053414546, 161.55975173821895, 162.03803608085238, 150.56731896767562, 133.88391119414732, 151.1651319411947, 136.11488930410775, 133.55445192415385, 120.98784877897441, 154.22205608117088, 158.59249925662058, 153.29923698439464, 153.9105534515572, 153.1645039528668, 162.67051695889785, 169.60118380973358, 167.83172905894764, 161.11204392018027, 159.40102989506175, 164.93556991904453], "fourier_x": [132.79751667653073, 111.22819196788912, 149.89278270120633, 118.20099112580604, 146.51500629640518, 144.6198968384898, 98.5384955241459, 150.20532040790408, 131.24174031272196, 101.27570492599486, 150.36692500413423, 118.97254186478068, 147.49462257004058, 146.6546271758333, 112.07774934471286, 152.28809209697278, 126.30892168712087, 103.45246184800274, 150.40901988317097, 124.30942219483597, 148.02864948556072, 148.1866062837594, 119.60572218354613, 153.62960842932938, 117.33713072932034, 121.48830166406249, 150.13587265834772, 130.6182486522453, 147.97498501227236, 148.99344630922383, 122.27056701942446, 154.08002537561802, 107.37190630166515, 131.42687074288798, 149.58836483618109, 135.0203821052962, 147.2069992138937, 148.87698767835212, 120.51288554242761, 153.63017732331178, 109.90645158043631, 136.9151001787249, 148.70652145834586, 137.03089417016454, 145.69170705587058, 147.72286381268444, 113.99432947482481, 152.45708070843858, 113.78775886268994, 139.4983911469401, 147.48146054907792, 136.66568145293851, 143.77074841713954, 145.62358879714316, 112.612991474573, 151.03376924893348, 113.14685750103348, 139.919396221798, 146.21131046929455, 133.94658687485807, 142.53364515935675, 143.12694126144262, 125.2150792581659, 150.10403237257705], "fourier_y": [171.715719657637, 166.68618852922677, 175.71932382548408, 172.08338107689326, 157.2749706735987, 151.61769759432295, 163.9571478135085, 166.59679090802723, 171.83924273967096, 173.31030627480456, 172.98470187632486, 170.56729633026364, 152.3591406327401, 151.84188496498723, 167.23964525980176, 170.54400733262202, 172.49797233455155, 178.11694197837627, 170.46415682100258, 168.70683959843714, 155.96128802745258, 161.87964398873564, 159.7443958757424, 172.323021073511, 173.9360714638843, 181.48023387903422, 168.53905495097254, 162.05576654621694, 162.80998482933825, 171.43627459071917, 149.2317985621263, 169.93397417561877, 176.0085228568046, 182.92565500676514, 166.47399235123834, 152.7827588824731, 164.29182062041406, 174.52874186253092, 169.13762277837242, 164.85142299114347, 178.53018502676844, 181.39098418411837, 162.13117635925659, 167.86369603543054, 163.4563213324512, 171.01794886454942, 177.6028230445348, 163.48179479354138, 180.75161913740462, 175.20001042132972, 152.79854086209414, 176.94246216876974, 167.91533614613726, 160.63364131410458, 179.10973808987276, 164.95515700764156, 181.19339259982152, 159.1942335020965, 159.12328436863328, 178.66792242923978, 173.61288903880958, 161.10872293802785, 175.58333453297962, 162.12325204022736], "src_path": "/Users/hagardolev/Documents/Computer-Science/Third_year/sara_guidance/db_3d_models/db/12/m1283/m1283.off", "name": "m1283"}