{"fourier_z": [158.78317635913592, 154.92558362710713, 121.47460994157511, 149.47236287133143, 168.62039242155905, 150.27885759028126, 156.28984137110436, 138.94185913597408, 154.51797836882486, 152.87983758890806, 137.20874500436, 113.92957355364352, 158.31657422854752, 117.53044552101288, 152.85285548114982, 139.32551756806876, 136.92304119581624, 147.55845375120853, 148.32780323833308, 149.69388822494767, 150.94898595096737, 152.65333506003262, 148.67057170265056, 132.83504264841645, 120.63810822285178, 145.12159625656128, 152.32219223175167, 161.4564827620886, 161.24319674072842, 164.0665414969111, 145.33130838908713, 132.40014190035774, 138.11682359969524, 148.37036505922134, 148.3955950587789, 161.62405142187808, 163.73590457301165, 166.20626734519084, 135.8225904071439, 145.84987304864907, 136.435865849582, 151.17305176127203, 134.81836648018754, 152.5311259880698, 159.53679958777457, 159.80474579234888, 125.407430253139, 152.84949897411926, 142.23462430627814, 153.405976006247, 126.90617985074347, 136.49714357820383, 159.25158768252447, 140.66048348265093, 149.2385609867315, 151.85366522985427, 144.55288288375974, 153.8952544389178, 141.6902937129998, 139.6177420542497, 162.08013430607, 117.09553708396834, 154.40378898846052, 138.83133447977517], "fourier_x": [132.79751667653073, 128.67765860757385, 123.17670917505816, 131.62318869808152, 136.8071062027071, 138.39970914212475, 143.41321676551345, 149.56378466327794, 157.34064204821362, 146.87760444458075, 157.01759299923228, 165.486925456958, 165.14491121576617, 157.1615311259436, 150.24967100143718, 153.03135678957472, 151.79417436279456, 152.46893300700836, 152.37673177973284, 134.92840343565203, 141.3294347412344, 158.500228144182, 160.12130333637057, 149.09804816901124, 140.53814761772279, 144.69640851670232, 146.3871871231616, 139.83410295436866, 114.63574277356437, 122.21949640670532, 123.95913441561889, 130.3078945945301, 156.49926368348892, 154.46319235796153, 142.64115162948139, 146.09196835483885, 157.36907595169185, 156.22555488427278, 142.27505839539828, 155.9754081620023, 157.09566212400694, 149.11151478397562, 147.1365930962384, 153.1519957583271, 151.79965750719404, 150.07861457172638, 158.87974826110107, 163.86535283772733, 110.97253430074227, 131.20257419852098, 144.82936447834638, 149.21002545514602, 143.68589620986373, 138.59341735176045, 156.556920952599, 165.63000153302363, 158.7068706276428, 158.19397900824484, 161.70022942620645, 160.24771090505942, 153.7343496109688, 155.97020462485477, 161.0659839284217, 159.86612310692703], "fourier_y": [138.55115812556636, 150.32907062035778, 157.8704703946621, 151.0862327818682, 110.12241399699991, 139.94479857043382, 122.51174456603884, 155.61051568355478, 147.92475610876735, 155.04231942215438, 162.9875281423817, 158.9604511017388, 139.17787642558974, 146.8381405863072, 138.73719428275277, 152.1658731252107, 144.6967380460675, 152.37280331989524, 160.58036232305128, 158.62094224703057, 143.96788882818996, 149.97138768581993, 151.46719074322957, 161.14953064813182, 146.15703799057405, 152.37627000943326, 161.8304352201596, 156.0680982517598, 138.6043900494793, 151.07259910369666, 139.73072661231544, 157.72665026316452, 157.12692011282448, 166.94872586725393, 166.68530759677725, 150.92618922841902, 139.04694314334103, 106.64241351724766, 160.65945474707354, 171.10012098146794, 165.0425948537357, 167.28930414133, 160.1797972444081, 141.07593416286613, 137.29430614747153, 140.97314979622436, 162.36901203691897, 168.05950915256813, 166.41342080240204, 160.51094898316623, 154.75815303517808, 131.1591056735482, 147.02241654050593, 166.98372979583044, 170.42187931328883, 168.25104202939787, 166.54657552116345, 156.17891549960459, 153.37811623769232, 156.3170560400859, 124.95324259325724, 162.45013430486068, 163.4878816009382, 156.63684313732887], "src_path": "/Users/hagardolev/Documents/Computer-Science/Third_year/sara_guidance/db_3d_models/db/12/m1298/m1298.off", "name": "m1298"}