{"fourier_z": [132.7975166765307, 154.17597177254467, 153.58309822222412, 151.4633976817189, 146.48067699977776, 140.71673150018165, 114.3623953838189, 150.96387101677385, 146.10963289139764, 151.17571310014011, 152.80633511196586, 131.11126381817073, 151.46415133424216, 135.1185300060607, 132.04636029402056, 133.4625915264377, 137.18756146374, 137.0065205365897, 131.9998385941472, 139.9750825783654, 144.27478486234384, 135.93686864182672, 147.6213413692539, 158.15658898522975, 133.80589097528411, 146.89718704516352, 109.54592666937282, 157.333369221221, 157.77451101394925, 158.1092780193992, 149.87925810926274, 140.31204818167723, 158.62163192805068, 154.81255786049798, 140.27105296263338, 131.80640505670377, 126.1550653327819, 133.17051588605415, 131.57227665220947, 129.05097543680944, 158.53224096788995, 145.5844069485727, 138.64668296023873, 124.16502191745992, 145.31425029946416, 156.7531069078555, 147.49412820260352, 158.2683967708587, 151.59067775716434, 131.50219438270693, 131.09808993407142, 141.991327147779, 135.46855442183468, 145.38893777319694, 145.6094796827239, 125.51867802586102, 152.87354831247646, 123.32333687582616, 141.5199186727067, 143.52528157793, 154.734205022742, 150.68992493690496, 145.8394571284801, 145.32229837431726], "fourier_x": [138.55115812556633, 150.74431421085666, 168.21143913200072, 157.50250064358679, 152.4500669917435, 169.81012722699577, 152.2407028754333, 128.3886632458814, 137.71967530170312, 140.83934036423625, 165.35829320043558, 154.35832056478023, 159.66664836649193, 169.0711044707061, 158.91573852796137, 129.1632901670823, 134.97089173792722, 142.18555072543546, 159.59695148692862, 154.38118085435252, 162.4825038101754, 165.3389859148044, 163.07457008268682, 133.44450573572138, 129.37351227658624, 151.14330636802268, 150.2518910728299, 157.84721717102963, 162.0936879529238, 157.29294925196416, 164.72046583435684, 135.87816288402865, 118.52686249286418, 155.94149834171265, 141.0277870829179, 161.36394002087275, 158.69329784532243, 139.43205297018136, 164.17605723198903, 136.15335291905726, 106.18560853579588, 156.6902692874019, 145.03717425538883, 163.2571708746632, 152.3310038471668, 131.5499984256316, 161.5513006535713, 136.14093599314077, 121.92777359343962, 153.48558631243503, 150.33792552429972, 163.14673618555673, 146.71130203239971, 152.00640997219065, 156.71643773815907, 138.65660710028158, 132.22306541726797, 145.41785353551606, 151.2004749778161, 160.84269924589955, 150.71805699789576, 159.282746205152, 149.19939799918006, 143.25602297828817], "fourier_y": [110.82527090316856, 103.66098211617236, 137.23914343142218, 139.99306468505046, 159.1584453935037, 132.562885391756, 114.9836887243828, 140.45714711280598, 121.19601006506043, 125.18354348239683, 143.64987051105555, 146.4676041906849, 156.5940962214718, 135.6087479407091, 110.98880991512713, 153.04150966442683, 127.69744669028674, 140.40508110896798, 144.16560448508196, 143.13568560727762, 149.73721875703822, 140.7251255273808, 113.80574209218373, 159.67048442040223, 124.88647926953158, 150.67856427861844, 139.831653908217, 133.09352357073584, 141.01853939256665, 141.3593428510786, 121.09766829594989, 161.23722948579868, 110.23873618238405, 157.2732723925602, 130.91637682776602, 140.71747185155817, 142.02646593622364, 135.19931809824527, 121.96963094220538, 158.05345094247085, 128.03816519152613, 159.42403386182613, 125.75384774294234, 147.59146802371336, 145.71176666077417, 135.70751104095658, 119.97901996744167, 150.60492657110873, 141.02954556841942, 156.3281885104552, 130.03859322416017, 145.14253256105943, 144.30849993722683, 148.83310598651687, 128.81905992580852, 144.34641261520233, 145.24482194645287, 145.1740653438547, 130.10791499112582, 135.1047203911316, 136.35614246576586, 156.26102658636478, 138.1372451462324, 143.66246745117758], "src_path": "/Users/hagardolev/Documents/Computer-Science/Third_year/sara_guidance/db_3d_models/db/12/m1291/m1291.off", "name": "m1291"}