{"fourier_z": [167.48953778429285, 171.89332806611972, 178.962068977457, 162.30571533873163, 160.8971382084656, 169.5088282936152, 131.31593706913324, 135.70655661240517, 165.87185502995592, 172.33455577461658, 176.638532708283, 154.23347655795786, 156.41589851843952, 164.33831368867243, 144.602309165976, 152.32346861487497, 162.7748317520906, 171.80295751550597, 173.91249589340887, 133.8949639452845, 147.3435922623239, 160.61901423490013, 158.3555103569547, 160.71043805673702, 164.31923465443322, 168.9079848516854, 171.4156678836164, 133.0043154117574, 138.12678744585983, 158.94285893713547, 167.22056561519054, 165.52746222138717, 169.86825662295706, 162.91074684905078, 168.85777051152684, 154.20554504177235, 155.03261178597108, 155.1818265818211, 172.68871246346214, 168.7359907949401, 173.72967169361002, 158.0946208523709, 165.04314038458597, 162.43021275081549, 166.05457437982244, 143.782507973676, 175.42277244485248, 170.9509907789194, 174.42484127265578, 164.05648615917553, 158.74738369232506, 166.1504011587462, 172.06019752122913, 130.92459498933064, 175.8145289296096, 172.13767579995633, 171.64284947459333, 171.2097795373687, 151.60151958410825, 167.2369200748779, 175.17231918569746, 152.74591235439823, 174.1710074582062, 172.08338436827216], "fourier_x": [110.82527090316866, 167.4401242259465, 160.13230840552748, 144.34855600466216, 158.85936084626786, 170.34508848049921, 174.00164035413965, 152.3453866108778, 143.47898722114485, 161.26080055232342, 161.92419552756797, 147.12217397438351, 152.33049108665853, 159.48355992934805, 161.49535485607512, 172.59573163607342, 150.52831418176416, 162.90969389018045, 153.4638278230928, 144.00866891917195, 164.03138459349424, 139.2249089759625, 156.5147365062785, 174.17270890747315, 163.57802362545243, 150.97980126048293, 164.1922689001262, 159.19520188406486, 155.28707238402316, 150.3793084477458, 164.1878205060484, 162.34702692509296, 157.97080054190292, 135.2821643399967, 170.36510521209993, 174.14459898204072, 165.36908236162986, 163.2883364152934, 133.09012436005526, 134.63318206983126, 166.7372671758032, 140.47387273578045, 166.21319613966065, 175.65453470797902, 181.2341842436267, 162.57825768275015, 158.10621567886085, 159.69489946304293, 170.86525084701105, 154.68450124762177, 162.26792423680845, 172.26986682246252, 180.52927896986031, 163.28930083108258, 158.09306165694235, 98.85782518510696, 141.2711327033152, 148.9492683496542, 149.14089280922408, 164.6869098676207, 164.46634436656558, 173.7050452048007, 164.4228123090599, 168.85322241072814], "fourier_y": [132.7975166765307, 146.4044135319246, 155.19424578822264, 156.0914610149788, 151.35843709840043, 162.98420399899788, 155.1356169816577, 139.0321638929775, 142.80352088804423, 155.0726642934922, 159.69634136545213, 158.22236300490044, 155.41552486720522, 164.85226010250608, 154.89080999516418, 138.66828202518718, 153.01553801034274, 160.41111210588832, 162.82081941683464, 159.6613107617474, 158.0246840552163, 166.13860251591004, 153.98651030636933, 137.55558135386582, 159.5863607139098, 163.88238982240142, 164.98866398782786, 160.55005179960722, 159.47162800959472, 166.92984401759549, 152.83370528324096, 135.38821488937754, 163.89073574490584, 166.07653414027456, 166.4379603746475, 161.04838169383356, 159.910487375184, 167.26395658199158, 151.8746714335968, 131.76130723693885, 166.64429878878775, 167.27781726496266, 167.31266820352917, 161.3419728376827, 159.43157732620992, 167.14564367875252, 151.44079562867518, 127.00972093199566, 168.1871009396434, 167.62988532104302, 167.696244803195, 161.61995377118703, 158.10265216810515, 166.55916286304307, 151.57760056555475, 125.17117248774078, 168.66981420815083, 167.1968728939588, 167.623995631475, 162.02078412766076, 156.0176269235293, 165.47911115525216, 152.06243373833001, 130.16367011298422], "src_path": "/Users/hagardolev/Documents/Computer-Science/Third_year/sara_guidance/db_3d_models/db/13/m1305/m1305.off", "name": "m1305"}