{"fourier_z": [175.98720166359814, 159.13993772532498, 169.70342003435866, 175.4371937879965, 133.80499287518734, 172.42918520304957, 165.50471210683838, 168.81952807039315, 171.5164092831892, 153.93756579176878, 162.95453714485888, 167.2358000887565, 160.03965482622442, 183.59193012537904, 173.12733403747416, 168.1558440647497, 173.96238025698744, 151.3168018706889, 163.62045629390875, 165.1610691364975, 134.19503964079456, 171.4121172200082, 177.91362534452819, 171.14456480164876, 169.86601983598067, 155.17819610076668, 177.88764211408233, 177.08083055635697, 163.1050119090652, 177.63017285153188, 152.05788330654036, 166.8832297735273, 169.64622066136553, 151.6151121520271, 179.39047104269636, 184.35776683025037, 156.87266513635063, 166.96213975415804, 157.79472703585637, 163.6461061168854, 162.80928734438544, 154.39925715685246, 177.16892158758913, 176.5444575920825, 155.00258133478926, 152.0051207378977, 148.6088761883827, 165.3139089897751, 175.64651028706422, 166.56512470567242, 173.39514878002714, 184.32070414853033, 163.0575755644902, 174.61354443793647, 158.90580021758174, 170.56314215058978, 165.93452375423138, 131.533234823021, 149.21090216172854, 152.26331960920396, 153.6079803402235, 166.2834305572184, 162.74284153671442, 168.8913276779976], "fourier_x": [172.64611997033484, 173.35679982340085, 173.5590593757168, 171.02040146903593, 165.85694628144432, 162.36288390524027, 165.8556538771133, 171.4409547680306, 165.81856187939778, 167.19587499696476, 167.4491622385187, 166.06886694233722, 162.56384326995806, 163.1315762649878, 166.61058845786408, 164.70884691393758, 153.08647238795754, 155.14932368438235, 160.12877354813332, 160.63868982010194, 155.1588424407964, 139.8096140286848, 120.61767479741904, 141.56339530952118, 166.35870223823392, 166.65485766740457, 166.95022308392436, 167.52080622913923, 170.07714487874432, 173.77580568671985, 176.40279480704805, 176.77212958123073, 164.144805219082, 163.2935588705513, 161.52846905539747, 159.4794329362891, 155.9856380933522, 152.74551072467182, 157.29205785313115, 162.12221178241145, 165.2806091952745, 169.85296681452073, 171.50821952353186, 169.18512407002243, 161.53800351814647, 143.6900447549702, 129.6446949497921, 146.68586228267122, 160.6872244691729, 162.88832589828888, 171.53633833145886, 176.37753339686017, 176.0248313023288, 171.2824242092917, 164.07753947296118, 159.16464832035666, 151.6019137550302, 160.9167898291449, 164.332630293836, 164.0586783954329, 159.75570311753387, 149.1831013336616, 125.42972636730514, 115.39554306232444], "fourier_y": [138.55115812556633, 136.16157544965824, 133.8867282124667, 141.30952744931247, 148.6510755218203, 151.24567904204207, 147.99337722498274, 133.90639033264486, 156.69726117287115, 152.92588454334572, 146.24741298459406, 132.01841705964733, 141.56744935979629, 156.23024569954643, 163.37176621644292, 165.90533254505797, 162.9401733461803, 166.33289321932511, 167.2729215442763, 165.5767759617643, 161.03603276813374, 153.56467254489223, 143.5814515424088, 129.4606981508021, 148.44855213929836, 153.12232252898144, 154.52403186275345, 151.68257764960043, 142.03469588059318, 132.42776300064452, 148.9935177973609, 158.02908556081522, 151.07743184539444, 141.48912992604124, 129.7617661759433, 126.38207783365054, 128.59547524120637, 123.77016695259539, 106.84363765734099, 135.94253014897524, 153.5941454630626, 157.72958704785844, 159.49300213656454, 160.19838022088885, 160.39192475609593, 160.12908528864392, 159.233982376449, 157.55131768455416, 162.00904175753107, 165.1780662168157, 166.74382057856545, 166.2911030664598, 163.6608598110922, 158.97012157561093, 153.0099573670285, 147.94063204522365, 125.79782512082473, 137.0420097784356, 147.86186218154168, 148.82932274436914, 141.84127030859716, 137.80928268685008, 151.78994849547408, 160.65760001942962], "src_path": "/Users/hagardolev/Documents/Computer-Science/Third_year/sara_guidance/db_3d_models/db/13/m1304/m1304.off", "name": "m1304"}