{"fourier_z": [177.4693611066726, 175.23619288525666, 186.77107803469224, 153.44312120542335, 149.18828807238958, 175.04521951841957, 160.50076888459654, 162.83193257004908, 178.66729520223518, 182.58033640731978, 178.5347199762204, 164.37370305534714, 149.61909490328065, 161.55070197472256, 165.41267453395943, 165.02824260555707, 179.85114621686859, 183.27428178772044, 168.15719662623394, 170.80009007267392, 158.39369410960023, 159.10611983643645, 161.74657168686002, 161.59013337531388, 178.01200449699087, 179.60501845027574, 166.96229225706165, 170.13397574899184, 170.84888281584097, 172.75751176621296, 145.3841322552845, 159.25415812281162, 171.10513639225704, 173.46316515072502, 166.92393686829206, 168.5071591088945, 177.4010297349435, 174.91748444805413, 149.00325113741903, 169.45366808096136, 154.21170339555243, 167.6638852871258, 161.58732573089554, 171.17535168301464, 178.1908748186063, 167.12174871435113, 163.67984686130677, 177.39119566691016, 132.0660715024302, 161.35159324830084, 159.1449440445533, 173.84096891551647, 172.64421615197122, 143.39486375745886, 168.28006418028832, 179.81698355028215, 155.70460860373475, 150.96298173078986, 164.37594495202268, 173.1929849925874, 155.34558493899007, 166.44810841813506, 167.04996556295103, 176.2488981178379], "fourier_x": [110.82527090316846, 132.0746447501612, 146.37655993535435, 153.5152771576799, 154.6200608290201, 150.20762716328602, 146.9612520256091, 151.5746465668439, 136.70370437719282, 142.40355261687827, 152.51845169445846, 158.8624134076676, 157.47328189291943, 140.13154305580196, 147.70974593847166, 162.0138181119366, 145.95224662807055, 136.29132107208665, 143.59443509456827, 148.86657386724448, 150.59299042108154, 144.80963565945893, 145.54803936412702, 158.2646757513906, 147.63379623096273, 133.79315871879308, 144.6040275587632, 124.31888424711477, 147.46305289842502, 157.6656580567139, 148.51355048859085, 136.53131328970068, 142.9958057486836, 128.85679629952529, 145.89189982339485, 131.98794375745348, 139.13906024773664, 154.97962892741072, 153.10913787469397, 152.51704507751845, 121.07301133173019, 122.72632863612952, 132.87988631355455, 124.25422600511779, 122.39593241803215, 142.56210359156708, 150.3264049384173, 152.8915509795389, 142.13859037583256, 145.34629415435094, 149.44621400927082, 143.04774037513192, 130.68570066674894, 141.0044465970838, 141.1424052493774, 132.89584479971023, 156.1586588902572, 152.19140630214122, 158.78624212229855, 160.46730671048817, 157.13638742591417, 151.33412426282513, 138.90379233247205, 141.33569706223514], "fourier_y": [143.01402915185056, 163.81274555363999, 160.9094585973184, 167.25731152895497, 156.28492170700636, 130.72825416952438, 163.51665363547255, 161.30660101015576, 162.60274363916935, 199.98015412936272, 199.0397390581595, 173.56590200766635, 166.0490715032755, 161.16133226321216, 154.11335302875796, 172.27236617625917, 157.3375604938892, 199.17426377356608, 198.97805009169318, 185.2964273399612, 171.17666943463942, 141.55445093128878, 166.6475548878051, 170.29024766449572, 152.72396859194254, 170.122356961687, 181.89385507131624, 196.1586001259488, 200.12533995322167, 179.47715263426358, 178.01653107027516, 156.98797533434094, 162.60641826704725, 187.87022850390403, 175.34464809047822, 193.97343274894968, 206.21705877816316, 197.6740828740517, 138.2021320656431, 177.05402685422592, 162.59792570931194, 185.62001443637013, 185.8382706681613, 168.19750610961688, 196.8169983930464, 202.73205263496135, 191.94165677998546, 154.836651694491, 169.34080878310792, 148.64598993180073, 174.57251001847078, 185.85091864719485, 146.6968730571321, 196.8887132921467, 201.31739527239824, 185.8881427551314, 169.36973222540655, 166.46950986749385, 166.25038438315184, 182.20872051362764, 173.257304149268, 174.24717026593527, 192.57876190583164, 190.56175127633455], "src_path": "/Users/hagardolev/Documents/Computer-Science/Third_year/sara_guidance/db_3d_models/db/13/m1303/m1303.off", "name": "m1303"}