{"fourier_z": [173.5351552217515, 180.89012397190385, 177.7415329096297, 180.01586979916516, 172.96332870271968, 177.04574949981148, 183.2558079665898, 169.7988643440001, 177.17715370702433, 173.71655572094025, 169.854053822052, 180.0554800866158, 163.73224930775416, 178.364701608279, 184.74970186520773, 172.55144521273596, 180.02663267742355, 171.8929883842233, 164.43971049850265, 176.29482700441542, 160.9295990221095, 175.81716502026882, 179.69987417268993, 170.5467360737607, 182.1444049912674, 164.41795898826996, 157.67128658247617, 171.00395333795646, 161.11921703957645, 173.00816300226612, 168.1744038499386, 176.81957809251787, 186.8065965715954, 162.76731030029478, 142.2401611630856, 174.0908206373572, 150.04282310286274, 165.70258793092523, 169.07799959091702, 182.39240279017483, 187.06888560460797, 173.2095536516245, 164.18770895082574, 181.88049791171875, 179.72039006422648, 162.26264770358372, 176.46765711605073, 185.19895353060778, 184.8172296344344, 171.13776568202934, 144.10077047115288, 181.57289398792835, 189.30603123695843, 177.45046237689508, 180.04860440437827, 184.87057158337439, 186.56874612083982, 168.93862283112492, 159.92477296247446, 166.47829092433835, 188.26481780804073, 183.5586159189737, 179.18915945964466, 181.67121458729113], "fourier_x": [163.6064174954737, 162.7302215393787, 160.1604936940687, 156.26956841758914, 152.3986671859297, 150.7526386914749, 151.2032065703217, 151.27837337143743, 150.3330625342547, 137.86607402776005, 105.89872891861131, 133.36997146654667, 145.35378730552534, 150.45915768419664, 152.30929752856167, 152.41529052876987, 147.81158340613987, 147.01642225351506, 146.22583955065738, 146.55095119392848, 148.63655510649681, 152.30473573068082, 156.76610383143068, 161.14917004094127, 146.22299016669442, 142.56185360266377, 140.47902525221212, 140.73283256445927, 144.352928664202, 150.42862777857042, 156.41590556549625, 160.9647540734701, 130.53004166401539, 137.81012980873913, 145.21652854369628, 151.35376920500056, 155.96267871718635, 159.07716642992344, 160.78513468249145, 161.18214452802962, 142.14247491559206, 135.59872170994495, 129.82202325965827, 140.33955104726635, 151.26578015404598, 158.4659110272329, 162.9892598679392, 165.5057517256192, 160.4106356406125, 158.67634707729215, 156.2187295774149, 154.27362214781004, 154.35281780676982, 156.01049590442082, 157.44890060370906, 157.54488671994554, 165.86521470390585, 165.8065330198101, 164.39621571195113, 161.70667744983638, 157.91319395219463, 153.554947294562, 149.9219970725822, 148.4323311271001], "fourier_y": [132.79751667653073, 141.84202374815538, 150.0741611416675, 153.10635995736533, 151.67775049521128, 146.2309513997189, 140.22428638808447, 141.96635578858712, 136.94072832612844, 136.73907994117764, 117.50448181379788, 134.0388125153059, 154.94023970139497, 164.504285779143, 168.512479161396, 168.2350644019414, 134.26190704002357, 130.15571800965114, 131.25984808514974, 135.02646175607404, 154.61105142646142, 165.2666215403484, 168.5368780457569, 164.5295817046693, 156.37882816577016, 142.637863673644, 141.22247081695866, 135.06608096363402, 149.84753937176342, 165.74209068364368, 172.2481308793584, 171.72440563672765, 164.066958695997, 163.61321234824652, 166.0225899665354, 167.77360541116025, 166.00752589058357, 161.90104307379855, 159.49647722775958, 158.09510315039955, 156.77998031680093, 159.66748511311025, 157.7929907260311, 155.95016537871948, 163.13371467083869, 171.62189601270953, 176.1015498838829, 176.35356587217177, 141.223980315928, 137.99999105153017, 150.42305114608797, 158.19966152285159, 162.51836582141576, 163.29072914086223, 159.03230743548215, 147.05180564991008, 156.06736117927466, 153.8960413021939, 148.94544275279625, 144.05469578585158, 140.43389172813997, 135.65463274378357, 146.88021512003456, 156.77136267922347], "src_path": "/Users/hagardolev/Documents/Computer-Science/Third_year/sara_guidance/db_3d_models/db/1/m131/m131.off", "name": "m131"}