{"fourier_z": [143.01402915185054, 160.82696428597714, 171.8563314031138, 162.76918789254776, 153.04356855952858, 160.05506145824666, 162.36661777331358, 166.9237573777315, 154.01438526167644, 167.92225410438022, 168.0413209447352, 168.35486106620127, 159.05518014653174, 158.78473257281968, 160.44614287385272, 164.71202852251088, 163.24442516468736, 170.616955722081, 162.23131413006175, 172.93351466728413, 164.70121338451264, 157.78732402958428, 156.93905189622126, 161.92317888082022, 167.21220206206317, 170.84465740764017, 153.59334194762624, 176.15320430730762, 168.2509898640041, 158.76809922365968, 157.65848044574864, 158.21053560508287, 167.2278709530239, 169.37434051840296, 139.8053242623646, 177.97329788756576, 168.96944857330664, 161.5791413413038, 161.26617266558577, 153.34070471476326, 163.7252494399414, 166.3075707738338, 132.86022995253575, 178.1880472089395, 166.68250691839592, 163.838584937548, 162.15418915418945, 150.48866268000666, 157.1952001348073, 161.43345755786325, 148.74873016181272, 176.46619491419855, 162.81530243512637, 163.13535216836712, 160.31419859635977, 151.08859084243568, 149.94110166484236, 157.0246801597974, 157.6504958808904, 172.50620774788553, 162.4370087558193, 156.91048267798604, 160.96355284669943, 149.05253832973085], "fourier_x": [138.55115812556633, 144.3774824512334, 151.5105254523759, 154.41877000801352, 151.98277418184173, 142.2616699605548, 132.76846372177442, 143.66262825556876, 143.94322584993455, 141.4535320751682, 142.21268398846345, 141.20613487610424, 137.74174185524936, 142.44527097518957, 151.0465872677325, 155.03310456291888, 149.89012100758168, 150.09509103033582, 148.13197792211037, 140.1157481541684, 109.49201164209788, 139.4174306129175, 151.87142843487885, 155.11836236728263, 161.1975002890697, 160.72171727315595, 159.22065774443465, 154.94089903705435, 144.33053476906838, 120.27798475300892, 135.8761565566849, 142.50397713692192, 168.14519850012016, 166.47089996334665, 164.9288898153706, 162.89098486047192, 158.9119892168593, 153.07094433097146, 150.3678696879334, 153.93435013722717, 166.18999145073758, 163.593105479747, 161.95861119770254, 161.2241226288445, 159.67778488336847, 157.46170122896282, 158.14999590555365, 162.5866377089595, 152.86608605110996, 148.5359109320291, 144.00394906786406, 144.5269661249623, 146.59532279222742, 147.0102863642762, 150.35515678840633, 157.78253107673737, 153.98273973892086, 156.00102193747563, 153.44160348163138, 148.31525581703403, 143.54756638253892, 136.28015289785424, 102.37049343918146, 135.00358027785393], "fourier_y": [158.78317635913592, 149.03797229081042, 154.8862622798942, 161.1939578222121, 146.04925648133187, 167.43301200035316, 125.75315581482968, 167.92356352574643, 164.41260778852575, 154.17879158559515, 157.45461874737452, 163.58902678898556, 114.70059550948775, 163.49636349468943, 150.39184219954478, 166.86829199904284, 97.4736389123652, 136.13656249515918, 149.8414786790167, 158.40795792611885, 129.42743260548605, 165.07451750899753, 139.55622841241478, 177.90050025367287, 110.05054005763286, 150.10321598241322, 137.94142657640165, 135.2871181024931, 163.6636074232209, 138.90122821575676, 155.44682479274934, 174.68774349665753, 158.39321662612224, 156.64849921831862, 170.6747067218597, 161.87603429471042, 136.91616315522913, 138.70119911546087, 127.0826149676083, 174.41158530642497, 156.60960762665573, 151.4529230711267, 156.50271996182173, 146.04569006004095, 134.07214373345502, 148.9007270349328, 157.83161027310211, 176.44813880215662, 141.08225823823346, 146.97955641087486, 153.6753010303595, 137.08336907430092, 158.22930432261026, 162.34760016424045, 155.08808941363188, 169.86071255917037, 156.51294694954393, 160.22962713876484, 173.0825146879307, 161.29071410065987, 167.28021418204742, 155.97539603735945, 173.12261330369552, 168.9707888520542], "src_path": "/Users/hagardolev/Documents/Computer-Science/Third_year/sara_guidance/db_3d_models/db/13/m1326/m1326.off", "name": "m1326"}