{"fourier_z": [154.7697624498929, 168.6141695216583, 135.302052080344, 166.17858966147622, 169.43504631882547, 183.93330731461216, 186.14002423633565, 188.52412154532377, 179.90188006886427, 181.81116151151218, 172.26761716157534, 167.9220549384212, 172.26138719810012, 183.2056382940711, 175.3085248871213, 166.88337117999725, 178.41957215796003, 182.27945568405306, 183.39990797452916, 160.90908594619304, 152.43890230653412, 167.51943183519427, 189.33186392153758, 184.339408462078, 177.68540040074853, 174.0769057075156, 171.64013303950227, 152.9998749045495, 180.7560541276251, 166.57859509411912, 176.55614767170576, 184.81885402189772, 176.04253139405853, 171.44755667250774, 181.0479981011464, 178.30471562262414, 173.52107026084138, 173.2530516566555, 137.9566026946051, 184.10012406141573, 175.24641563664656, 157.14695892202866, 180.14302113991204, 187.18294277158014, 185.17522922271482, 176.67447013058916, 163.66413607582618, 158.24671509772932, 99.67875549319064, 157.78983510848246, 167.53569531224258, 167.62298858085643, 176.89972175560598, 180.47105581850613, 174.343391837572, 141.93470337327423, 169.13256838826143, 164.58609465908947, 154.2684421880603, 148.19465417917024, 164.19656667292443, 177.41737540983883, 180.78000343697963, 173.3634475852245], "fourier_x": [146.66046028772962, 153.89083604908026, 162.69313007227657, 167.9837034102028, 169.93102570297714, 168.8558080060398, 165.24719427570315, 159.8115930569109, 162.8064462068585, 166.13744495277268, 166.69314434871777, 163.5982590796226, 155.1666175796092, 147.40116584600975, 158.6651375054044, 165.89448823241145, 167.40722092161622, 168.71397379754924, 166.9506702134728, 162.19338777457025, 155.57901207307776, 152.18018674019103, 154.012461851087, 155.6033973662962, 165.3989101975823, 158.82231105850371, 141.67048879880033, 149.25021394919216, 163.508836765634, 169.39482886090798, 170.7809209174192, 168.95731995803646, 146.96072154362867, 142.45716929782267, 139.79730790757935, 143.95022731423933, 146.8402180484962, 147.50558583264765, 150.14906290882007, 154.89436921736706, 154.6606390372571, 148.22561115383695, 137.74865708478276, 124.27918045729045, 122.80001146096927, 130.9768463989791, 135.84493324144967, 134.12903391375147, 153.37125300680557, 159.55447498092258, 163.1100873918258, 165.18164531638308, 166.033847724964, 165.6424496147685, 164.44293545189967, 164.0133933413513, 151.20260814215055, 120.42859564114715, 141.0694452156463, 155.62901185683063, 160.21048699531894, 159.68321380323312, 155.37607411570866, 149.61354133709622], "fourier_y": [132.79751667653073, 134.89847755430293, 139.64407675214832, 144.87365940237294, 149.4980297769662, 152.99167087224944, 154.98945240773446, 155.1165918001308, 154.91677024725152, 157.68933821824862, 159.56307690371804, 160.22393435874824, 159.43104798218653, 156.79006578157203, 151.49893079505287, 141.60212067690154, 166.39701231726337, 164.69522841708067, 163.22622081392302, 162.29034804393297, 161.91553242367615, 161.87151909686582, 161.86328571242555, 161.72013302123412, 149.71436857219277, 153.79350868046905, 157.9165841940814, 159.99868693343905, 159.70811181637384, 156.77013389693494, 150.30840615169376, 137.20419123346707, 162.93145696707404, 163.9410950394728, 165.09370257500817, 166.19507714464345, 166.70973498651279, 166.02248904371916, 163.459637380974, 157.94017548186704, 142.0670055049033, 152.69205621137664, 156.56483410769317, 155.9961110305179, 151.6576911729856, 147.3088857557767, 153.1459442513297, 161.7665503161922, 157.0542567898858, 155.818527013562, 155.55054048957788, 156.06976600792444, 156.15421643664362, 154.72062707596345, 151.0816066054057, 144.97592890350865, 151.5648080592704, 141.610290673018, 111.67491864627567, 134.1811798886093, 150.30862097391045, 158.0623069417921, 162.0973536911402, 163.62233780065068], "src_path": "/Users/hagardolev/Documents/Computer-Science/Third_year/sara_guidance/db_3d_models/db/1/m132/m132.off", "name": "m132"}