{"fourier_z": [154.7697624498929, 148.13964098860404, 154.21166656291487, 151.7507116193618, 161.84671512006528, 151.8255322294679, 139.2136318264799, 152.60931860197806, 156.710399063159, 152.5661729739417, 155.6803928297645, 153.96487639251046, 152.74448430657, 153.2977522052159, 141.56743954472768, 147.9857317069028, 159.7724587407631, 153.53456934746652, 158.5869762893428, 149.7690962518838, 132.40085761420482, 148.89294579079763, 138.5913719451452, 139.03321608519155, 160.37298723994758, 149.36179753143512, 161.65836279392155, 136.52933769172765, 111.46531361547986, 131.7398506958291, 133.75309065940243, 125.05917644658214, 156.40868029847118, 139.85155681792077, 162.32763067970083, 136.93377014529938, 134.15867529456375, 122.94729758251512, 130.62122845544883, 86.1295623181731, 146.62008357755838, 133.22865993889758, 158.21037579751655, 154.49704167393168, 140.21508853680916, 144.11817784250852, 122.55899085174372, 129.1071725530761, 143.86439725372907, 127.34739743230242, 144.15981435205444, 163.4394562225617, 143.63278896148384, 146.80310539194235, 125.68366941450259, 143.93576545711485, 152.19171575497032, 131.77190226698423, 120.26420859963912, 167.3667258455344, 147.22054143935227, 139.1335321927511, 141.33252362837578, 149.82992218818447], "fourier_x": [132.7975166765307, 147.35803087539767, 151.2822032127525, 142.2570669410179, 137.91642824046534, 148.14149796904485, 148.23029672268495, 142.2420484852052, 137.8915461684959, 156.75461394964236, 159.72102289699149, 152.3711946986637, 131.27376927578302, 132.22791085067303, 139.6804647224135, 139.8008085437021, 112.38750971374529, 143.75211877180973, 149.76697638379935, 141.4618776091481, 136.98921860528952, 143.49040272254086, 137.92198511887798, 127.15353206524723, 128.8946724034095, 154.3526808909707, 160.49662527379238, 155.93182650712666, 136.47055611333215, 127.52251813918159, 144.85740800173272, 150.1152638016396, 156.9785259400892, 147.932426699503, 157.46762511873823, 159.38613431232727, 155.9951169175217, 152.05758018673467, 146.42969897389082, 145.0622343876154, 166.75734779209375, 167.5431504815437, 165.9799345608315, 155.81405319163423, 140.04637506266755, 158.57324184018825, 164.7982618460543, 165.47985235915706, 164.5672440598679, 165.43243659970187, 162.53911158420567, 154.0599363290408, 159.56581382576107, 166.33065416308392, 165.93478745825706, 162.95116697820308, 160.84778199898057, 156.60144025991838, 143.6502533419497, 148.77008556180056, 166.5444973035575, 172.0681930942338, 170.042404786098, 162.02023305015183], "fourier_y": [154.7697624498929, 107.79963001735686, 139.4989252282415, 156.85272917127708, 155.42776928608077, 123.7487932127377, 165.3509456220853, 169.9034673174725, 146.31332012510146, 133.25957525015792, 153.31733062997114, 163.04700600765716, 175.53732647931417, 168.64182845612294, 175.39573400483008, 165.38469112179055, 148.0054116761981, 169.7767898050205, 166.9783704791157, 166.23836288045624, 180.10012855280738, 165.57482439937417, 160.34323647759544, 163.5963206153782, 175.90740109645532, 182.0282630984876, 171.39384462439747, 173.73844765736632, 169.27859492328793, 152.34926062965516, 155.6184807873831, 147.52481940702432, 167.48653699214356, 159.31207128910177, 150.80736613773783, 135.1448638044268, 149.26474671485755, 159.1926153803379, 147.265908310592, 163.6979528142625, 170.2858021096411, 167.66137192664715, 173.85071759856305, 175.0046734764551, 175.4219114626763, 145.74614069990798, 172.98160791131227, 162.48386145513652, 128.7121883657216, 150.9322432190337, 158.54511603685853, 163.1298462388189, 158.34864112502567, 157.7233913320092, 166.8797217141231, 158.3846886755167, 152.39697708513378, 169.97422792216088, 135.06767095778707, 168.83009912964923, 157.65909789656362, 145.64743825743642, 166.59234131366745, 153.36207889762298], "src_path": "/Users/hagardolev/Documents/Computer-Science/Third_year/sara_guidance/db_3d_models/db/13/m1328/m1328.off", "name": "m1328"}