{"fourier_z": [138.55115812556636, 141.0399343389936, 150.42416893646924, 153.83430727869717, 157.34321666828427, 159.1330291076814, 159.24764915696753, 154.395977421002, 163.61426469053708, 161.20861406706206, 157.65091643931183, 155.7309321073597, 156.31970789905742, 161.47428016621546, 162.38990283555995, 161.61158773142347, 171.46352574106487, 168.55686902486406, 165.17388616465865, 157.75976329925828, 149.64112075745695, 155.84462173461867, 159.72945850136477, 164.37738047524823, 170.47204679582882, 166.83400777446212, 164.36994620302372, 154.92759001530425, 139.9753728940089, 144.17475673671103, 154.8031041812607, 162.8564982698785, 165.60646715015852, 160.93759313233318, 158.95230438381216, 148.65091903469659, 134.0625139923264, 130.49278671090835, 148.0535713401275, 157.60487528501062, 164.11137785732495, 159.06939048884502, 156.1548689865005, 145.00701287678322, 134.37755496423455, 127.81344974948371, 145.96112587163614, 155.43549079815816, 166.51847798584998, 162.93161941397287, 158.21326819960655, 147.0047427890958, 133.3455016954893, 129.1078431991914, 148.41024280768127, 157.28824442269902, 166.54469969051192, 164.2992765156257, 157.68259689995227, 147.88153648841498, 133.81393717902708, 132.92549801303545, 147.40002328557966, 155.8504424995411], "fourier_x": [146.66046028772962, 149.38827050725618, 155.24715404286718, 160.75497207162638, 164.29479316688082, 165.45411449757455, 164.19368531811241, 160.60585766168234, 145.5589393834071, 144.2805078874233, 147.67626492161153, 155.3931658815273, 162.27165065322623, 166.59853010410626, 168.22292349965102, 167.1652674480291, 155.13591475024563, 148.33245083218247, 139.79646590592944, 134.72339879565087, 137.39166567365515, 142.88405182332968, 147.99216613841878, 151.19756654873436, 164.1558765827871, 160.50098243761252, 154.0747028974352, 144.3026882874519, 131.53007664973376, 118.35967147675079, 125.8993316412038, 143.60003654349578, 161.91252658447868, 160.85722896550234, 158.76477418421987, 156.11374236513387, 153.6437651975397, 152.28572254809598, 152.68339790742326, 154.63112112305953, 165.44519368701856, 161.78464733138637, 155.69330514856503, 148.4013441751689, 143.50680116654178, 143.39843244097997, 146.85708423548698, 151.86232286524816, 162.98382898973455, 159.2813820068639, 152.47597953051815, 139.5025966630645, 96.60547307481909, 128.1341990201685, 137.9259712862296, 138.39566436006652, 159.29276950159394, 159.516927902758, 159.86002531227643, 160.56593750279208, 161.31997772555096, 161.92992165246716, 162.506235730485, 162.90213028516305], "fourier_y": [156.87697276304942, 150.94133295726786, 150.7477357209652, 158.40716122603547, 156.14077175195519, 149.80233395270477, 151.09414534626555, 153.87543682663213, 151.09061195442473, 145.18612057384888, 145.93614659082195, 157.11154675215053, 153.20995813055933, 139.09920438003587, 147.35031448545152, 150.3325040155868, 158.2400301100531, 151.60907280068142, 150.0010525110591, 156.31778674234522, 149.51792431665442, 133.24975671928013, 142.17972026990864, 143.18990674286434, 148.7121797108175, 153.7335961574854, 155.27227008850272, 145.28812997617874, 148.00875392614503, 155.7811630077354, 137.65716521451694, 113.20654802063385, 147.60054362049368, 161.11802082478664, 164.71878024732592, 161.31543420647546, 164.7013672000904, 168.93876506085402, 162.2214873765721, 153.8577445408701, 147.75622944028132, 156.2229648560183, 155.47785828889192, 142.70948064185157, 146.3126060072467, 155.22531057532998, 135.50903458737923, 133.1095552494779, 151.77253824646658, 156.46084699094519, 150.53279779178945, 141.93083299100357, 147.64631230559223, 148.8769976359433, 129.82081021577898, 139.64414570508762, 155.11979692520504, 163.78371271967825, 163.54000069854317, 160.8898942259103, 165.135143753599, 165.2762742256201, 152.78433714544028, 146.2663773818337], "src_path": "/Users/hagardolev/Documents/Computer-Science/Third_year/sara_guidance/db_3d_models/db/13/m1321/m1321.off", "name": "m1321"}