{"fourier_z": [143.01402915185054, 152.83309487481029, 152.48540369977724, 141.5353963588373, 155.1623364735266, 148.56329808069592, 164.5889838900457, 169.66225315954176, 141.63622074962657, 137.01649677714846, 135.75932398598692, 145.10510812096666, 155.02512030797024, 130.78159218620655, 155.48538918053058, 162.58464087975213, 156.87135740197064, 139.89333885818527, 165.12531998792787, 154.72070283626226, 123.45951376791405, 141.0683325179522, 165.63151960726265, 166.73726867174483, 168.9757390935427, 126.67597061083285, 164.68816970035, 158.7770402346269, 137.8957595566529, 141.3714208195438, 161.45389839199382, 156.22251941165572, 165.74274746071154, 152.6095971787795, 153.74020922990763, 154.47798306462533, 133.2321953539813, 123.39090260812446, 164.69177180770697, 172.0105839019264, 153.8205342154647, 157.45731259549012, 128.07703064531634, 147.6176485261858, 140.81440799747958, 162.23090379389856, 151.06874916674042, 151.35867130032483, 122.297512086685, 158.3842393343604, 166.90877013696482, 165.9209116049763, 160.22645323212996, 163.66800418505767, 159.58209364488806, 159.0783388501711, 173.2513404070192, 162.3949775082429, 159.96934651101077, 165.5423626723089, 155.43328637816091, 145.06080434391276, 135.047170591579, 154.40192885275752], "fourier_x": [-566.6293447378766, 136.11741416480618, 155.73081605942582, 171.41335779703672, 167.15151998685073, 151.43360585484965, 118.07493524011635, 172.66090088118645, 156.78494390877398, 148.0400856781824, 147.93221631865256, 125.77847328844788, 147.7507296148013, 160.59384008823687, 160.28898810234244, 158.3030392342108, 151.28016485408554, 147.18839571152034, 169.4396619855475, 171.30789242337502, 158.24559705334556, 139.80313379034706, 164.59812932800787, 155.39407484190286, 151.27195107968564, 137.24136807154318, 158.87735706714884, 165.64372858720304, 157.78785141236312, 154.76471418610276, 162.3806200325636, 164.88368118671704, 152.18135373972922, 159.8392493882133, 141.5658002115648, 135.1861307567463, 156.9256878610776, 156.87299961888488, 156.77096220619092, 157.1276930006635, 145.07099613237392, 143.16546434030505, 140.4980760025626, 125.52957696590128, 145.49410485765785, 165.26094327414205, 166.07094841872436, 152.55240290844375, 166.41066975416638, 151.1053581952054, 167.4300483986647, 163.54334137418226, 166.4627686542466, 155.0359841475603, 160.18619980769984, 105.81227488111563, 168.86047702851357, 156.24250469098763, 164.0207067804478, 154.52804000415554, 172.79574649929225, 139.95613571862205, 158.96634860307105, 161.16127420078416], "fourier_y": [175.20278740053254, 160.97207392891602, 164.8349146820209, 159.99033382049672, 144.97396393110148, 142.04438135618292, 154.4464055478521, 149.40777388709137, 160.33706250647367, 160.48289340130637, 160.8694045874676, 146.7474952410115, 160.32146609559024, 144.36780112116978, 140.6757797385078, 152.01070249833685, 163.85152100040713, 160.77830269088312, 159.90557800196905, 171.23188366466945, 162.2949007804118, 165.34475496777043, 149.90210062064133, 160.46912515749682, 158.04735367479557, 145.34726121822774, 171.53951489936804, 165.63878428281419, 166.29004261806247, 162.79486998114348, 142.83993593788531, 158.66134907032097, 143.39761248888064, 162.12635360698448, 161.67684020036512, 165.01813376374744, 130.68760638293367, 152.61553061614455, 151.88247878276445, 152.15418115834825, 144.6669405027831, 150.9579638746492, 164.8334735799715, 163.43864661892664, 155.1131286917151, 178.70378195152054, 154.31670926113378, 157.82808514381406, 155.2131903332608, 150.79037195135646, 157.55302442813536, 153.61743991001467, 139.53039626772122, 154.22203100720606, 165.92209310373636, 155.2322599529771, 140.30077208183906, 154.8825274196536, 153.16644459630987, 152.0392814778038, 161.7273759316667, 155.19336573567637, 150.52701974840207, 162.41177848937326], "src_path": "/Users/hagardolev/Documents/Computer-Science/Third_year/sara_guidance/db_3d_models/db/13/m1345/m1345.off", "name": "m1345"}