{"fourier_z": [146.66046028772962, 144.5740974016423, 130.21665358619313, 154.81943001877363, 139.05346462134818, 162.76013536892714, 154.5797887509224, 165.39227735201143, 144.04720031798027, 157.36068304649842, 137.21127516887745, 140.67157768006112, 139.93134163959195, 163.35487035027035, 164.51335410028014, 165.2349600095948, 139.9217297131474, 162.48615595253273, 152.1088927117321, 150.48186472793537, 141.3012627756041, 164.9216240355419, 169.4817683576357, 166.07255136243649, 148.25996688621666, 163.87649037601025, 159.76244246686014, 162.56157158322023, 145.38304029767548, 166.33748252891962, 171.48569104050867, 167.862688423329, 158.6566351574093, 162.7544075741917, 163.71910279609085, 167.73143285878862, 150.7846227281519, 166.16347599169598, 171.27737937951753, 169.01373902917953, 164.85955116673196, 159.69743324204705, 165.12475875080986, 168.25585800704903, 155.63722966457547, 163.2666734116001, 169.1281070593201, 168.08875449594746, 167.15308622205538, 154.90866873770617, 164.22985572947735, 164.63432126410777, 158.89132085824298, 156.61699216198397, 165.03112768061305, 164.1563223625532, 165.44624788141834, 147.89683234633142, 160.6457402365295, 156.59339078761388, 159.70724186083797, 146.20895157368358, 158.712591179551, 156.19442654866953], "fourier_x": [156.87697276304945, 173.27288130136284, 160.45536679796353, 170.5456323967698, 176.5368368443349, 150.75269754371118, 176.48915857223184, 182.97643551886893, 159.0220908595683, 142.89575439378712, 158.92025730937883, 179.70175077813298, 179.77421097887537, 173.57194493757416, 151.76896263119121, 173.01772545248926, 163.18691652822872, 165.63364886329978, 160.81656550185446, 171.71888515333342, 178.7349971316553, 147.6221476332, 170.6386863044837, 137.21559719503355, 158.53009324331114, 165.3145274384751, 171.9730028880689, 155.92984545310884, 183.09446667253468, 169.26450872290647, 182.91348570567652, 163.8835706902668, 162.1020611845016, 159.3926936220394, 164.44595742540292, 175.64236269994072, 178.62704031259176, 153.93692559945498, 165.79337603359488, 176.37025950269583, 159.50076560430819, 165.92387613388124, 129.90639966500186, 170.1979756046053, 173.79732247559662, 150.36839650790603, 162.7603744961596, 166.55897330006954, 172.5144737744647, 165.20418330080776, 163.64408305767745, 168.72555707639776, 160.49150997407295, 155.198936261927, 165.1506646278247, 152.2801196697187, 181.39340972917094, 158.64989122771908, 158.7898088296625, 141.0738628484745, 178.4054609305726, 174.2889283312493, 161.29633670045655, 168.5525336357827], "fourier_y": [152.41410173676525, 149.22112581846943, 148.3349770232701, 152.35140455732346, 146.42640072120545, 154.86089617981344, 126.96512650632297, 144.68771238878273, 151.49480815599557, 150.41847441773345, 148.88710713029465, 147.75055027560902, 143.85937534464207, 161.43235141920843, 132.40061519986585, 143.4780306153049, 147.53740889193523, 152.1488585641394, 150.24262399746664, 142.71812188808477, 130.67349630673144, 163.5294238874851, 152.3388987835981, 142.65276892100874, 136.36454986238567, 152.04743360591294, 153.04536329070174, 147.76632994018004, 124.56160321284428, 162.21256274856614, 162.4490272818899, 142.6237692117308, 119.92249004929697, 147.90735163929915, 154.3955255513325, 151.12557812365998, 148.65283174827889, 157.97798530237733, 167.1913384139445, 142.1388481472053, 142.4714823032715, 135.84179314450546, 151.263214084212, 147.72134962813064, 157.9901622225223, 153.44748895814877, 167.5231179236979, 138.46751837108195, 151.514425978246, 116.05607858152356, 141.69247169512374, 135.2135038054618, 161.10137951212465, 153.71234342609685, 162.86781141628148, 128.80401320087844, 154.02587770334884, 138.14954314451674, 145.24950400510397, 104.93645625155636, 159.5016134738564, 155.45209954426977, 150.53575330108316, 132.2915433363692], "src_path": "/Users/hagardolev/Documents/Computer-Science/Third_year/sara_guidance/db_3d_models/db/13/m1350/m1350.off", "name": "m1350"}