{"fourier_z": [154.7697624498929, 154.33485902194332, 153.65081428688137, 154.07226255142655, 156.40718496561846, 159.60995239867634, 161.32293036535862, 159.73678956106002, 152.24944230599823, 152.8216269957767, 142.6292681444788, 125.34214301399237, 148.26537583722452, 156.51032257217153, 158.68655086497066, 158.8023625196717, 166.6308836716113, 169.19203266595264, 167.8729623996115, 163.14727446708895, 153.31561805210987, 136.73648671453418, 148.55567186209322, 157.79608530657623, 144.39972547655069, 144.602547161254, 154.97487810910255, 160.16031706046783, 156.9556069737406, 150.5636662690685, 157.36211813942046, 162.45822132012006, 172.14408348513774, 171.48371811811816, 168.68375640435704, 162.34822571176568, 143.7786854493763, 143.1599661431509, 163.36424507827093, 170.73576830233628, 165.14665017879068, 161.5068644870192, 152.15272509020676, 139.3486718787618, 117.52932296903028, 114.61909480371348, 129.95835653003024, 151.7552658695441, 136.52836976622294, 159.12176823371166, 169.94284588970186, 171.6359457062525, 165.222212167384, 154.3171574838547, 157.58026228642723, 160.421943159102, 160.81999769836642, 166.9706195795287, 171.27502534098082, 170.64067028570153, 165.290874706784, 156.6494138436559, 139.97705284653577, 141.20425625754638], "fourier_x": [178.17118750289802, 173.72796770971217, 164.66847577101123, 173.7337695949873, 159.3554638556018, 114.55032355400533, 129.83097674629568, 152.2715821980638, 177.95746962862518, 171.71181918183478, 163.7407209719079, 174.69706098969436, 164.38051169378548, 140.58170499515754, 153.73083453314405, 161.6437166951437, 177.25792387178194, 168.6226720707776, 161.68421019053437, 173.78671355749432, 165.41593648823326, 152.24550183137814, 164.39397068863286, 168.63499630249092, 175.8701212124032, 165.4415144056913, 159.648552158379, 171.09664333432454, 163.3201493821591, 156.89684988857127, 170.37822187910496, 173.40869438949196, 173.38539330862613, 163.15765195542923, 158.9053109995076, 166.54016667203678, 158.99482422158695, 158.5476825488244, 173.80429318629436, 176.3418215590903, 169.0780535679701, 161.48220628504816, 159.47327249508442, 159.64361284956524, 155.64900033391189, 158.9666711247481, 175.3606655895595, 177.56315007679564, 161.50117414356433, 159.08527487813268, 160.3798387873734, 149.39977780235589, 157.49754949984484, 159.12073490487592, 175.190385669118, 176.9523224476094, 146.10951715526517, 154.9619649117022, 160.9774581405306, 141.60452058737224, 161.51788589234332, 159.1793865616039, 173.12113680915212, 174.11616826661688], "fourier_y": [178.84921853641163, 177.60830785300533, 147.66761504096544, 141.426671283985, 174.70489077973198, 174.30129494521825, 161.422360335075, 159.08124204961362, 180.59515791296803, 170.9307689500219, 157.66048668762255, 166.74782718022865, 173.9613772023917, 167.0084729684985, 158.94354485996314, 146.28258765023875, 181.15176972050057, 154.03772345302562, 169.81543973603976, 176.7537779164343, 172.19244973440811, 160.98495296035736, 162.84635905707228, 163.65316969830684, 178.94973719577615, 167.97163603682384, 168.79427744252692, 176.6400500605866, 162.1258740879793, 175.73971006766357, 171.3194071348879, 171.11962470647396, 179.89942278758537, 175.96633286493042, 168.35912792412753, 171.40405066082604, 132.89433961573113, 183.7726607004831, 176.75194084167413, 177.3868055882933, 183.03384688219762, 174.77355085820878, 176.09959079705555, 172.85826138738145, 159.24130137044673, 184.71227293600904, 178.74293287535576, 181.2968397706262, 183.15841459631895, 167.7443288549751, 176.5262981814036, 173.0511585541314, 146.91800991429386, 176.78680867015882, 174.50826928442925, 180.0330299883333, 178.11781814646542, 156.2597846965408, 169.4745720985851, 164.74021652914215, 175.6664558478927, 170.25081707915143, 163.18937285384095, 176.18305045725492], "src_path": "/Users/hagardolev/Documents/Computer-Science/Third_year/sara_guidance/db_3d_models/db/1/m137/m137.off", "name": "m137"}