{"fourier_z": [158.78317635913592, 168.06675691241892, 163.12256911492574, 179.17858807143458, 169.92988154280252, 181.2588885356647, 165.788499119709, 167.2323942842724, 162.6908509514875, 157.18905107258362, 157.4887073916663, 176.76124884357665, 166.69606600183383, 184.40787486388191, 176.14967577266722, 175.62727415792511, 165.5699949859455, 167.4253320085421, 141.52567349843088, 166.90896682405597, 165.8126989126487, 177.740229519132, 174.33902104397572, 174.10719319914148, 167.14234061853531, 172.7368640784182, 158.0972710168895, 155.70984725016484, 158.83036985297827, 166.36634317372952, 168.94916940644006, 170.32856451666208, 169.32711885124314, 164.20856098663995, 148.46745128634294, 163.08908389093654, 133.65557139007805, 167.2874858441815, 169.9593810370749, 171.8091096009637, 166.2350226541018, 150.25489075619214, 143.61682020056017, 160.2526884726597, 148.9948975976566, 171.81418917957498, 170.73601067569126, 172.74386639439942, 147.9473823981437, 152.9396353990819, 158.39296788174656, 165.33490829233222, 175.77954286204783, 171.6654552861305, 172.93893868022548, 168.71509775968116, 138.40260472198162, 145.57741147179564, 169.62090399507474, 172.7017317341801, 181.55966801931723, 174.93960362779788, 176.2428666278913, 168.99400390883602], "fourier_x": [202.72766790586033, 181.87401075147386, 190.86246178639192, 186.18576011772353, 141.61685976251906, 155.18096172536514, 175.82394250920967, 154.12432522381982, 182.95167461214785, 190.15049531142793, 185.213928739733, 146.8395533180366, 133.55444404346838, 171.8471182804868, 146.0146565858735, 133.02972462452024, 189.75171247804937, 182.79676936504967, 165.55179605311807, 147.85141834055932, 165.66261161390943, 107.08933420524518, 155.6975144193669, 166.9302147809492, 181.46877731334538, 156.1132616122478, 144.80676856800136, 171.5829512480924, 154.12146595773143, 168.94647587202894, 171.3762552850074, 155.02808910893893, 159.0990039165356, 129.39246538145127, 163.8477247787341, 131.53335797389013, 144.24446474612992, 168.8093454606096, 158.87778133383202, 148.40367743529785, 139.36335960250528, 164.07958636079016, 130.90011539313963, 156.55803072751576, 155.71998377216465, 119.54504057501858, 158.1899994117222, 145.0176170595562, 167.0294301647871, 144.1568042737551, 154.2205155339791, 162.77530834750468, 159.29321297304972, 168.4875473807132, 149.2681184042725, 147.16978703095467, 153.6986107412442, 167.60760886209485, 154.94569407843696, 132.93630757323018, 156.71253685056323, 135.36031594046682, 160.93026329736816, 132.0809089014716], "fourier_y": [143.01402915185054, 153.52092698169298, 154.4917837292868, 160.84942253019767, 157.4603253873582, 156.89370888624364, 144.62375750900426, 139.78214023014044, 148.585198158007, 152.40355152610758, 148.8416262461498, 153.26850405559165, 162.6704272571949, 154.63815735991938, 151.28140668595452, 143.4136285827648, 148.33271844351935, 148.01110822100304, 141.78710603767033, 153.59651486949934, 130.65652851029182, 126.02235606688933, 152.24452519696322, 156.3428810741647, 134.86670436397208, 154.91111596804865, 165.21007853343752, 150.4365862222241, 158.58164883659896, 158.34651955770354, 158.89205657098648, 142.26414395582142, 154.92739350154983, 158.28498637913478, 158.44982415038677, 158.94641100711826, 159.1022893171479, 138.04558005940123, 165.0911676419409, 162.5573780656185, 159.19653517926318, 160.47695254576627, 142.62354952821624, 125.2943735617459, 162.49382843680647, 136.75342037283517, 163.8533990943249, 161.7523563518671, 148.28722297185126, 143.8622022792779, 154.59733963967346, 148.52063303610578, 153.673285986444, 122.46428580354474, 158.59204376521103, 131.8103091410116, 133.75518628990866, 141.62420200129918, 147.9623580577014, 146.07622036825154, 139.32327689604386, 140.99104535157295, 155.00304731901298, 135.0743233426498], "src_path": "/Users/hagardolev/Documents/Computer-Science/Third_year/sara_guidance/db_3d_models/db/13/m1389/m1389.off", "name": "m1389"}