{"fourier_z": [143.01402915185054, 153.9843734281207, 153.4375739597912, 154.77873745425063, 158.875465982221, 154.29184931182903, 145.1273014547491, 115.92374270110503, 143.08397741553995, 164.57691312707598, 167.55170667048912, 154.27546889198788, 163.12342632571895, 148.5102813343387, 147.1974514190386, 133.26430550456823, 149.82819028339168, 164.71428891739544, 170.95348433717783, 157.37909922085342, 167.15015052622022, 134.7569935027845, 142.8487494698044, 126.78081743342634, 158.55146397807528, 156.49630810233077, 165.8486981501068, 154.1322065994174, 167.870607475075, 152.92380157461042, 150.51046908051438, 136.55411411431768, 162.58636188050224, 156.48534087835952, 150.6827057398932, 148.921631006687, 162.05194532286077, 161.60428502761624, 160.03041543417794, 148.0747401176703, 161.53243867957826, 165.89814786348288, 151.497252703867, 159.69107068871386, 140.07741528945417, 161.16743587818007, 159.86811683102212, 148.82755139978235, 156.34472251343186, 168.4519416613551, 157.4420173600102, 165.50673819310308, 140.72090837509216, 156.29365589830022, 146.53559720542543, 147.28465847849097, 149.57329648856611, 165.27168577175004, 152.6741625588084, 163.70372146619223, 154.349234848806, 156.14893290615032, 124.72757543181206, 151.3683340532342], "fourier_x": [146.66046028772962, 152.6221584315727, 156.76821791528164, 154.6784804609152, 148.7280652283923, 146.2594892278923, 152.18244075325313, 158.77119171032024, 153.4865633846277, 163.1027130070167, 163.05006087864416, 159.81785527348157, 161.52598133061736, 164.08842899411798, 164.42780945560526, 164.05990932930263, 163.1174234065357, 168.2596684990564, 164.1740088664847, 155.946464555454, 158.0661157727975, 156.855102375243, 142.86117847821808, 98.94376892701698, 167.30504933938818, 167.55845220961118, 158.3242007737687, 129.0494366758801, 124.48211216881391, 134.5659658955055, 156.21758376123643, 164.91698369376454, 163.49751211363736, 166.51516134516828, 167.03560410390057, 165.7046373058592, 158.97745610078567, 134.3032451493857, 142.20048015710003, 154.14387603560306, 148.6420276883836, 157.95069648131104, 159.82070082461354, 152.08965157266982, 144.10026110678535, 157.07490536842573, 161.84360430366849, 159.350070286601, 145.93572732530643, 138.71108392897568, 145.53761106598688, 135.10720892640052, 146.9538595920724, 157.18244633537805, 155.99213149552074, 141.14596931920767, 157.23774715817314, 155.9325436498298, 151.14488609513603, 141.90476668559072, 129.29654394453883, 122.99941004191982, 128.6155273767712, 139.50154539303438], "fourier_y": [183.57699409769623, 172.43334920319953, 173.3156874624436, 150.04653899063504, 156.57569616926284, 140.78553294529095, 173.0616507217183, 162.62190135649655, 181.44231908710555, 152.02096695390418, 183.67757862986304, 171.13820449624677, 183.00341062327374, 158.83933600121426, 176.82370024842385, 168.18652923449068, 180.73061305078045, 184.09810682179756, 179.03627748027918, 121.50906348806348, 174.75175487210637, 185.30688201934288, 171.54204790679128, 176.60057603695722, 146.17389909004683, 170.28734655206915, 150.66689856125026, 178.60406296647398, 181.2932752928049, 176.0638822020215, 167.552394556035, 162.23387768637278, 166.21056106012642, 178.16465581137425, 157.19033288489, 167.63922103111324, 181.68863085188093, 148.7763732310681, 163.745049900896, 168.43329790124966, 172.7698547413206, 169.2935135214337, 182.7923322636477, 167.75432441414807, 135.40684452861757, 177.05612379135113, 168.04969099318325, 170.2541628170485, 182.63970687814577, 167.5641471852936, 177.759121869103, 169.70224464350315, 168.7928025806106, 171.03815139129085, 164.14983716442003, 168.7510592152724, 156.81139011064639, 177.5401859140875, 168.79074301809425, 172.47886569885267, 167.83067464619987, 180.07839864504163, 164.00912713573916, 190.54937679713208], "src_path": "/Users/hagardolev/Documents/Computer-Science/Third_year/sara_guidance/db_3d_models/db/13/m1380/m1380.off", "name": "m1380"}