{"fourier_z": [184.09650382576146, 183.56468725267092, 181.23296965130126, 175.9517675022624, 167.1377619074505, 152.66962346479832, 121.37239900059113, 147.77533613761187, 184.5866210052704, 182.22080865267972, 176.08200941313154, 163.0641319812767, 134.79186607701098, 144.36940105282687, 148.57339195742105, 144.76323026626886, 178.52368836682442, 177.02259925206462, 170.6210914126301, 154.24226585887735, 122.33679536299923, 149.83989159712314, 154.47232029940574, 150.39483861909756, 178.25740367453758, 159.88511580193807, 137.11103405982522, 154.32856689175506, 133.282032427182, 149.50888271219748, 160.61429361342402, 155.13505839541875, 170.34492296997487, 158.98760800469316, 129.01784028913946, 145.71710100166348, 152.89411072320118, 152.8117780652496, 145.92962338679035, 118.01636258955641, 140.43792950840646, 133.06272244135397, 145.42773620207305, 144.7531162766781, 136.23381690013252, 146.09359200975265, 147.54720296929816, 134.0634430473832, 144.7366160751932, 150.65016586827295, 161.77274531197352, 159.7636577356884, 142.9895808171099, 124.88007693732433, 142.28733858382896, 137.7857275426975, 135.22632586525052, 155.03296375869274, 156.83351697647726, 141.9139982602147, 132.17953730273345, 148.1949516667348, 141.64443422087555, 136.2335717319669], "fourier_x": [152.41410173676525, 165.48654770375924, 157.77714932092178, 144.65352347218587, 149.04136445734818, 155.5199049110433, 145.55954754503657, 153.42405618917812, 176.7706474119872, 171.2353098373311, 167.03832001398752, 169.8690297317214, 174.68846927571488, 183.2577588434631, 183.7864532667085, 184.03318941434037, 172.32007088278334, 166.9645235263438, 172.26439095017938, 169.48614242496575, 173.65051966343142, 179.55146833345685, 179.82214763424352, 179.11727717382274, 155.42270979054751, 165.43705288283059, 129.0185921781235, 165.6609416692326, 160.50509171731505, 161.5797086344981, 167.39634649556987, 156.04842771994683, 178.30283445265778, 182.84539230219008, 172.82244694466692, 183.23350017575092, 180.06757816295186, 181.04083055730317, 185.22352542093165, 181.90486548793277, 171.156334227302, 174.44316655676246, 157.70188832417136, 166.99165005028397, 151.17775857806012, 160.94560652299717, 173.82834538499844, 170.0771430472745, 168.54065624772088, 164.28529334741415, 182.60439829105877, 177.06899604272022, 180.57514869232816, 179.3052011259469, 169.41617344930395, 170.96457218356824, 184.97333500755627, 181.482381227367, 188.70271266805386, 184.63492375162193, 182.51231048555871, 179.03126398314498, 177.78056171433948, 179.85054766798723], "fourier_y": [152.41410173676522, 169.79361631800919, 170.34887417055398, 173.19702593975552, 173.01591368799504, 172.18019618171527, 178.4760987341858, 181.27263060391908, 171.10340496894563, 155.6018220368306, 152.9150782693574, 152.85438789809766, 151.31031456136245, 164.1136533483588, 176.69177762655724, 181.87947142103414, 182.67099302677676, 180.18458267374965, 179.78339326398554, 173.665365888848, 154.54178041755543, 147.9204975963287, 169.26873986148266, 178.5689508546193, 177.87170885348877, 180.4764893949934, 183.6028661622483, 181.43667426652698, 170.79629271098105, 159.3159321553472, 157.8108463749066, 166.50762280675823, 162.41008661972512, 162.68268959996738, 168.1168831192019, 168.10613423037626, 156.27011486800765, 149.633295276103, 146.23749976852505, 146.22090035303967, 164.93765152681505, 169.38945476515255, 158.54034716532186, 143.58809299459898, 136.61383565606044, 130.3056220097918, 151.7073579013557, 160.964180698348, 173.39238750998538, 180.5483081964682, 180.33244232553952, 175.39539577733018, 170.60016637143602, 153.4490724359041, 139.08243086838965, 163.66898938768148, 176.37098945090983, 182.97227279667226, 183.19138545883763, 178.90475845165798, 177.10446003775357, 175.5370696698339, 170.4791603958158, 164.77901451738316], "src_path": "/Users/hagardolev/Documents/Computer-Science/Third_year/sara_guidance/db_3d_models/db/13/m1395/m1395.off", "name": "m1395"}