{"fourier_z": [178.84921853641163, 174.24129705288127, 159.59532274860211, 145.19390958318306, 145.1459363237387, 151.0814838108534, 160.46115497210988, 132.08897841593307, 171.2264175431131, 170.85927062922678, 175.65780283228236, 175.5186756464441, 166.31438499834138, 163.16931824148298, 177.6944540542679, 177.7510188529125, 158.9760210449043, 160.45811856052347, 180.83947317912202, 188.11727248098765, 189.2775843402158, 186.697686744222, 182.78530543941696, 175.8747593430675, 166.75564767060985, 169.27303307107996, 166.09982721220956, 176.44408046405883, 181.52786194059502, 181.1749039249322, 183.30921399066827, 183.66433375065844, 185.91275440459438, 177.9975152897737, 168.32742252205867, 168.04907722279438, 162.28217850731255, 153.80668073464537, 171.98372897750244, 172.35465754219476, 178.57145629649017, 178.9659472666287, 181.71734789405573, 186.80397807094852, 188.97276657554153, 179.98990395160297, 167.10295127351964, 180.60324090912542, 186.6754138909517, 181.8919153264829, 166.6356352649957, 162.97687999520252, 168.69427405294954, 157.80114666654154, 179.14375155490077, 183.45968413105876, 179.58757264506917, 172.1777393512447, 165.58841094913078, 169.4310603406546, 166.10352309898107, 154.81967717876478, 175.49002517236084, 181.61176526946463], "fourier_x": [124.68821451436736, 134.76524097295885, 158.27445580749728, 137.6219445841873, 164.56287574091027, 163.26277661915967, 153.01808114902005, 149.88059073947386, 115.92079412426932, 141.41467187275418, 145.6990015753343, 154.09517331037813, 152.69736734010957, 160.68526369230366, 152.21432915269077, 158.11855628553633, 138.34280727759318, 140.2351391626382, 133.23708456879154, 163.0384159318591, 130.1738343971275, 163.84465516130177, 155.43596814840348, 165.56711766980672, 154.556435697876, 134.9528505107694, 140.6119775661017, 168.22633178670242, 148.30502335125624, 167.712582915369, 159.3283525856129, 170.6771726600027, 163.07609067142064, 128.17919701675504, 143.334627744767, 170.8757685740626, 161.91900184236704, 170.10484314310847, 161.36913310802697, 173.07872789219846, 167.17006983069405, 119.36068455689524, 137.11023747977111, 171.50434358974763, 169.4620468941779, 170.88024143840624, 160.7230714303625, 172.53111709690626, 168.03863024563208, 108.84600574040104, 127.01563793168344, 170.277602287084, 173.92528580600197, 170.20570278455415, 156.7308081016763, 168.3679270253757, 166.32467374963613, 125.10847201138206, 145.1476722815321, 167.0913451949093, 176.25389171544947, 168.36606561539992, 148.08158337712956, 158.5733578056177], "fourier_y": [173.53515522175155, 162.8126597662211, 182.29075303487977, 152.99779818006996, 164.13372081716787, 162.98034215762087, 167.25137818338163, 129.4711287880575, 170.68827004005712, 179.71041047931638, 179.74551109428918, 132.1940331339021, 170.18586384633622, 152.46951346679577, 169.57485054493316, 163.38171104971664, 162.5453605393052, 180.75834604379725, 184.5498980516279, 159.05361188682346, 175.88942088034034, 157.77825225346422, 170.54550403089306, 171.12576705378007, 174.04230073682345, 152.4285041997968, 184.3809457066544, 166.59642642691185, 179.01852455009652, 164.7770074886114, 176.79747493348822, 168.34395741392808, 183.3701079472051, 179.43284565963611, 173.89966836507722, 167.92182858314422, 176.85156554083787, 175.97684085309567, 187.3550816879192, 168.34992412007125, 182.7027783338309, 189.01603193603813, 173.96825971910135, 173.90557470673963, 161.32007537473274, 177.6001762219049, 187.85134691381754, 169.97235248218266, 169.33322326353814, 183.861891430053, 178.53563828206768, 177.19801600667253, 167.39724647290876, 169.76175582900285, 175.43651991890727, 154.4789579149901, 159.7995144146964, 163.5838240855534, 174.07168338769165, 168.657585687969, 178.6961381246684, 149.92084728584138, 175.13998433957252, 158.68600515039887], "src_path": "/Users/hagardolev/Documents/Computer-Science/Third_year/sara_guidance/db_3d_models/db/1/m139/m139.off", "name": "m139"}