{"fourier_z": [-540.6548008367574, 179.400164778443, 179.83619514142887, 172.05689821680733, 180.86536222998325, 185.7939585066033, 165.84425326093742, 147.57555471732636, 178.5414562953905, 173.77912505572712, 173.52145702502742, 183.67010038939753, 183.8578986205075, 186.08545309923986, 177.13032277560816, 174.66319499573132, 180.14771689899976, 176.5882008543261, 159.88492018803979, 183.2206489497901, 182.71375869940326, 184.35556794665487, 184.63155485220062, 180.30161006180242, 172.81045709211725, 176.53017730713827, 156.9406310554947, 189.46347503369012, 189.96329379395476, 180.49547694355243, 187.92314516526937, 168.7302072845859, 172.53954447946808, 168.1632575783544, 160.22087872967626, 190.57032555052803, 190.8573750410129, 163.29239362969489, 186.15020187837206, 156.96892694195975, 176.46698038356072, 152.95710748176825, 160.04394275205786, 181.34038228790808, 179.7161880872846, 169.15305729524232, 183.0340546383017, 181.85525229789602, 177.13590654216387, 144.10617708886082, 162.47340114651675, 160.41187572403163, 180.1526192930386, 180.73303486446957, 180.99413361917019, 190.79115064157793, 172.18490664468692, 164.20035825378278, 177.63774310793474, 162.20204905582796, 187.82484547411923, 175.17097146469706, 173.041006661187, 190.27724259709427], "fourier_x": [146.66046028772962, 148.95803141011444, 152.75685392861226, 155.23301186341985, 156.22561083849013, 156.67362003398776, 157.6699897869163, 159.31474111517713, 157.81881895237476, 162.01699314433867, 165.38985702177666, 167.43991988067066, 167.9283431892364, 166.7349347858479, 163.81995477185717, 159.3649658561853, 147.7471456996243, 151.49593638236377, 154.18628141895366, 155.56414777266565, 155.87733981156555, 155.31986729180548, 154.0227011091243, 152.26074296710178, 161.35662218313456, 156.5848124818097, 150.00557104955047, 139.26803875570695, 125.41534955549048, 142.19672979507448, 154.36305115506082, 161.259145663161, 177.9274805594491, 175.20416384852697, 170.89773909917895, 164.544754736028, 154.70028979038372, 135.16854701055578, 129.15314526206538, 150.75386518821398, 121.05090104163591, 127.41747322000089, 122.27182949528898, 95.82374744392651, 133.08431696486133, 148.6211098826826, 158.05004079867945, 164.65863701055227, 166.1929058204065, 162.00132588470237, 161.99121946157717, 162.88386019430772, 161.93877248010273, 158.3259380537346, 152.48657269703773, 150.31525389005213, 161.53481753838912, 158.2291169250819, 159.77112029978534, 163.79726497521287, 166.8988883962445, 168.37584378845887, 168.45717599638508, 167.54798336932066], "fourier_y": [175.20278740053254, 173.84475837094863, 168.87995559082202, 157.4179980298108, 131.7507362053401, 125.75531735874195, 128.90632061059011, 146.70995315259563, 154.65691466529597, 161.47146938979543, 163.52158592811162, 158.4704062725314, 150.74364990215778, 159.12003423864152, 164.04390436028876, 162.62086051815675, 147.98089393924067, 120.16807263739402, 157.01205658668667, 162.05681050119546, 155.11622716028586, 151.99077189734842, 160.60803582776225, 163.0671203575667, 140.8451644005052, 134.55751816114312, 149.05019962614807, 159.45801623947364, 165.76814616177597, 167.70217082926382, 164.70615616225422, 162.53338630074265, 161.88927638320405, 163.41906291242896, 158.71181893349618, 135.52370845134985, 154.01344883573597, 162.6185561919331, 158.80411196996667, 160.64094184041562, 131.7431820135381, 146.9843655650625, 159.18202992293993, 154.25100248190222, 140.25778924267738, 153.75836316475795, 153.97536042686335, 136.76012127278776, 143.71736259513256, 155.41183542396357, 166.36865733644004, 167.03867485044353, 160.61927297510064, 150.96738677672266, 145.22629837109028, 158.1345786683325, 150.3940893554214, 147.48191311211735, 145.09523155793173, 157.04769923564402, 168.53549940738867, 171.3952866692241, 160.64212992874945, 151.97711759549628], "src_path": "/Users/hagardolev/Documents/Computer-Science/Third_year/sara_guidance/db_3d_models/db/1/m140/m140.off", "name": "m140"}