{"fourier_z": [124.68821451436742, 140.52843314623215, 157.90785029748196, 160.90753970707203, 128.72030347591456, 157.80001204245676, 160.68961779649484, 158.79085700489424, 159.56411816305817, 166.07680262351013, 154.40875228487994, 145.68358285397952, 129.44956832987327, 149.82903421136618, 138.44830787482115, 171.97375489376796, 124.5702129640023, 149.80148694251392, 134.56774918360554, 160.7740012821762, 152.17009698150292, 148.02279331463535, 131.68466325506535, 171.37589346219852, 150.761585414525, 165.31067554456453, 160.23483656103312, 150.58466366574427, 167.85583476868743, 180.68973325072747, 179.0799245273385, 157.14996663495072, 144.35202520244368, 163.41581790360038, 150.33026543657496, 168.68811710617683, 169.96795664262055, 153.9570139182781, 155.00543235339077, 163.1436090672397, 149.10055516226402, 174.1349013929348, 171.38998091855825, 156.6601149598649, 145.28141536980112, 162.8267888117276, 139.89104514911492, 172.48530684954312, 163.91851227713812, 162.19395052091636, 155.11642049176527, 135.108121861661, 171.31812062831472, 181.9172460602316, 172.1583822989223, 181.01694946192788, 120.5152839024934, 164.47467631842161, 172.1030645392413, 171.48578336463714, 166.32434460512945, 175.11144538590227, 167.99963772172106, 167.98907869208278], "fourier_x": [164.98627492521274, 160.74171718899743, 172.80096115330352, 154.5785308377918, 178.00967532856814, 162.49350775419342, 161.33407735122978, 168.0974854217331, 167.45519418920128, 155.44261297963405, 166.74550088881858, 154.78321254881737, 178.53680985031463, 166.90601538656307, 164.8174888921794, 173.16121094169222, 171.8263876860051, 151.1321924189643, 155.84833881417325, 154.88277386049518, 178.35994017004606, 168.90249591421224, 167.20121959651453, 176.13889560483472, 175.14466144971271, 151.7586545561499, 128.75573189629495, 155.37383757056486, 177.35766435923222, 168.8397032564737, 168.31911814980162, 177.50164942309607, 176.75951125728574, 155.13278894871576, 146.59738254103684, 156.50722093199226, 175.4516117311309, 166.68830737486363, 168.00202408642488, 177.43962253772153, 176.6580863413787, 157.6575346216779, 161.89261976982777, 158.11210512392466, 172.57750676109322, 161.99660440185826, 166.00260783785393, 175.96714870878316, 174.88691973209538, 158.53132790554523, 169.392851757017, 159.78599145130428, 168.67028051340486, 153.41674665470617, 161.86240692170142, 172.94116389259838, 171.52221913978937, 158.07098539431846, 173.52502997898108, 161.17927583478664, 163.66410622748657, 137.09446157894538, 154.62069992475122, 168.02651882805856], "fourier_y": [178.84921853641163, 179.25711054136934, 151.33987674120954, 164.44134744279114, 157.33032952228822, 185.78998197425045, 181.036681404653, 173.44835989802993, 177.6839318412739, 181.32493054872242, 159.7241768173783, 166.53897948053196, 156.8300440171312, 186.9345836588209, 181.92125838057433, 172.613236738068, 174.1065296012221, 182.02763034627935, 161.6954468092065, 169.2665037589835, 169.96222886030804, 185.2577404542613, 178.91060408908703, 173.9343885574034, 168.4067113139669, 181.77049082748366, 159.65841306853167, 171.48423871678614, 177.90088935012335, 181.13833132126365, 171.78194362563957, 174.81987512704777, 163.48152788532192, 180.5063937696015, 154.71483538993078, 172.29526937051557, 182.32988990030734, 174.80897655641127, 159.9156926985041, 174.24971602853756, 163.0403783016239, 177.31494989578493, 145.13318368387982, 170.74590662120988, 184.5174406590562, 165.1590265452719, 140.37612223796174, 172.8717981569771, 163.04253381401577, 169.97673315225848, 129.6847285878008, 165.4627706564834, 184.95339667820014, 143.7832773893481, 143.89674898432568, 172.8529561926945, 160.09053633626053, 150.9792963855092, 150.98981419453236, 152.86475964330435, 183.4720996488625, 145.796530523663, 162.9402011121965, 175.48395708584079], "src_path": "/Users/hagardolev/Documents/Computer-Science/Third_year/sara_guidance/db_3d_models/db/1/m142/m142.off", "name": "m142"}