{"fourier_z": [171.715719657637, 166.4786093284337, 145.34291378057952, 168.84437416538557, 182.48537225364598, 188.4633689882364, 190.2001876727233, 188.81319894562705, 168.26585263380966, 169.15347649883543, 168.93683122384948, 164.74026565550696, 164.4713189916768, 173.0715329199222, 177.6073304434365, 176.46878835354096, 186.57468711296335, 186.61705408731663, 185.2150102536839, 179.10827275958587, 160.8604884635743, 166.04209003093953, 181.10957885426905, 185.25076325522477, 184.72020905368964, 180.67056543057748, 172.0433119531484, 159.57466508562874, 158.33248980003916, 160.5833439930115, 158.38669931669682, 159.18044720279346, 156.98725654158656, 168.54055546803363, 175.42388402689988, 176.9823472620464, 173.39557846461074, 163.95902631979385, 147.7189788760967, 148.6096230495283, 171.09195938634898, 178.53715874450404, 182.72795600200715, 182.75326206199549, 178.33713555417646, 172.27110517447608, 172.9909546748216, 174.881929894312, 171.57321065081263, 174.91809214971713, 178.72308436950772, 180.22645125829214, 177.43176925623703, 166.64864092489796, 138.50489915725592, 170.0822239037072, 187.22445995688102, 186.86165655657686, 183.68726776986898, 178.26548313841153, 172.77651009636133, 170.17566222735422, 169.62793264590874, 170.30044748598897], "fourier_x": [154.7697624498929, 167.2143220115399, 140.23859879374604, 161.62373069675596, 152.40992542386394, 176.60019372885353, 146.81764938154504, 164.92226511965652, 156.20550532809628, 163.1104978743383, 136.08060880821623, 158.20334039516067, 157.74145669685115, 179.4474768195667, 150.36460458533153, 168.58677168798545, 159.51257552697305, 156.62562552358744, 136.3843803745242, 152.16669449461585, 163.96748524000415, 180.42971525301277, 151.35879866086094, 171.12218711020677, 162.87029713966837, 148.3976719417871, 139.26774331724778, 144.4529451941867, 167.82949779738456, 179.55955180694968, 150.75286926907853, 172.3283737866811, 164.9729937566934, 139.78167545813963, 145.08966003097638, 144.82232608385206, 169.24771389012622, 176.70112760029156, 149.11724394706906, 172.2470399160535, 165.05630186683575, 130.86599713115672, 151.4634704429609, 151.70144408075313, 168.38544458888194, 171.4468183066518, 146.43442527501728, 171.06906179910828, 162.44791208540738, 123.06969728946747, 155.48103776917208, 156.1601141041592, 165.22471508501528, 162.7059741224667, 142.38118051735086, 169.1926473517346, 155.9515053030098, 130.4054648843981, 155.9551205173395, 157.7123141797313, 159.53992213231373, 146.62629181529275, 137.99215313306715, 167.2372035458525], "fourier_y": [166.27704534796413, 188.18384439976884, 170.43734056370968, 180.87017357932007, 173.17901793860852, 163.74639247157006, 181.8207451888801, 177.08952198565723, 183.51513202750422, 184.5922334823385, 175.24041759647736, 172.1523879224357, 164.6862979359162, 183.51873780192602, 181.93039208397965, 188.98076297899652, 195.15899964609144, 185.52355647264227, 186.76660163114815, 170.63958925041635, 157.1670511617988, 182.84443021783244, 186.73406060323316, 186.2444153000846, 196.37040216207038, 163.4470733541552, 187.25482051390065, 182.58093820330748, 170.16701514351385, 181.08057298868428, 183.63508852651083, 168.5144376284522, 140.36709773441618, 168.948868616812, 172.48326633454155, 176.63713481566907, 166.9869837734949, 147.65092160066183, 176.21736660398932, 161.91218149455057, 195.9770819215221, 165.26101998020877, 188.89280628995297, 178.44753687895863, 175.73961768394727, 184.236514987182, 170.27088905544687, 183.74570965639202, 198.14626818983947, 173.4392048118678, 181.95362696117402, 171.55960525521692, 191.4788069766786, 184.8519572304698, 178.24054943206508, 161.16527733682548, 190.1947884363126, 174.49975425845207, 172.34803585354908, 160.47779880109965, 185.62593170099746, 170.90957147209457, 178.4232864550431, 185.31159362721777], "src_path": "/Users/hagardolev/Documents/Computer-Science/Third_year/sara_guidance/db_3d_models/db/1/m147/m147.off", "name": "m147"}