{"fourier_z": [143.01402915185054, 143.48075778872814, 145.19063136775085, 148.02558376724545, 150.79219832530848, 152.28857834269223, 151.73454786676564, 148.37351477422777, 156.04390685546628, 152.68210338756572, 147.79557779479046, 148.59728491749254, 156.44446092841858, 163.6775253757428, 168.7933812568121, 172.14356891909856, 133.0610019195257, 117.77941994481345, 113.51453011016733, 132.12006116724368, 145.13523352571283, 154.1841839220975, 160.55500592289204, 164.93173706280237, 169.14475244009253, 166.30818925763182, 159.59591702770214, 150.05641523573505, 153.61138182995654, 163.34896059475003, 169.3133652391465, 172.20590766948897, 159.87522554073132, 157.38243579422758, 151.60090846694789, 142.6898041875104, 139.44454305013406, 147.23709641649063, 153.66550930095292, 157.1993899905993, 173.47373942816802, 171.89693718443533, 168.63276006339223, 163.7118284166367, 158.59963139246582, 158.19413509365137, 162.7171604484116, 167.1365099175691, 151.9686993372465, 161.3878717659107, 166.04844099421072, 167.82434159903758, 167.3091073956236, 164.54880199335616, 159.14497637336754, 150.53784459674551, 169.65912219062656, 169.9024215845674, 168.26497824104447, 164.21512870158068, 156.26108234827012, 138.45571543586962, 130.7896880037124, 153.4233770602618], "fourier_x": [-572.2275520075444, 131.92293576424635, 145.84697163290164, 156.0676453283029, 151.6557702672361, 154.36711989409278, 139.4968478491969, 132.51438609070058, 152.03315568746882, 151.57589752311213, 162.58146136613595, 161.74035650926683, 158.39614342177322, 162.87472425697752, 134.46118452055674, 153.94397993314578, 161.4127416949321, 153.83110498007972, 165.91691592255773, 164.456699567986, 159.20771536707844, 164.89867434645862, 133.17239803003653, 159.4981574964646, 161.7972389132281, 143.57123655943906, 160.97460131529658, 163.0223820729697, 156.49049993938237, 161.14153363923361, 155.11981458539555, 158.4890690707869, 156.73178173125305, 144.9490608284245, 146.41797424506024, 161.05699151673747, 157.76630963323893, 157.65505385077117, 166.62653392269956, 152.67339512078635, 149.30155864843363, 159.573195325937, 146.50595519712678, 161.92900149736897, 161.69315951604662, 160.88913577329186, 170.9834322437601, 143.8497270995185, 140.44103534864246, 163.1240585388117, 155.43185214491763, 162.13421296763894, 161.23410329931806, 162.27993867079505, 169.35246666678975, 141.6489065881582, 128.6910197549015, 157.29446496725453, 154.57256194396479, 158.0537311007533, 153.15249286231094, 158.2676896111462, 160.76784443870292, 148.70797474697457], "fourier_y": [-533.7233290311578, 159.75031402534847, 167.4058436128684, 165.3245043319417, 175.1583675313647, 174.83227230470104, 155.8120259459505, 149.61238066951492, 154.82589135812535, 175.87625502403355, 177.00949365250375, 165.25420054478548, 171.9058858654439, 177.08460352107053, 177.40666316103173, 172.96566212881106, 122.82879416987916, 169.81344600802788, 171.83028981259216, 161.56793227884594, 177.82762178416937, 185.55326145948135, 186.87352301725412, 185.56530258069753, 155.33676203836254, 179.73736308243014, 179.30618797709232, 181.0935808612179, 180.09651638482188, 172.9443437599793, 166.5082701110022, 168.85726264113669, 186.64198969598868, 177.37565856242026, 154.2846056235962, 170.43462817612377, 157.83880493038816, 182.15578516874163, 181.98724695612913, 153.37710048501557, 172.33344548392256, 175.64194743997732, 189.08049263814428, 183.98392983934707, 169.45340061233838, 178.55315455604202, 151.65444728341663, 184.10552057446327, 165.87796648253038, 175.89325268927956, 170.9048480249101, 180.1426408742243, 189.05135835911662, 191.04640657983236, 177.28510114937978, 179.1106323652378, 178.15973730078824, 179.61939511104964, 170.60130380029113, 191.03866547180667, 183.7492130338994, 144.0370991816915, 170.93763837436725, 140.1883748952597], "src_path": "/Users/hagardolev/Documents/Computer-Science/Third_year/sara_guidance/db_3d_models/db/1/m149/m149.off", "name": "m149"}