{"fourier_z": [146.66046028772962, 142.93124118835382, 163.80812667895853, 155.66040409812, 164.26254209087352, 165.00807668521674, 168.97238303409893, 165.0929504162588, 154.4523038617551, 161.59974406328558, 174.1401985639436, 162.9344403702417, 167.13769511072707, 154.5701823196038, 153.50169303908953, 162.496409284736, 158.5782083661776, 162.82183667448348, 171.77078060280837, 155.17958693944806, 157.82819352136391, 146.04963020878446, 149.7804693218403, 171.4981749835927, 154.15730718747497, 148.20324793400445, 154.40737484848438, 139.3194965310938, 139.32570028651028, 168.1377801771185, 166.72528371840974, 176.09949033504705, 143.78314922392263, 123.38412410020857, 130.6385760298363, 154.28214564845354, 132.35239039320388, 170.72853380574728, 167.23882567619458, 171.48484837800373, 139.9488678754521, 141.18995932226017, 141.41258800987708, 151.6315258769396, 141.00134303193778, 168.49777541548949, 171.82478550198863, 165.49698778777332, 150.81668867278262, 126.45915818969235, 156.6844544770925, 159.16576278238685, 165.71765891130013, 169.48707744713985, 177.46649164493547, 169.41087674453624, 162.02057627112964, 146.64754659096593, 168.0071880818121, 166.41085231754425, 172.70364953639657, 165.38076833739535, 175.1655688909696, 167.13506358199987], "fourier_x": [197.17503317389472, 189.4810273932212, 176.8922026318407, 154.0385580005609, 178.68885655972906, 171.85712286192006, 193.4242678990064, 194.87314724613097, 191.46081533504247, 193.9682601944674, 185.69073815695188, 143.99529919878572, 156.77057312077997, 175.39531319066836, 186.16894375121478, 192.20084692729048, 181.4984198610856, 191.596824961523, 183.21235814239577, 176.33933713000576, 174.76805678277927, 156.5594614401771, 187.14226464289507, 192.9185963299831, 173.24991029879322, 177.0265325402055, 187.77834671958655, 159.42012249871985, 165.4845379016854, 182.61002070047678, 154.50491962574887, 184.28355922303862, 150.59183335262048, 170.6735864598918, 166.76775631913802, 177.36854840123732, 138.0583310799076, 176.43277122747392, 175.12326583178333, 153.71793847454978, 182.30071644326628, 171.6100358644799, 185.17046874894328, 178.71500913979872, 158.01161971780584, 148.8373764533145, 177.12802537231698, 127.73712410157138, 182.7568514157739, 182.22153868381935, 174.56621348506815, 187.96900897011514, 187.94723359872546, 172.81526967006684, 170.10064969798435, 172.26776143088478, 175.03926492839784, 171.25660599932104, 179.52836314334135, 178.93203604655162, 180.82006163221254, 187.01429686419795, 185.23357668383096, 182.0710350490107], "fourier_y": [132.79751667653073, 169.43234102875093, 168.6701003318791, 176.04462880352276, 180.6211919373507, 178.42679336516224, 184.51105409461124, 174.86669962338127, 167.52015802949785, 165.18987940028, 170.5912247506273, 177.02231012704715, 177.07409355222157, 174.5475294368813, 184.76420668432937, 182.32986179801486, 175.34566598180407, 136.15305096921819, 148.4950447992714, 163.4348698353962, 158.00018824695888, 167.0356348755396, 176.1210158492857, 181.2314652816626, 178.05269129009065, 168.0111188467063, 168.89732126101302, 158.19494002317495, 159.66737931162675, 150.72673489990328, 168.5600414350695, 173.63042725173568, 183.0325373055225, 176.0093547617055, 174.63280198930045, 176.02159730030326, 174.82142253890316, 151.4490647864685, 159.00023970950556, 162.939799711165, 184.59922287860678, 177.47471835480627, 167.37810313552868, 173.46827895673343, 165.12655958725472, 164.41383173337334, 156.49194233348797, 169.5807317242284, 179.53522323030126, 174.54142355620814, 173.4530007887771, 172.57633873223256, 161.53440595867875, 148.9693562561286, 153.22423821366553, 175.37830859981557, 173.00672488969425, 174.82310592604642, 179.74077536274706, 181.29074054783666, 182.80090594504674, 163.88167085995656, 154.48493929127952, 165.10176024958415], "src_path": "/Users/hagardolev/Documents/Computer-Science/Third_year/sara_guidance/db_3d_models/db/0/m15/m15.off", "name": "m15"}