{"fourier_z": [152.41410173676525, 164.94093295029512, 160.623851163469, 163.80847001935265, 145.45112453403524, 165.04953044906597, 120.22814890241294, 171.53883479204296, 147.97622194708543, 152.72531228014142, 153.2007361840566, 174.124909593589, 137.73048577419792, 167.21252826097881, 150.91340938424193, 174.4505700263255, 142.07104716695972, 157.32188041033288, 146.52941263634824, 176.68365962325277, 147.70087710807894, 137.49349249989532, 165.30759263973633, 171.13014214994496, 141.60747328630782, 158.55295451152, 157.60975838056163, 166.92480357706717, 137.32860016646052, 169.26508793890804, 164.38275329846988, 175.416429935585, 147.82080098524844, 166.3490531176992, 169.0678668244194, 160.86346203870224, 169.52443093053856, 169.34390208088826, 165.80673139333481, 160.9966723916399, 153.00541963716722, 168.33405968798832, 173.050687137351, 164.90503673599852, 182.73318985987248, 141.50351178486028, 162.35851491945363, 157.72921045242725, 145.95818372418552, 161.17290577614935, 168.43867107302447, 143.52501289310476, 184.3485337183289, 167.2305711759087, 163.06351979065096, 166.58369283381174, 131.8374014001819, 142.82445416828642, 155.66401196821118, 163.29628150666235, 178.34296762970968, 159.55242358460976, 176.39412689242852, 153.98999012915624], "fourier_x": [172.64611997033484, 172.217295179113, 170.9035058548051, 168.6165325018935, 165.18714478260512, 160.3352542730946, 153.71975579699975, 145.91239679423273, 156.76567633372156, 159.45862667560186, 161.77991114989135, 163.16211856608479, 163.21113016523918, 161.61848472862135, 158.00656574215753, 151.71837521129567, 155.87091761074478, 156.58637424582344, 156.33095161717242, 155.00990649151137, 152.74078536146672, 150.29745428960678, 149.71247122150785, 152.349085629708, 145.25491983699206, 151.27327634776623, 153.79488787798275, 154.48036852554696, 154.10860034357586, 152.710986309396, 149.59320601750915, 143.7373042606219, 153.42956510539668, 159.35017070706004, 163.14718787767364, 164.82957592242718, 164.48488063993796, 162.17870390514136, 157.9986195163189, 152.28636304611553, 141.4954420798988, 151.177046189915, 159.28497480283792, 163.2122846959773, 164.06399102700783, 162.304167069055, 158.0028370503277, 151.0951573785714, 159.93887279555105, 161.6003431098705, 161.70282730244287, 161.15257327844716, 160.27526579773797, 158.49372488033237, 154.6870596056968, 148.73947769449234, 146.82460367494193, 144.66367480970172, 142.4951285759357, 141.230075013266, 141.18770117140176, 142.2998550618168, 144.12420463207272, 145.83877482014492], "fourier_y": [143.0140291518505, 158.34103973957167, 164.95960185345052, 162.59477736328387, 152.9537459636718, 139.35919184639204, 139.3883205925922, 145.66197272487636, 149.06831891770855, 149.95305152971616, 160.79078676694627, 165.68534444311027, 165.88990710577383, 159.17118683328022, 144.08778583400766, 149.846097247214, 149.75585034419572, 147.5460808082248, 142.1620123426992, 122.40875938215346, 128.42994754908096, 143.68022189402703, 148.27366085375314, 148.04363463405724, 143.0417692055474, 102.52904474778704, 119.01313482657046, 151.1089763217836, 164.9185295177483, 169.21736899088995, 167.0098612326936, 163.765782374421, 146.9762914471603, 173.08460101843994, 178.66563629863592, 173.96139059931863, 157.17972559085285, 162.80870495371244, 170.73881008570436, 168.15129920809298, 153.91147000428202, 152.4414859394074, 151.50562780471913, 148.05916494188057, 143.49391531272704, 142.97924250843306, 150.97851434962212, 159.81194567680737, 168.1998569222031, 163.53428999453203, 163.62766320498423, 154.71854676453913, 142.92125560062087, 161.16129263218278, 164.36229783743485, 156.8529773124414, 145.6353775384284, 140.89540216761765, 140.90306175121708, 152.06403536558645, 156.85822059814205, 148.05452161720547, 136.3587263455717, 165.78643576458236], "src_path": "/Users/hagardolev/Documents/Computer-Science/Third_year/sara_guidance/db_3d_models/db/15/m1505/m1505.off", "name": "m1505"}