{"fourier_z": [177.4693611066726, 180.6340180262996, 185.84068868681481, 177.4005774513064, 176.42734316710363, 166.71990959617858, 162.8512274342626, 168.485466050461, 178.8284875144613, 177.3758817104761, 185.53256936381956, 171.39392740359807, 172.65494694667498, 159.58814606468832, 158.65453770716957, 163.8557884795905, 181.52264239515694, 172.25950304931916, 183.48126670443892, 163.28097193532247, 168.0297060387719, 146.8062849489525, 158.32961029328925, 158.82083077369882, 183.69815854408333, 166.49460062195942, 179.40834177346545, 151.4691669403779, 163.83556694437456, 126.2623040143288, 160.51673847427142, 154.2929083164733, 184.59430675836674, 163.98536982976867, 172.72239565547363, 128.06560997227595, 161.26383843701805, 146.0876048622534, 162.42551446388882, 152.36774005158583, 184.02625832210015, 165.8901230424238, 162.09626958050168, 128.95841754881485, 159.4352563065594, 157.09363053628516, 163.20525263289738, 154.43725516477946, 181.94164961662148, 168.03918736120525, 145.61119581655666, 147.67668595474936, 156.4655296981968, 162.7893268676735, 163.09619907767183, 158.7158315789775, 178.24012437215944, 168.3324008926766, 145.52670634215838, 155.7194118467886, 152.03348809838977, 166.02206584323704, 162.75879301030088, 163.057527710521], "fourier_x": [138.55115812556636, 140.49181468904953, 145.9787020483522, 153.5909582926816, 160.09802550159287, 163.57677220673733, 163.7643220502895, 161.22650270496246, 154.7250756300107, 158.9604950588333, 162.59368935927452, 156.80056592381703, 130.80922796571295, 143.8616921477729, 154.85416414788693, 158.74625880851224, 144.52591182820294, 149.7334011135163, 156.32492110152768, 159.20129583974284, 147.98875414265157, 142.77207210990719, 164.36381900175877, 168.34006600575466, 142.4519651721886, 142.7631576624984, 122.23501688698846, 156.05933070350193, 172.1716199924099, 175.44299223533386, 168.93878000585096, 153.02622843925923, 156.23008641485796, 150.2917398367687, 143.6968869927752, 151.963437507577, 158.61149817182437, 157.89350730942311, 154.93788344424306, 159.09342867205618, 93.2004031238186, 147.66603901320713, 157.04994987889285, 154.06025838511044, 131.32063240250585, 162.5683844388966, 173.00300804972082, 172.67265599432096, 163.163399736602, 158.26294128134003, 154.44185818670087, 145.67220428931103, 145.21470043965869, 143.29240381179113, 104.81367838581839, 154.42035771606334, 153.84237986798132, 158.07525111279995, 155.17914387284102, 151.45519118044203, 153.6783180823085, 159.7643300913393, 163.928968310459, 162.78819153676207], "fourier_y": [173.5351552217515, 168.03638709284957, 175.74241475582863, 169.31512031508586, 178.42517362735492, 160.81529812424475, 171.52689319467814, 176.7551357705669, 168.7830644601395, 178.42754289708463, 168.87948222630848, 129.5007146357646, 173.74041775752804, 180.06224958362077, 175.22190225945465, 180.67511096918798, 149.32065339276372, 176.81896031795225, 150.69013794847666, 151.2566829873598, 167.22330742846134, 183.55091200333848, 169.64104386874794, 176.2515820201983, 142.78734596491375, 153.12123635605715, 154.27871769389122, 165.7136304654697, 167.19660312860415, 171.67005553739614, 157.7107596265278, 167.54895473000613, 159.0766885830444, 171.0989828582546, 173.54722874584957, 180.05567875263378, 167.97621720538052, 149.3353794955686, 151.25687807375513, 176.5858030160312, 153.1686850787597, 185.6809401380136, 175.78615901583234, 183.00810960369458, 165.60407492350834, 175.2819014737946, 147.40478057291625, 179.99920729377243, 140.32508456468705, 189.0749438360013, 161.40232960769714, 178.74669626754596, 160.6631201851762, 177.70059223875475, 158.86500201007846, 172.17130473041487, 164.61408347747516, 185.2128386640068, 148.17715379162172, 168.64002617686157, 169.9859684378728, 169.56735785887983, 164.86868560384028, 145.7612103361231], "src_path": "/Users/hagardolev/Documents/Computer-Science/Third_year/sara_guidance/db_3d_models/db/15/m1502/m1502.off", "name": "m1502"}