{"fourier_z": [152.41410173676522, 170.94708616416955, 151.29491241735334, 172.90324654728357, 163.36215912148674, 151.8129388051682, 150.49856495307097, 153.6180558621839, 158.8705910623605, 157.58124634732152, 159.5193421363225, 168.7902993612083, 135.1259312047036, 158.89497372878, 143.75532073376772, 161.56455624780727, 158.31097193881433, 147.25658828241347, 141.29612057145397, 141.39725495527284, 143.73019909018547, 139.93045071444357, 159.89056693669153, 165.7365449173173, 145.52453574941617, 144.0170512830954, 159.0098875782848, 168.2593446536313, 147.6960035708201, 169.7080172338684, 167.26637047452795, 157.05134088700834, 130.28354860547495, 162.33834226108888, 161.2286269407054, 135.2811662982916, 150.30628728846665, 126.26219722393895, 129.4892155853201, 159.24574346943496, 146.6606846382973, 137.67328811965, 145.56869101061497, 157.56498625813742, 151.0420289006104, 164.47059105456762, 149.09285086627483, 163.0385262969168, 152.44859784489665, 157.15918497584823, 164.11357634901037, 144.06288610614925, 136.10828560931463, 162.42693013758952, 160.7015443936959, 168.43060556932733, 108.06864001153592, 163.90353680742908, 135.6994730548367, 158.72422052279413, 162.5299407883243, 151.29116167273312, 160.18592691435384, 168.8243629538714], "fourier_x": [173.5351552217515, 172.69090577188277, 169.63466519764083, 162.81484336177445, 150.22104077135333, 144.658879153803, 149.70203828085477, 148.0032873707918, 143.55701034299554, 141.29327978978398, 132.73250068197393, 138.93492048002057, 141.51774416863046, 165.26313560978107, 175.65747883590478, 176.15075589671787, 148.74186008576484, 153.8074218696636, 152.8011356105473, 136.51366299595637, 133.05030754091044, 146.0395175319058, 134.64905431476748, 159.368530161053, 145.32067991878276, 142.88512741860958, 151.04702187682054, 159.0295994275333, 162.84272739076727, 164.61089349494625, 164.40662242571935, 159.27839055376825, 153.813666731916, 145.69955357494518, 153.26475079407487, 158.39989794580288, 151.92346026842912, 99.61508348130943, 151.0646726554612, 159.89869582238484, 172.18841979505865, 165.71875952708217, 142.66661731440098, 148.64403229467038, 156.15364383419546, 154.86796580724697, 154.72345843508785, 147.61602348484837, 172.90013904824616, 170.2520563684846, 167.58934908982425, 162.86461740494087, 159.8002451605382, 160.01272630366404, 149.74953376439328, 151.8520774155203, 136.6034432481029, 147.2828365500022, 150.35431651044945, 123.987460676854, 154.7956452571463, 170.03152548870958, 173.17156558617566, 167.89872908675278], "fourier_y": [149.74347388427478, 170.1158788372301, 164.45396579224123, 164.6580671522359, 172.3585579635789, 148.91247115143062, 170.81178629940152, 169.72711091439794, 152.45597864083734, 146.7977552406905, 142.57613347313614, 151.83091334967148, 158.37022995416282, 159.03177776968928, 157.51941336286484, 165.8315273283984, 167.6221592615613, 155.42828942053148, 157.46250150686737, 157.24204790769022, 147.2791237526575, 164.09299688489517, 161.91715275245784, 134.69019873546208, 161.22966818023386, 147.78694436535267, 163.04091433249118, 171.10431204601272, 154.77704957558848, 159.49500695880388, 173.6855264157852, 165.7888601631945, 156.4422781463122, 149.15601862992648, 163.04677656584713, 130.58080695203503, 161.47402976529895, 161.3701633574724, 145.972087542434, 162.97909170382877, 168.6812498291099, 158.6712496547058, 163.17438841575228, 169.01143559762406, 161.38947226182484, 154.95505853799727, 166.9440609175718, 154.07072843092004, 160.6779238994861, 161.25260686005404, 157.81474870765095, 162.32811664069578, 167.2728524395019, 161.20911916039222, 158.53735338054423, 172.0553265482131, 138.6732796115224, 134.77212974959963, 151.62863027156556, 155.73548254711608, 151.5064866675912, 160.44801963574346, 168.6581268428494, 163.83163094418484], "src_path": "/Users/hagardolev/Documents/Computer-Science/Third_year/sara_guidance/db_3d_models/db/15/m1501/m1501.off", "name": "m1501"}