{"fourier_z": [177.4693611066726, 173.23298481684233, 173.2458587197903, 172.7626829539965, 174.26062073702468, 180.62693819703154, 180.26246376360476, 166.19666276505495, 178.58899595137308, 168.78170200205986, 172.86270601959387, 166.78692277531763, 169.1291290103904, 146.0511441876744, 180.3101040842216, 168.67250813914342, 179.72620022443746, 155.0661033695735, 169.58356220552383, 165.62254996460777, 171.4166404186259, 160.9278645010907, 170.84225193684705, 159.1300503555164, 175.26937624542953, 156.70231655795362, 161.09208094640258, 173.42543248199266, 161.92416140442876, 168.99286708689547, 161.7015320566157, 174.91344540714869, 168.00521446089584, 154.42600932810558, 150.86943042722874, 174.15919367830352, 150.5830488777205, 169.4507150601743, 170.1973285609127, 177.5058703117169, 172.36315881866182, 152.14641774814223, 164.89858204967376, 165.72471034298923, 173.7862985013132, 172.98046243481818, 175.4608405653321, 168.64274288263516, 173.74915699409678, 111.60232204429775, 160.81430519411697, 148.13728789232204, 165.04303610887365, 168.1684379219422, 174.25073884914758, 162.80917909796995, 170.12944154790264, 157.6909303537161, 169.20590042361908, 168.03999450699058, 164.7185559094329, 166.5312520784707, 178.59825343988587, 151.36336804575689], "fourier_x": [166.27704534796413, 165.52983618727126, 165.1210843025013, 166.0203822222262, 165.65911938655245, 163.1668564130976, 158.84520526673148, 149.4951859278964, 152.41715026497798, 170.83037314948828, 175.61956274485337, 173.83676184740654, 166.07583953973466, 151.36346947029904, 160.3042562064806, 169.57354598147842, 159.38839984453926, 173.29770218115, 174.35410840654637, 165.54297304456344, 155.83764281228608, 164.62952158067722, 169.10656651663282, 171.15833393420553, 166.64614490591669, 136.65469472110192, 157.7855901608608, 159.4475967254933, 161.211166334432, 165.79509934854957, 164.13329043714313, 162.63514678100407, 146.10676041817544, 161.1406404703626, 171.41090683429883, 164.78796299129525, 135.4833135122785, 165.29958941308976, 169.1429019515507, 163.45306175217107, 162.02640251092805, 158.7860859750508, 169.92924555612095, 171.86663029097818, 163.22440742895884, 130.1462149742804, 148.27601115967417, 164.95031344987513, 173.32388808102434, 156.5717561487823, 160.1804984145441, 162.4701153433238, 144.79244151277067, 168.38328010953853, 178.34710487727605, 177.09917528003203, 153.54095294647882, 163.93727224376758, 168.76521920540554, 170.66506209049678, 169.871828471708, 166.76726620106274, 157.2791340108789, 142.77426560699826], "fourier_y": [166.27704534796413, 158.29447437151842, 132.52655882939428, 162.68261456180423, 169.36896472277184, 166.51990168703347, 153.15024220557328, 141.0742750968667, 162.94877990463823, 160.52249960159884, 161.2132521156937, 156.77420673999887, 142.96008813189158, 85.68953398537813, 153.28337993646574, 168.2380259453302, 170.86518255207852, 168.40222453338828, 139.9692845964765, 165.06361330233258, 167.8783016282985, 147.29429659025, 158.5604230221357, 168.6355679755117, 153.79249862325818, 144.2007337910711, 106.51041684859983, 132.6565566650553, 113.48950319078618, 128.61271340776827, 142.3849051545006, 142.27263771944305, 151.2880885835013, 159.1578377670567, 159.16153536954812, 158.58820450010222, 160.0671128205658, 153.63465766069712, 111.62509616947743, 152.77464662218603, 139.5167454913283, 157.6256300774884, 147.5885701162035, 164.14299765654067, 157.6649813448068, 156.05865729474698, 174.445382096613, 177.23952170278181, 157.0834560987183, 167.63629367829665, 147.64946618320266, 161.68842163252225, 170.79433711592756, 170.965061964239, 171.1440220889096, 162.87691095413322, 150.39979247397727, 157.76797156525421, 125.7015324038595, 167.71453360245843, 162.28314135805152, 155.72464863356748, 175.89570138767675, 172.49921048351547], "src_path": "/Users/hagardolev/Documents/Computer-Science/Third_year/sara_guidance/db_3d_models/db/15/m1509/m1509.off", "name": "m1509"}