{"fourier_z": [110.82527090316856, 154.9289015818589, 120.24042138894741, 161.3415073653993, 152.13999555840905, 117.26920277467684, 149.1463319828172, 135.30451785617237, 150.7997559689558, 175.15030497400417, 170.6558714563813, 136.22802131883032, 156.1464637338325, 144.04913187891725, 132.710306770029, 167.95620539614868, 161.6128287258993, 175.99862451578667, 180.14975957455408, 161.6451106118359, 159.57978550695984, 167.35475568511066, 166.39747692689357, 149.8588885217556, 172.90506969668158, 171.61134125514133, 158.1430329734914, 159.4629185620942, 166.38533636674003, 164.29220287309738, 156.92556300780973, 158.2492566446739, 154.14946405298875, 166.76753374139247, 166.93281695056683, 143.1426264796483, 161.94190075292283, 155.3612746500312, 144.37539711042479, 154.3452101470216, 156.1461791437854, 176.9720451963288, 177.66220850240873, 162.2809534179844, 172.88567462704694, 164.84207905148645, 151.0688182866065, 164.5432295220062, 141.97780955966334, 174.3590638937762, 177.81724752838528, 151.7242023862188, 149.11081746833685, 164.02082005719797, 159.64376255181043, 143.3656045265385, 150.17556875822734, 158.83807481741476, 154.2051025916943, 137.5137502561422, 102.21028551396195, 147.31481406618894, 140.278959912982, 148.30788043026334], "fourier_x": [170.73991637424837, 185.37590010023905, 190.75045839391666, 184.95147895784268, 163.1626766013753, 159.0680810088803, 160.1979684269801, 134.10438686247088, 173.57431680338138, 182.2405237900173, 180.30582608588904, 169.92523093557293, 155.98501550063867, 153.69443105491794, 149.97215852274675, 155.79740836114834, 184.65817192241212, 188.9765172263402, 183.80219153559892, 166.20772069981328, 133.9991678643351, 154.3350589097472, 147.46704847405158, 164.02091882884025, 180.11169952590964, 174.41000691155898, 153.3235197101658, 149.11875487917487, 158.40434463602267, 154.60530133690202, 163.19616120297067, 168.57061182719346, 181.1788012902446, 175.02468590584976, 148.81355640942937, 161.75672332088166, 166.96675753748667, 156.10647776923483, 156.82210071469925, 166.56229086296204, 157.48735231261824, 166.15601116289812, 170.80833776157831, 165.22132393319978, 146.67561631901376, 152.70657688851378, 157.3157783052003, 163.5022291709895, 172.48411991125639, 167.7280549608058, 158.23936910508093, 137.78325965506463, 143.73814641399977, 149.06382167132352, 138.02428534703637, 140.03399506356257, 174.41159082933723, 168.77025885560346, 157.32255676047004, 138.7731258061341, 124.91560787146912, 149.61765351291874, 158.6711534342159, 158.9179496655154], "fourier_y": [132.79751667653073, 118.67617375161053, 138.56923593100507, 154.3824020799707, 145.87632052137985, 148.45249384086887, 167.32214732112342, 162.51316903066478, 163.72362097878312, 156.157513925088, 155.72012250495803, 168.20662121592846, 160.48858151724437, 159.5781641018548, 172.40484259876354, 165.2279720227935, 160.56232857958963, 163.80979390174414, 172.44633005868639, 163.82206451238588, 159.13547913923128, 168.8801016695554, 160.21910554903326, 159.5637838348958, 170.50766018818518, 155.79765752623905, 165.0347124334877, 166.2418163840283, 155.96081595389447, 169.63474085091107, 169.25540778783886, 126.97956447320192, 147.22736018882085, 163.9011681441189, 163.48120443762338, 142.70201440120545, 151.8092881035684, 165.64712149390274, 161.40128040295806, 143.1598700006114, 160.27031772409902, 161.83490893797443, 159.85579233839937, 167.50343597650132, 163.46782479062014, 159.89839237981522, 169.78515004897145, 163.20487788543926, 157.02107388517362, 165.32535507264413, 170.867206530437, 163.84254570231843, 161.3657726596138, 169.8365122488509, 168.94816194609152, 163.68204530084233, 171.1054882060716, 168.727654755669, 164.68639581585634, 167.51947179414773, 167.34549113843897, 163.70449822265675, 164.03092521912095, 163.01451777752195], "src_path": "/Users/hagardolev/Documents/Computer-Science/Third_year/sara_guidance/db_3d_models/db/15/m1500/m1500.off", "name": "m1500"}