{"fourier_z": [183.04362915605304, 167.75746262967718, 164.14187176622332, 169.72035512956415, 173.7038993559645, 148.13914546244524, 179.32426494377054, 180.81832482917716, 177.32936321347185, 165.77993422997383, 162.91386364549848, 129.1633342807236, 149.455826216351, 162.6931463972917, 180.3537691632208, 177.0297245515332, 152.58999931539594, 149.74328508440016, 154.77430512172526, 168.74876540493523, 164.49980051549522, 155.622980067898, 157.28571493724021, 158.94233807345037, 140.2421235656596, 160.63134970881418, 180.34574715206222, 173.23656038830438, 140.23218045102104, 163.99392818341897, 160.5906701074909, 157.13924182142628, 169.3550183087873, 177.8450457578921, 178.24707433682255, 158.00420628436405, 173.78825280163042, 178.2465654667504, 154.08994099018352, 181.30874466376068, 180.10013842134077, 179.08131414282448, 158.35915620712134, 176.7453190310366, 181.7841656332866, 167.0373149445037, 177.45905604101776, 188.4565569525771, 171.86409605063915, 178.8345454475819, 180.88743832648873, 177.44584808381285, 170.88928276201733, 143.36988502364133, 182.0833194045204, 176.02643063430267, 153.32880080923903, 175.28083256157817, 174.4266574551671, 150.38880479199878, 158.4783109659263, 146.6162189281474, 157.3311196628826, 163.56971713052704], "fourier_x": [160.5234038989285, 161.17329182622575, 162.39998789248614, 162.7111510163839, 160.53008656789575, 153.57136329386609, 134.64011867969265, 141.45145975586968, 131.0633451679281, 114.79492742966413, 122.87651556543354, 147.2207371040447, 158.2672680939084, 163.5992123205729, 164.74288181164613, 162.2585644779815, 164.5516741182536, 166.5870370001747, 169.2817716417285, 169.29971285666568, 165.23585859793005, 154.57454498906503, 121.44655238465974, 144.14386164648795, 164.51411758728574, 158.09794476858062, 146.85135988981574, 145.1354439591718, 153.61607228304126, 156.80223427247006, 155.0940237139124, 151.49774091724677, 159.5063076383751, 157.77934400894222, 153.13587278201, 149.99372641077304, 155.6219897450443, 161.92627810143898, 164.7498203654772, 163.7547595609371, 160.40102917377894, 148.12682884478028, 144.49661491973046, 156.0075941711886, 162.9056868602978, 166.02642301104342, 166.39221574967107, 164.3070806453967, 148.001756125597, 150.60861620229642, 149.16708650826973, 143.36762226944535, 132.66414639997356, 138.75525845800635, 151.74255096875103, 159.17024293357198, 160.10265411190886, 161.36971864097123, 161.97328261791682, 162.55245563125598, 162.61003201750214, 160.84565383887522, 155.41161282093708, 141.59152732768143], "fourier_y": [132.7975166765307, 157.86345083146455, 163.3852374303525, 155.51489433594372, 97.06859428765426, 152.85447421849676, 162.2038488275618, 161.58772357424158, 173.42466564948668, 172.35199958957514, 167.72191127131288, 161.69091501286428, 157.1377457124915, 146.2933030674424, 154.67476920961502, 163.07902991092945, 155.37072469883643, 155.2599422071048, 149.02774649803592, 140.01088169777492, 150.7547156279615, 154.30513421057287, 137.32911424896602, 142.56240938213426, 150.77133705498278, 137.84429882966268, 144.31782651366777, 159.6662833641957, 162.4936012596017, 156.4510559678911, 146.71691715112553, 156.53379508941447, 155.1096935019878, 162.65909189020516, 169.91925126097112, 173.50786633077107, 175.68865852644512, 174.9189221204549, 169.39008773799463, 160.22512529677005, 120.59883272290135, 142.91898179307336, 162.23491643461495, 163.91514842191037, 155.2810918753162, 164.7758161855934, 175.24278358442385, 179.00298728685274, 167.1078049198963, 172.2844669612815, 173.04787083975475, 167.73305928551267, 161.85315134415174, 164.83936727006036, 169.83129800228906, 170.7602867093376, 153.5288887850822, 142.2740264354927, 159.59480775632167, 158.7209154352572, 164.26113757317495, 171.46157872849724, 169.64479215229434, 158.07218607222114], "src_path": "/Users/hagardolev/Documents/Computer-Science/Third_year/sara_guidance/db_3d_models/db/15/m1514/m1514.off", "name": "m1514"}