{"fourier_z": [132.79751667653068, 144.28297742772662, 143.33895641480032, 131.43518319200976, 151.91873171018744, 129.87751163341164, 156.2603454762551, 156.86323431683772, 138.97814604457312, 155.80050656848786, 157.66072448785664, 138.2419088243409, 163.10101696865192, 145.57863557475383, 154.83948676245657, 149.43956725417314, 126.7276932740258, 157.0675693859211, 154.74456446081345, 148.2384814964888, 164.76744044705057, 152.694862914572, 165.99175794689648, 150.86536648521852, 152.17854157922082, 148.37259520378436, 132.1563775484689, 151.3156466468536, 154.9876596672007, 152.87308388236997, 168.0376000544872, 157.6950268524102, 161.9334235483081, 106.79317696213369, 147.5686704219493, 151.5757848341255, 140.6243947099006, 146.138457873189, 161.90268732031956, 154.85487691270987, 153.36654093680173, 140.11958803326945, 150.45747867053504, 155.6239023695795, 155.09408743865959, 136.1722007688868, 151.65226790276617, 154.46775301264782, 141.9442988913409, 147.8290316644615, 146.09434531483166, 161.15536343420362, 151.45929294440018, 148.31457104216446, 159.66406588252892, 164.74258636345286, 167.39383563069478, 145.18354872302024, 155.4871128597878, 162.6485230936462, 116.78584358377059, 155.5409107717851, 166.2087617126815, 165.9180813197783], "fourier_x": [149.7434738842748, 164.3288012481932, 175.8862482894425, 135.27229328797404, 143.18076819986956, 168.89215467974873, 171.8246787954282, 150.80464006081965, 145.57213314337838, 172.61427003313628, 167.4333109969774, 161.34903845059495, 167.48928398856535, 136.79731474011675, 162.44410352092774, 168.4360345395049, 114.1657022595284, 171.62074326502352, 146.35509485934986, 170.35081654725133, 165.37126199626513, 163.96025723733788, 157.28745146262375, 167.79762046473473, 149.11789894539388, 175.50740879691816, 169.0825771344532, 159.63611920826173, 150.41869947165404, 164.99732509515337, 152.6880312832677, 158.26814807124325, 148.68663700842464, 168.82333445338605, 164.49556128575367, 154.64533717260286, 149.39116645269738, 155.62750022081983, 162.24215895361763, 161.00525419504487, 146.67670578446678, 150.47344293385808, 164.28700551274005, 162.925494322617, 160.9285568360645, 149.11316301606445, 168.91816238911412, 172.07039763771428, 155.73050568105512, 158.82760167428137, 172.12578238819037, 141.31926096054713, 144.61713065581597, 145.87168111076858, 153.86398566442492, 155.75139193748828, 135.39688176996864, 152.3149205739261, 162.92970562280107, 148.1144201478791, 124.13853281800938, 163.6497013017189, 169.49454406257044, 156.85053685248198], "fourier_y": [143.01402915185054, 160.05436519141287, 133.82728986972916, 163.18389448707606, 158.6808577205192, 161.41154743464213, 162.49217233503376, 169.96846677368802, 146.70487300067606, 157.28955097390937, 136.06857610007802, 160.1711571196136, 159.14641923069104, 156.3025869307659, 154.65548814415612, 174.24313487190034, 152.83142919495023, 155.48480679521123, 136.50196640800016, 155.00288058850708, 158.8922444854111, 146.92872765666044, 143.14379105907477, 175.63690844709782, 157.49967374547896, 156.555502582654, 131.82339915829036, 147.59996819272567, 156.4557479390302, 143.24064410866075, 130.01618193297875, 174.53538907261145, 160.03709331608354, 159.68842140009576, 114.81053104689258, 138.14425494628412, 153.39664212661728, 151.00446888148426, 130.56689921828956, 171.18596590972444, 160.25938972881517, 162.94176860256567, 113.0516273246897, 128.52697982396035, 155.5105172461115, 155.14505775679254, 142.69224468808892, 165.9645737741027, 157.80333730183094, 165.448314047314, 136.81991092245806, 125.36309039987393, 161.49390771329993, 154.30450923452995, 153.37431814477927, 159.83824438006894, 151.8507950446897, 167.0068051271079, 146.58373406947973, 132.82444234498712, 166.14218902830584, 148.10956775681345, 160.79324284740693, 154.78346827181483], "src_path": "/Users/hagardolev/Documents/Computer-Science/Third_year/sara_guidance/db_3d_models/db/15/m1512/m1512.off", "name": "m1512"}