{"fourier_z": [-538.1764391977115, 159.7047302269019, 172.27750336688175, 177.76014768700034, 178.96623343552093, 176.1520012678908, 168.39488449408498, 154.14789011745327, 141.87875715506595, 154.67492224032173, 158.8609546627527, 162.36738488772798, 167.38015904058022, 172.54240189742205, 176.14249514495896, 176.99472464013917, 106.32229375608784, 148.8344090750909, 163.36371136360663, 169.95011393085014, 172.65909425413878, 173.732997177207, 174.89697580137204, 175.82728764356457, 158.49389759177242, 160.9413326645854, 164.468503207397, 166.36073399339972, 164.77980672172794, 158.48439579239118, 145.67124684841218, 126.17099747451806, 166.52735878707, 161.2604822898396, 158.47487505960652, 159.20990522468682, 157.72189846370335, 151.69815733595567, 148.01236450819562, 153.3304645914368, 140.01137843260275, 147.7774963085867, 153.6788428642087, 156.58561790203672, 157.86935840277846, 159.39597284249626, 162.60847004115027, 166.2615638758015, 153.17386822628458, 139.88468661973957, 146.9112508490683, 146.34310386758042, 142.4779610965761, 152.99414143504282, 162.60079892732787, 167.41186931066082, 147.95823278034445, 149.87424614384486, 155.12289783731828, 157.72035737503523, 158.8997848183079, 160.75634914534413, 163.16244280942715, 164.12676628068277], "fourier_x": [170.73991637424837, 156.08092331261722, 158.58711934702666, 162.03973844034948, 154.56465148137895, 175.4394111501003, 167.46763522003147, 147.6250818579459, 170.42692226915636, 157.33468658718294, 152.60876146857072, 157.85131877668076, 150.21671036471554, 176.18269937009714, 170.16606688330145, 157.8987808167925, 169.46894270141942, 156.089963011129, 144.18009954888407, 151.78366782422157, 143.21609563687352, 175.31596206281588, 170.86019142005622, 162.58166387754795, 167.83068503260114, 151.53054722611532, 130.1167192693463, 149.2454290319772, 140.31294198312713, 172.9990264959223, 169.4423137523042, 162.96934502703607, 165.51647943690807, 143.686160398985, 118.25926008169324, 153.65875381259875, 142.3306492937723, 169.4297735379642, 165.77311401950948, 159.0587100679142, 162.62702855804042, 143.68861764041188, 135.31871170155608, 158.5186261312282, 141.26891945665068, 165.08155992483603, 159.80324982855248, 149.78009802008066, 159.32679737292747, 153.63726426554723, 143.60713137608116, 161.56083884853183, 135.8705619066755, 161.12628622531378, 152.5592126910017, 139.85776924234727, 155.57278430327028, 160.89917668423155, 147.08330272029534, 163.229925648527, 141.42790001062207, 159.44583367067116, 148.81277539564294, 147.98441341198935], "fourier_y": [179.50501499287145, 172.46614873344242, 187.3217886546699, 187.07126840087489, 177.43429240558282, 172.96303539951768, 177.88282378945084, 169.90558472575358, 171.2758256443645, 182.98034844341674, 179.12016158749938, 186.70421862290823, 191.74573813776868, 180.32573213108864, 180.06403406988647, 164.64567990748907, 156.95536054438304, 186.96114222353143, 166.28907934104095, 179.54642446858622, 193.43335620831255, 190.70519790821987, 176.27696958043595, 177.64654793921613, 160.04110602729938, 169.10255621634616, 160.09348613523517, 163.89639408406467, 172.87317477254783, 186.9404423469324, 172.93595123495822, 162.9266767602178, 170.73568084871707, 157.63176408212286, 179.9075344008794, 166.79029755860728, 178.3238840742814, 160.2128914325217, 158.10988022554338, 169.29892461341734, 197.13976004914485, 173.48396627769404, 180.73712416867914, 173.5212556451438, 179.84244561292326, 174.12701906732846, 181.32238459008678, 171.26783734703207, 201.398451738064, 179.33949200792213, 176.37613770893782, 177.69930641389539, 160.92212781856273, 157.8993035251833, 178.0827718517287, 182.9042988313248, 192.21585043386054, 157.15820352928736, 185.75986037389941, 174.43037821377285, 182.3001001832276, 180.78190885720758, 153.2977449838888, 180.05166148763743], "src_path": "/Users/hagardolev/Documents/Computer-Science/Third_year/sara_guidance/db_3d_models/db/1/m151/m151.off", "name": "m151"}