{"fourier_z": [152.41410173676525, 164.70170944691145, 160.49894223454405, 155.35925231337364, 160.85981816956578, 164.2986578284608, 158.3618519067385, 145.38983650959614, 166.64800554912378, 167.8733366614497, 161.40859895259834, 163.03355204373935, 160.92249022037194, 144.79779144594818, 151.12904548697466, 148.47013805218327, 153.35400815615293, 144.33723190096828, 131.70201186321646, 146.45954609225114, 147.81227120614713, 166.85930989067927, 159.90418215066242, 153.73846308854587, 146.95013163988713, 127.54187379910499, 156.3489822421184, 141.71181887245496, 156.61587813245808, 152.21714675003028, 135.05654480149647, 151.28424027625195, 152.16522547353568, 157.43146947105868, 144.27653840085486, 154.12098337966907, 171.71454624899238, 159.2845872901178, 155.32951545155788, 158.55258963636902, 166.60458600705655, 157.41510830399963, 137.09443835987713, 166.15717827948262, 163.7697520607085, 139.73428934307202, 162.81535575137912, 151.42109219073086, 148.94309374279288, 141.26873739058158, 144.86207177324422, 131.22384605676004, 151.42465450415645, 142.64605044441473, 136.791010974143, 162.07261394321188, 154.03043398170703, 144.98868102932298, 153.57000417630923, 155.37402083231783, 136.88884394928613, 111.82901036076763, 130.44118967646835, 135.13938846323794], "fourier_x": [181.35248139549176, 177.6139560319964, 163.94402471140918, 82.47259238940045, 148.58654341423974, 140.0578884514083, 148.31828643208172, 162.26122675938487, 152.19158491739557, 162.20114176475101, 165.14304075998965, 165.5345526369851, 162.56654313144682, 152.31024289942928, 141.88705957847543, 157.33928210881538, 174.26528927008366, 163.40517175123586, 138.06886675485796, 164.42156715342574, 168.21813637361547, 158.7366149138065, 126.19145216907404, 154.67143916346143, 152.24573798754736, 157.32506111274859, 149.95348809076853, 154.10506292055985, 163.6376229187761, 164.48292005301556, 158.7572799792414, 158.34570652216306, 159.87572183804505, 131.37049969036934, 160.23243555958973, 169.14670930638442, 166.81039676998634, 155.90319826756155, 161.81477417170032, 169.42949585330123, 158.93590968265735, 161.42248912907903, 147.90964734702945, 133.8983231400145, 155.1628429360919, 152.6242344631995, 134.38627687030916, 159.37906281302628, 117.68257285041366, 154.87654180431392, 165.69321122568155, 166.07366245076685, 157.68808457084066, 159.10270519490737, 169.3878551929481, 170.81445618603678, 166.57577006577412, 163.94097452598186, 149.74234031432488, 147.8242435579817, 160.38636432278022, 159.47903104349726, 143.38672275547486, 142.99705945706575], "fourier_y": [138.55115812556633, 141.4206952620463, 131.7737281667495, 142.67813394184265, 147.89207037986665, 119.42783141093939, 148.1020319718733, 151.2758091469347, 105.75258299868523, 159.08011498034352, 158.6518932231592, 135.9226806938837, 157.1906455881062, 158.1870666314918, 152.16929605752833, 156.59260582060082, 137.5805951799864, 160.4021229563418, 151.29894938111246, 144.41884714977576, 162.621210741988, 151.8045705450887, 146.30897829899033, 163.36374507432114, 154.47862465938437, 162.5462283036398, 158.5909136133146, 153.24128653811957, 161.6053947814872, 151.52343432662417, 151.26375129577502, 158.66016223505895, 157.38260180938784, 138.02996079093933, 159.09723311687645, 153.56033392675292, 112.77787526189408, 148.19907591395372, 146.92002430361848, 107.18389537188209, 95.61817943588903, 157.81253477401407, 156.77528961049168, 128.28533539176965, 160.19303669404295, 158.49625534463595, 140.74991976572224, 160.77564179492236, 159.01576691879345, 166.13183822907212, 160.44538631182286, 147.8598979023157, 163.32126727480596, 161.18794718209455, 136.26042232252996, 155.8191190047823, 156.114467121673, 140.91895532192783, 161.0418903811734, 154.40060047225134, 91.54775648012118, 146.51223095403856, 145.7707126304124, 131.25108484642143], "src_path": "/Users/hagardolev/Documents/Computer-Science/Third_year/sara_guidance/db_3d_models/db/15/m1524/m1524.off", "name": "m1524"}