{"fourier_z": [156.87697276304942, 158.3330785460563, 132.22826447596313, 172.71074693318707, 180.59379965749784, 165.2938094448238, 153.8419943152752, 157.92255596340215, 156.0148179059192, 163.49634010797772, 142.60854918343728, 177.18785180873383, 174.20783576663578, 162.1134451022546, 162.22913091796002, 147.10678106047152, 170.92969140895687, 164.66128324502898, 160.84138583614953, 180.05348102108542, 164.78796456388233, 153.0496606459383, 171.22797714243808, 146.23219992597546, 181.47371302509168, 166.69405156901308, 171.23403439670187, 178.9877862984249, 170.11299614965364, 141.68447786118668, 171.67243413259953, 144.92915954333145, 184.4505361460193, 167.7176982103288, 178.05741182755742, 173.31166694942627, 174.3877865967315, 145.3052054022687, 163.5211137838776, 141.33151866134392, 180.8570155569056, 162.8209757756109, 181.18414330533713, 163.75512589651933, 171.57758503967318, 143.42675483141775, 135.73066478475957, 155.72024607012932, 169.7011360106711, 142.6854822747833, 179.67282737999574, 159.00355597739699, 164.0672601837257, 120.18687494921365, 144.26535833382647, 165.1052411152932, 147.42201758957071, 142.16683156943392, 171.53736638996457, 158.18932479131712, 159.54739083403823, 143.59244076622534, 153.41994881306638, 168.13382331591862], "fourier_x": [146.66046028772962, 154.12092781550993, 164.44365422238604, 165.5367354065103, 161.0291685480356, 162.47259669752077, 166.4603140287017, 144.62763877912406, 171.92031946516198, 153.6084638892462, 163.30092030469604, 166.8013541626536, 116.90941466059543, 156.42962558892495, 152.12818685110423, 159.15834669986754, 164.57707127774933, 176.01085719721817, 170.46203896993265, 144.3379682720347, 170.59346513511883, 175.91618086246802, 164.95415114746925, 150.83936994746443, 169.73602623416778, 153.88173078678938, 163.91603480004886, 164.01654707077194, 169.92089026362865, 158.0981145959857, 120.4571481404916, 149.42501148372227, 155.9568273243668, 148.89389354477774, 151.45871929146142, 139.00787622771153, 166.1603841776416, 158.32009786610894, 148.0238254048619, 160.74944960868297, 161.4491203247884, 147.68926836882702, 125.37866300462395, 142.6140985054271, 161.71200213522738, 165.5320736229834, 159.30817986112177, 172.82066026617554, 153.75818991686754, 163.22707981502973, 154.46913258500808, 163.8419503993309, 154.9545841968477, 170.25894190539307, 176.66916881784218, 169.46933490817386, 149.84242058671143, 166.62649664191608, 168.14899491788572, 133.85189170108907, 173.75933257410279, 165.53479073005835, 151.44988771925225, 159.38977834309722], "fourier_y": [156.87697276304942, 147.25998280231556, 143.09925493830443, 146.61356456259978, 139.6462408371747, 153.0039728058468, 152.79970074386117, 158.01248270681077, 172.0928213906582, 163.98190189402516, 136.44978250875258, 154.32618525875878, 148.85830206382283, 146.3441764906712, 130.06745920067775, 160.62623588226398, 176.42470885101275, 166.23746802998002, 149.3678188573291, 151.3999475806119, 154.55502678899228, 146.63251229090486, 158.54287234137666, 158.4784178040125, 166.66828467240876, 155.37498278475513, 164.48476202938713, 137.51437986380128, 147.82705963263572, 141.6427455309972, 167.88856035921697, 156.13585143614313, 154.65470767184596, 116.62912553237761, 168.4526291685537, 136.46328474939625, 141.3855555064724, 147.06264226127396, 164.47575935267736, 138.85023782321463, 171.5442566361969, 150.3285891339112, 162.09645916381746, 152.91882082645247, 161.28699232614179, 161.52737774238543, 148.87383229621057, 150.04139443143652, 171.45475336244425, 150.23332033498505, 150.4512590913233, 162.11277171583475, 170.83283889990992, 164.03617246527457, 171.64282647184905, 164.00337096382572, 152.87377716731098, 140.68046634776215, 156.69225944269294, 162.0192771556152, 174.46694293318131, 153.4516373759263, 178.3092281970417, 161.84277163400114], "src_path": "/Users/hagardolev/Documents/Computer-Science/Third_year/sara_guidance/db_3d_models/db/15/m1523/m1523.off", "name": "m1523"}