{"fourier_z": [110.82527090316857, 110.82527090316853, 110.82527090316856, 110.82527090316856, 110.82527090316853, 110.82527090316856, 110.82527090316853, 110.82527090316852, 134.43158301615387, 132.9554017881002, 121.5704152347925, 48.494663062199486, 113.72376390731203, 120.69694375308853, 125.30733176497569, 129.15063250458493, 134.80175376592294, 127.33497663012733, 93.53977992070921, 125.83486818308708, 134.61270463114693, 131.81984065143706, 113.73117995537777, 120.2917476811941, 138.0310741249816, 135.8721991666013, 123.69856905754983, 96.22452794583103, 124.17630164490875, 131.96994714787616, 131.60188924609838, 128.62991368348432, 104.02537181935173, 105.70028129671445, 105.91209564846103, 105.19194347346985, 99.59532385366643, 87.89141705612295, 98.96149267020158, 113.9323133137045, 123.25739558919408, 110.79291630274079, 107.39028070525433, 125.87574157737964, 128.6774093475875, 118.72283483298183, 95.23245503452253, 128.33365463757377, 141.8906991759194, 136.1135921105034, 116.64340921812487, 124.18758728264535, 136.51370191066383, 138.42213676469402, 131.90058291838665, 123.33311482780955, 129.54339996159248, 129.97701209269354, 124.39284243829961, 118.88175910089059, 115.4013889865957, 116.20768150506841, 123.37458460361616, 131.29243552565367], "fourier_x": [149.74347388427478, 149.31175783412309, 148.9902680526564, 150.6801061904269, 154.28398687933094, 157.98063907942975, 160.49388579466648, 161.21184777140698, 162.50799288298873, 162.61325709775377, 160.0925685331434, 156.34320389644995, 153.67101291872697, 153.12817812670397, 153.7383718375168, 155.39720354453053, 144.93310371051908, 142.5248707973357, 148.89681791552803, 152.96956888226615, 152.21438990284426, 147.94535023076847, 146.81426340786382, 151.22308041496171, 153.06387022070356, 149.04984253601606, 148.01612774656195, 151.7513670085159, 155.5836067710323, 157.3337467006273, 156.10764493187594, 150.17762283974676, 114.7138150773788, 130.0459535154564, 133.73733209368544, 143.3863096035614, 156.72979470038908, 165.90112218518303, 170.9167433032405, 172.27858488025907, 168.49542000452414, 163.19513529883727, 162.1339765301373, 166.23971402336804, 169.79440302373115, 171.1536172383842, 170.2231855824323, 166.59628773070438, 145.1197596749284, 119.24290287465404, 129.49282998582137, 150.88430042386898, 163.93529476184239, 171.33492995100812, 174.35808764632995, 173.3936777583445, 155.6532106880764, 163.0313762988615, 169.8814303683921, 172.96074726156345, 172.46537663877388, 168.36525178653693, 159.79179531190863, 144.05087485212948], "fourier_y": [-571.0513159116456, 89.35510334798809, 113.47114044464831, 124.64175506852719, 123.43893378342749, 87.47489265245792, 123.17355710692453, 132.76376704689997, 120.81643481856531, 136.04292165527906, 135.57697419000397, 119.99130536974597, 117.40041068439979, 124.93032959412999, 119.03855151651345, 88.85822918224159, 122.34316024950182, 122.49850449474378, 124.86259821136565, 126.08331151247236, 120.07921703555587, 86.9179814748746, 124.03483254795637, 128.1129149880598, 139.3002166263485, 145.31546016555632, 151.68680608743392, 142.44372615565533, 139.85450348629908, 145.0739684733737, 135.8335294191686, 135.92703869299243, 132.7616041357117, 149.578327442532, 152.4620186620357, 141.92401668602585, 149.81601142168185, 147.15622391576815, 140.62737822233788, 151.63732692491104, 142.2087131030521, 151.72284782485372, 130.25883030562923, 148.24736542006403, 156.05145280592302, 139.40296496751515, 149.3469255420973, 157.51187239870947, 132.81182130467863, 133.34906382728138, 135.53801303822036, 139.6488548577445, 133.29006186095052, 131.27737919489613, 143.93713691869613, 140.02510424301946, 136.13794817819215, 135.86801798535782, 130.01652200390933, 113.21216857735558, 136.0300197866557, 134.25912749320665, 88.8164089064754, 137.74876588457903], "src_path": "/Users/hagardolev/Documents/Computer-Science/Third_year/sara_guidance/db_3d_models/db/15/m1521/m1521.off", "name": "m1521"}