{"fourier_z": [124.68821451436744, 99.24524051587467, 139.21541723879344, 146.34727899349298, 131.24288191825045, 143.5602643054213, 151.92094013529902, 134.5606211973945, 147.21855891380048, 162.9244350893693, 161.25943905023956, 132.77803243821484, 151.73386597807882, 154.76430897965756, 146.48820176525146, 143.72090585901984, 133.03535350683887, 153.90809676050245, 161.74969518118587, 151.79537588076627, 150.15813171926527, 157.80917496612423, 160.63170700715375, 159.1440023560239, 145.84976828316607, 137.84362567371767, 128.08466065341915, 143.1381159732509, 144.1832639757489, 117.21980929610736, 140.7027822517169, 152.51251342525705, 145.43541982664325, 144.78604072192297, 156.16543286021795, 145.33977343077973, 141.79482838537896, 154.71417654376594, 148.25533312331882, 141.3211781090452, 157.34345750450512, 164.56340583187426, 154.15821627773323, 126.74896207059854, 154.45413136894123, 151.48588987986804, 133.65168612763318, 112.328024749702, 139.42450902889982, 137.88340047378514, 156.88850054900624, 162.06800147194696, 152.59340585720608, 148.30907980682073, 163.77545029458562, 158.4711202314524, 120.51234305123664, 127.0327938887673, 109.13260130104831, 136.47304049785177, 141.3313230945518, 119.68139990215565, 145.630046492269, 141.60129349450568], "fourier_x": [132.79751667653068, 153.9104537935101, 168.52905634837998, 166.94463100229825, 146.67601351479706, 161.27294051042998, 178.19277104016027, 159.05368310554562, 150.1611753129696, 158.89215094240316, 168.09750508212642, 157.7695896616503, 163.95361164217434, 149.36423398025178, 176.81806026517444, 166.76052664296705, 156.6451697578072, 160.75633117548819, 158.47193448074023, 154.07765517022838, 174.60663144984704, 142.42364842742884, 165.1880630911816, 171.13386625166487, 152.84854139563743, 157.9220815577441, 160.3759248191683, 149.34545421543433, 175.42674584105, 162.41115764427224, 157.69927128105914, 170.39877266680364, 143.5836369829581, 150.9057532576787, 167.27691895891337, 150.66128063917589, 168.9247362812426, 163.32459701972732, 167.95213845859618, 167.77441608206973, 146.9729167709068, 139.549993088603, 162.74180273829361, 161.60502247981285, 157.53385448881605, 158.07973999356355, 167.05983638625122, 166.00925215008374, 147.3478385481004, 133.5782070819817, 146.2100454836075, 163.34669758237598, 146.2097206297773, 165.29762099754606, 156.7339825542553, 161.79309973626542, 150.52383426094596, 160.9437230809476, 161.3937988615889, 151.5566710156112, 131.10831117101836, 168.74104611409348, 145.23487110855777, 151.1103351605222], "fourier_y": [149.74347388427478, 160.2180273301262, 158.67857599633294, 164.29826409565578, 125.62095667246578, 156.99392521312498, 159.7822183569573, 139.16858789517232, 139.400471500074, 161.29264466690444, 169.9926757245177, 165.41927622930098, 128.86975509986303, 151.46859470289635, 153.0786726319684, 161.48950255897353, 160.61688483963903, 157.97912807368542, 130.74276883836706, 139.95374557110284, 146.1127148477765, 159.32705823600494, 162.42686158686678, 158.58835978541754, 152.29333316913187, 155.22207728724382, 160.19039306546173, 159.33249488836805, 163.34792010116902, 135.2641249250491, 138.51186452179098, 160.260213829101, 159.54629182897264, 153.26087216006687, 165.03814028334324, 159.15417243771586, 151.92753610754292, 134.64045633103984, 145.268295538475, 155.57440021808762, 121.98212951041434, 151.20047064423198, 143.06373871795327, 172.40008701556346, 166.74601721073643, 161.06423078887644, 164.35787312816987, 145.72506873731876, 152.4755757467532, 163.70074762033948, 162.58590839789449, 161.46987611602722, 150.64525997289297, 173.89647887587856, 154.5162785019264, 109.92457596976722, 163.77457438594334, 172.30941057889015, 170.67967526641286, 156.39814488576096, 160.53361302663842, 174.5172377866626, 151.26420427821802, 169.77720136958712], "src_path": "/Users/hagardolev/Documents/Computer-Science/Third_year/sara_guidance/db_3d_models/db/15/m1525/m1525.off", "name": "m1525"}