{"fourier_z": [110.82527090316856, 168.16834793487965, 181.81009310310384, 182.95577021754494, 172.56788391221593, 176.38189063826246, 137.76140579773067, 149.1490746705197, 148.80779293148743, 160.84564181555606, 179.16327854472377, 164.6576184339105, 166.3040979282907, 158.8943443446401, 177.4256627496621, 173.42993722233092, 137.62824136164872, 166.54372679584554, 171.87071519689962, 157.57748461984218, 140.73228957388653, 155.35068567203805, 181.20534270849475, 180.5806183919984, 155.91863675341733, 147.46281302847163, 173.42498297244532, 175.02414092729194, 155.3223062642043, 162.33130572695646, 167.93130077408452, 148.67820211097515, 162.67263666353088, 166.32752523244577, 169.23473846523507, 167.1165782914337, 144.3360384339624, 170.07833617275827, 169.58611632631766, 143.7467955092077, 166.45616519615683, 180.63530938337524, 173.90397957928954, 171.0600455633268, 160.50858667361084, 159.87616421425128, 169.60769418415137, 162.52424320853865, 130.6347988098944, 168.62355920004313, 144.883184503413, 165.8096469061639, 160.7676100992184, 170.19590887736842, 158.48467400291295, 160.4362494087027, 153.04986472868035, 163.7423644437743, 151.92393016897677, 148.2240185820574, 171.19969606297315, 177.46251508275384, 161.97649877729128, 146.97412119590135], "fourier_x": [171.715719657637, 169.439513682768, 161.64607486149762, 146.42606285769781, 155.07100282314073, 167.54579927294537, 173.87271506297535, 176.6369193834692, 157.41834484350053, 157.4133717409774, 155.61206730666942, 153.42059942615938, 152.54652364569324, 153.1389122314858, 153.23339689852278, 150.5439204082323, 154.24564503834185, 158.2250719678221, 160.90291068999082, 164.00301733813222, 167.8394639030625, 171.19499811055422, 172.72046608101914, 171.3009382817416, 162.81205172415824, 163.27432574488753, 162.49843595357157, 161.3562922957525, 160.8518590958525, 160.5102173003452, 158.8457885279325, 156.39889525811338, 145.23235295004355, 144.8615263009482, 139.7727395457764, 145.18058041549187, 159.21027141704764, 167.6662195756158, 171.12094627188455, 169.96522873043426, 169.96820684164234, 165.3973242903307, 151.86134677715407, 141.36065465862282, 158.1750164194527, 163.3562375804675, 163.22611512253013, 164.5218597272924, 163.41164540915145, 163.203200207061, 162.62296640975035, 161.4087866818987, 159.0919676815045, 155.0975658325877, 147.94554188672853, 134.47317405347013, 178.72386290375732, 173.38318907998286, 165.3294096091999, 156.13113571536806, 145.54894136447288, 128.78796628776317, 145.84114207019732, 158.70813203672205], "fourier_y": [162.12425805239923, 157.46259488272452, 139.59294205608083, 117.57333990289786, 145.03253706716245, 156.12352675493398, 159.86703065099024, 154.70425762004336, 134.48884333206774, 136.6189347131601, 152.2677691240991, 159.06611990622378, 160.4157913406434, 153.98032999900474, 136.36551843441603, 154.79004607531402, 157.16498471003666, 159.36365409942854, 152.60365988416345, 156.34149131945745, 156.39488750544436, 152.87194441886984, 164.8764976882149, 168.80887934806142, 158.135968727333, 135.79727481390947, 144.72960480340342, 157.81763259368824, 155.27330194688113, 123.19988927498656, 155.5843560736962, 169.4379855453834, 154.7550093468916, 125.77371495991558, 152.86440089864078, 165.08726645544297, 162.08395059453937, 117.4868401625357, 163.85776675236662, 175.22020090964782, 161.55465489607082, 166.59762176458958, 162.4603931158563, 148.23306662010776, 157.17682342610723, 164.1023900012264, 162.50360140682332, 157.53182234180758, 127.98179260888864, 114.14360769581754, 145.65168770589298, 153.75455352997687, 148.23758717387616, 140.8393730154959, 161.02684842379279, 168.74965135733194, 151.73152727834497, 159.7949246621749, 154.81688397488773, 143.38458208566973, 145.5927748938006, 142.82185286654743, 143.82722838648152, 151.83131454292447], "src_path": "/Users/hagardolev/Documents/Computer-Science/Third_year/sara_guidance/db_3d_models/db/15/m1528/m1528.off", "name": "m1528"}