{"fourier_z": [132.79751667653076, 153.19431025822402, 154.61831901017507, 153.1254448507517, 173.66463403080712, 173.00402997454069, 145.20500115011936, 167.16783535303736, 158.09488152867831, 166.4372434433891, 161.87126754805607, 173.5713660967317, 171.8325383173363, 158.77018913224356, 140.21103172796043, 149.86222461467437, 155.97743075324763, 168.09624555663316, 171.3947937304411, 159.0864964324261, 167.29967097598944, 156.77462375571605, 162.96873012901642, 172.49227096622835, 154.24352262780877, 173.8464556151829, 161.29652954348768, 165.58043672118396, 171.33823965706168, 158.91458090778863, 179.94863221186236, 175.5654865178911, 160.77206922285978, 167.4523920741817, 161.14509759660606, 149.2978810212848, 167.49979296030386, 167.8410761110366, 167.6079212792955, 167.10226188661443, 145.93460593031972, 167.47072563806344, 159.33428052054327, 151.12144478812843, 163.8443740947202, 139.42246107888454, 152.5955558962978, 144.34345155176848, 167.95102294236713, 138.78407208515983, 166.69641846310134, 150.8532410683166, 161.32046645549767, 165.79908427971895, 148.87905754340008, 158.97843864304832, 177.27081571671204, 169.295494408166, 167.16569350238703, 172.20074366002416, 163.7794794272196, 167.2602863182348, 161.90507533425117, 142.83889395200006], "fourier_x": [124.68821451436744, 169.94235182456066, 181.40975129282592, 142.04198947731743, 181.25399974000283, 179.23235679109965, 175.04428201264972, 157.88303037183408, 135.62656279767384, 156.78857665813595, 181.83989201522056, 144.55450682317866, 179.88380478834213, 177.00504633212194, 174.63088655054048, 164.0132340232013, 148.58338069472342, 149.15068083230594, 180.3346973425425, 141.24758900638602, 178.63861664524367, 172.74284892563225, 172.01319371598527, 166.66365450630803, 157.9705662318542, 162.3091184387391, 176.9729933951981, 138.6854196819918, 177.44915532285341, 165.8734107003433, 167.02576679371896, 166.80766992817084, 164.37100329227604, 169.02776295572295, 171.85280917486605, 150.03027145780024, 175.80369547198853, 154.78865227598212, 159.40713558327678, 165.16249596723264, 168.34614272927604, 171.38570243002587, 165.13808108964793, 160.98771605082396, 173.1355221561654, 131.9067153899319, 149.14803458025074, 162.58177162036188, 170.304792613756, 171.28608185003105, 157.04793833862053, 168.38152247201276, 169.22047592536117, 126.93729422147359, 138.55107644753684, 160.12563326577794, 170.55937013919336, 169.94581727297322, 147.87984146675012, 173.06560515461226, 165.2200193511914, 146.91725939476032, 135.24197355586523, 158.5101880924425], "fourier_y": [167.48953778429285, 159.42706160172895, 165.6304555558707, 155.30435158191398, 158.96111387068007, 168.62153133924298, 166.97842489758014, 173.50482665913393, 160.83965952961591, 169.72062202905687, 145.5447027233693, 152.67205910554108, 164.63190218503317, 173.35193098935878, 157.20769101480246, 176.06960093051475, 134.62374673342765, 164.46352181128108, 161.0334605620223, 138.89649426238248, 167.01331481940105, 171.74864188535682, 170.77616579652533, 174.12117148276624, 168.05615458325087, 161.95702190275313, 171.21627733981825, 151.9928226742643, 166.1722696393464, 153.39653508494962, 167.92708871024703, 172.5481234992514, 170.31612989812427, 169.45291858215643, 176.4762566182583, 142.2018693682144, 160.14144098033995, 162.78585882038882, 152.62556399308292, 168.87660256408685, 152.4353067711058, 164.33630799948287, 173.73864127885747, 149.67639587873722, 147.51183679444443, 178.89240551744888, 131.05033416347982, 158.31045124516695, 154.60191587921065, 142.7278595894043, 169.76752521347973, 168.28392137091032, 142.88266199486716, 177.31755958916983, 146.76742026708894, 159.41341454709624, 161.81898723890134, 154.89071791364947, 176.9438638293914, 171.19994433590105, 163.77286055994418, 161.3744350826977, 159.76066229921395, 158.27063230924102], "src_path": "/Users/hagardolev/Documents/Computer-Science/Third_year/sara_guidance/db_3d_models/db/15/m1520/m1520.off", "name": "m1520"}