{"fourier_z": [156.87697276304942, 182.23056832532444, 177.07590151572973, 167.73919013606047, 152.4677874370492, 185.2879820743599, 134.50860691192187, 185.020515020991, 153.03708889170298, 177.32338701561258, 164.11069903402168, 169.95885161662687, 154.6790401326027, 181.71051411830427, 140.32707312652389, 179.74376394434432, 123.42879958969124, 163.29227079942885, 165.66093299156688, 163.81977722674685, 158.54327003023388, 164.89682080733417, 132.6627309431896, 157.78861327356134, 153.4260531708946, 143.7136180473763, 173.5771458964013, 152.29008176373145, 163.55040084350566, 155.54446156588415, 156.3628873397015, 169.99617093224055, 155.40834746832405, 170.36036908124635, 172.12851551202846, 137.3360861656058, 165.43862886085674, 161.48881312997344, 161.06370129980846, 169.48690527214367, 131.2874477844463, 174.259591352053, 172.9011917421774, 149.5886248744215, 152.2709879057798, 175.5583757161462, 142.36119534836558, 151.29172616715056, 158.1579930856604, 166.56141506615262, 168.3365762617047, 146.0364868924157, 132.04523071153724, 172.49219577946732, 162.21353202772778, 155.833104716661, 149.59485877782762, 154.87344995551288, 133.55435116461308, 146.41240156580344, 157.5475804095851, 151.41099413951676, 176.36388482595743, 165.0620287772848], "fourier_x": [152.41410173676525, 151.71383692717257, 149.54720962173292, 145.73748106651098, 140.25441376548974, 135.05857224041117, 136.63289878452082, 143.60054544586504, 148.83126147897565, 142.73273833540455, 139.77970397282564, 145.76355643746768, 153.01106295172366, 158.33645339538523, 161.87437733446924, 163.93178038966923, 148.27903266513127, 144.4423044428498, 145.97267113512737, 150.3994958483542, 154.02182946193642, 156.2880768440883, 157.58586345956743, 158.34054330158526, 153.74338312266443, 147.00158638787929, 140.84901099482127, 138.13673367853488, 135.47069210290493, 127.49647379381436, 106.43174983369332, 122.46221792841608, 148.69015260821234, 144.7663045297307, 143.0452790689966, 143.87817747433292, 144.88193775150907, 144.94649808706998, 144.3348441833161, 143.3585085047486, 164.6006515916718, 163.94824126469604, 160.813414827453, 153.5321898745865, 136.32365656211732, 132.84548622503178, 153.05239015843182, 161.6551054597624, 158.41335702449305, 162.2373673892676, 163.45306639559524, 162.59316048213518, 160.17511023469947, 157.33214898548485, 156.0991556800609, 157.17662852764607, 175.47057463519144, 171.60594204530642, 164.08472205522065, 148.35816124439253, 126.76770377347127, 156.2816361590835, 166.59044728142024, 171.87889262153706], "fourier_y": [173.5351552217515, 173.48949083466138, 172.16387407042535, 167.69918566706525, 159.6652837679923, 153.91565570263526, 156.0059873366272, 156.6910425400928, 169.8206949227983, 169.21978060363645, 167.668184752404, 165.8458342881282, 163.0877855615481, 162.1309490544706, 166.2292695709112, 168.50474415935125, 160.25713428561778, 160.57280694834458, 159.68037419991228, 157.02608367496768, 149.54985299552925, 149.89544729504982, 163.04234061963558, 169.0553895773148, 148.92298229651917, 140.73926472357326, 149.24244022982194, 153.88972410562542, 152.54289359618838, 157.2309038564257, 164.5205457736002, 166.3419679054872, 164.1027442907621, 155.68551086741525, 137.53480107713978, 146.05806197233218, 150.66194895224805, 148.63101007419164, 155.16787114628312, 162.54621554340162, 166.04594058173544, 172.42476706610884, 173.51564090778703, 171.0552094641831, 166.4245774347907, 160.07623060277908, 147.9522482939763, 114.15893149011161, 168.02769831583873, 166.51454126924995, 162.30107008003603, 155.022652119187, 142.4479505537357, 136.3362499432902, 151.33112544822066, 160.20913450188772, 155.66453057069327, 161.77916946665945, 166.79691883172606, 168.84894405595813, 166.41916606499504, 158.5326833707849, 161.33897083877616, 171.37760116400742], "src_path": "/Users/hagardolev/Documents/Computer-Science/Third_year/sara_guidance/db_3d_models/db/15/m1537/m1537.off", "name": "m1537"}