{"fourier_z": [149.74347388427478, 175.94767151238312, 146.87798848991162, 167.9907370980607, 154.57519573939376, 146.37245943447272, 172.85077111973953, 155.82210522837426, 175.1014488828955, 173.20675868184884, 156.4442878082433, 158.39313075843955, 153.03730879019747, 156.9380112811847, 174.07347171225499, 154.8791805729116, 178.02035288329665, 147.27742082644903, 153.376411942883, 138.47889675130398, 156.01646932693342, 160.9593759004016, 159.0269116479178, 156.03337705720594, 167.13908618641614, 154.58622630752197, 150.3857772743309, 126.05178212043967, 157.56500996257552, 153.5562226707787, 151.44833340708982, 156.28420225433553, 136.9873219572028, 166.1493302029484, 151.94814899891094, 149.90399251169794, 157.9986514453847, 164.10438461323082, 165.7851151254302, 146.81954928360437, 165.83769742211797, 165.42466893490513, 142.36006602461003, 150.47890270604785, 154.55949773633125, 168.69261869753376, 171.34885460162224, 125.6142020497952, 170.23368184115998, 155.97667296869085, 162.3284614797515, 160.44002199808492, 140.73204623252943, 170.5049822125995, 167.86027421565927, 156.27704438838649, 163.75278924651656, 145.29488535079753, 167.10028819545028, 173.70457186159172, 141.20738627197193, 169.4944129126863, 142.88381519983557, 164.7206412603086], "fourier_x": [143.0140291518505, 140.26075555487293, 135.07989139885962, 139.60905706966085, 146.48921182444258, 148.5742728947619, 145.0041989442551, 132.5212792456265, 154.7476982620353, 148.36237544474636, 140.27692885628628, 143.1339346359819, 150.6925505291506, 154.5617491698778, 155.77114633027966, 156.4921349249165, 152.1327739278513, 155.28398730852723, 158.2578611937694, 162.3836235313719, 166.0688163208299, 167.65095765859206, 166.1824568323635, 160.4474452350566, 157.86346572097364, 160.5304888907941, 162.19970559394477, 162.27016514969938, 161.05758621841915, 160.0306906879435, 161.1813776746198, 164.77967904605197, 172.57858888160922, 171.33046677934732, 168.33422694211947, 162.6472605890085, 152.399008159656, 131.8356082364048, 124.73360952276553, 137.4960439421046, 162.7342789187341, 152.50807742560673, 136.61459235702847, 148.5114172128651, 155.52279301106753, 155.15336627746993, 148.4212804713524, 132.65308118005584, 166.28323298586903, 158.0546216849326, 150.4943921540323, 152.26593324552897, 156.01604943646356, 156.63976414176148, 153.73448420528382, 146.26152253219234, 172.5313834080037, 171.78188828391254, 167.68051921289472, 159.55556325839828, 149.22432148378113, 151.3282984118652, 159.48673296269345, 165.44296510042722], "fourier_y": [154.7697624498929, 159.21854150758932, 138.90873963823702, 161.54395235943224, 172.6401542713171, 164.82507968762636, 162.01779794075168, 169.81506701378763, 158.92600774724997, 174.12293462717122, 172.87243014468453, 163.68554288980974, 162.73444412878268, 167.3466225361363, 170.39911108273935, 161.1720533870888, 148.12462469455522, 170.29501586509198, 168.8399968033461, 157.68249330043983, 152.7125263287053, 157.37980916197787, 165.0386269102073, 155.90549608090265, 157.30912512628004, 133.19472485275486, 121.73454214738003, 147.26115944912644, 162.78740789709025, 155.6768929991622, 159.15272175088245, 179.17012948267165, 152.7281033947922, 164.72992661489684, 175.65518126580287, 177.25070724618377, 166.62714696547098, 172.7441554176974, 179.47159183422795, 171.2012913000167, 169.1553018317032, 163.39233352247018, 151.69482381206868, 163.18695289786845, 169.480443282318, 168.6573345828536, 160.1674149076089, 127.81930439539535, 157.92865451404901, 167.98647675669736, 181.39433715136374, 180.2546522540989, 173.80701941518157, 173.41801505132582, 169.51376493809045, 162.48389002426626, 148.71646982165007, 173.63620800256686, 184.6425737651987, 182.89302252499368, 167.2535919331446, 174.80632939074025, 174.00907411086476, 151.68585930545942], "src_path": "/Users/hagardolev/Documents/Computer-Science/Third_year/sara_guidance/db_3d_models/db/15/m1541/m1541.off", "name": "m1541"}