{"fourier_z": [171.71571965763695, 170.55993831003306, 173.1434834154334, 178.94402707502667, 182.32904830571442, 167.44057476301873, 163.41773327705184, 154.7698295393679, 170.6154932017776, 176.99453148905164, 171.0012087078416, 173.2110479213875, 179.71704389066377, 157.66586002059586, 169.62776640817395, 148.39919240834567, 168.17285180850382, 179.32746371539054, 167.54167454026867, 164.43057990398924, 177.4898284671198, 157.7412025811548, 172.70122855805266, 148.0954550901766, 168.24457530621774, 178.80700381088695, 161.27047421891427, 153.88321543970844, 177.7887610969891, 168.5436029033869, 173.35793237166726, 158.44811450183653, 172.6892726556527, 175.8308672631659, 148.70479154429245, 148.64662376830304, 179.80802557345532, 173.8374655033613, 172.18317946098472, 165.3176034670377, 176.65224856708141, 170.00973223791857, 109.05492280567759, 150.39624258064788, 181.3320751489714, 174.25537601712477, 169.56709280781752, 168.35142726209642, 177.14709680936426, 158.90230897943795, 138.30889631942495, 154.95305236745173, 181.42097650978826, 170.42359031347644, 166.22851336841765, 168.81555854735777, 172.70853881286658, 139.31550585596688, 146.86828352608396, 160.46346041230902, 180.06029913902879, 162.32016065805837, 163.56398862074823, 168.09770775020974], "fourier_x": [124.68821451436753, 167.10721200861173, 122.13470894840363, 176.73337368471198, 171.9311413371938, 166.94001761888586, 181.0258421320593, 173.15537606600074, 165.5877368857993, 167.50142237338306, 157.5976983799846, 147.74053031877497, 168.9439769554828, 174.78400307527792, 176.48108020590385, 176.9794963277743, 169.17768966836005, 152.40542684055245, 162.61710824798246, 166.2513469197714, 166.9063907368962, 158.93848088538357, 149.73692034965242, 162.7500391575991, 168.32741690501055, 172.10127023288896, 168.11432709699588, 159.70237865918324, 158.09160823163205, 152.2666695751402, 161.15320945638587, 154.3755369215507, 182.1589847653306, 181.81923710672686, 174.61304749327365, 161.54907687290626, 175.4306184343789, 179.89413259905768, 166.50464328166174, 170.84638237862592, 167.0900957463058, 177.4149455770386, 168.73593299884408, 175.1410831048189, 175.65816763728458, 164.40083418465105, 165.78360574376276, 161.20348072930906, 152.66951257248633, 159.51876555300143, 156.32426256145683, 177.9792347658841, 168.9359119344908, 148.58299847776001, 159.23655147287377, 163.59491183957718, 158.10361466447233, 145.65020518857847, 140.58547633409208, 156.39154043179897, 158.32173637461875, 172.96004889265737, 170.79882071385467, 146.6734532449517], "fourier_y": [166.27704534796413, 175.26655014791714, 172.92983281569013, 170.82646335361332, 172.30712154213256, 138.2892868055788, 159.77601314951787, 159.7210363703495, 170.8554819010107, 180.03443006935174, 179.47104367522888, 165.1993091980886, 166.9225280139776, 174.43554167513292, 166.946714713628, 155.0422307350782, 171.13645583378994, 172.9814581446229, 175.60817328200048, 133.14867859233993, 140.77403002028763, 176.9208837761447, 161.44310981600367, 169.28950497788327, 155.34592881666424, 134.4646763312237, 159.76166599532053, 148.05534811904033, 161.52899633219107, 159.76210308584822, 145.6473673764865, 173.22027560629897, 166.87944752328252, 169.59921381113355, 131.51908215226044, 155.6146604652332, 154.75142394619715, 153.44526536335664, 170.17456462927615, 160.68892119894872, 178.66405886847934, 174.17863187653194, 154.9646263588337, 177.85696579838682, 154.48147672490472, 167.05471620738342, 178.37238264171592, 155.55186184262536, 174.98726528260804, 164.7011338158216, 162.8995125537994, 181.5160741889737, 175.9376929014419, 158.09455859003816, 174.6872723794276, 173.67846949553282, 166.9370657816833, 152.78767665094492, 163.42392904458433, 164.03757906689432, 178.46081717403456, 136.70104760195565, 146.79343877817016, 170.0603563883065], "src_path": "/Users/hagardolev/Documents/Computer-Science/Third_year/sara_guidance/db_3d_models/db/15/m1548/m1548.off", "name": "m1548"}