{"fourier_z": [178.84921853641163, 175.0475019708395, 166.12191832507727, 162.93863350045282, 164.29476546700616, 169.51155030229387, 166.26136792471976, 142.3082175169735, 148.49374966144748, 152.81896160511906, 161.05746286870428, 164.81966596256734, 162.60258979326252, 157.91424022120373, 146.57514068577603, 147.93788628951359, 158.0741518993018, 151.47247007429013, 128.35602350200594, 153.63650242151476, 166.0824462108727, 167.12397406733774, 155.64249036810995, 151.1149543009043, 156.93956931398094, 136.56714438487379, 157.85583544791294, 161.58924517455785, 162.76525450286033, 159.0689261483796, 148.39898333158064, 163.64698677893512, 161.80353763633957, 163.55647920516262, 152.56288006342416, 158.49674852682944, 157.9584371956857, 151.18184637103053, 159.6869556158209, 159.1060562342886, 158.02652072947834, 158.83044972876817, 152.5506580745003, 159.0886948423886, 158.69484836358868, 153.28057056048178, 145.03354617911162, 133.87122625213158, 163.27293844219162, 173.4633299197209, 170.69232496033922, 158.79660048584452, 145.53339239706062, 142.99127338554607, 152.16738359323932, 161.0337618728694, 161.68873626965282, 145.97417455488667, 147.88519774364008, 164.93146608900204, 162.06946471056608, 146.78279707070104, 162.87156191097404, 169.98517383759315], "fourier_x": [149.7434738842748, 167.69438817718134, 139.63735469297575, 162.9328028267791, 143.0465469028172, 162.6474802925452, 168.60377283898148, 153.61275418110407, 154.9145255027457, 157.6609017345789, 141.26028486153132, 161.19847613757406, 115.49772169968556, 159.26041313108294, 158.5768230894872, 145.40756376288633, 161.57121839636528, 122.24184987631298, 142.22657122574088, 157.45509538715183, 139.16570658421386, 155.10148864459347, 147.09699400936893, 139.80659471190563, 165.28321181536117, 150.33663428025386, 143.56712064551496, 151.77158774984915, 154.91012328217067, 151.4805782350103, 157.29900990480138, 136.4012024302522, 166.15480964168822, 164.95662186056762, 146.03356818162078, 146.3671357575378, 162.900842863832, 150.49836948164858, 165.9977224099251, 129.1288551139315, 164.39868255321525, 170.98607608316485, 149.14199018495856, 147.2574621643373, 167.32813434300684, 152.34245003988042, 169.5905348080479, 123.05053754388966, 159.91842362854558, 172.90833008271517, 151.97546643925747, 152.15703232899688, 169.43352575627713, 154.81720688538627, 169.32379078793534, 137.84909427701865, 152.43738378249736, 171.83909520035184, 154.0520858168313, 155.7207739733196, 169.74966640817772, 156.25296375262462, 165.20174042769654, 148.1197804657297], "fourier_y": [168.63270606109182, 143.7772046208006, 174.20343513420733, 155.5849976708498, 174.69260540451202, 174.5292175106513, 178.90528043638827, 143.9033411887308, 159.59543234915228, 147.1965784310761, 172.80099882493255, 156.8599905768491, 175.25948527423884, 175.32812044137202, 177.16347954378858, 131.54503752110196, 138.452241945704, 151.12709910591445, 170.63955939145086, 160.7656666768966, 177.09158314170793, 167.32097538208484, 168.5320403014745, 142.31494068508232, 169.13273045618757, 164.54418920908492, 167.00980107286574, 164.3952764238932, 179.3496972921891, 150.99988800340836, 154.82659089840445, 132.1014496119659, 174.0768883565782, 169.12040320329203, 157.56352496802344, 165.86151739016177, 178.62274576262703, 155.92136254435812, 168.66644176172738, 150.44254507168165, 170.17300361515797, 166.86507008272736, 124.16119288265011, 163.73448502295383, 171.01519586560306, 150.66842625069233, 176.56543225538388, 168.5436640871367, 170.00126997230805, 158.85099613404662, 151.102349401075, 156.61970336790586, 140.7472972440495, 139.13350873609772, 177.38497071075952, 174.75643334877907, 177.5936745444976, 146.2332480933628, 157.71425147014926, 142.58713415270594, 159.53692509309948, 169.3665223910918, 173.36757085853088, 172.70287696698648], "src_path": "/Users/hagardolev/Documents/Computer-Science/Third_year/sara_guidance/db_3d_models/db/1/m155/m155.off", "name": "m155"}