{"fourier_z": [160.52340389892856, 153.0617580738382, 160.45044625896946, 164.68693894927617, 160.0637181489175, 164.85445713700753, 151.26866579671452, 162.70695801258648, 161.75889557136273, 161.85332419935182, 149.95550191686547, 159.8633420978102, 154.44629463200175, 163.7755086233845, 151.42669896727202, 164.62994770757447, 164.95856371601315, 168.89004263778858, 131.54785956905138, 151.1287237483993, 152.03553683394634, 162.55685965961706, 149.89663919229568, 166.3494323753417, 168.7127618228595, 171.76825380367762, 134.63937613338692, 136.49543037996384, 154.30427014260604, 161.02716532676652, 149.37725291951196, 167.27678809356996, 171.5686933179836, 171.0978232075077, 146.42352680078685, 106.54830581219213, 156.82380456897286, 159.2125389857227, 152.6438946673638, 166.41016669993522, 172.62005044533754, 166.82269916702128, 150.98292082783223, 120.63916379907016, 158.41762783306234, 157.51468190727456, 157.85044273472442, 162.01422833086124, 171.32986407597699, 157.9197079145051, 151.58551439720137, 139.9904946442839, 160.4588458352845, 156.53282780595268, 162.33101785813088, 150.5761009117792, 167.34192721110858, 141.80977000668415, 150.89859731158313, 150.7555559045801, 163.73330685330419, 156.80286357638724, 165.24246470490638, 147.62780079496713], "fourier_x": [180.7554221324981, 178.40406798180686, 167.59245335831963, 104.97077013964125, 162.51843020014147, 160.59343703502714, 150.13807955963645, 170.37603940861516, 172.7930075776574, 167.33887514432948, 149.9675065740317, 140.77553897375125, 151.68364629802753, 139.09674256069292, 163.02657750476806, 150.68740456188016, 170.52922149027324, 165.69256412250905, 147.48493469748303, 163.0547390307106, 173.80587144154947, 172.50076923249782, 172.90275078518022, 176.67740013044238, 164.97302528559482, 162.7682603812549, 178.79862558487667, 178.12717525303827, 165.8864549369255, 170.10625991060215, 171.70514589253213, 141.54079174975914, 127.91757649588163, 150.6785397371385, 140.96154330821247, 164.6417544148842, 173.23133788962008, 162.03390171696878, 164.9674799026727, 164.50633634010458, 171.23694959866302, 175.4371751838465, 176.8915856949694, 179.8574439716215, 167.03135739545354, 164.39419609686058, 179.49546566025774, 170.5678251641408, 163.04404390294965, 166.40709411083128, 163.21269422900173, 171.0621319020784, 165.50646666848047, 154.92465688455914, 155.10498445633252, 154.26001838844925, 162.91454550712677, 180.10475017286413, 183.89694022334882, 175.38076869352605, 167.5183219499499, 164.08230703845703, 158.4414549610746, 169.3880953745026], "fourier_y": [171.71571965763695, 166.51805525812975, 140.8247433063059, 125.87788392833647, 166.7294808640874, 156.3621985982454, 136.47220845396143, 145.40178128666327, 168.41304767008936, 162.913286456334, 165.94690011134972, 152.08536522297774, 166.02270528301946, 145.22196390321906, 162.70903674523362, 154.85877480437, 165.85307708216192, 164.50472809630872, 166.1435790862455, 109.14093229059998, 132.27190748980178, 116.22385496025474, 166.4276379019459, 157.22132005647222, 169.61377975859736, 162.50164347576333, 150.1394686616775, 153.55340965804677, 170.73463238553092, 97.53964111268724, 167.07408496756375, 152.23998305474385, 165.59485318625545, 158.7136748339228, 100.15088305797917, 150.12538233517634, 173.19732006074543, 148.38899717641033, 163.80712600359033, 155.8518862704924, 134.57673170563214, 153.6028551222647, 140.41995941218462, 145.19621460482622, 142.636008658242, 165.0458691920879, 143.399151352743, 156.9022852573645, 161.40716367029182, 172.68540944315487, 160.47829278447517, 162.51490143747148, 171.1343513512291, 169.3961499716429, 154.77742796776286, 165.37670705153, 169.02647433245488, 176.20674773880955, 159.71620136661508, 154.0987303489162, 177.84573576905134, 160.68128133503194, 171.8222345972519, 163.11249907366303], "src_path": "/Users/hagardolev/Documents/Computer-Science/Third_year/sara_guidance/db_3d_models/db/15/m1551/m1551.off", "name": "m1551"}