{"fourier_z": [154.76976244989294, 166.36754875090347, 164.67608595199215, 157.1417498235397, 145.95502863799857, 149.65363488714772, 139.97013088442566, 170.05056983870423, 156.2472816615752, 161.2654703811915, 165.5211288461737, 156.27474933491274, 150.0525879217671, 154.27391685748125, 165.07501743597462, 167.42307352944937, 159.5694326679218, 163.36712652662237, 162.49827900310197, 154.02761708512477, 146.97611316540562, 162.0168238056213, 172.7807177433775, 163.57786261350213, 162.79349094275642, 169.3640456723361, 153.50613967663713, 149.6355569399521, 129.3683631732627, 165.79135448228524, 173.80213628365817, 163.53293889887254, 164.6271834969138, 173.6061476641983, 131.5722235745439, 142.67090965318909, 125.2854801752425, 164.15720488273797, 170.5181581333036, 163.47863366033505, 164.6175839014721, 174.9665060483446, 155.8170938276326, 139.91716639419803, 138.37124157419368, 157.5112152534863, 164.94608240070863, 162.7317958216574, 163.24651939199356, 172.38698208505969, 169.07271930904307, 146.8764643453597, 133.55180757458, 153.35559736168076, 159.88774582811, 166.61792363907009, 162.36227021344862, 162.72025816338618, 174.45926033999808, 150.8602838872182, 146.09170775371513, 156.34609703271965, 159.80625400697346, 170.85526697579877], "fourier_x": [168.63270606109182, 170.89674105740033, 148.69599044985227, 153.08270181006193, 162.7482990024223, 159.12204810418078, 150.30725911207995, 159.82142912468944, 177.65896635490867, 173.65172294434484, 164.78044169517608, 156.06033710333327, 166.59861782714222, 160.27080570879323, 151.92076905253057, 156.62697169778716, 175.76730314739024, 172.89304174460543, 166.39382370146646, 151.32647796782015, 170.30845097388283, 161.35777802726042, 164.2574271683945, 178.74259211358276, 165.0239819649389, 159.28049128223063, 169.58193636903627, 177.35684930110602, 165.0572655694222, 149.33931047239187, 175.82544275569234, 176.1796922456429, 172.12301347571557, 177.8807465499636, 183.57860154141923, 166.19704577864425, 149.85434931909901, 151.71060954214025, 175.7534452034068, 173.26447637505788, 182.41006506538218, 182.10844166879662, 177.97522929144176, 180.42006519343633, 166.57610461380546, 174.93516328212831, 176.93428127552394, 157.02613338337346, 174.14851696401826, 172.8533275512584, 183.9172763768876, 183.8825552071265, 180.50577260631638, 169.38296006527412, 160.8693503159668, 162.9173027888122, 149.45208413699953, 170.90486096932932, 166.91269292906492, 173.42522457692354, 180.96626227674562, 166.82819294492646, 163.62294789126156, 155.6502796574959], "fourier_y": [156.87697276304942, 176.82871383743563, 126.5073292125387, 139.96316890609376, 167.19342766541217, 166.27750469266047, 124.62358083951767, 158.54425597035302, 151.42752364101867, 176.0250377553901, 160.69936697804422, 132.75215432392267, 157.73498494304053, 158.7619132640891, 141.57667728868572, 163.0647929588538, 114.84799032504611, 164.3626100123146, 164.57453859476513, 156.68285212416788, 158.57936784709955, 160.21591210728928, 137.37240456237063, 156.16903468572943, 152.2861166610967, 132.83683637173226, 153.83491884141125, 166.8612543719749, 169.64689200478873, 153.4837146358365, 114.36677331214779, 162.82138093786696, 161.68716712198616, 159.93578218250207, 153.2841341331004, 170.3986134268928, 170.523921163509, 139.41830764009163, 143.37934001598956, 175.5123731908306, 155.3167231699951, 162.33623268568638, 164.86611428004667, 172.12000387032646, 166.67560301216605, 148.23222967587233, 154.14826155670536, 176.50187541513708, 134.24844526040863, 151.1532190718138, 166.813634569661, 173.93057658384325, 170.96430162073287, 146.05500523173578, 163.47360097387124, 164.47857190221407, 161.59854584247006, 135.08056072208794, 167.44413788916833, 173.12769962132847, 174.11047208768468, 144.7802142739174, 168.90291496366888, 149.16944958787815], "src_path": "/Users/hagardolev/Documents/Computer-Science/Third_year/sara_guidance/db_3d_models/db/15/m1556/m1556.off", "name": "m1556"}