{"fourier_z": [178.17118750289802, 162.7395336060647, 172.5326315521718, 167.71512473288254, 152.7013193704973, 155.79790755789833, 175.04564855008607, 162.50013346778178, 166.63375835319667, 172.40029310957905, 164.45040454543079, 170.58210064130083, 166.84150233048754, 170.9090464996812, 168.03491576750702, 164.34361212032945, 156.19884845989387, 170.49498811995835, 143.0159883993894, 170.24981078507935, 161.35413638375513, 180.52311997972845, 160.60749073937495, 172.9015724068485, 156.54274044653616, 157.7796433827491, 130.90343036929627, 161.8918282036387, 149.12830061460403, 177.3675112206567, 159.35651268142823, 163.69677349085896, 164.27244571870972, 163.4478634044602, 96.60623521937495, 157.8051315018636, 147.2378922054622, 170.46177226735182, 160.14242565602734, 157.61820669432234, 168.13091291555736, 163.23697503914127, 160.95941197075797, 140.87091212177884, 164.21314930498139, 166.34116381014567, 173.8085058311167, 154.29621580026344, 172.3353946320917, 169.3092055601052, 164.5566579126786, 88.97500220826439, 172.59902362533177, 155.9456674657174, 164.3371412968743, 164.618725547313, 163.33367636470737, 139.3457914140135, 157.93493355975568, 155.5128994747272, 163.44772616773304, 122.93112030733126, 168.14312589649114, 161.2057806097706], "fourier_x": [194.31301630108126, 185.47212214444698, 194.66223893622748, 191.33068519328327, 189.918293412004, 186.16397319967064, 180.849295480962, 186.30620446030645, 169.85379601634972, 151.14763123886408, 172.4458326339885, 172.6977205635402, 147.1858423657232, 161.9139440219864, 153.20321666354064, 150.51303589438052, 191.19951802987427, 198.55408909594772, 193.92050365677255, 189.04892935127356, 173.34395355034903, 169.31367765922815, 186.94095880551424, 189.3605901937954, 176.0254385546309, 181.9765910974097, 162.72304953079956, 173.43043735062088, 131.9751130288198, 153.0691890603815, 128.2828756663471, 159.68299536144582, 177.2480021322524, 176.41616692949998, 182.48168773023482, 186.47242543108837, 187.6346548465364, 189.5602711386509, 186.47611257418265, 165.54005360532864, 165.58106872118412, 162.37181935938645, 165.98446810089203, 178.0967058435989, 169.41839749986917, 155.92938759346677, 162.19318780015453, 146.63695248789458, 176.0924955405825, 184.25261876155983, 183.9788001951796, 186.2209186183386, 182.2551610151626, 170.67305882287474, 148.73944617117746, 183.68979618270583, 163.55476125356742, 187.41773448199976, 176.14337358675937, 185.2935888031021, 176.6692336150822, 144.82600366702823, 170.020966721283, 182.7043779580934], "fourier_y": [172.64611997033484, 167.1227014388401, 161.88783503633658, 168.18887153827893, 157.05396801883631, 157.3864605401513, 164.34378421531284, 134.20540551891688, 159.78668543362235, 173.09769993371407, 153.42573428773966, 166.70344926206806, 170.8839649877903, 145.639617896888, 165.1228624462829, 159.3256588075248, 152.47905137066303, 160.72320225142275, 159.98606495416618, 149.60250487241464, 167.70711778341843, 155.86135447440495, 158.8777297469449, 160.33868648572079, 163.7362332656892, 148.46949837077975, 141.98251424570287, 125.28143859930515, 136.6544668603238, 151.64102667249242, 152.9803188000929, 133.21769636205306, 155.00543738250377, 171.8333390759986, 162.22376770607934, 158.7875621168367, 165.56002197411624, 117.84041398967098, 164.49617476965628, 156.0238437577588, 153.11623292918622, 143.51096585809367, 153.0936655105851, 158.37354542537275, 136.8063604263536, 155.38544451024262, 153.96427842940935, 117.8740658463979, 161.39282237559325, 169.96221938845085, 147.9311990142671, 163.93805300188654, 161.9998043087185, 144.88719504939914, 167.39252334763688, 154.27877443530883, 150.19514060421523, 169.35896364669503, 171.0589691775755, 101.26519495556039, 164.33169422123612, 151.58136676031813, 154.39092026974987, 160.13582400707023], "src_path": "/Users/hagardolev/Documents/Computer-Science/Third_year/sara_guidance/db_3d_models/db/15/m1567/m1567.off", "name": "m1567"}