{"fourier_z": [143.01402915185056, 160.48622274576803, 151.9307131908555, 137.60732630352214, 164.1240579930087, 158.87617221479616, 156.84325422164736, 170.7361512196562, 142.31583425282474, 166.9522558943504, 174.4904010862821, 163.091540929596, 175.9415242764988, 151.0035860876802, 151.4605920523946, 169.6384697093631, 163.62591429240908, 165.57913013566147, 177.42418970079905, 174.75887356725664, 154.21540196689742, 176.27454854789488, 173.9542779838904, 151.7439717943409, 176.76095453551568, 159.6421462960874, 183.02954146415956, 187.4771939928796, 162.76818217735973, 175.10393059607682, 183.73193017168717, 139.52234358199246, 167.13293309013858, 178.4766837313907, 156.90832561715038, 185.30452226947492, 174.67588176299995, 150.61926883041508, 178.12592698953054, 166.0251420313529, 150.9911973072802, 166.2134653407762, 154.45185919281215, 168.65833170885531, 170.6152792097675, 159.963055916624, 144.69191897423232, 161.6360945392102, 176.47096368730723, 155.69029350928906, 169.0106961175157, 150.421758067168, 166.04965034715883, 158.7100761275818, 141.73437583169834, 168.05986003826334, 169.56507721910552, 170.57897353761678, 168.30436959174278, 156.04914430557687, 152.96750440176461, 131.61248013731654, 170.8241035133038, 165.3901872397623], "fourier_x": [-547.82343790853, 113.31104940153048, 129.68693147175134, 142.97285148375397, 147.0501808058678, 118.84537401641415, 147.37295828193461, 149.01130847249374, 140.87671031893203, 139.5859016016155, 146.37009895346833, 155.30476389738845, 135.4579576900961, 161.53171666117007, 160.74895236920113, 142.29218973426342, 156.6574797714128, 160.33644329341286, 153.71260070699276, 136.0602779436876, 148.3316684573823, 167.32934813711648, 176.41381209077775, 172.14129420614535, 160.21333521978346, 165.9675286619115, 168.74095249514554, 140.64290355891177, 157.74353897218163, 162.96819093151268, 144.02181557165505, 144.64760013900155, 146.8084190362032, 149.29461207790558, 153.92251336490523, 140.8890352344984, 141.9580031633876, 156.8969334815038, 168.9372411887951, 175.40062867325855, 138.44715086783782, 145.46080343585453, 160.18658904128563, 168.8699756187268, 168.3742482417071, 143.806555181621, 157.07990409590064, 162.33876470494818, 166.66847728429448, 176.42890727505312, 177.1118069497044, 161.82497933181952, 150.6821596479054, 161.72249811977295, 150.31952458333603, 135.80880582545134, 144.49250209284799, 162.86558728418012, 169.19743367048497, 166.17290447240413, 168.53014436120066, 174.16331789965284, 168.99209223024155, 152.2032636671333], "fourier_y": [162.12425805239928, 176.31103727498657, 160.87466845181893, 149.84070326709568, 161.37009554581854, 153.12495860580648, 174.52608514776296, 176.7292358116523, 154.54069815254192, 166.96209072526656, 163.47772973482947, 174.33342399259584, 145.00816038100498, 148.71571781595685, 166.53155923498574, 168.91201184675313, 156.33949946112793, 166.29925046420345, 163.0170067356754, 153.56168429483, 133.96209936659528, 157.21120461422544, 163.91592807171315, 157.58400128704784, 152.32363063931498, 141.88012188475733, 161.96885168182973, 165.38522628976244, 157.8077380903739, 142.1960813381182, 146.8712332794295, 168.79845755721198, 146.98028645177655, 164.47657253982015, 124.08463358306385, 141.3131986442804, 165.39073266878023, 157.11399798088723, 161.98572218746682, 148.35293234707376, 162.89730685902768, 145.29401805288427, 147.7390696272212, 164.2455647076396, 144.67908105111897, 159.35953651531014, 152.27215228951414, 165.46884962095763, 169.33238135031357, 156.37100908130213, 159.06107917388596, 161.27270340152143, 154.77031623753857, 161.15147158496742, 160.2017341315944, 170.92510059953173, 129.3786695788145, 156.3416506977656, 131.48830815559973, 162.07587743344277, 157.39850791003914, 135.2043086887824, 142.51650032737788, 150.9865540313527], "src_path": "/Users/hagardolev/Documents/Computer-Science/Third_year/sara_guidance/db_3d_models/db/15/m1564/m1564.off", "name": "m1564"}