{"fourier_z": [178.17118750289802, 193.23539928249158, 186.13308532071994, 176.97484605821182, 183.83599287904565, 158.2714039385557, 135.27597851610102, 154.01895806180485, 174.77631151274846, 192.84552051641748, 185.0194648515202, 175.72489615475314, 183.86028250575632, 157.21663782807408, 140.82329076170177, 157.09277839928086, 173.63300468721494, 191.30020762488454, 179.9159107691671, 163.64347455370995, 173.7843799257641, 163.15343894571598, 135.38723039953808, 139.47178119591766, 174.0293193121251, 187.7765879589846, 172.5122623694526, 161.5802041992694, 164.19218943743527, 169.45439640206217, 154.55085729738505, 151.63353793097968, 164.2724659228006, 182.3463536721414, 166.20912907439367, 170.41497306227282, 162.52830641464152, 172.01048394078938, 162.17772429903158, 154.48828828014993, 161.03373852713293, 172.21035002348344, 161.45780991576902, 174.95095721253472, 155.57944214527495, 175.92553934858432, 171.48237590699236, 153.95365711349635, 156.85368875393084, 152.64541198455365, 159.0570645186387, 182.94508798685402, 172.35678530323045, 174.3377646975223, 179.52985263727982, 163.77699092086033, 114.55286347453622, 154.89219570836894, 160.88181580411873, 183.35905172089124, 172.35213968498059, 167.69103322519692, 179.3739592251148, 157.71995088449285], "fourier_x": [188.24929112132634, 191.06250690753114, 189.62616787624142, 185.94387475229968, 179.4897865728476, 178.20522368766962, 182.73062967396496, 180.37261607191243, 182.17919863920213, 173.4456959502415, 182.65829899520702, 180.70826182344032, 187.03193236894222, 182.6426769061068, 186.5161043337634, 167.24574139670122, 180.67628026767497, 188.69989010711117, 191.13865369169744, 186.15276996841186, 156.24568115042388, 166.25778672961178, 177.53368466402677, 178.7380614880686, 185.72861221788142, 191.7066925365307, 193.8890916918424, 190.87575885781374, 197.40738551988244, 196.90395240675082, 193.2097018754896, 178.86385661722414, 176.06499182339473, 174.66058437463806, 173.69268030267662, 183.6009637663043, 194.22721429339634, 192.34352213728198, 183.530446172722, 171.63196921545057, 146.73373600715274, 170.6893239583495, 178.5134767762007, 173.4048274842446, 173.1906681336934, 173.27293085537718, 181.62929396231672, 165.29996721157116, 174.75815660114708, 183.21713744471162, 185.09197870972577, 183.20611275206545, 194.21779655125374, 197.00931070009165, 192.1292115618911, 145.58198416605305, 170.49124470984762, 185.71563902467162, 179.12855280672997, 162.17096269412417, 181.54234701529066, 190.28001159355395, 177.78121164427415, 172.71529970984182], "fourier_y": [149.7434738842748, 151.35706159924337, 146.93105878794594, 155.2009625946748, 157.42266214740084, 155.90728635335083, 162.31658479615987, 152.02346934790486, 156.72000325397275, 97.89915665794152, 141.40076045958773, 138.62559837325765, 151.34832131958643, 160.3358592332297, 158.5184802270666, 154.92663558504316, 160.98276770663333, 147.94077188977394, 140.5061783788897, 161.23654177092834, 139.66558423621632, 168.60218062428447, 150.36385143159055, 163.69816381877942, 157.35098679727815, 154.7608310498555, 133.78733489921257, 165.31017008167666, 123.85005046837355, 169.1910294540199, 140.39442486771168, 165.05231520859624, 150.8912633263827, 146.96456778014775, 128.86780201564716, 157.47812579518813, 137.98760142375696, 160.4987209415367, 136.75652855623954, 157.38026958611357, 158.24127216433138, 131.55174692980526, 144.30280885984504, 113.28825175899436, 143.41063309895793, 126.21541260866644, 123.4724653484814, 126.14420507883179, 163.512735930619, 154.9147827680257, 152.2943752172292, 151.90928329673125, 142.70207020576697, 152.37464965061105, 129.13773340446696, 153.05220188989546, 161.28704354036074, 161.50246146056685, 154.485474092816, 158.61870425175948, 143.837790676447, 160.90968011204353, 152.0609159238363, 164.33169058076174], "src_path": "/Users/hagardolev/Documents/Computer-Science/Third_year/sara_guidance/db_3d_models/db/15/m1569/m1569.off", "name": "m1569"}