{"fourier_z": [158.78317635913592, 138.92287433693366, 155.0447984590485, 151.0974308123071, 148.7372987158718, 158.33277101589758, 177.59555739942334, 170.4346839588652, 129.829277530948, 163.96995755484286, 170.7156078998401, 168.64332919545066, 179.39081021460171, 174.02805281916355, 180.58438113535522, 162.43264559318186, 177.99237791861654, 151.34491658773922, 163.88175984849877, 133.8719242448446, 163.4304704778071, 153.80873031435866, 169.1820461028795, 179.5975336584342, 169.54958051424254, 171.03798684739274, 160.88412510058643, 181.45295148505113, 175.07716445640128, 179.60234850862062, 178.01088126780795, 164.41798454768139, 169.07583567470977, 168.90142115448256, 149.04855609768967, 143.57813330112518, 166.4566005936621, 164.9587077107877, 133.88326089753934, 130.38894241382775, 131.75610460651762, 160.18044027800929, 149.53045558597148, 134.82327948874325, 155.51788671510653, 173.35115439839592, 173.56823944503782, 158.6014435678516, 170.09275960336515, 165.68161836686835, 149.0310590178, 149.73601808354772, 120.65488905736535, 160.13573770106842, 164.60683186842178, 165.05918756587408, 161.49638554866058, 152.25142293935068, 158.48997840761652, 138.19317526161197, 163.7091184259193, 176.97243089890264, 156.4334780540893, 175.8055819196822], "fourier_x": [163.6064174954737, 160.1912355852827, 152.52085655381256, 159.3820337394999, 164.68427874535035, 159.60584607486376, 137.93343883182987, 116.09683580205017, 149.28471168535296, 146.3678706568798, 146.1631868946509, 143.24061576109483, 139.7482679255436, 147.15854818309296, 160.3895884438931, 169.6698914923192, 166.07029756114414, 146.8907069294223, 128.95412472156528, 136.35598258424045, 125.13416232015076, 134.3279614894117, 143.69091354891233, 123.01149533758965, 150.77258532102405, 159.2773206306968, 158.27839014983996, 154.78716458564992, 151.9601847155438, 152.83179221067056, 158.6112319568144, 165.027423313728, 145.64269240144102, 135.78285133212967, 144.5980773439163, 152.97299274821518, 155.52908903085856, 153.4595765975341, 149.16289775935218, 151.0779209391582, 158.448847301913, 148.71903569001705, 138.2339326931215, 159.3294185336128, 165.31524788344652, 165.2052758305739, 159.9495299321327, 154.59982394255925, 164.42284655669224, 151.97552896575903, 138.26866825372488, 125.93680668939383, 122.56501822503266, 145.5111278023629, 152.3922331782434, 151.9035009940881, 171.25509445742108, 165.35332516193637, 162.10159004774525, 160.0728784750096, 159.05298368067528, 159.53083723567187, 157.4589354273662, 152.2600046269508], "fourier_y": [162.12425805239923, 165.25973900163683, 169.85144533080344, 171.96555370580327, 170.71682286930823, 165.5716244172386, 155.74187971279457, 142.76292596535419, 162.944261680595, 161.78573330680248, 154.17156087229594, 148.85391425564987, 158.52560997049227, 163.93217353155893, 163.77798543894926, 159.46107377989216, 145.71166742632548, 153.31157879585518, 156.69043229936617, 157.32706688656992, 155.11010708712115, 149.71250982255253, 147.99948716298533, 155.3194617864418, 135.89920016226375, 159.06354441749428, 166.34659348769222, 166.25425020220894, 158.9658076779476, 137.71903252933856, 148.65668284173015, 162.386193824242, 124.96538727252677, 145.50901216853165, 153.42462188745563, 156.72104553931365, 156.16368589743016, 149.37712029422028, 128.45634694813012, 147.93919642118394, 157.73241069805522, 158.26636781758526, 165.33512961875005, 168.16856427903934, 165.97015164952708, 159.44063995838056, 155.20451370798082, 159.5911630409538, 143.91408037005516, 151.00941713710128, 165.64800431758076, 172.5151175499519, 173.91904852068083, 169.66047999552345, 155.18024628728557, 132.75219747098706, 131.24650573502365, 136.47904416373228, 147.15818573627163, 149.20744591808236, 148.36366062495574, 147.9625411254315, 150.16219396312732, 154.40159906522655], "src_path": "/Users/hagardolev/Documents/Computer-Science/Third_year/sara_guidance/db_3d_models/db/15/m1571/m1571.off", "name": "m1571"}