{"fourier_z": [190.23110917421096, 188.91226117281457, 185.68645187281635, 188.3927445381302, 186.25409205808, 168.49111929979745, 169.91450242152683, 164.3923633798157, 177.2789604018376, 181.70037208309316, 176.67461131733364, 165.44613026848853, 171.70906245925025, 172.89104393493136, 161.83753175105647, 164.13485186855283, 166.22408507228695, 173.87987587523747, 171.04584701921124, 161.71030574299888, 166.26960298374857, 169.85885368480172, 163.29121545340527, 158.75802756053932, 185.81421641035334, 189.4558535363976, 188.64733563664737, 184.85226215284717, 182.07113234154664, 181.88833727648438, 178.33221061957505, 166.30711040139997, 176.38473150270494, 174.71232946669528, 179.45412323993807, 183.1910071464855, 181.35919386393297, 169.18058529296553, 177.01470861088427, 174.60074550821534, 151.68505595755724, 158.89459538735028, 170.37207249879083, 175.09692508750402, 176.6495230103649, 180.78606431949947, 184.31716147097464, 179.42273376025642, 170.0209323816652, 165.65431568029115, 169.6379084719465, 172.68819209200205, 176.37797889031862, 176.43607926162758, 166.2659240329592, 168.81001732277605, 156.1438421142238, 157.89261877612927, 164.3260055278759, 169.94388315820433, 180.22282231149828, 178.4300961587565, 172.27402710351248, 180.7054523771238], "fourier_x": [110.82527090316856, 114.61540660679063, 120.39456359171902, 137.51258362491856, 146.62653645440423, 148.6397347493824, 148.3748380718563, 148.16078345968856, 164.04103350302304, 153.929823327484, 144.27335409683354, 149.82003045722888, 141.04344862748337, 126.50127778670793, 134.2756288351437, 130.10940482950258, 145.5408429534812, 144.63257872812702, 155.0581684948319, 158.83613350596661, 161.0097096985412, 161.52775501249897, 158.9573798268867, 157.69649147017074, 152.04119744239284, 150.12599445387187, 143.49787079691495, 155.58358005068467, 158.8119857860899, 150.6279559510239, 135.25558342831283, 147.58834429948405, 154.45049600128743, 156.45877586356025, 153.57451091384635, 141.53231232547586, 137.44250738248854, 149.13048416738764, 150.34978851936899, 142.15131423229843, 158.79579238100084, 157.5093237327968, 162.09648359594124, 159.85781243420095, 152.8399085391487, 161.02902535665524, 165.32811638413122, 159.51966554700527, 162.19333703191822, 164.37085856161622, 161.00456889318676, 149.3653761575391, 152.0111817279402, 158.49096447531778, 153.11790335080315, 126.33480432291904, 132.45023460496122, 137.6153824119369, 152.44461513617514, 151.74420965525997, 139.35326695326705, 128.60143091301936, 130.06996562380155, 137.10021971971094], "fourier_y": [177.4693611066726, 176.8224081618763, 174.89527375200552, 171.7904024668481, 167.94975043599433, 164.61332906338072, 163.40528033774063, 164.13041598339873, 173.49160032535693, 173.2745647746642, 171.70078163554595, 169.2536598881537, 166.6382264483986, 164.49604956430085, 162.82689032029808, 161.00463207223558, 160.3799752044748, 160.2484514945289, 160.9023092904707, 163.22466484611337, 165.9943529008064, 167.76788467013247, 167.8414900698902, 165.85404951307711, 150.04101530978846, 147.77785896785366, 147.28105194980526, 153.85037928740294, 161.70189782447613, 167.33611064817381, 170.53567715302822, 171.425776968052, 170.53662996055007, 167.80960395752095, 163.3019284972775, 160.47201954284444, 163.60887117866696, 168.66619132840808, 172.17485556917123, 173.6501766220237, 166.2348185107858, 169.94212944879465, 171.74999837249302, 172.3668173311204, 172.50064766166065, 172.7503011918812, 173.22770017859472, 173.48454699225215, 169.7833375136808, 170.4651026671092, 170.6568870302556, 171.0843943481687, 171.963155881894, 172.85435917394796, 173.12994959924922, 172.3637977043522, 147.65205387164562, 160.15530853236413, 167.4437409346689, 171.5023865736402, 173.0383545074287, 172.26869524484056, 169.0984314534074, 163.12974637847157], "src_path": "/Users/hagardolev/Documents/Computer-Science/Third_year/sara_guidance/db_3d_models/db/15/m1578/m1578.off", "name": "m1578"}