{"fourier_z": [132.79751667653073, 144.03270541675897, 165.06636563890407, 169.77140335909726, 148.99283822618867, 167.95214555934956, 164.64616719223173, 148.47525323272419, 169.27923607594397, 163.68565202819224, 160.20158142378642, 170.92090683163323, 141.67363901979084, 171.78063880585034, 168.5041755969537, 133.3459968202352, 166.05502115680366, 154.44208233508925, 160.72639218637318, 165.08649949941386, 156.06958021429958, 159.5915380773338, 145.66721993374773, 167.0784374311955, 163.58903562179992, 144.07741410292948, 144.7626944610468, 125.77856266182629, 155.1991810657991, 165.20330786455253, 173.1469280029741, 168.59050686580588, 180.94494164732905, 155.57424405067567, 174.78327066890904, 156.19964130086746, 157.03547520483767, 159.25210825285998, 154.79788923454024, 167.7672046551615, 157.139353954238, 142.9382452486824, 144.7394961924057, 161.58538323603818, 161.18423409804987, 132.86427231189958, 152.2351296495, 162.97749448620903, 161.49444398976524, 166.86196649612845, 156.36480996708906, 174.3000183752671, 138.6756841744017, 163.95521450025112, 164.568379681112, 168.83129271780817, 163.09656683573007, 149.38956100929556, 170.1855420658913, 179.81668827294635, 171.35068874991174, 138.46559307819527, 151.66060582145647, 170.901391132705], "fourier_x": [166.27704534796413, 168.92089466534088, 172.37154639547296, 173.40320617639915, 171.12658810387092, 165.5042555580795, 160.35988111329704, 160.0652412335071, 175.98571622040578, 179.66164850201594, 175.51627203889183, 169.28315046843232, 170.95250636413257, 170.77256295377154, 167.74127424182228, 163.6424484840735, 150.8283986858935, 138.45535902994732, 143.8756556444465, 146.1483213384288, 137.78995528672561, 168.19744741721274, 175.75665685790267, 172.3846114381157, 168.5620305100992, 169.84655606176088, 166.40257450853514, 154.7070196562362, 161.0786182395306, 160.67101874180875, 136.97271886596073, 141.48965055594545, 127.85516707491446, 132.58574676473748, 130.1885820932269, 141.813354136791, 160.1717747689024, 168.78449592822454, 178.2995596374156, 179.59256739565564, 168.4548555408611, 155.44507845930673, 149.20110256631975, 155.87363073003564, 151.73868098963987, 132.86955779730184, 143.17965689823126, 155.93572783529942, 129.89910301483604, 154.92855636758497, 160.49300538143643, 160.2955173758633, 155.6410925445093, 134.9155383481104, 147.7830850264971, 155.14718356663107, 142.42243305129475, 156.23178080586706, 168.57380936999178, 174.42879398152462, 176.55382183330389, 174.45122432691232, 172.60569470037098, 170.99873160716015], "fourier_y": [124.6882145143674, 120.55910633531198, 138.99060440853938, 153.81055916915744, 160.34993639069017, 160.2824206505257, 153.5278027845838, 140.6248872138894, 147.08612822070552, 150.24596987254301, 149.4712581936992, 150.14333416949214, 152.19180328932768, 152.4682809122379, 151.39898822944633, 149.55267919164595, 145.90793546417683, 144.67881648501685, 135.06148698230544, 99.31693312669596, 135.7885955570251, 146.76590010414793, 146.94815849468253, 136.51810422067118, 155.11395622401977, 155.040769859772, 149.9601700032643, 136.19867799481244, 148.6827891102678, 159.68536276058512, 158.86254236017476, 143.82420034398046, 157.34394904973954, 154.8498242304584, 153.0057766427294, 145.51577738255708, 113.96075253967594, 141.4179180389033, 145.05320712237784, 142.99505270603754, 157.09318058316174, 145.59428865453324, 156.3382538736822, 161.62915020111186, 156.4038855422226, 141.3206344616529, 149.59617776941346, 154.88747914475073, 156.73919532806815, 151.34227405775886, 126.56971142887868, 139.29630555015575, 150.2671055722885, 148.93051421452756, 140.2887355903651, 134.5874952839978, 152.0724016527751, 154.7050908594991, 151.51344774713084, 153.10036577335507, 156.37060056713815, 151.0489490237347, 128.52536525524187, 138.96541446330292], "src_path": "/Users/hagardolev/Documents/Computer-Science/Third_year/sara_guidance/db_3d_models/db/15/m1575/m1575.off", "name": "m1575"}