{"fourier_z": [162.12425805239923, 129.2871971250434, 173.16355447215457, 167.33875177706463, 166.2134204096708, 159.2104712624102, 164.73364396648606, 159.87191039219124, 166.45458929890626, 159.72043456317755, 166.82390122955908, 156.80974883450676, 163.2366805500816, 132.64716479914117, 138.24725056333224, 171.82532047069574, 154.04225893684136, 137.46769795396446, 165.67079946981434, 145.8225006928567, 172.16891622046438, 158.09204585430834, 153.84245901374845, 146.41834602162731, 180.6375825302972, 165.75649613923696, 167.28132575049852, 170.8646516911404, 160.1331786208163, 160.9664448486327, 160.62909494863163, 163.40821422849416, 193.01389768669353, 178.88324798818172, 186.7205895840236, 177.72837585445023, 174.42769307529426, 168.08185658181077, 170.0571313297652, 136.97358315435315, 181.10916863880348, 170.65626047267727, 169.66416112405, 171.01228190738885, 177.08199864794295, 172.05527696617088, 176.8022700928659, 152.34717766543827, 142.48392201077098, 171.6624635035103, 163.31358261461736, 153.7595688229047, 152.45646698106506, 170.21370332585946, 169.82817983455402, 139.1996223388826, 167.76125766237212, 170.39889627133329, 156.23190360056282, 151.89976805265712, 152.58706617780464, 165.54629011061635, 118.28600756897063, 165.0328062681967], "fourier_x": [-559.2177807404137, 132.3300493034483, 138.53269611211263, 132.33084539096382, 136.94167269582798, 149.54400057050316, 155.01544039172583, 157.53710146825935, 127.74820681615849, 140.8276473932077, 145.51715633884942, 138.75286813071497, 115.31565827668226, 150.68462668195073, 163.05420395547208, 168.74058510164306, 145.55048106817148, 139.02224415090348, 108.18882108443617, 131.24360406808347, 143.07866859819663, 148.5220720879597, 159.15930082594346, 167.96656062091608, 156.3510266682947, 149.82963835618696, 148.71329260943708, 149.96013496224745, 148.69034858241963, 145.60309730865492, 146.70432324984438, 153.2000809586689, 156.0183984076225, 150.51723533837324, 142.73874690111805, 115.54985597603688, 143.17149949482842, 154.0643233549685, 160.02406303153438, 165.2246901834701, 152.1103047406818, 148.73052666598204, 151.40437465094817, 156.268624750683, 159.24935484576469, 160.11024313351413, 161.06081001340354, 164.26533136103257, 165.30061210931257, 164.08936189729042, 163.24875250637572, 161.72278800861844, 158.37975585993544, 151.827476592619, 138.7930531104985, 129.45728943360047, 174.58491303426024, 171.26954911647826, 163.17993580321246, 147.09633009550063, 118.45990498696304, 154.48865681243007, 164.21524828098651, 166.00780258053362], "fourier_y": [160.52340389892856, 160.11525100720593, 158.38765436921298, 154.00896980107856, 144.56996596369927, 129.43392788323786, 141.51293961718287, 151.58450075106708, 137.89695667899701, 146.53155341570422, 151.37826241840824, 150.67498990222958, 143.90299942926052, 138.32280212113386, 150.09342541742686, 158.68774098381328, 160.9197255898825, 164.41211114710188, 164.7562982932905, 161.47996816596506, 152.94813622070143, 140.69112591253156, 152.75901086009537, 163.31302377004081, 147.25341674073667, 142.1986499888894, 134.63386960843116, 122.95332400301146, 110.73994653943964, 122.37760118115993, 131.45434032026347, 135.17443852840142, 149.4978223593999, 147.85622276076643, 144.46094829597698, 138.2978181391225, 126.60569221581196, 90.35299875094475, 116.5123957948385, 129.1111997715758, 151.445045571813, 155.0571797770422, 156.3688580429727, 155.2107433020374, 151.02029832371477, 142.27769650204795, 126.44760696248989, 133.05950502424403, 126.39294663390163, 130.67568565101513, 136.09989816016505, 138.077244201496, 135.85589869101514, 128.54204233742476, 118.49805674880324, 126.63414896178762, 146.35531575240054, 138.50534896012977, 129.13047879248123, 124.30466300306261, 124.40797229836534, 130.3257392112854, 139.9792085025808, 147.55982540817124], "src_path": "/Users/hagardolev/Documents/Computer-Science/Third_year/sara_guidance/db_3d_models/db/15/m1573/m1573.off", "name": "m1573"}