{"fourier_z": [143.01402915185054, 141.82337356279237, 138.05751297996864, 130.97146190354115, 118.34516433460637, 89.78727743213994, 98.3997511948145, 108.26873754676967, 145.0477573620033, 146.45194477522352, 147.07550474828878, 145.49267423935564, 140.6903134122432, 131.69917109924478, 128.84575827041363, 140.68057249373817, 162.90977651280298, 165.10480663881435, 165.92242610551398, 165.44275379101208, 163.6669673662306, 160.49035470685791, 155.67160935331114, 148.898931997134, 169.08214316783858, 167.88946504747162, 165.3442353166903, 161.78829560662476, 158.35510859215776, 156.99725968749252, 157.99719581519724, 159.34945919037358, 142.38410397079144, 150.49233226662164, 155.789717136717, 158.44836899908577, 158.91280649600952, 157.32949012056125, 153.6014417739914, 147.59645951995782, 136.19925733034347, 137.5486727325708, 145.79243779777542, 150.87585838270965, 152.9117113467476, 152.42572268430217, 149.54907399421754, 144.24760111498867, 131.5907142323461, 130.54298354168955, 126.25909000514746, 105.30003013965784, 119.70835927529424, 141.08238656775805, 151.96215554759857, 158.7264600114669, 145.44225962105526, 148.16393431590092, 149.68150920971578, 150.10586822718773, 149.50614982335745, 147.9223496589297, 145.3378969801355, 141.60368780405958], "fourier_x": [170.7399163742483, 154.8828016591153, 134.28106340173989, 169.92684609489996, 161.63869680499377, 133.02536377583527, 146.85893226710735, 161.0771478383096, 169.40800950712298, 157.5287732023806, 136.45935361316631, 167.49805821684822, 163.9715717238124, 123.12726294984333, 151.91040992843836, 159.09927017670032, 165.1141252975971, 161.3756599325366, 149.79122058415845, 159.6830725817205, 166.79529247471177, 131.00896347069505, 153.17364028027993, 154.89570156066728, 156.8426778211404, 165.2358502747262, 156.8455102181223, 135.3555284364121, 169.6031420224884, 147.14020871895414, 150.20356179802306, 150.75253243135055, 144.55236940000512, 167.71364876401077, 161.32348559491578, 148.0629107006509, 171.30633762114877, 155.9887465352644, 142.04264286110026, 152.33399430082108, 146.46086852151404, 167.91799085320764, 164.94553570174907, 165.33073557112036, 170.98117218540818, 160.04007299548527, 138.98715241465592, 156.9157568958659, 155.17426792782342, 165.00495338084843, 168.42015754725526, 172.49366921347922, 167.96105594781235, 160.26632813306315, 151.64752035677645, 159.59570754532058, 159.11190480415212, 157.33890928012084, 171.78202265818868, 175.3490337341762, 162.1884657802213, 156.900068188713, 160.5371426718958, 159.61268827830992], "fourier_y": [-429.7512519471661, -429.7512519471661, -429.7512519471661, -429.7512519471661, -429.7512519471661, -429.7512519471661, -429.7512519471661, -429.7512519471661, -429.7512519471661, -429.7512519471661, -429.7512519471661, -1331.84464329526, -429.7512519471661, -429.7512519471661, -429.7512519471661, -1331.84464329526, -429.7512519471661, -429.7512519471661, -429.7512519471661, -429.7512519471661, -429.7512519471661, -429.7512519471661, -429.7512519471661, -429.7512519471661, -429.7512519471661, -429.7512519471661, -429.7512519471661, -1327.5932997654486, -429.7512519471661, -429.7512519471661, -429.7512519471661, -429.7512519471661, -429.7512519471661, -429.7512519471661, -429.7512519471661, -429.7512519471661, -429.7512519471661, -429.7512519471661, -429.7512519471661, -429.7512519471661, -429.7512519471661, -429.7512519471661, -429.7512519471661, -1304.0808308303885, -429.7512519471661, -429.7512519471661, -429.7512519471661, -1287.9864517060478, -429.7512519471661, -429.7512519471661, -429.7512519471661, -429.7512519471661, -429.7512519471661, -429.7512519471661, -429.7512519471661, -429.7512519471661, -429.7512519471661, -429.7512519471661, -429.7512519471661, -1327.5300376701566, -429.7512519471661, -429.7512519471661, -429.7512519471661, -429.7512519471661], "src_path": "/Users/hagardolev/Documents/Computer-Science/Third_year/sara_guidance/db_3d_models/db/1/m157/m157.off", "name": "m157"}