{"fourier_z": [124.68821451436746, 165.66965334000432, 136.6462850098768, 159.71638491742885, 148.86627327341222, 161.20204330571295, 118.19421819259063, 153.98433890098664, 149.30438363347366, 175.2968286429407, 133.71987692195805, 155.22264874998714, 140.09646404245927, 162.96123536230212, 141.8744782624346, 149.7437807718491, 156.99668468677865, 177.06808511739007, 138.43977684959196, 154.09845772871873, 162.28707183021868, 158.19836114456683, 162.0977794112059, 141.10849977665745, 153.39641643609258, 174.59785383071312, 139.7753127435771, 163.95759593123915, 169.00124540516993, 145.8815743181933, 171.38295968086484, 137.25145440883477, 131.70579746688182, 170.44723440343716, 144.7176034472215, 169.7838459832677, 169.8306874319471, 110.75574708497422, 173.35103561764598, 112.43343646780183, 146.8478441350881, 165.82475479852548, 154.9335716485654, 170.12440623312327, 167.11816974635536, 131.0268562871108, 168.8601609374544, 133.62783086538053, 158.30364284015508, 161.63017365583744, 163.31096347071107, 165.79609946042055, 165.7347887139672, 143.4703042074942, 158.40729907241257, 143.86553013889537, 156.05460191958244, 160.01795968708382, 166.7300226105253, 158.14317224248498, 167.02439685042782, 150.07201877734158, 147.37799490240786, 142.02582194890812], "fourier_x": [163.6064174954737, 150.87180862767073, 158.28080876035364, 164.30513037890717, 178.50567432226254, 168.4672392755969, 164.6334059119098, 160.25706819510697, 160.58596649030267, 168.09984608489088, 162.11088970642032, 165.48994561982283, 175.32697835533256, 151.48783050749992, 177.74768643122798, 157.78955409940093, 160.8584534623927, 116.12147853121756, 173.70426433857648, 179.32829125035022, 180.88838944031727, 180.24175064070118, 151.90717093982894, 180.88092139047362, 144.11637580053562, 171.6508037098314, 165.51081562478444, 176.46612316300644, 168.88221535483046, 167.8252744868789, 159.25817463530504, 159.34829337157558, 168.0855649019337, 177.9336918343498, 152.74485952725865, 165.29455179528662, 153.86914285291064, 152.5055828743376, 135.20088788743115, 159.1801950568186, 169.26890966385767, 176.0050357001379, 134.183231206839, 157.06387586454622, 168.258310092573, 136.60776852562637, 141.89949813535011, 169.47740993661256, 174.91386279359835, 150.66839043990103, 166.76382117030244, 156.7951372181613, 169.70502265977487, 151.97439855516419, 151.47494373692336, 178.04735838381282, 167.9645019915694, 166.10476632737462, 170.1726934453166, 148.25123405304228, 167.0849413167016, 164.5234929917013, 166.66530689400102, 175.83844770174744], "fourier_y": [152.41410173676525, 161.83482241698127, 169.17925869021556, 174.0729748193667, 171.16574936578604, 168.80540419584486, 163.0748313088788, 164.99599580881414, 161.86864148947816, 164.27446482883232, 158.028853149784, 171.1058949241915, 168.69865982449517, 171.3594911068432, 154.08900817282208, 162.55705769924987, 165.4880095533608, 156.0989353990637, 165.51778565469868, 163.02572362397913, 159.34285693305466, 174.87056311055147, 161.77432478761762, 164.0629177843499, 162.22435877451147, 154.89363445233894, 172.3209872114276, 149.81025850183687, 149.02074345096202, 171.16034939262738, 167.35924210330757, 167.03320196289442, 169.21424852407714, 166.05194664262206, 175.56085277063187, 143.13097891708213, 159.9586831829798, 164.7738502979953, 175.09913121952638, 167.21188094635727, 176.4074584422682, 164.87684019867515, 176.50272896892034, 151.23145644349836, 161.7002390738997, 170.7204218642323, 179.9330429153929, 165.77238467947257, 174.84787788939565, 144.11429771454453, 174.1815300424646, 159.77720608397797, 150.38835167759473, 174.56846536830295, 176.96442416938407, 166.81877117620476, 158.64802651674412, 151.5294609095916, 168.07625175370742, 160.89385151387629, 110.91243075935226, 171.62473713314643, 163.44978421333823, 168.00459512988726], "src_path": "/Users/hagardolev/Documents/Computer-Science/Third_year/sara_guidance/db_3d_models/db/15/m1580/m1580.off", "name": "m1580"}