{"fourier_z": [166.27704534796413, 160.30353328626106, 154.53634505436742, 156.66901826871566, 143.11308382934072, 156.70109294722997, 156.6138053263912, 166.2128729292347, 165.92823355528975, 162.4740650944472, 157.68445341549696, 159.10885748514437, 136.7129544794126, 161.3643850255221, 157.61076633673665, 159.89441376101084, 164.6668332071633, 162.2241686163049, 157.7786504937605, 161.89700670004228, 113.68497099468266, 163.8523105498406, 159.88901805220334, 153.7747606932871, 161.9638224860223, 159.31725079627736, 154.86474359874683, 163.16469606778455, 136.5600498967427, 163.558344752071, 162.32049995079984, 150.14656079975094, 157.20028253006646, 153.67487324158415, 148.35833025308966, 162.21702769682307, 155.40403867795274, 164.39619537787, 162.70910469711453, 149.06473313641692, 150.19232063552437, 147.12965529012254, 137.80081601455058, 158.70128353955198, 164.7994236004156, 169.43114118976519, 159.2672599156501, 149.9427800936875, 143.99098204130743, 146.71442601069714, 140.65701925254405, 152.26184907605574, 169.81489144711873, 175.01059372821797, 148.46461881581573, 151.7875298695932, 144.63388927078734, 151.5936028188168, 153.55549995186914, 142.7218550329277, 171.95631718386338, 178.51711944882504, 102.72352391304656, 152.50060248081076], "fourier_x": [158.78317635913592, 156.25480374174796, 147.79761500805154, 134.00942005967312, 141.67509055368535, 150.59365241235088, 154.36884953051282, 155.54652938998169, 158.14752322911215, 157.88499769560468, 152.1652231973573, 137.86073302455446, 131.2889334074351, 147.65463786106724, 155.2018438408161, 158.69266218475272, 155.43417325899205, 156.95524785141504, 153.30736128760594, 141.93746432884615, 70.45626334073856, 140.56967722655887, 153.02631986310263, 158.82268805571752, 150.69161724173244, 152.78574175018844, 150.7417701099725, 144.31670573183462, 136.35332409576807, 141.77419359594685, 150.75727639965433, 156.48860960267984, 148.9112984385672, 148.02627387999215, 146.30979282662028, 146.05478033583412, 148.1854890841455, 151.1764398420509, 153.72919071173902, 155.42697718907266, 150.20797729412462, 147.79015686548576, 145.17794654628216, 146.48250996480093, 150.47235340631224, 153.74326928138805, 155.40367135588997, 155.46172715267926, 147.73654606775034, 149.04012645995846, 149.52597138159862, 149.2772294349004, 149.05983538097553, 149.42850215222495, 150.14824079073043, 150.54372796285372, 137.6291789352668, 146.10198460888856, 152.43650238538982, 153.9105235065776, 151.6601082739975, 146.14678333553073, 137.737595648814, 131.95773971808177], "fourier_y": [156.87697276304942, 166.68521606579205, 154.38589701890555, 173.55248849050372, 154.59956287261647, 171.83253585371034, 166.2317196931043, 154.42096984138973, 157.5390369388515, 160.70818397390826, 150.52357948714513, 171.9351464307473, 151.47948620014208, 176.1393826764983, 160.58253131153282, 158.6117054229096, 160.88189518707762, 153.61445113826815, 147.84864520294497, 168.59672309858237, 145.96116457369527, 175.82248332172344, 164.9380256468838, 159.3046434962931, 166.55564632406853, 151.73523914244475, 159.43627786592035, 164.90651438453028, 148.51816935699117, 172.6679167459105, 170.6543608065963, 154.0485778980284, 171.74884784459923, 153.6988474584844, 167.00318037202803, 163.65872758539578, 166.639706983391, 168.44212062370025, 172.54285211929903, 138.94669436955186, 175.08759766348217, 155.1365625393332, 170.33238242413768, 166.08611603110154, 176.82815570771822, 162.03965640732545, 170.03187695804064, 120.4173141053808, 176.3260891476962, 155.1368411280535, 171.24249901101365, 169.64105895803345, 180.1931676401239, 150.66293653984192, 167.92647785320682, 137.4973245904528, 175.4804462188592, 153.85145637337288, 169.64328431666274, 171.5245341233506, 178.88355827259036, 152.67796293995383, 170.54500288705296, 143.52611032005603], "src_path": "/Users/hagardolev/Documents/Computer-Science/Third_year/sara_guidance/db_3d_models/db/15/m1589/m1589.off", "name": "m1589"}