{"fourier_z": [174.38634751012742, 175.41770819026237, 176.23552516901475, 175.08377347410928, 175.09726903396995, 179.4514999351768, 184.08051395499544, 186.6783093741015, 173.56375078983973, 172.7275059963125, 167.40239864790112, 157.8799005185232, 170.22450136163766, 182.5533823338456, 189.22448191994957, 192.47552507388633, 173.94254181795463, 167.71976523615749, 155.3068483135278, 169.44315040058783, 181.78672540980844, 187.61056168434536, 189.62246248680918, 189.30997845644825, 176.36095537723773, 175.42362680117688, 174.73237145469318, 178.52250556544618, 183.11074366757154, 184.75141114923036, 182.96149898424744, 178.47828872587314, 175.1456749493518, 172.23183443381015, 165.93563536371437, 158.72414981269063, 154.72581637398986, 149.37973907250975, 152.66401056466003, 164.61281170282632, 173.6150411911525, 169.70869743911751, 158.35517367813847, 147.67900027970643, 164.32325398749254, 175.26576987702043, 182.25544561172921, 186.4406245614448, 164.25169200548953, 169.4345260704645, 166.03944980781424, 154.36554183773106, 156.73306048565647, 168.00091408721335, 173.19201445477756, 174.8351626571683, 159.97899259956887, 149.9279399682383, 138.7271843414018, 150.98110254747053, 161.84726779363413, 167.19730896846494, 170.01451522534728, 172.65421614501307], "fourier_x": [146.66046028772962, 166.27975909309313, 140.4277967877186, 159.91009983240997, 152.07770027926102, 152.5698197500925, 163.2765657946871, 153.76573142083518, 143.5674178203189, 163.78879956718765, 146.32139726275142, 159.5416768252415, 153.15227067233695, 137.56056849986933, 164.39850020443282, 163.58160658521297, 130.63296359920497, 158.9203809678897, 159.82092030351086, 155.78037187890786, 152.23138918089458, 135.9854883242679, 162.40987468343815, 169.35455440049626, 110.02067754939516, 149.83185033089387, 166.0415582202092, 146.38751128280117, 151.148585790021, 148.56054330407218, 155.93435394484507, 171.1475280399196, 143.78398802938517, 134.30862979350357, 167.8116668580502, 116.78673101616798, 150.2877899626994, 156.67046732765806, 141.55814824848957, 169.02463402586181, 155.32736901815935, 138.4295265357037, 165.9916346617318, 135.5153895575112, 148.252640608093, 162.0959007950964, 143.56215127468678, 162.1761774826716, 161.0934405394468, 149.23201388465208, 160.5005277575623, 151.20083572953112, 143.4000821275072, 165.59480254635622, 158.87868879581194, 151.39197091771504, 163.3753323259221, 153.99755860533463, 151.10281432357334, 157.30210181823156, 136.04475116191023, 167.1921897148647, 166.5309549352673, 156.98744051951041], "fourier_y": [170.73991637424837, 151.7842513127469, 178.68725729482153, 172.33458179650668, 145.19623789715482, 161.3448116402165, 141.2383321752086, 169.4177052559669, 155.70922324813318, 171.34772376562336, 168.44907152146877, 160.27097786157054, 142.56228313381752, 158.62634256032936, 146.15400713484786, 166.81847451459174, 158.63857886260695, 167.3402437032277, 187.01326095391988, 187.95953773747755, 137.20947776943004, 153.06040160041405, 123.56023546714282, 168.26629789278797, 165.57094871895995, 151.78531100967118, 173.4526501398745, 188.3281603215647, 162.61382502504318, 170.30197790673824, 164.56123048147253, 162.31962065882072, 157.90616259438497, 163.48887638061424, 167.6697529939125, 179.85185718234607, 172.41129820065163, 164.134754672651, 157.60050739333423, 159.18033653277163, 121.65840752865984, 163.1601583812673, 162.47652909472603, 180.31985909817038, 168.68730667010553, 149.87231351874945, 155.77265028328287, 166.32226446422652, 162.38997697576048, 171.93314490301833, 162.36611911088124, 172.21577841665385, 169.02060847519635, 140.35412745601906, 163.21236073198324, 169.1618388708872, 166.47721419618048, 160.6442585604754, 163.90739352081735, 164.34432263177575, 158.6477973560803, 158.84248943670445, 140.48843645511482, 157.18703156064612], "src_path": "/Users/hagardolev/Documents/Computer-Science/Third_year/sara_guidance/db_3d_models/db/1/m158/m158.off", "name": "m158"}