{"fourier_z": [138.55115812556633, 141.45388024453158, 144.94488568194794, 141.81787645091964, 106.89688797390255, 139.61208590107236, 143.09823581121253, 149.61404952010946, 150.60375474470277, 148.9756015016661, 155.7965096031042, 156.18205546318381, 159.62170394033606, 158.02699819022138, 155.2584343532195, 149.53394652274267, 90.62742740539265, 149.15937116252059, 164.68698072572803, 166.93412193663414, 148.06730412337976, 152.13815678819284, 158.96617229877634, 120.98598537554166, 150.52362123373288, 167.82103092126763, 165.0595762435182, 145.52588736214133, 105.0795477438447, 145.33223538653007, 154.11499579187756, 147.81578384781017, 152.60278306477892, 138.61880372859775, 152.04695868531363, 159.60223721880243, 146.44727035409556, 138.5820242809215, 146.94953683504312, 131.81295243997707, 130.57437159445874, 153.41312038032757, 146.2422857329081, 130.67995000057937, 146.2952062977632, 126.68862454793498, 143.6768914019576, 159.3488463506512, 115.43464683277286, 128.95169500267065, 152.42661564277026, 164.38891287608894, 161.45321568334, 161.58807194170112, 161.9773573733096, 148.77895096689213, 144.7975073837836, 166.67280406583305, 167.3908438393607, 151.92948445507147, 151.33391908242697, 160.12923329451507, 151.21922121640495, 119.12209441352005], "fourier_x": [167.48953778429285, 170.0240074035821, 168.96786316728895, 165.0363569580725, 160.40257993195738, 149.19453484073276, 155.08907801419946, 153.37893257585327, 132.98223654355215, 147.12640513819986, 144.08715776369502, 156.59833497450745, 167.20667194335502, 162.08420820070353, 164.18345032038488, 167.79317670480165, 168.6615970598277, 155.63748024537495, 156.452020939621, 151.83454927000145, 142.12627877184002, 147.8625417027663, 153.0619741135697, 169.8544375195071, 155.5901612028555, 156.32573406760432, 152.89894080778237, 158.02003388939443, 170.12400394121485, 171.41994052520675, 174.41309661103404, 172.6114898330658, 161.80338796611753, 164.25626895815202, 166.64312246096526, 169.3599817275555, 167.8681792034595, 157.0034884237312, 162.7875148838015, 157.10384207003304, 154.79017329851172, 150.97520006278023, 137.74770428942753, 132.67156750298835, 94.59740805462732, 161.10150215569647, 165.97910546564998, 161.3714254352574, 134.86822297349664, 163.4306969054548, 169.1727494714033, 166.21725207809138, 170.0857273596293, 171.77394531416255, 166.1956936398098, 152.23509947445334, 159.00322825437453, 163.35970914708085, 163.46435472496765, 157.12955809603238, 166.49161896612173, 151.1699000415418, 165.80463754000536, 165.76687848229636], "fourier_y": [177.4693611066726, 177.75903019240243, 178.19160817590873, 177.82947721858417, 175.75842009904193, 171.22434536338827, 163.59988429846143, 152.92166958223794, 179.1563377924631, 179.3407742334561, 176.65870395583414, 170.81122680334713, 167.38589673138975, 168.94632828194142, 167.32259934345578, 158.78841951837472, 178.97773052043783, 173.86345990260767, 164.5474458191975, 157.87637962770577, 160.7046338326407, 160.23686277197132, 152.39589946842204, 134.50853821464318, 173.3495856971042, 160.1254244180818, 153.94837423333507, 153.0242562122908, 132.92487126010255, 140.6977967129485, 155.7495632070512, 155.67563015133763, 169.42207311418667, 163.14256614031493, 151.79456460473975, 142.21121317215662, 148.1312714753506, 152.49537204093127, 156.58731878349263, 161.2705754206854, 168.92616153607946, 164.2089407931003, 156.39087518419174, 152.8948360971184, 155.66536971845207, 158.60326703367917, 163.4746378085434, 168.60652889533966, 163.66754391942422, 158.71428128368046, 148.03699218889315, 135.26430207456235, 143.12776332418733, 155.84386785343202, 165.51052153004053, 171.61108630684004, 140.07928587732175, 133.9043806615107, 154.0858104398586, 159.5250356585066, 161.5142075228202, 164.95806927503116, 168.95594087356068, 170.56783624051047], "src_path": "/Users/hagardolev/Documents/Computer-Science/Third_year/sara_guidance/db_3d_models/db/15/m1583/m1583.off", "name": "m1583"}