{"fourier_z": [163.6064174954737, 130.99364512045247, 158.81232515858437, 141.50645279058386, 169.97176492197138, 143.46190437329088, 171.23837916565503, 161.58689483814288, 136.65227521659648, 158.73305248685483, 149.74655858389207, 162.97736242820457, 152.35417055048595, 154.85089277755614, 147.59181502673638, 167.98031325538864, 165.8608318880133, 164.05239470036233, 162.97923440379495, 156.186663700111, 157.90762768750457, 133.28440257295546, 153.2734886529944, 150.5118001343939, 166.4219134721282, 164.8429764180915, 168.17732809862667, 157.92949267498383, 171.4415453375709, 124.63645071831229, 169.64795483475243, 159.85313176792607, 140.08639636839615, 155.3771556147166, 150.1343426752443, 143.49638228671853, 145.98979275087103, 116.06122832640506, 156.89453910713064, 146.74478658939617, 162.56696551944745, 155.00641754428673, 139.06188029728597, 134.8141771112187, 155.25079307235794, 150.90215713211262, 156.36093338288478, 163.85191095341344, 158.55033487337437, 157.87607146503854, 124.48988364889325, 159.10487378646405, 113.75003121137618, 164.4845486879061, 139.34033462630455, 171.5147410126914, 132.66622721975767, 134.1502116614999, 148.40854414849278, 146.56716554860728, 136.51527907704337, 133.64915547429976, 145.90405651416825, 148.47984280304487], "fourier_x": [132.79751667653076, 145.68745978912804, 157.24850929105568, 163.9450884017374, 168.79844355431928, 168.722454371912, 163.2305251549015, 159.51790024625834, 154.7369874683551, 152.7142685340763, 162.74569747694352, 163.96000899951997, 154.05897189180567, 152.7243977429232, 167.1810688569198, 166.84721370103858, 149.6379604617849, 159.59899340609238, 146.2653702648587, 162.09004881276155, 141.80064565600145, 159.8656524923881, 160.31889546177194, 152.6598242459192, 171.40091747966233, 153.83181392787458, 148.2144790393549, 153.77886320884812, 158.68333823912616, 127.6838587547408, 164.5844195969734, 169.7088552885229, 162.20839288722846, 146.20906715934186, 154.80385853106762, 147.39849474751736, 149.25341361488947, 159.67727262365347, 165.70715057167288, 156.6548364047121, 149.5056397961641, 153.31485069121254, 125.90272781132542, 134.44723898630298, 119.46690441150622, 160.57432371856999, 167.05220161117762, 157.0518225297048, 153.51324998481508, 151.47451652862276, 162.79765245519957, 160.73441364715134, 148.99027613725022, 158.23352972115802, 146.65670457872727, 147.66902823540823, 157.18603087657178, 152.47386781569642, 121.88263812075108, 128.48839852423842, 151.34403128062723, 161.92021283548195, 163.46556689953263, 167.72286146411415], "fourier_y": [132.79751667653073, 135.2511628537972, 147.30086811963952, 156.3519553270379, 159.00359938288227, 154.535817553133, 136.05464021150752, 136.4803198477315, 162.76977070922513, 144.57447002748918, 164.41461838161158, 174.4471461724134, 175.5444908948448, 168.12634037729399, 139.1178457106945, 160.05863943093775, 170.72179325552142, 177.6140392685728, 176.84182063067894, 169.0585967141455, 162.47747052117137, 173.19072395415643, 179.7121100311469, 180.1996311927486, 144.76172534123032, 143.2292275013925, 155.89729979040885, 159.74347803868017, 156.72145424312205, 152.28785192425235, 159.56964844701045, 166.98308444012423, 156.431000704286, 157.71057926834294, 164.6141436822434, 168.7114324281722, 167.14694176469703, 159.3646981651158, 161.8792713626614, 171.86513147556897, 165.37883966935908, 161.15267638304778, 150.87495643303217, 156.45784434476178, 160.35482667286584, 153.97160930523472, 144.34090728823261, 155.95425583657405, 168.923608297698, 170.8165305142671, 164.99521257569177, 151.22153841687125, 159.02312771359635, 167.17963698669348, 166.84015279224622, 158.57087442781824, 158.40800920486228, 171.47902430727066, 176.10134171636273, 174.22092722517493, 165.62397092434043, 151.2634322646558, 162.40292790319316, 171.8060874750953], "src_path": "/Users/hagardolev/Documents/Computer-Science/Third_year/sara_guidance/db_3d_models/db/15/m1587/m1587.off", "name": "m1587"}