{"fourier_z": [162.12425805239928, 168.70121521679525, 167.1881442581952, 151.50771239501415, 161.64483262917463, 160.51362293949666, 131.8983590281416, 163.5202207370419, 164.2752140544036, 153.98523885617388, 160.19632004181761, 150.55106061553263, 159.82168166315648, 163.73922716357293, 155.28570752797285, 147.87967860356403, 161.8655927992998, 177.02464337631756, 172.85175519595, 131.97907669197943, 169.94978578410536, 172.79214976065373, 155.90582693222382, 161.44821164292404, 157.4236685402204, 152.12579268375998, 156.09515445302839, 128.6903883427081, 151.6591231925108, 156.7381594629003, 139.37594519982176, 160.32937276195173, 169.336715513183, 176.18348575807727, 173.1482718986297, 158.70242009381803, 164.1883487869411, 166.80771933190334, 156.26641925500445, 135.20175860029872, 159.61210195862998, 172.89506735687195, 169.75992512087092, 149.17659873997115, 170.3719619375028, 177.92380648704528, 171.93599276884385, 134.7518118206035, 155.05958851782762, 126.47454787654111, 150.15675231012764, 160.0164039233852, 148.53715661365493, 148.43288823076443, 163.87718729832702, 155.16041900445148, 160.4431566933134, 172.4857182606398, 173.52918546303044, 167.46730240539148, 156.70442928037522, 167.24668589718632, 171.72714914940016, 156.08442922865567], "fourier_x": [152.41410173676522, 159.9308151115649, 158.75921808862302, 159.22322452108506, 166.57500407675482, 153.37970112549502, 158.11620518994718, 155.36626371552177, 166.41157881200894, 154.15068539184364, 174.85176076644532, 160.8382176540613, 176.17127311423772, 172.1875556541297, 137.77383951261476, 172.99830897365993, 166.8164967594177, 162.3898500122409, 171.82220118156494, 163.5465885324035, 173.87176522156466, 170.63750724054628, 139.7898729529193, 175.61546992313922, 148.94610039634836, 155.35101929605273, 139.65790688342653, 147.55835539697196, 154.80009663712445, 147.76346476134609, 154.00941954716632, 170.21455381390962, 159.07037674416523, 159.38783794820165, 167.48570924031966, 152.11256717321473, 159.13022392965544, 169.28155077944592, 147.69562032810072, 155.41416862962873, 159.49587763783728, 163.2275180091957, 170.05593808959046, 161.20484432355937, 167.07447408843902, 177.72617244339384, 155.10497672757617, 161.78709119329352, 116.91842202689475, 158.92521318239204, 146.84403030921138, 151.73457651078854, 160.87487428942356, 171.5866881940387, 162.6310668055474, 168.35966785154372, 159.2178909670899, 155.11873028249389, 161.63693871018847, 154.77258527521536, 137.19071442310522, 121.96243782122289, 153.07606296521865, 154.25309597302552], "fourier_y": [160.5234038989285, 145.37326083558398, 130.2965576147914, 141.63187833655851, 150.57385140238497, 145.23874393502925, 151.20357719475518, 151.53687535865285, 145.373260835584, 167.65183953872327, 158.59407421510684, 131.7337869577367, 158.35013022868947, 173.74831236467796, 121.44844844972252, 154.27440619946626, 130.29655761479125, 158.59407421510684, 146.43021197656725, 164.34011721762323, 141.2698419290988, 140.82095512820302, 152.16248081801982, 155.76219733376445, 141.6318783365585, 131.73378695773667, 164.3401172176233, 176.37742490143063, 156.11889813367767, 142.15121091625073, 169.31114214543294, 147.52509721980695, 150.57385140238497, 158.35013022868947, 141.2698419290988, 156.11889813367765, 170.21425342312074, 152.0342985831265, 145.7309751190588, 156.85811664640858, 145.23874393502925, 173.74831236467796, 140.82095512820302, 142.15121091625082, 152.0342985831265, 122.43695458613522, 155.29018284684673, 165.51498656558888, 151.20357719475518, 121.44844844972249, 152.16248081801982, 169.31114214543294, 145.73097511905877, 155.29018284684676, 141.43456784930333, 148.51100866332447, 151.53687535865285, 154.27440619946626, 155.7621973337644, 147.52509721980695, 156.85811664640858, 165.51498656558886, 148.5110086633245, 165.39473625246563], "src_path": "/Users/hagardolev/Documents/Computer-Science/Third_year/sara_guidance/db_3d_models/db/15/m1599/m1599.off", "name": "m1599"}