{"fourier_z": [162.12425805239923, 152.9962867591851, 153.1509636908709, 161.051431235061, 148.89853476091287, 141.861133289728, 133.59661088194983, 147.03673382743702, 159.83667620931718, 156.90984289347452, 154.29009358223433, 154.24100530085815, 146.6920725170616, 148.61676345299452, 135.2991611627925, 151.34057370424506, 151.91418332192939, 156.44581615314644, 148.8767443158448, 136.69176301682393, 141.247778728263, 155.11511286918076, 147.44944991202303, 152.01363466242557, 132.50857175163267, 151.7016305188055, 131.16290627459375, 140.48559177011856, 149.3854280455984, 161.76181037640018, 156.30802987052854, 151.30334078194815, 110.3067088072669, 146.31409006010352, 136.02381189123435, 155.82849090702527, 160.53822735706146, 166.658068588565, 160.33651708341168, 153.2670569598334, 123.22927435313885, 147.0488481852566, 146.06161929195352, 159.3971300897155, 165.91086947840566, 167.95937402313868, 158.88130390192532, 154.61239693529325, 106.77846991777184, 146.65158067645064, 139.29428429617138, 153.97531195967937, 166.19903340568834, 164.28424007476067, 147.83531951125653, 148.9229654571469, 145.1103441645544, 142.09735204130436, 125.39269018175767, 129.18332027319582, 161.9863406076901, 156.3408017720642, 120.11759085101004, 115.58867317363628], "fourier_x": [154.7697624498929, 155.49398168068694, 154.6290039054813, 147.11213625577778, 131.01403563890815, 147.8169236111122, 155.24002946285864, 151.40259569985392, 162.40509672661102, 163.84217078041715, 161.51089698269465, 158.57147820600542, 156.85464759147013, 153.61927597952322, 154.03433034538224, 161.14399486086907, 169.55746268236857, 168.14029596158014, 162.86360185165591, 160.73932142629442, 163.53455150724028, 161.64829407382243, 150.08865777830923, 119.2779692105597, 163.65438584537574, 162.35052820893503, 161.91571804762302, 156.90679990941032, 138.48333663034825, 138.85631691720505, 155.873556550096, 158.99595716216783, 151.4159913792584, 138.95349010063538, 123.47898106170929, 144.95257938411854, 154.6559103799047, 158.3660745854222, 158.01554186145464, 154.01293827132423, 134.19658037874026, 152.86557655744343, 161.75071372785368, 164.0214718286649, 160.59068320318096, 150.8679334383581, 130.34184947945826, 118.12752137330972, 157.40847029272413, 157.61367684831396, 154.9372680168266, 152.77937475408956, 157.28035775338614, 163.6851193209605, 166.3288971154621, 163.81600771193817, 149.23775717416666, 146.86678062429453, 144.00711341548566, 145.99130041461734, 154.6962376059304, 162.36647468688787, 166.03633740433196, 165.59284867473778], "fourier_y": [167.48953778429282, 171.51722855939857, 143.6896011248707, 163.25950059269155, 135.98990390032884, 162.67689135592423, 152.19388304815368, 168.25632116860177, 159.53735520539524, 166.82785647035715, 170.861677362095, 163.35658573459455, 138.9996896306444, 162.30384904220966, 166.77713290507657, 167.34809041993415, 160.71524329450762, 161.3423772187291, 154.91450118840504, 167.4351315271175, 163.97020966624044, 166.608483340741, 177.45587915006638, 168.4043243410359, 174.73512287370988, 164.57252253191274, 180.88877455837488, 156.13303296053917, 169.21273620351832, 169.18504161282488, 146.2271024886071, 153.89525291812583, 167.36211966416414, 168.12282033124717, 178.7324544089847, 170.92320417253922, 170.7721958553807, 169.8602955933197, 181.05040240649691, 175.6646176957378, 163.10346844027208, 173.46241444873797, 181.19932012254458, 176.65095650053203, 176.06007529280112, 167.26386244248786, 159.46391670754196, 170.10047138692795, 152.369689258939, 164.59130565991816, 167.44644826380178, 136.2075255896752, 166.0661918309749, 175.5368676326343, 172.86930406911452, 165.7449159058743, 161.17539905902888, 177.3025013740325, 171.42749282032824, 147.56844497333753, 174.87646263492766, 169.6543933574587, 140.63329764829285, 161.08357013179753], "src_path": "/Users/hagardolev/Documents/Computer-Science/Third_year/sara_guidance/db_3d_models/db/15/m1597/m1597.off", "name": "m1597"}