{"fourier_z": [154.7697624498929, 169.29268990025986, 172.08678892076503, 162.32742578739175, 177.12003146570635, 168.36669545668443, 164.59598182229897, 174.35509737210134, 155.30319810612875, 163.02564713843958, 172.6972471292461, 161.52225265738568, 175.1526221400705, 168.83617218309692, 167.71379528334148, 174.1298191776896, 156.66458343773047, 153.25177515771418, 172.1730458172571, 160.991839196939, 171.75577619745692, 168.84285925306267, 168.74665580707017, 172.94229072823046, 158.36883444843457, 145.9330135155543, 170.42177534418653, 160.08943192251576, 166.88875096358177, 168.2282720977098, 167.9646814051716, 170.44475507965933, 160.02359502632777, 154.45119791038724, 167.30753884665472, 158.032992058627, 160.82458495170363, 166.7544104554769, 165.5006247914123, 166.22226252835102, 161.42948103352762, 162.47414298554742, 162.72595824386121, 154.00770511441218, 155.0283304054754, 164.10481409006985, 161.4673941203343, 159.6269468256759, 162.5308156582059, 167.00918691257502, 157.0988792233734, 146.76870273302424, 152.28328825531815, 159.908975340625, 156.26695654557528, 149.3505124304868, 163.3506322643831, 168.95137453623693, 153.07198418931898, 133.0803806223994, 152.36987448730798, 154.10974511441643, 151.44097108622506, 132.28749683112127], "fourier_x": [175.20278740053254, 174.9085966319315, 174.04595081780064, 172.67326705860143, 170.87819463242886, 168.74716770936487, 166.30351620177393, 163.42515864232698, 155.27573211923436, 156.86291905831575, 157.0829980265501, 155.9047597436819, 153.29482916723677, 149.29737370406792, 144.35447268523012, 139.97630194333865, 153.39493622804497, 157.9248722754142, 162.46865995252574, 165.78028919963947, 167.7472017132809, 168.50972017667797, 168.25496727907645, 167.2035552589822, 149.65811583284687, 146.83633118114375, 148.22514238084577, 149.52458053828843, 148.4012140965427, 143.62495321166932, 132.8839598751846, 124.80319358070899, 156.79683474787439, 162.1716639712685, 164.53766439262094, 164.70087542777816, 163.0263770273732, 159.8785861204955, 156.33754914167005, 155.07779038410857, 166.53047076833025, 165.93071595639228, 164.28246711129344, 161.54917568070883, 157.59481683928828, 152.49551785697997, 147.75926376258187, 147.11111518586787, 151.31499000880157, 156.46359735797517, 159.83686312270765, 162.2160780579507, 164.32254947426446, 166.37702698826573, 168.06082717655545, 168.86782647477906, 142.02430652380357, 156.85262733164106, 165.94558660023785, 171.01341710080368, 173.305916500519, 173.26316780313786, 170.88409647391666, 165.73354702997565], "fourier_y": [110.82527090316847, 131.90517578632713, 170.7066873532654, 165.10227016458822, 163.50677457511892, 163.87981142243302, 147.49638144189578, 160.7170132752171, 132.1972165928206, 166.3018677337503, 157.66799321949705, 149.0448133049628, 160.37152114007284, 164.70954373274722, 157.835570195961, 170.09005862867653, 171.64328604608994, 164.90202354386457, 169.56454103978513, 162.0977190580928, 146.75020575330132, 147.8740349017638, 144.67456304675582, 155.91836170093126, 150.79968327360402, 138.20167242634415, 165.52301814938232, 153.7750103277857, 154.56605348059367, 153.77537322194183, 152.75853172035315, 144.39117563007932, 139.29435325103836, 138.99710581967446, 167.5341119421053, 158.36222273105508, 165.9287498005993, 159.15836772885152, 151.41694031332088, 158.89182475418625, 165.6146185359553, 162.9603184283012, 157.5632342347916, 166.8531812004399, 160.69307430396677, 164.33769627700357, 162.2871980440566, 166.12262907231235, 141.7783085882384, 145.6748827946829, 163.8012864696088, 161.83578743702816, 171.38486730151516, 152.16640488497637, 163.79920116307997, 157.8146090006575, 156.73567116198515, 144.46333416815017, 154.18833361488117, 174.9520763596701, 161.6488845608957, 152.87968179105764, 161.53846269385795, 158.0960421840688], "src_path": "/Users/hagardolev/Documents/Computer-Science/Third_year/sara_guidance/db_3d_models/db/15/m1595/m1595.off", "name": "m1595"}