{"fourier_z": [178.84921853641163, 182.39804891514953, 178.7565196641607, 169.87103472310307, 157.8991962448835, 165.12151554760993, 156.4454222504021, 161.29813243342625, 177.1555163844836, 141.74839019382483, 153.41693472302086, 163.66736810848752, 175.684481860956, 184.43927354310264, 181.38776277319994, 175.59928359992145, 176.446253687925, 178.85493830502384, 173.68913683400757, 177.92177965084377, 170.7874520741507, 151.3934766358285, 164.65952700558958, 157.2479316433456, 167.82041636325258, 171.56176342786407, 149.09414276405258, 165.7387529161176, 165.18160529961148, 163.7806338529773, 142.7649668648208, 169.31232783731207, 143.72057983819292, 164.67831720963602, 167.123153031486, 166.31002717520485, 176.46991618050353, 180.37994447977016, 171.1147990026871, 160.32356429633052, 181.06844276455763, 177.3779968525866, 176.46319744531428, 175.73458688652386, 167.71486993645485, 153.28853673181897, 165.67126170994743, 163.05755751923687, 156.4669100900972, 157.33359068919665, 96.87713550910317, 158.35578455971057, 163.2772107056363, 155.71844224122685, 169.58458758052132, 172.46420995173096, 151.5955542759015, 136.4535594219615, 167.95936740261354, 165.99425016680928, 163.83134407930697, 173.3606825192513, 172.3211333937399, 165.83833602716314], "fourier_x": [179.50501499287145, 174.73630614838643, 177.60660224539632, 169.098224041789, 140.80221679535214, 179.8172523707425, 159.07291812120118, 144.43448500681222, 182.17384801647495, 140.42116540690284, 176.2427076138968, 172.7715247139679, 161.56015390480647, 177.6650145682044, 156.13490749889573, 146.49428960256748, 179.77444646404086, 156.55823808820745, 174.62120941864984, 150.73774879643915, 166.8745992029203, 175.88979507803725, 138.69685113085043, 168.49616707621885, 171.10142986911853, 162.63099390139243, 179.4188867326012, 160.62335634036424, 168.2518391278888, 176.0378473477306, 161.7917173962648, 163.8707087633304, 155.65993137864314, 174.9262670529743, 166.86170672528388, 163.94435781792365, 175.1500880899397, 167.28034962520144, 160.0606062020248, 161.30796903343457, 163.03721748786296, 184.3243749589142, 160.14097874608444, 169.48362936619102, 180.1980317804572, 144.04824125279202, 158.55717335741673, 173.89760451294222, 150.1587457332295, 181.19203432155973, 166.797007274534, 139.22952393216747, 170.35340538488273, 158.91658493517377, 169.91266486451264, 171.1973219788282, 163.77627089492438, 175.59163935651907, 154.18836312604716, 173.19564471902436, 159.95687067221846, 162.82876296761845, 173.3208044964579, 160.65477688383493], "fourier_y": [138.5511581255663, 144.56248762546082, 144.53288888370108, 147.6332838771192, 142.46935008062766, 141.84869518913865, 143.0200341589493, 105.69834646318353, 144.56248762546088, 173.48207859590156, 136.7245162317337, 164.99280741534707, 125.18432750718537, 148.55884394504932, 133.3096953165895, 155.759967826721, 144.53288888370108, 136.72451623173376, 158.80545108298347, 160.63078501192916, 163.9914963825986, 141.8228319642265, 152.70821643881732, 162.7542068133265, 147.6332838771192, 164.99280741534704, 160.6307850119292, 161.8294623769753, 150.67835278217103, 151.15599469969234, 158.91417973799525, 139.03769812914857, 142.4693500806277, 125.18432750718537, 163.99149638259857, 150.678352782171, 153.97045834685082, 159.7887501542875, 161.8963683589435, 169.80135339886007, 141.8486951891386, 148.55884394504932, 141.82283196422648, 151.15599469969237, 159.78875015428753, 158.2339428799901, 162.67827163817975, 155.7616648975822, 143.0200341589493, 133.30969531658957, 152.7082164388173, 158.91417973799528, 161.8963683589435, 162.6782716381798, 148.18709177242513, 167.30555528676533, 105.69834646318324, 155.75996782672104, 162.75420681332648, 139.03769812914857, 169.80135339886007, 155.7616648975822, 167.30555528676533, 172.54835204029484], "src_path": "/Users/hagardolev/Documents/Computer-Science/Third_year/sara_guidance/db_3d_models/db/16/m1609/m1609.off", "name": "m1609"}