{"fourier_z": [149.74347388427478, 152.67586994334704, 155.73294141032102, 164.15021923540502, 171.41523760266568, 180.26642352341358, 187.0838791463304, 184.9720562216976, 141.13786304279827, 157.62510203427328, 158.65823992214874, 149.47703056565473, 164.56397362635954, 169.38654723537485, 186.05057974282104, 195.84693426806948, 148.8508925220284, 162.89107105545577, 166.36196088624868, 150.57016762679453, 179.6301562722944, 185.05485683797326, 178.80828859557454, 172.97463242068164, 168.33913775941951, 157.69352797446248, 156.51935863666338, 145.26253022166125, 174.23224427846498, 182.75237741487922, 186.98373978279307, 190.57453378047558, 143.24306036011012, 171.53810402911608, 178.03941619451064, 168.12650678244214, 173.60008602814193, 180.92743747286033, 170.87982521727244, 165.58702082096855, 158.88190231713963, 167.77248628271883, 173.3685881151249, 147.02919209100378, 171.59819882804217, 179.65638082497787, 164.46322710862134, 165.15578129223007, 139.06222254635588, 176.18083235248298, 184.96789433882714, 179.44441576721653, 172.23287122397636, 176.7356860654142, 173.67096627743294, 169.4228260121963, 158.44972910259506, 170.8074394623182, 177.3458924691513, 172.34515618387147, 179.5230491665722, 180.56941961823077, 178.1551112794528, 184.99338853986063], "fourier_x": [152.41410173676522, 125.04190492933688, 157.36150572574064, 169.6311220068328, 150.39351659405395, 154.77003201399253, 146.4893211319095, 146.63906228300766, 157.802747518131, 162.80001092763905, 172.76658478129858, 157.77521461189056, 170.52115719805133, 167.09925428659255, 173.06375947293026, 170.56060224501377, 165.1413015547801, 165.98531590181454, 174.8147433166812, 147.335014508698, 172.7048165228191, 173.18137890669698, 183.08039800083355, 175.92938306697604, 172.80901319816593, 159.43226199984682, 155.05506136426683, 154.2988966107143, 152.17387827565358, 154.4133761644635, 178.39052792837163, 173.19860734985556, 174.03857050286678, 168.61084287134008, 171.82801725400014, 172.65434954732052, 177.05756629454345, 164.13019569086973, 168.28185470684204, 182.64899964157325, 174.59133059797492, 167.16317621146015, 178.68558022590847, 179.51790524962544, 183.9525700769737, 173.76155530709852, 173.1361877374627, 183.8075616639826, 183.71297052400593, 184.0718973642139, 176.74003180073333, 186.09117676676374, 174.4022172009566, 154.67344278116596, 177.02838981022234, 180.51430953938103, 183.71023731955407, 194.88703349943324, 178.58171338715908, 190.88442210995058, 140.56039736701246, 166.4285286821309, 177.49553657650404, 185.00150188745312], "fourier_y": [173.5351552217515, 176.51856053988922, 194.42079858352088, 205.12033238304366, 188.56898014045714, 185.65746601896322, 176.05881737456951, 157.79196319595025, 187.93402988707382, 181.03847521516224, 188.80456491116166, 189.05313490221357, 179.20995459857696, 187.39491784046066, 177.12755664879293, 172.24465997523797, 192.9618437120911, 191.82786129058303, 197.23819626813818, 159.01674771983926, 184.25649776464368, 172.46738225637336, 189.63869838470228, 179.25607818928344, 195.69734468417363, 198.65513642018846, 179.9764202603888, 170.02847363877441, 172.17743270244117, 179.89735478957874, 153.09108938678025, 179.16422379514034, 185.03269531664534, 181.0935182879123, 181.94888803285568, 174.32409783150797, 198.10893281947182, 177.6282475743376, 187.56416324220788, 183.54289767137828, 173.69582110422436, 180.66365380979508, 167.41439343713822, 185.00072068066356, 166.6370730793937, 181.5859763907361, 173.39453084441658, 197.25492434812477, 144.65517876173277, 190.40488624619644, 190.34914536776625, 156.52296371738532, 203.26397246156702, 170.23096653950665, 187.28021487629658, 192.92780338500535, 174.02828970312038, 141.4559090295271, 187.02950504394295, 191.8073546039511, 187.5791941002234, 201.26212896137392, 179.1692095325271, 192.20696915023635], "src_path": "/Users/hagardolev/Documents/Computer-Science/Third_year/sara_guidance/db_3d_models/db/16/m1607/m1607.off", "name": "m1607"}