{"fourier_z": [186.04927321703974, 156.4237257469785, 178.70226947432715, 157.7991883241128, 170.8426066765157, 144.97664821519834, 166.75550920537927, 169.55420377266222, 178.86913304580452, 158.11077470769857, 167.52248488477449, 173.66714198580328, 164.0688613519889, 158.48484818147668, 173.17085716318132, 175.54998400859066, 174.84959834780102, 157.1168149513466, 163.65824950796494, 133.28498518643318, 161.94163549249026, 160.55376419641294, 173.79379957254093, 153.5225838040665, 167.824450120667, 175.5414144827978, 168.19541979015776, 183.2595840940407, 179.64886545575436, 156.90359919625962, 179.94102348027536, 162.42615079891888, 160.29440845927007, 159.58504628120974, 156.92193150123734, 149.18002115348503, 168.9822738445667, 179.97793989764284, 166.16487422270575, 167.84280975701023, 166.50510688946272, 153.1561217027924, 159.51344287670892, 125.08906594840924, 177.2986172993656, 170.38373254855014, 173.15002488776366, 178.12468565038185, 165.89438132368196, 180.5855279217806, 163.57256236597527, 178.56033052221207, 179.73603739550956, 156.11519113625258, 172.32363989229077, 36.001295609199104, 155.8681746185906, 175.30132156659522, 133.45513594161102, 166.9575017766076, 141.58246735744592, 153.6730798428937, 147.3798435487719, 160.9921739986602], "fourier_x": [166.27704534796413, 186.20653041526236, 169.87847026171545, 163.64832064413258, 137.3740059225349, 157.03002446083815, 141.6246620988316, 169.58383238833198, 142.39872890879553, 171.32396309700826, 166.2323817072925, 135.29938417008, 139.06444870525385, 159.6305499967952, 108.12396535353164, 154.91501478046695, 177.80511727695284, 159.7077635735175, 175.66240089482602, 171.3914389437284, 132.2473401318636, 145.91549493220964, 160.5867870722875, 147.8746707101951, 171.3295014572239, 164.81576910452952, 159.32046469104478, 175.6597705738272, 163.84769298652398, 154.5698680123882, 169.75727394157914, 131.72578198566427, 153.12305635244957, 163.04571420592592, 153.28507413753928, 174.83221572288193, 171.62744289231287, 157.23590833437382, 170.69366053055057, 151.63627054979904, 140.88259619240924, 150.3388022291362, 168.77555077334796, 159.5711543344321, 160.43055355542253, 161.80789124527843, 143.97712051668725, 169.46390557143826, 149.80277116074438, 132.5130656040121, 175.10298387046785, 158.75672169951204, 175.67664995755342, 178.43474169327305, 153.26596507263383, 175.6172173011555, 163.40807813985123, 151.82889851478208, 173.08195747216502, 152.51842534111424, 169.47816533920377, 167.91328800506147, 126.93478232536619, 172.91523824293375], "fourier_y": [143.01402915185056, 187.8079091814887, 168.0717232851886, 166.0394202171976, 172.1826803398923, 150.7737031437779, 167.57117994380957, 178.07953877756114, 181.12677956565676, 167.00478268680843, 178.49485241854185, 158.37004260380314, 173.9070345688938, 148.45398053234706, 157.02471836161396, 159.3414301640602, 189.31161822588467, 162.2384094571151, 185.9009204574863, 152.82979311570193, 179.92616690724014, 160.42510491343097, 160.96240059806843, 157.84960187226525, 180.10502055010915, 159.82226292217354, 183.03382339632145, 165.66645886733508, 180.29345298585014, 153.73524715457623, 182.8898776074917, 169.71997908918001, 170.79291415814194, 184.7049513370632, 160.9005525600624, 194.94808479081073, 164.2515875054059, 167.60457063647704, 174.8060762060448, 155.78514028132753, 166.43643911828855, 184.8654567119458, 164.61658693758193, 189.04468428794289, 158.7808394637639, 188.565406907551, 168.9204134634478, 175.75067424350618, 164.11999617736245, 126.3747965541009, 167.89409621669603, 160.09505634553528, 187.54384425505947, 192.0297380126231, 174.11960376820534, 183.13153877528657, 176.21539678168432, 168.3331959645164, 172.1192892683469, 144.27087285028566, 189.34937833881497, 182.94778078026275, 180.55582789561277, 170.82570223262852], "src_path": "/Users/hagardolev/Documents/Computer-Science/Third_year/sara_guidance/db_3d_models/db/16/m1606/m1606.off", "name": "m1606"}