{"fourier_z": [132.7975166765307, 147.23842257139626, 132.7799925350771, 123.22787219399267, 125.03121231815348, 132.5860638621146, 138.45300614141553, 141.69920926927193, 132.17100309505366, 149.42868082752904, 139.215714296493, 135.40639556799056, 131.07619706683886, 130.5724135831507, 139.46286784049613, 143.7250603303511, 130.557868882999, 150.34320697663622, 143.49149491609106, 143.08848045207202, 137.9284499065707, 131.11471093300435, 140.99050954517452, 144.68236101126467, 129.1130532282491, 150.0979029341086, 146.2927784704936, 148.16041052727098, 143.3065862854549, 134.59099298463505, 142.8180599770128, 144.78544705530385, 130.0125429720549, 148.75461012285677, 147.9703060966922, 151.57368662673971, 147.28414419340692, 139.1952601338577, 144.7663948379154, 144.2120682791815, 133.84652727936088, 146.3994338383409, 148.71713956302548, 153.78014581286055, 150.1360631476178, 143.54589101004632, 146.71233246439542, 143.17365863048644, 138.65534490517297, 143.36843579776004, 148.64651248656057, 155.01080490549083, 152.0573328640129, 147.19710996304863, 148.57143972831244, 141.9783631952504, 142.94390813623866, 140.77307045731476, 147.83244053009952, 155.38427184673796, 153.16371120251634, 150.08823867561486, 150.27775841686602, 141.0463182088471], "fourier_x": [132.79751667653073, 148.17557664544913, 159.1274247506015, 161.10741244227165, 151.04510012807688, 128.54295737060932, 157.1589610685216, 159.87985442318734, 144.22100444692776, 151.11956072185149, 138.1228202013685, 153.32846262295345, 164.58251238556616, 163.14281669762892, 147.5794726553845, 150.13048041766527, 121.9308321715743, 117.27685229324136, 127.07035526056023, 148.64456053943258, 157.0048850177626, 157.32089692997567, 149.99680652794098, 139.6674175574039, 150.75163604310103, 151.33106232565277, 149.61223002499693, 145.3315262575461, 145.48738342363947, 144.15016810527868, 128.13925524486427, 136.61334044456999, 138.21567734309576, 162.56795663372006, 165.63220245808316, 155.3838001707413, 133.6987748107477, 152.76823759018546, 157.1799431565959, 159.18607055972598, 160.5806873723795, 156.88296505835498, 145.38276424643445, 147.28637734433403, 155.5357424330072, 155.22108469905055, 146.83852071050245, 143.24376140957975, 144.09066052583967, 156.49771838321985, 164.06175977742535, 162.86678103344386, 153.08016343192745, 146.97327057825694, 154.8618100839163, 153.83089468778218, 150.0677124929741, 153.7505970394667, 163.01745532035653, 164.31488169612538, 154.83515777521532, 111.47710336096745, 153.25298916099717, 157.56879529145863], "fourier_y": [156.87697276304942, 154.6514093874706, 127.07573747323562, 146.4819374205271, 159.64657226205924, 153.47270562382846, 138.96735250455183, 145.7704329839709, 155.76127213434123, 145.08556997089914, 118.01675647343876, 149.20671565901802, 159.76444303061552, 141.63231367006898, 140.98318877217326, 151.88742816137432, 152.27809986073456, 123.70443529253288, 128.1447847559546, 152.26745134067772, 158.9290878370957, 143.4061533435348, 135.62168390002196, 155.40781961719335, 146.819100930315, 112.54967874668509, 145.9657665036446, 154.52777551184653, 156.7609887815866, 147.6570935199309, 117.81715875959557, 155.555715698057, 143.34476811767848, 134.76513243735855, 155.4955500277824, 155.9135951640404, 155.82866712637306, 147.25706778378992, 110.81535185852039, 151.17470961929587, 144.7329473076476, 144.30224846516256, 158.75220402589372, 156.81233171298265, 158.03046068780534, 145.1643934023213, 123.18435306298049, 138.9020892474028, 144.72503920534444, 150.47019341300935, 155.8478528997233, 157.6114412169416, 161.06622198539978, 144.82789946704355, 117.08239909064552, 91.97527375181684, 139.72530173548415, 153.28640869327825, 142.7953135597436, 158.28197701412702, 163.5684867275085, 146.8822484583497, 103.20663922586532, 132.91555964797536], "src_path": "/Users/hagardolev/Documents/Computer-Science/Third_year/sara_guidance/db_3d_models/db/16/m1617/m1617.off", "name": "m1617"}