{"fourier_z": [167.48953778429285, 147.41324818981357, 151.46210457144076, 171.4081976071435, 120.50665632817328, 166.67423170063944, 155.4207361914904, 167.41111468443148, 171.3509634121344, 159.93208463763673, 144.95307449373905, 172.84280466057982, 153.21206154167558, 144.21896961814718, 165.07874697090915, 157.2950162953452, 174.42958310892288, 153.5828271228977, 137.26325296683157, 162.99657294050633, 155.70038189923108, 163.68047412266566, 166.4949481296065, 159.12190897167497, 174.92103465865222, 143.5351710822099, 158.49843532303248, 147.71075908367624, 147.8395703041273, 156.0045615658224, 159.26729042101445, 163.12486328980236, 178.15052164598893, 148.7447979541583, 161.5439250951016, 159.52460477064048, 164.60158470067387, 136.8617081116752, 168.2167359753576, 145.91297878874568, 178.8116071984294, 164.27215007324637, 156.9937799728498, 162.36908337233427, 171.91003121313804, 147.65845652442283, 172.81076144312738, 150.671593839864, 170.30196629566376, 167.87840182922906, 144.11863767516616, 159.299542647164, 175.19201421299772, 145.21665101356416, 168.94772141289766, 159.0373486975532, 151.43337460244325, 166.1874233089892, 137.86012732223747, 161.50026343662427, 173.0090206443506, 157.38460169418715, 161.89815392611837, 165.58119462664692], "fourier_x": [158.78317635913592, 158.140401128091, 156.30332668954128, 153.64170200861008, 151.00626559599925, 149.46787655720647, 149.1297411749519, 148.89265768072684, 140.10576694461565, 132.17721024699725, 117.90476359712318, 79.24126249578266, 104.01408273788246, 109.63083450359372, 98.84738644705473, 93.91588999447839, 149.95705172337054, 156.65908245329916, 160.3614012746094, 161.6927703654463, 161.0159296540998, 158.52005996820705, 154.42011748794718, 149.34069324088057, 149.19586641580193, 152.2990034702408, 152.86461602073106, 151.4424771684731, 148.54300416948504, 145.10042416370442, 142.45395721401553, 140.77391171245148, 150.29911420134755, 144.32442917537074, 141.60776357527368, 148.97217769976842, 156.4505643016322, 161.09309272850763, 163.2192062643869, 163.11510987878822, 148.27995748178623, 139.42158138321534, 130.37079543834554, 135.0159218112144, 142.11330662740417, 145.95934514775965, 147.66833055125417, 148.8211350311843, 140.66917218460668, 148.91142745896605, 152.80329571864195, 153.81649451224456, 152.44175721728172, 148.95544965403192, 144.36505806285052, 142.19670941729635, 149.14368421181842, 150.5677278508693, 150.43256097642632, 148.76665527973836, 145.68508116198626, 141.3843842366756, 136.33862571338742, 132.04134932531096], "fourier_y": [163.6064174954737, 163.05220314590858, 159.7296924804194, 148.82370731388792, 112.11198685735036, 149.63879240536812, 158.3589406631565, 158.30779424874737, 159.89845319441764, 157.69777777344765, 155.66937121973928, 150.96856115128634, 151.08087685172302, 156.42792865659368, 156.4702619048752, 152.05342841916882, 161.44465099138995, 151.1568254021776, 157.3614371584248, 160.7872596614213, 153.8681659544031, 134.12495685686804, 140.03873398124264, 142.32969018056735, 157.27279210851617, 152.30727726591243, 144.88358801483577, 153.6845097131127, 155.71260874816275, 145.681717326932, 113.22579457427564, 148.1948858998969, 151.03209102825912, 142.87528941319002, 116.05562144145112, 150.8192625745555, 157.42839475875707, 155.91766912769555, 151.05184434818202, 147.13318232826427, 139.19954310397085, 137.1603910681114, 160.98491322516597, 166.59336963177606, 161.23820194971825, 132.05816963619287, 156.12087867245666, 166.0191506196641, 135.39667492937667, 142.67928319736984, 146.05790380381475, 146.70267977109557, 142.55864191890453, 127.27202596709392, 131.83381508225756, 143.42637734766194, 123.23822987017925, 142.61508979918125, 151.9447443020101, 155.18185863270045, 153.5109232923295, 149.41253429736975, 149.83032822314757, 151.98449950203405], "src_path": "/Users/hagardolev/Documents/Computer-Science/Third_year/sara_guidance/db_3d_models/db/16/m1615/m1615.off", "name": "m1615"}