{"fourier_z": [149.7434738842748, 141.64716173943452, 145.96654453839054, 145.17891744486437, 138.9892147135757, 157.1135291444018, 157.70216834727304, 152.4566570743395, 149.76249710822935, 143.45991765060535, 148.55584885629028, 138.3474678667882, 138.00143869344575, 152.1269862596945, 159.17802633421277, 158.04005114281463, 149.7223358514651, 145.23308442057728, 149.3967726232795, 141.96814332549525, 148.76602984435382, 144.75269875289803, 158.45273859944518, 160.97204419711474, 149.40075148922506, 145.76121804518795, 148.07019058155763, 149.90235316089166, 155.30153667250457, 144.82161629073738, 156.26719514068503, 160.97506163216002, 148.58567324188567, 144.42200288556953, 143.95735386493635, 155.02464269114736, 157.88079008653028, 153.11409009074956, 154.40158790935004, 157.76722841981882, 147.1825000599034, 141.6562333648845, 135.39962703152452, 157.29214516303801, 157.06440451503272, 159.22933186263967, 155.31617015069355, 150.6266914353432, 145.3066531326314, 140.32452207585803, 122.81297467343177, 157.12917496775506, 152.50275831630472, 162.17032021275784, 158.53049264608103, 142.44025009363466, 143.41690451344596, 143.07280850589754, 135.30614932360737, 154.73714492284327, 143.47118647635884, 162.24328808720227, 161.6508200665711, 148.89901398757002], "fourier_x": [162.12425805239928, 154.7654925889446, 136.56374954609603, 162.85411849796074, 161.5126633561313, 142.64069172954493, 145.5235878007865, 151.3816068948979, 138.98939501947348, 147.82176797029524, 83.38960483859304, 136.82465841053704, 122.05770092198694, 148.57747424910318, 161.65898072747206, 160.00525267777437, 161.12941961012436, 160.86770930834683, 158.22192502364675, 149.54110793863043, 142.34214098786038, 129.93691364913252, 143.92742369471804, 138.56813144597828, 159.72665134238514, 149.96553791453857, 124.02176704944537, 143.53773168160237, 142.92368543868326, 139.57152628984585, 149.72610162279858, 144.79702162619722, 162.70933264119208, 144.9988006923536, 143.81920654418457, 142.39702151927423, 133.1074880474736, 147.46832123918577, 138.19544476779473, 145.38884260660427, 141.48158528278915, 108.65188309357202, 137.14765385731437, 138.44690275897892, 146.63177185141177, 157.46941141961992, 158.99851479123956, 147.28908495408794, 149.34139780873122, 148.57473477486496, 151.8880204881376, 125.43332884148619, 152.14431147125825, 158.04201045521785, 151.39344253652152, 114.21691093247608, 144.23981444191216, 124.31972838046114, 150.93883046083224, 162.9743038315474, 161.93743122521647, 155.12836180397588, 139.92850810402484, 156.8397514547284], "fourier_y": [154.7697624498929, 155.3752983149486, 147.3584857589958, 161.60478984194614, 164.1096853972993, 150.37165526269146, 161.9734495972909, 156.5321283475667, 160.45056697779984, 145.3514945012954, 150.63120157453773, 154.07502542951516, 170.4522484069635, 155.70254946329226, 162.17233366712676, 160.63753543824913, 165.55236512141252, 133.5468954853583, 168.27421847420823, 149.94090788591916, 172.30494828974594, 165.5609905158478, 158.11807976744976, 163.21895188665468, 165.1376584888759, 136.78694188042124, 174.60433551247513, 159.30498726291862, 170.61689075478154, 170.95082693270328, 146.6871135388198, 163.17865846982738, 159.04457863542598, 145.43693035361625, 175.0451461155178, 161.87598957778147, 167.5413001203122, 170.2782733021253, 129.15242116683748, 160.21155862557393, 149.80715973476276, 148.3920414487323, 170.64290067544158, 159.88456372124202, 167.68664646693807, 164.15189674861213, 150.26383253720647, 155.93631389914935, 150.8263507220874, 142.7265713467077, 160.87983856515322, 157.82198890025828, 169.9780552599537, 157.67110689102128, 157.51650276671805, 149.8516222426773, 154.66179402864967, 126.89955527664749, 143.26403121484543, 153.25070129296293, 169.54861304048177, 159.63426891488217, 155.38754880888786, 123.65520768956472], "src_path": "/Users/hagardolev/Documents/Computer-Science/Third_year/sara_guidance/db_3d_models/db/16/m1616/m1616.off", "name": "m1616"}