{"fourier_z": [132.7975166765307, 165.86786030151157, 174.7848971606179, 173.16207932687428, 162.95770914822276, 157.89379635738888, 157.88002086962936, 145.11413595852582, 169.23929457093988, 171.77059110887546, 169.56631673667235, 161.2884254157116, 142.15592230395703, 150.50121372210666, 158.31345336139137, 165.67116914735746, 152.5142996085741, 155.91403957247286, 161.04597542086995, 149.7472071802214, 147.61274260078488, 168.2207708446144, 169.58749352334075, 161.4581447115052, 135.7982118587982, 147.440781164828, 153.03033933403452, 153.99015658069095, 148.24987701859595, 147.1739817954003, 143.2013239947916, 120.56450972512465, 158.06840479867705, 128.9824308197952, 151.03104856583283, 157.27246471434887, 139.94326050128907, 137.3724173867671, 147.49075655783764, 124.85779155996997, 160.12016191082947, 166.85016268858135, 161.10395464884363, 143.67060262557482, 138.53690204718782, 150.55615820625565, 158.99599819442767, 163.1960163135273, 151.96604355516178, 162.40103882895937, 165.85694891089403, 154.8744703545037, 144.83801261363686, 168.2401064575514, 172.20802563204333, 167.39485821825332, 156.7174071203682, 156.7639143501578, 142.1595484090181, 136.73008918042544, 151.89749882364737, 154.7876841281037, 156.75422540723102, 156.95903930881605], "fourier_x": [146.66046028772965, 168.87152944993852, 150.6576392722676, 127.48579249608262, 152.49024450626106, 159.72470795794135, 148.01465258498422, 156.3546289137115, 166.86788399522132, 172.46285418649086, 154.39499789288644, 135.76808442929774, 128.86418617261646, 165.77769267915215, 163.61168053627537, 153.81655928659453, 174.9379817042021, 170.52321404323857, 157.8485933023255, 150.4068332994737, 157.2234196628708, 161.7123752406938, 167.16180493150267, 144.24796818382615, 173.72491211361722, 161.53545486295312, 141.48469016424016, 150.7267063133137, 156.37574676796433, 151.56806246351385, 153.79925454540333, 142.669259372207, 165.8240910821388, 139.29193116731443, 151.82682672669216, 143.93304420472825, 123.69252383004344, 135.32790959006735, 148.0801125210956, 148.62333900858937, 158.35118810468146, 148.12217796196398, 167.26728185549777, 143.75085383857976, 145.45844695690053, 147.16515010565803, 168.28186674144337, 148.76865120675453, 154.24884982577365, 159.7758181502727, 167.81848977730152, 139.25978384149352, 148.37521619965673, 163.16392855544063, 169.56183815846967, 151.7561660526931, 142.34378637809175, 165.63344998225315, 160.59539570242436, 128.4922488125907, 127.99820022206767, 168.36313279417044, 161.71649894216063, 154.9241777278034], "fourier_y": [171.715719657637, 163.03988018188008, 178.73902892567372, 169.55323278651588, 168.64547239253574, 171.43994502346288, 126.15229971376783, 142.5392545559896, 163.03988018188008, 175.55628371772673, 156.0378198591364, 182.0131777504628, 162.30006105590067, 168.75842930150594, 160.35672500956352, 177.71844208651993, 178.73902892567372, 156.0378198591364, 143.76147608579652, 175.17455004747492, 176.94575908950483, 173.57402834136192, 109.55997487593577, 126.70123816473831, 169.55323278651582, 182.0131777504628, 175.17455004747495, 170.4072889973025, 159.7505806938778, 170.87883546594824, 156.27488826360445, 111.30427654923807, 168.64547239253574, 162.30006105590067, 176.94575908950483, 159.7505806938778, 179.49543468499286, 164.461187337763, 186.1301149046896, 163.43161773379336, 171.43994502346288, 168.75842930150588, 173.5740283413619, 170.87883546594824, 164.46118733776302, 178.04810902078697, 172.2790004069913, 150.3072054372089, 126.15229971376765, 160.35672500956352, 109.55997487593532, 156.27488826360445, 186.1301149046896, 172.27900040699132, 154.93171377014136, 161.40814314827662, 142.53925455598974, 177.71844208651993, 126.70123816473831, 111.3042765492382, 163.4316177337934, 150.30720543720898, 161.40814314827654, 166.7706466745488], "src_path": "/Users/hagardolev/Documents/Computer-Science/Third_year/sara_guidance/db_3d_models/db/16/m1613/m1613.off", "name": "m1613"}