{"fourier_z": [177.4693611066726, 169.39289963993588, 148.39399429294775, 178.53636962180633, 167.48680236675384, 151.96150850333484, 179.6294920499389, 172.27191824952138, 176.6338858197451, 174.3195386661952, 157.5623895076043, 179.46840059839326, 152.56305475164896, 166.80595929362053, 178.33537196121085, 165.88695220694325, 171.91266019298425, 167.0566599546339, 159.91603341154553, 174.23756521990032, 169.01797002768913, 162.2791854651231, 163.04473991913613, 124.45641189310768, 160.6463705006084, 170.91005204502648, 170.3955646527386, 159.29625134789126, 178.4411230396104, 155.65986838841616, 146.3499796815118, 162.60646895688416, 162.83851548722777, 181.73219061549509, 176.297797233473, 155.44177254380625, 181.21776920415215, 165.10603527302064, 169.6305246323139, 169.72301306116336, 167.01472122266938, 179.1786502054689, 167.90445257712867, 153.44545278501158, 177.72606829982334, 166.40579370110623, 170.89523171185036, 159.41048102581013, 170.10176820786234, 155.64454523891874, 153.60383016013483, 159.33780057976853, 161.47653569750253, 149.1375901304394, 158.50365203056154, 150.82019704826936, 174.26511263802044, 157.13807584504252, 174.50076364208826, 170.71261975162133, 148.87482334336528, 166.20217533399196, 163.52734775335708, 170.4021420775534], "fourier_x": [164.98627492521274, 163.6203745266538, 161.16288145098392, 159.84329737317023, 158.44719211822837, 156.47791429248326, 154.9465147729224, 153.38779720703997, 166.69155333080192, 154.06209517899316, 147.0537721501986, 161.5642636577526, 166.96610903743394, 164.92940505422655, 155.84765888473834, 144.8902680533863, 172.854771175165, 156.601740939968, 149.43978389141878, 168.23045312398398, 169.0811323927414, 156.707002335119, 137.77964310767896, 148.44124142510316, 173.12737498291898, 122.43085604141937, 164.65136713969346, 169.45757197072228, 158.60423030962085, 112.55122678954743, 152.07473596936924, 147.9329018969975, 169.89564609066704, 159.6236371271104, 148.52963319580203, 157.16180544736537, 156.97207524000413, 135.45341352840123, 142.36768106482322, 151.50533804952127, 164.45175779216027, 162.430077555738, 149.2051867863572, 130.46267246137322, 153.0993362234505, 147.67346379264376, 110.0911833608682, 147.54341552270816, 163.8883225610232, 147.59228690649763, 148.8311236057407, 155.19789365949447, 149.75454315227347, 155.2962861503032, 164.69554260341542, 167.3982007439855, 150.07498927897137, 142.2634003041428, 116.99213183050759, 136.43840486648187, 143.81840009448146, 149.55200110010256, 157.30983810338125, 166.26424452562884], "fourier_y": [110.82527090316862, 129.6040254122314, 140.9624394754133, 157.9742857665462, 167.0370340515188, 167.54866116088834, 168.953590450795, 170.08350803593092, 166.65346910515132, 163.95109283480988, 119.10365070835324, 160.45190775851862, 165.68333472902503, 156.45939250362113, 159.89073261776304, 172.09985973750076, 175.72504862859776, 177.26146059170532, 157.06259805103642, 153.7436109937175, 169.2067875620926, 168.89408290622123, 158.12789499045715, 151.28091717215779, 142.5417144535658, 161.02147422240603, 168.35833078699292, 165.50946418481033, 160.51668013147733, 148.54664868205458, 150.46916484103858, 161.6455841934312, 180.81649965146372, 184.44526200537672, 177.0975795366104, 166.62369718959042, 136.1489393098606, 142.03939654160965, 155.93754071819077, 162.6031328429912, 177.2760508808345, 181.43412085013952, 175.66878298036355, 168.8775706978239, 162.16799638463488, 166.7763156755821, 168.46066163087627, 160.54807475989972, 164.04028849675075, 159.09981111847546, 156.18332479104228, 147.96790315554685, 149.7393716939808, 166.65393008180354, 179.49635221563733, 181.61679081524107, 170.13753384434096, 172.99542874293084, 160.5414005310303, 160.90470124155337, 154.63225936109217, 156.95035833831503, 167.35365738969602, 169.73767240735484], "src_path": "/Users/hagardolev/Documents/Computer-Science/Third_year/sara_guidance/db_3d_models/db/16/m1624/m1624.off", "name": "m1624"}