{"fourier_z": [160.52340389892856, 171.12791724911378, 134.00777160380775, 156.25668918642612, 162.75790351401196, 172.67154987522022, 182.8512230882381, 156.03040031921034, 162.80380145987354, 161.73823117329775, 169.2507811131119, 170.80100908873092, 166.3644045541676, 162.57308214204784, 184.16972454141646, 164.7903326578666, 142.85759611555304, 172.53051610780975, 174.23560593602073, 180.6223703056316, 183.64250359155432, 166.38290925001775, 160.10512616003643, 179.888344111348, 174.4316620660842, 174.9956358099907, 156.4857579824949, 171.99094579027357, 177.36717637976545, 138.20280422145314, 165.81619065557123, 175.34123805657714, 164.35825636103436, 151.20426234760816, 166.52602677518206, 177.47155760088293, 174.9053002663535, 149.6879578812356, 167.1193798439958, 147.89292367466263, 148.61764309111211, 155.32695223363987, 120.13942630567742, 168.9569795434503, 159.2529382902791, 156.35779529993383, 147.30445336789862, 180.50859341596563, 165.10565573291956, 171.5522719626312, 173.78178990490937, 179.74086384826177, 167.29353864460023, 161.9866916959114, 167.4266588038613, 169.2602297948289, 121.74507754450124, 157.3577643988223, 169.995655408771, 171.02738238424547, 151.12108482284694, 175.211444609544, 166.89184163229436, 155.866133301283], "fourier_x": [162.12425805239923, 140.51621379901675, 158.9703164570414, 178.26047235546542, 175.01453499253583, 176.3067048298623, 126.80413418474936, 172.5595439738841, 171.50228092378353, 150.77048388010328, 157.93826521520555, 169.79415199169642, 179.5982056917171, 182.6478334617853, 156.52834215596246, 175.07801471125293, 167.04524815904676, 161.8731120542676, 170.79036858981087, 178.13531989066277, 163.76082221439282, 168.78236994209738, 182.53646810801183, 165.57603151212217, 163.0769950623808, 162.7964821006035, 157.6771548141233, 174.09794981150387, 178.10431736378814, 170.53124585290462, 172.36274907229904, 176.51291889237746, 162.44166136008596, 165.37137746161284, 172.2534067077171, 176.51426749757573, 149.70592680835216, 177.31775812247815, 177.16745696716856, 164.60324633848526, 164.39007519539032, 178.40282249400093, 171.94565752583742, 169.64211024160036, 179.62375161081738, 149.69530741637152, 164.1615065031239, 180.95120823085318, 181.53390994900542, 154.1818486495337, 177.130180709587, 161.21428913534248, 153.76356650105032, 185.0887633613873, 173.8793603692551, 168.11246768819288, 188.74129253955587, 171.06821358506494, 159.59195431225933, 177.79444877464573, 169.40133387938977, 173.2197619529162, 174.27006752164158, 159.8478250228696], "fourier_y": [160.5234038989285, 195.20546083469597, 195.3160606085872, 149.01676474085002, 156.21858217672295, 172.19407024071734, 164.07018024350137, 154.84297382424495, 155.00509086436549, 195.31718844136438, 192.16543922409673, 167.34399156559073, 167.81694739078495, 186.095074738066, 177.6565595553147, 180.04990850357783, 164.32278200176052, 194.62812239807653, 179.96400078732148, 197.39017374446132, 197.49930712818906, 183.23846703083723, 166.87560489250674, 142.98418061805995, 145.8422436672284, 201.4948296731281, 189.5209634366465, 166.19058105509563, 165.38276727783625, 191.97459031664906, 191.96825944060782, 175.5308173091927, 165.36073658483073, 182.69312232641164, 174.30043567560406, 188.15598840511885, 192.12703471103666, 192.54695906614754, 185.66688631120292, 179.70171319018644, 156.84322661050055, 181.80671305974414, 186.64493395566294, 188.6899788691565, 181.81149272751657, 143.5890644303123, 187.0622638674966, 175.78820301023936, 166.3266861292419, 179.12025092696888, 158.64420211612727, 140.84759641321097, 163.9299449045268, 184.73229566905138, 190.74704471989446, 175.65700845901318, 165.82287614656263, 177.94691253855362, 161.6399586795756, 178.3310934199528, 178.6076799155762, 185.12468527889388, 183.03673633685148, 192.98158052656063], "src_path": "/Users/hagardolev/Documents/Computer-Science/Third_year/sara_guidance/db_3d_models/db/16/m1622/m1622.off", "name": "m1622"}