{"fourier_z": [-561.4492162535557, 168.0165843025429, 169.72880765050826, 178.16469863748154, 171.73416112630306, 179.36398672752154, 152.19433421724966, 155.78169622283627, 146.08529350229398, 170.95009774116375, 176.7213095110054, 174.04951073431994, 164.52097742755188, 173.48112672579077, 141.97444483489159, 155.7015126683297, 166.8810454249733, 176.9508701159831, 179.42960207347045, 173.4079905931196, 138.44272084072063, 165.45667528641448, 153.69498900704195, 163.59684830431053, 172.63852082084045, 180.77579386069476, 178.19163965619882, 171.09713430293897, 161.45017748538933, 163.51470976561995, 161.7794577274232, 176.29922078833306, 168.75770060986812, 181.95116649557892, 174.78740022755676, 170.35830563402968, 170.88085442071196, 169.7413762242736, 165.7642555694921, 179.22711476561628, 157.6748907827684, 180.12728871285051, 171.50791769155143, 174.90218738204533, 167.91013252822756, 170.7975459056184, 163.9896538833023, 171.92671674851067, 154.49192935816808, 173.98275244179086, 162.528813092059, 180.22046544345415, 159.60035683358555, 166.48774786876746, 156.66818337227318, 144.09935969811204, 155.6315530826521, 167.51722197696594, 141.26456068137176, 181.0867972035855, 141.74572492284798, 163.90021715079655, 155.09094202031514, 143.99610267963635], "fourier_x": [162.12425805239928, 171.33683571886849, 174.65409744491933, 174.31937397614956, 165.81718032000958, 145.41318609400633, 158.67654729459045, 154.76557240102164, 164.1141194751504, 156.93806590105396, 146.50826399995057, 157.0747558503361, 158.59117156760792, 151.1961436963096, 157.14665559407007, 157.72026771613267, 170.47937949954996, 167.3925487544413, 167.17558401932476, 170.23952197012576, 170.06203604527954, 169.13263667147385, 146.5695221788734, 160.74663667640044, 160.47109379634657, 134.5464754097976, 148.56189513749544, 148.3245705797464, 138.85519484408508, 140.31609427110797, 152.40404959060334, 156.7943773050589, 176.60415013650024, 171.99284509289237, 145.61005616225435, 138.38449476574186, 147.85545484284805, 154.77794931287602, 151.20123141615144, 130.4952656176238, 162.9693173997993, 156.7575539610786, 162.3728113169233, 134.1189538462916, 146.73863015579767, 160.84882719556387, 144.7108338637766, 141.79946257329524, 156.48739247469453, 153.04188419991152, 148.90293047369678, 129.79652678915858, 136.856848620119, 150.73743881831754, 165.5499565940421, 163.84385250943694, 166.89962256620547, 159.0503881848201, 150.68702928976626, 160.92345347916995, 154.8296132113268, 152.12313923742414, 145.51419916728418, 155.00727828851183], "fourier_y": [110.82527090316844, 152.86032428623312, 151.67496996849422, 168.06460012736005, 174.08324595196237, 171.83396578277612, 169.78745780963254, 161.3726289082194, 166.16253332510564, 172.98623790252148, 171.0317917308686, 168.6128640894712, 158.68504950077653, 155.71121002707105, 117.32516539343041, 171.33720812610073, 165.3924732544918, 181.75665786689933, 169.7991563237561, 127.61829951203916, 159.74916344960062, 171.24442851067067, 175.6648152395746, 150.7995821582185, 160.17910094295755, 158.60712283953018, 147.461064007104, 171.06129375532046, 171.95174038150284, 174.24338791292286, 178.00937788587902, 147.0919375224241, 135.27621639334134, 172.8299291756715, 175.00213677465763, 172.9958927253853, 164.8503114056536, 150.4536588181071, 169.67984652031802, 160.89967041522965, 152.52630516725435, 164.6191860528873, 161.753767706306, 162.3797056687576, 139.94944785352993, 162.13653483336142, 151.51038242261424, 164.46892265209485, 139.2903364512981, 157.42434718692772, 166.8984559256308, 158.75517438522164, 161.6003729722396, 160.55537703520545, 176.91289845025454, 139.08899344588622, 162.08857250581104, 154.20209945534157, 170.28789984284452, 165.09063027959246, 150.0431439178125, 174.8040675953946, 171.54334660837264, 144.3360911590484], "src_path": "/Users/hagardolev/Documents/Computer-Science/Third_year/sara_guidance/db_3d_models/db/16/m1627/m1627.off", "name": "m1627"}