{"fourier_z": [166.27704534796413, 151.14501663848694, 152.35470120141392, 161.3973805565626, 148.7867274023849, 158.79606931981732, 163.82010310285818, 157.39751647544048, 141.32910414378566, 117.95333911562267, 153.81689660986882, 164.07176224931078, 160.4722089977095, 145.31646037485513, 125.57446675025628, 122.40349025770976, 155.28318767080853, 147.08317485110192, 155.615802000747, 161.53319360555201, 156.0159376691446, 144.42753267098985, 150.49674639141128, 160.49084426293172, 166.4739047760412, 136.2959871264025, 155.89563982224226, 156.72629560732383, 135.73536904261536, 139.51079826779502, 132.47730296165426, 150.26080877265494, 166.0542103931657, 158.87798109323876, 146.19922916166178, 162.7841428826477, 153.12406700139087, 149.85517031243634, 150.30192652656075, 136.76929881754634, 159.6877138773654, 124.895107446593, 152.73759641525527, 157.06184773240884, 162.93401083096273, 159.09882519727935, 140.77697508689712, 160.5886139976131, 162.3673461487018, 167.64618118449374, 159.0192769864894, 155.3651713479625, 163.7717272362044, 81.83340531035552, 168.32817575239773, 166.87483892106425, 161.74195053646176, 152.80618448807002, 163.8487412223642, 144.18168833373178, 158.78982218621888, 153.7085487182475, 120.82127790324955, 133.77298981469173], "fourier_x": [146.66046028772965, 150.75165018616022, 162.44586539304876, 165.07457328027672, 179.98031932967416, 176.37050778578597, 185.50801657725646, 183.9189004081539, 177.14151114011332, 156.36507696082992, 175.79427484808005, 185.5968476693299, 180.7218541683322, 174.14391058328476, 177.37330926649474, 140.00554700761003, 182.63465898006558, 174.9086086115371, 181.7158896765642, 178.75098501273686, 175.1522171270587, 182.2036980650022, 170.7074162727956, 180.80876944108184, 168.13695082685214, 167.4515966018726, 172.10161636137624, 147.19211611598257, 172.7642604403742, 162.82666136196195, 164.75297853506424, 180.56757569611648, 166.46438149865912, 182.20756432426018, 174.87498885400538, 183.7071960797979, 184.907561729747, 175.55343641680315, 143.74853026194504, 175.96967240698655, 159.42743633180783, 161.70757207362368, 180.8445017272487, 179.91730003703267, 182.07965979922693, 166.6924627431956, 162.24236095152787, 179.6012824850558, 188.53511257335248, 144.62677487044658, 184.32757264037318, 182.2149342188584, 187.79814526271673, 178.3763178350316, 173.9700044198203, 171.45555230644948, 172.19963191937805, 156.17748243724097, 172.4970508457653, 164.26892739102695, 166.00383878587735, 183.21785013503418, 165.50227749334329, 155.04378219562855], "fourier_y": [124.68821451436744, 161.82696162365647, 161.46793336076072, 154.3290930528771, 164.59036391844427, 163.99900019877714, 155.36877837451215, 155.38539348378953, 166.62676684651674, 154.4101611091399, 158.9785186588194, 160.81683975080975, 156.23595591590853, 146.8001070271145, 159.42629021034847, 171.65845540852015, 154.5047301373647, 156.6252169894608, 162.1973601455328, 152.74370198513134, 146.88185884409347, 169.49397519391934, 170.096288405393, 148.6925553623097, 178.1324706894539, 167.39067480811272, 158.61238127441857, 166.98205713543308, 152.2699757092811, 141.02476406001887, 161.3561931391138, 165.12395068315874, 175.10397588138972, 168.21040930843373, 174.86542772371862, 164.48283290399257, 159.90004716184015, 175.39891824005068, 164.64337970748784, 149.87251512334512, 173.70547869954578, 171.26050188626726, 173.66221176616693, 165.4298695961944, 150.01561320884232, 166.42796035112116, 154.3933966204974, 167.00674586536195, 162.50617513998634, 172.9514371950268, 172.3311272629216, 163.4836120298529, 162.00384947610416, 157.9426153191125, 137.08422909240747, 145.57956845303573, 170.25758909423774, 175.04499029284023, 169.82854154760219, 136.09126499109482, 165.34981979964925, 164.1361011383471, 144.15085624313076, 168.6190010023716], "src_path": "/Users/hagardolev/Documents/Computer-Science/Third_year/sara_guidance/db_3d_models/db/16/m1633/m1633.off", "name": "m1633"}