{"fourier_z": [158.78317635913595, 159.9377373641409, 147.53708585217356, 133.9373931301367, 147.78799140288714, 146.21782930873078, 170.1362274134351, 161.22209111402256, 163.5229177823268, 167.11524107519284, 124.76655459183135, 140.03660566656305, 134.3041311753801, 160.44201818250687, 156.76434471470606, 168.99819742565583, 157.10373166596648, 146.24635224987458, 160.93605817534922, 156.3538377299108, 157.7103308553605, 161.0353759619986, 168.73582467954373, 152.6186375495972, 159.23050154642863, 155.28027135579944, 165.29892517233247, 125.75729057501313, 142.19360433185852, 158.77368560361478, 165.16419427375214, 109.55785448521428, 148.9768760307224, 166.51940659535623, 155.22893815284158, 160.8785050873337, 153.8399234596474, 164.63389677182073, 123.67488210173404, 154.79333210965203, 168.87872913309675, 160.291597170751, 139.56744693760098, 156.6938087301351, 151.52727344317685, 107.18641585668402, 125.23748542163301, 161.6818919121134, 163.8371569378975, 132.98657606451656, 151.54683964118806, 149.8036890355961, 150.89039879128723, 145.986604080104, 150.78765902789365, 156.29341807616274, 151.39022062348948, 144.60015204106398, 172.44707853220876, 148.01170909117846, 123.76008549366964, 132.99209902921572, 154.30147219218037, 139.82802165444272], "fourier_x": [149.7434738842748, 174.8516501227171, 162.3843800826172, 150.96844972370843, 156.01207294835473, 147.69095447507163, 161.92335330891046, 154.03605739311192, 162.2878583285869, 160.36983679836425, 156.32986866342094, 158.9478339517942, 143.67543248177813, 147.3082799830746, 156.9970849928978, 162.55863116232143, 149.94756318705743, 163.42502062718836, 173.44111071656994, 160.79515145396402, 169.65808556488759, 165.37633110276798, 147.66757727447524, 176.2583397068463, 151.33951000133905, 135.95567910389914, 163.632004191544, 160.96150390432328, 161.27015059689765, 152.26913323387046, 152.83004317799313, 163.14239743905773, 106.02769907921075, 113.43198402041321, 160.10894888742544, 157.70690349197994, 167.41542195250616, 166.383871363443, 153.52628477031752, 168.95740866483212, 158.40314470871132, 135.6930208746486, 159.83696657484526, 156.28048998817206, 165.72809026108646, 170.78845060558646, 154.2636379819511, 171.6520069657273, 161.63756483069378, 154.0248418333061, 150.50078747979313, 146.44074209463946, 149.86880137920872, 170.54570217871913, 144.38264542495804, 170.27346428098795, 161.78366206034087, 155.37991790633106, 166.36859597327273, 151.47695954399393, 160.97569411952657, 175.69669330341026, 161.75401121926183, 165.02447981177002], "fourier_y": [146.66046028772962, 149.4354335699933, 151.83664249542355, 138.83412496197514, 159.84192565222375, 147.6964702683328, 150.87860014080275, 166.4558002205416, 140.14250604367513, 160.24797816629598, 147.0267455630201, 159.5015748911222, 157.99548401289942, 166.39598127539364, 165.3178784795537, 174.92225372457528, 113.55318411590724, 161.97158905328226, 144.96734563849031, 159.28727479079734, 156.62784727154093, 151.86905717387955, 166.22502139929307, 121.79185342593158, 148.81315444975803, 127.7440344328557, 149.60180775905812, 166.42983832813348, 110.7785963942746, 173.7872401658002, 123.34339196960079, 174.33762370284907, 157.65601959093945, 165.12651620500262, 171.91759050152314, 162.6493461250231, 165.6076783302653, 158.8996291049396, 148.6114781540763, 160.97049750658653, 164.296128904945, 163.10265123606717, 163.65406720984936, 155.63360985403517, 155.31622239906022, 155.70723492096892, 130.38037828031446, 168.44261995243986, 157.97096572994892, 174.73724705468396, 159.1513129696641, 171.52864515657518, 164.67174134691672, 163.8260904320055, 169.66516467821543, 137.5991133945733, 136.4489415888453, 158.08477595884034, 149.04112376160472, 166.2490995745415, 165.43904843349713, 175.34886146532637, 173.89580810500703, 173.09434403245154], "src_path": "/Users/hagardolev/Documents/Computer-Science/Third_year/sara_guidance/db_3d_models/db/16/m1637/m1637.off", "name": "m1637"}