{"fourier_z": [163.6064174954737, 133.8866453187592, 147.91513501439607, 166.41495876568945, 161.59906142674328, 165.9245501744034, 173.26647714108742, 161.13446843228473, 131.54079053372354, 170.40063713327075, 164.3697719907642, 175.94143297210218, 163.2504776174804, 172.6291290097001, 185.76355989841863, 167.3747467709917, 159.7655955170259, 156.9741239192504, 172.91356074372655, 146.3447977278274, 161.1614315463302, 162.54384560009544, 182.15610644484605, 178.0690329601785, 138.84651828903432, 161.16449012712638, 186.4613060073313, 177.27965701128457, 167.4890082967217, 169.5759120359378, 171.76675180779802, 171.41397835034238, 175.48635853908738, 167.31561157380654, 182.73355050395173, 179.482940280935, 172.7111567551005, 163.93068581003615, 152.024978077181, 145.06295612045076, 181.22626080937704, 173.1738190599754, 173.73620484298937, 165.68432644921344, 179.25777479590369, 173.88578458863645, 175.1393255927345, 160.5209151275302, 175.78344780769248, 178.4377543225931, 158.07689161084303, 151.4636698803818, 179.90086517613665, 164.1423149108004, 176.8919871151803, 168.2973415106957, 165.52624342121277, 165.25476507573597, 175.139274723486, 167.3580137138287, 168.62791557033674, 166.55455778049483, 167.9379907732837, 176.59880138687217], "fourier_x": [138.5511581255663, 159.54782938491303, 146.9256240618607, 168.5269962808568, 176.770542521389, 159.74743265879707, 173.1771592850433, 171.86789742472064, 164.46927880534992, 171.42562483805773, 165.16212651712704, 170.50598940257285, 171.04543820888182, 162.44673312131127, 175.72911117189977, 152.73863199323682, 172.8043494481895, 152.20223607903225, 165.37425861918834, 150.10503105947114, 179.70896708184398, 171.79620023713906, 170.0657073812788, 177.59010702855824, 161.66115951190565, 141.36712996116853, 167.08691813884667, 182.43842305551638, 179.62496370039943, 153.59415787179526, 176.1200554109661, 182.53686652496836, 174.55970887271744, 161.9423958535291, 157.2216176944645, 152.9229207055197, 176.6908375173394, 180.3593292042995, 136.92434238100554, 182.19579001600434, 165.83314831040386, 176.91566147100448, 166.7691896570031, 158.95128943837216, 162.4627102876353, 180.49985296923353, 180.12010695725485, 179.4751058468221, 171.34591561592697, 161.70610837390473, 173.91552777605713, 171.60278094213947, 154.77873310833456, 175.39900380228843, 160.02735748972856, 177.42985890549292, 181.43988510245316, 148.94719602644196, 164.98729743037092, 167.74678718269746, 171.45734587308598, 171.9812540536015, 152.30088418391824, 174.46534553263288], "fourier_y": [163.6064174954737, 194.1604563073329, 183.92609815725882, 181.3619102987701, 189.5796044891196, 180.6490983330214, 191.18105726868546, 189.5145627961632, 158.73046156199757, 174.64435688189883, 173.73707473851954, 144.3512015578325, 185.64910664090286, 177.20087859983536, 184.54711512575895, 188.31870273538595, 164.8972184953922, 191.10679233909826, 147.12805966246316, 179.0173150177643, 153.46899041798605, 166.5901276978354, 172.53695994188485, 152.57094077390425, 170.36167615249997, 181.33255596948433, 186.11188589421073, 176.26856878734188, 193.8805926507905, 178.15930691024465, 192.4947098342463, 192.80620149846095, 175.08770218666754, 189.49130500577223, 169.43873049232567, 175.24815976722323, 147.86198466354972, 159.57884948994877, 176.5329919317781, 171.68795368390192, 170.80204455019117, 164.95257578639425, 119.00521005590565, 160.07406641906329, 173.6398994647705, 162.0174408959552, 188.57220355148968, 177.47546006708234, 167.93300881506093, 195.93517685172574, 173.36585311253515, 185.69852536071576, 165.42635238411623, 171.19057067738026, 168.14666424302345, 168.16003515560797, 193.88922976643687, 176.03099913778036, 181.24768650223658, 172.89704419073615, 143.7814437652764, 162.3999617227321, 175.23336327012348, 141.62333746401197], "src_path": "/Users/hagardolev/Documents/Computer-Science/Third_year/sara_guidance/db_3d_models/db/16/m1634/m1634.off", "name": "m1634"}