{"fourier_z": [158.78317635913592, 148.8613923930408, 161.15376857671976, 156.22101242194435, 160.70592232108325, 171.91192142948358, 168.64275490863741, 143.48911141644038, 170.16374859964475, 158.1765066818262, 160.57671123980813, 165.62192540801271, 161.01594756961958, 165.01129655326704, 168.6456197841378, 113.46898654321797, 175.87947790410325, 152.50300720683273, 164.56438656083742, 173.1046545117186, 156.34730903635108, 146.5602873970709, 162.44251516104617, 117.5679404879427, 172.24939208963343, 165.93518250686344, 157.4711173451057, 156.70793855728948, 137.1170385930065, 111.86930779249876, 154.54870239998763, 155.51141191929403, 165.63856353964263, 164.92957641944275, 155.4809115885543, 160.20792205530728, 146.84829398768858, 141.70718994554608, 149.65218100221887, 146.92108340453353, 160.9828568020268, 159.8186858863875, 162.60961778895506, 155.299939685294, 143.87181711997093, 143.88726371266705, 156.50690204788273, 140.4026065832998, 143.77879362730525, 152.332417411238, 160.53435613638408, 156.19551124941185, 157.74630854854797, 158.10162347428061, 160.67974917214673, 159.198993109334, 150.93864560740602, 150.7253970869666, 163.4799625236061, 156.3937473015598, 137.94343631604914, 156.4374515900411, 164.06041453136098, 160.0818856722124], "fourier_x": [160.5234038989285, 171.87830481951963, 168.0519768820484, 162.60491768348825, 158.9140521530326, 148.330990582914, 145.16836348390822, 147.10118869824814, 153.9934935320033, 159.6613552828398, 153.7124103368725, 152.17631141591318, 165.21688019660215, 153.8189581414427, 152.86128180640384, 146.18794236905882, 160.63662559628347, 160.9690768560883, 156.26504784656856, 129.831553748218, 131.0832325732787, 139.20378626900774, 156.9744622154044, 139.3891207199764, 144.78497423097608, 146.361837534563, 169.5044752586977, 167.69983698701068, 155.82281270993292, 149.18159170040266, 160.64337746337515, 160.9870425230326, 165.31429235940539, 160.50264686412973, 143.5266892367629, 122.67245235200123, 158.05991494151698, 144.97142256697077, 155.82646692130163, 161.43923528812707, 135.10555062268733, 152.9169757294465, 160.32371677925767, 154.313457131925, 162.2974665841625, 166.1194811727066, 159.11772098810889, 169.08377473302716, 166.68949873290848, 166.3432944488247, 171.4065152442805, 164.56221577164226, 159.9045661675383, 165.17155622296377, 147.1317750578841, 133.38499777161903, 164.79040359934731, 164.001250211238, 146.88494514573907, 114.41581278451207, 148.52047758986214, 156.92839674649284, 161.83207159509465, 171.84075394934268], "fourier_y": [143.0140291518505, 172.01839775725134, 157.98944501882866, 174.12736393216292, 160.06511711554867, 166.83095564816765, 164.7669385838384, 174.97051648026394, 176.24376939165825, 169.56157264380028, 118.37169921259022, 179.4093193429348, 154.70771201605123, 163.8170302202438, 169.2294592414769, 172.99490941163302, 169.50448663510366, 176.33903028349926, 171.26220299242152, 120.78098469376744, 160.69997946648436, 148.5344861788247, 161.58820097163303, 179.72852444581588, 153.30808037834578, 131.0735737005098, 158.87983439781956, 175.63788735277456, 162.54885803649242, 169.29873304859603, 171.03643889925786, 173.5217339313259, 165.88128174493283, 182.6764345941332, 154.27214997713403, 132.09209565281597, 168.02637150812845, 165.38491209732837, 175.28996594281602, 173.4920468797547, 157.49969111627266, 183.78297324723164, 174.96076231247906, 174.4334287015455, 138.91441228890898, 165.58655843334986, 166.89837926780913, 178.39384283065993, 155.26711523603763, 153.93805422257833, 175.9925758099459, 182.93829982961023, 165.89275468399552, 173.53588786479523, 169.4134959083774, 158.8919977440224, 181.33363553706116, 178.77609345923565, 157.25940252614825, 161.41072976689603, 174.86702662030933, 177.67182700603016, 171.82871073005757, 170.63893858228695], "src_path": "/Users/hagardolev/Documents/Computer-Science/Third_year/sara_guidance/db_3d_models/db/16/m1635/m1635.off", "name": "m1635"}