{"fourier_z": [163.6064174954737, 157.82620149650745, 135.91274385701723, 158.4059317922748, 166.94524676320174, 150.54735183144467, 137.66289617855006, 133.47157215993323, 123.2811693812215, 143.34109411012332, 149.0889574335629, 151.22020424983603, 158.20959450243885, 163.09600044468345, 159.1240786615691, 141.57298660358921, 151.95300660060866, 146.85290050913554, 146.05952358889897, 161.51736598291131, 151.51191878766778, 152.13870291320785, 160.81911845412748, 145.66414785534818, 99.61668521455087, 146.17303021152946, 154.06837593199702, 135.06576122342483, 153.12422176688864, 155.96058595293115, 156.65958547148452, 153.85118906257406, 137.2694437082646, 153.36819121562974, 150.79389502278983, 167.0992586565059, 167.16935729889008, 153.44292257769675, 139.5262356919166, 149.6969249869984, 155.24834267651238, 150.8886025304602, 135.8348834734843, 116.80932549929423, 144.81255026737193, 161.57432700374, 166.07471387623468, 164.13210051034406, 147.0261269339736, 147.76883375868297, 143.2962569195469, 163.98890433441295, 162.44638337568776, 117.58966728683738, 160.94254272128924, 162.2350242254856, 170.4565390843335, 152.75027703207607, 123.63772901208192, 139.82834013464247, 152.19930313858606, 146.9746496983383, 147.93736429891928, 148.34340949191255], "fourier_x": [146.66046028772965, 142.032124311185, 146.87808960527994, 157.00251898491604, 140.74611569270024, 141.20445889061256, 166.5641996115678, 158.06465804698152, 151.10755922817575, 142.91493466434733, 156.85260153891988, 173.2729426087405, 165.81148297106108, 175.6898096116949, 180.58045943053057, 176.58360662108535, 160.21004973195656, 170.99743143670463, 171.96868474112318, 167.60183033053582, 175.76841135024773, 180.82924311576247, 181.04254195025584, 181.5747086785362, 164.9697370988132, 171.78718866594932, 176.8171602684579, 177.19342840984623, 180.78852805038338, 172.40267872539442, 147.6742624558257, 159.8884725919961, 162.645323838351, 156.08387424314247, 162.55528524556595, 177.88590827404275, 174.3706821601479, 156.6120957291236, 161.93850285855285, 176.2131348465585, 150.06859181585276, 130.08420367294138, 138.86070210312, 157.7593074650814, 160.38553284114894, 156.7353852759122, 170.502989782258, 181.75951132131172, 170.84157869098397, 173.10860988429738, 170.08042805827895, 171.0185686093593, 175.54391589105026, 178.43737158083272, 179.48123548167678, 162.87455768828892, 180.16933138461684, 180.23755368623875, 174.51077952803706, 172.95852553460733, 173.46697108088358, 181.28582239357686, 173.16757131402366, 156.8968238567026], "fourier_y": [156.87697276304942, 157.35157244633876, 163.62977455315203, 170.3761897756592, 155.54941106777508, 136.13975482330864, 153.29143258498027, 166.43570433025866, 165.41681312461543, 161.78591992065375, 165.4921178551248, 160.58633731540826, 159.9713753425329, 170.18472420249884, 185.56687769625762, 172.09237018387566, 160.1052282755617, 161.49169237436956, 160.2689576796358, 173.2482876838017, 166.8303820885012, 138.98436162950526, 169.64049449337975, 153.0053591092002, 144.95913576394952, 152.03129577227554, 148.88056447993455, 155.9807316168687, 137.34263292040023, 172.7942372266204, 166.90729084363943, 157.10422736141146, 166.73014938341305, 157.81893342363168, 157.75873986620942, 158.99069177153225, 167.20685006472652, 165.27280127496144, 170.64799754582154, 160.20494529067489, 157.82874753737914, 121.20164878886251, 168.015468018415, 173.430241349563, 157.8577045571705, 158.68517591158633, 173.20237843266767, 172.39894266322443, 169.94205752624146, 168.86041872353576, 172.22961321056823, 169.7931591921045, 165.22528166560068, 169.59037619800188, 152.9563615530774, 147.8569526701646, 175.9178716885552, 172.74736172302988, 175.0099555599407, 172.47417999600347, 143.28010402791276, 174.25272252345871, 163.07082833727353, 166.05361565320288], "src_path": "/Users/hagardolev/Documents/Computer-Science/Third_year/sara_guidance/db_3d_models/db/16/m1641/m1641.off", "name": "m1641"}