{"fourier_z": [124.68821451436747, 143.9182757077194, 137.9894951310984, 144.0578243770671, 140.41191670417186, 106.70264718624844, 117.09787087322836, 129.86664083727604, 121.19209935871373, 136.07392139864157, 125.19440050060369, 125.68280730285495, 142.3585003851701, 129.7759827816521, 123.05540727221924, 141.1516176860662, 102.14551235138835, 142.4214036532919, 142.69140350109782, 138.02526250504275, 135.87201046092903, 134.46436359747014, 112.59881337282391, 143.8936522347408, 119.4488070076015, 151.3963886541077, 153.66357982976314, 152.57496487506216, 123.19346168303804, 134.4350153822509, 131.9444651217681, 135.89830478868473, 136.09978341394634, 152.35927222452665, 155.99223535654363, 155.95506113825274, 118.26844111592374, 139.29725723857982, 145.13353413245056, 122.56861633506696, 142.18390779936496, 145.5167397706287, 151.85766526677295, 153.431467621717, 120.70855785962337, 143.99315507167245, 148.74629801319946, 133.09697793386894, 142.82004531863896, 128.28101030820773, 140.90670376271947, 148.5444428479214, 128.33329778841917, 145.00967975089975, 147.1202481570145, 136.05818558774982, 140.55482568295133, 127.51953191166784, 123.85411489213917, 146.19177286375506, 135.65798707717738, 143.20694760098095, 143.83274918233323, 139.2453208849537], "fourier_x": [154.7697624498929, 138.07262344592397, 139.22784987964013, 140.63903528282825, 143.0578325507704, 145.790291483786, 104.45777670424471, 146.49186035451615, 159.05039001998173, 158.21528462660257, 161.3605496851126, 147.4172553586764, 112.60448333291379, 145.25245378670067, 160.86041953519864, 167.30684603103828, 163.35385694704672, 158.68210840254702, 155.27490622089917, 159.5924756460916, 163.23820832662918, 162.8462024645485, 158.12546024158482, 151.43587005440693, 156.73902045989811, 140.1946985155284, 135.58240691502658, 143.56998419920882, 143.81912475647692, 142.27238442162366, 127.01812447786905, 150.3283041752624, 132.3268736385093, 149.22574555368072, 155.27739966307988, 152.18197855221894, 150.12561938814235, 148.23873400151345, 127.70568032872306, 157.96891713427874, 143.46795463109862, 99.86127782460397, 134.42946067741863, 100.91098913230184, 150.03470067885766, 156.9787194371256, 155.3241653106685, 165.07528945606182, 143.8272682438095, 146.3238750193044, 158.54354674556106, 148.67158127778998, 152.83585986428312, 155.00087582531276, 120.39493386139812, 153.03481398996303, 149.65754183249663, 153.96532600357665, 158.10246052788352, 152.57826111947088, 165.02609473862944, 161.5992542977893, 143.66533698255776, 151.05722700271667], "fourier_y": [-548.9212378023625, 140.44664852718154, 153.28047742809372, 149.86858410268349, 128.5530396358561, 133.23016180662083, 155.61537639529092, 157.85589135326336, 126.4327343281439, 151.82758626959688, 155.48053061333005, 153.66032955266547, 136.57910924058245, 143.34382241759246, 105.74464761695758, 160.35461338710573, 126.65445794980675, 119.11238198838984, 145.7199509433764, 113.69495796234122, 131.77619548662372, 140.37981971483535, 157.23350913896954, 162.51325520314222, 137.19602151086247, 150.91685193465634, 148.11133873853166, 150.4704950271084, 158.86922893775733, 165.3500409481805, 164.5245687964962, 162.3990779784546, 143.96065105833156, 137.61155426457262, 155.8188259850429, 157.99706692098593, 160.86992893119262, 158.175502940146, 161.46204721368457, 161.33951545412143, 115.57975198312118, 136.81135843812842, 147.00637102772347, 155.69592729253054, 149.91540075262935, 153.34338515014568, 162.04818249437068, 159.9433902132334, 146.5461619697599, 115.01254346769784, 156.2065811605137, 129.18854031297832, 147.00487962660063, 153.00428220385686, 142.09651047871836, 158.07058635074313, 155.12068673522433, 146.787409935301, 142.16854630619704, 144.85630865602087, 123.43992521699948, 125.91781710246492, 150.27822769777777, 139.8259876343457], "src_path": "/Users/hagardolev/Documents/Computer-Science/Third_year/sara_guidance/db_3d_models/db/16/m1649/m1649.off", "name": "m1649"}