{"fourier_z": [149.7434738842748, 149.12454363607873, 147.22948306266062, 144.04357435882895, 140.0575201853166, 137.34194975637268, 138.24170768752415, 140.96264272443082, 154.24668906442514, 157.49482067485923, 157.01818120289192, 152.59227586656172, 141.8411425064324, 103.22144279613636, 134.7716367921738, 148.12606176574826, 152.25677568567318, 154.48757977199907, 153.55944818506512, 149.2344279682249, 140.1137757148167, 123.7707076872325, 130.15147140045033, 141.7131359789965, 141.14050801284415, 141.61857668006945, 146.02127452941687, 149.62705337006432, 150.7644453809413, 148.87943859504898, 142.76038235971276, 127.41602848717308, 148.30756755461715, 153.42899092812468, 155.15564076046877, 154.0794841320803, 149.96856323800253, 141.27077687162122, 120.4411363778037, 123.91204196463113, 150.31928251881297, 153.44943943220318, 153.76418028890146, 151.64321495512706, 146.9039135176371, 138.66636949124012, 126.66896136468307, 129.48400703480132, 152.2802355749996, 155.50516304072477, 155.81774977699138, 153.46772317432703, 147.84869544945377, 136.46225803850177, 113.14519084248145, 134.53846226720145, 130.56367404495705, 149.9754267710456, 157.92272945209524, 161.17185532846636, 160.9316599510045, 156.9573835919477, 147.55911820356752, 136.43786664045282], "fourier_x": [143.01402915185054, 149.90777297447354, 160.22559827748, 168.8097257689333, 143.51598773892152, 139.87692424702496, 138.1779957451543, 129.757227450708, 142.38216708582326, 149.90200850535666, 159.56488863194716, 167.57140275522855, 143.11371718856398, 138.7378023227822, 135.4076187103067, 131.95327066195853, 140.42162414918772, 147.65132116794626, 156.36085756084503, 163.28468192344724, 140.42596501799628, 135.5346873285062, 128.25432689683646, 130.97110644166204, 137.05556281830962, 142.82644454179115, 150.30239346330728, 154.93270873197554, 135.83028424131783, 131.37303468138109, 111.2002093039618, 125.95453101387426, 132.91657835908916, 136.56205910280576, 143.90582128258538, 143.86863353935178, 132.64531432985623, 130.30972062920102, 110.98694821990333, 112.81087685422645, 131.29354932858274, 137.10753460491281, 147.48891141266827, 150.1774697993725, 136.009279378514, 134.2219736041037, 130.04501158956018, 79.51738710852021, 134.97894030358236, 144.55425522431887, 155.2737235712142, 159.92124054464082, 141.67903149066998, 138.70035921296795, 138.85826369639938, 120.38310870642013, 140.12961816368946, 150.52495017380753, 160.47687647717817, 165.15386513991672, 145.6196912149068, 141.39990046789364, 143.22888581350426, 131.96007196784387], "fourier_y": [124.68821451436744, 127.00461217515925, 131.6445727613643, 136.08541506992088, 139.64825386952234, 142.3208395081051, 144.2072159895611, 145.40329995688649, 160.30548747965474, 159.54032855597208, 158.2995135757743, 156.6449727452888, 154.5664280143721, 152.07849084080652, 149.51257525346475, 147.62327112067248, 154.43400057423645, 156.34641124227858, 157.53037475612825, 157.89767649667255, 157.69400590649727, 157.20371186364127, 156.34597805871837, 154.87285833438068, 140.86413692150478, 136.6229039981921, 131.20230424971305, 126.68261289106347, 123.22947329408784, 120.15484957706514, 122.12467575208646, 127.126949064401, 157.84209663374978, 158.6691457178834, 159.00341889872848, 158.83526391671413, 158.21703554524026, 157.20870856328435, 155.81187145957705, 154.03352915744276, 136.93307026509783, 140.66876571753212, 143.00019217616105, 143.86873664456144, 143.8096641610387, 143.44494764146344, 142.63306056824916, 140.74715790086896, 144.54496795117416, 145.476913405067, 146.28059007180107, 146.87603180484123, 147.08783735500185, 146.79742794092093, 145.9990578208696, 144.6744340124183, 146.09163354102782, 147.98675783316665, 149.2044972322259, 149.93412570558002, 150.0273045846919, 149.34873115860546, 148.04686448895535, 146.36100198232785], "src_path": "/Users/hagardolev/Documents/Computer-Science/Third_year/sara_guidance/db_3d_models/db/16/m1643/m1643.off", "name": "m1643"}