{"fourier_z": [124.68821451436742, 143.54076339750432, 149.95327757461143, 130.6714431095077, 148.19675619761057, 139.78113238226467, 125.93467685925302, 146.06645021051895, 129.99798148907377, 151.49374495680257, 157.34369312500615, 140.68505591231022, 147.68198993695952, 134.2484818035292, 128.81347753611988, 137.9626896084497, 136.22047374148832, 155.5083789815754, 160.35538716048237, 145.05315043907228, 150.43325452055888, 139.19063341656147, 120.11249863024088, 129.49468198320662, 138.65393597495984, 157.11561188058988, 160.48129000153938, 145.82913877745662, 153.05051500811172, 146.3190174485835, 109.41091990216884, 118.619553695249, 136.93608014353882, 156.78663256634763, 158.6020544833252, 145.83954823996473, 153.37820352910992, 149.832342180884, 130.84701867129738, 64.34677440379193, 129.53450177449747, 154.5610966249425, 155.86725852748074, 148.84936254353846, 150.51648874189348, 149.57527233890661, 139.66717398660361, 121.11441529975671, 106.21518100609575, 150.38192979184976, 153.92258895362806, 153.71781396096586, 143.37217505246645, 145.1974909217023, 142.2701301668733, 134.97888025375718, 116.78948416722919, 145.08411638443593, 153.47903708342082, 157.09758060054986, 131.01048055520263, 134.50096212658522, 141.53954609790935, 140.36093904592772], "fourier_x": [138.55115812556636, 135.3534399532658, 129.95364130098696, 136.20948518815976, 142.42848957698033, 142.10710563747196, 132.25563583117915, 115.14759755156487, 145.57762263618247, 142.28800798029343, 138.25446330504292, 131.49880899752458, 112.01000349887894, 116.13091982851014, 136.10879618166464, 143.2389477282863, 128.5680316592744, 136.768362969975, 140.9290620717336, 142.18373823248444, 141.72358089506122, 141.05891314948434, 141.1736625400932, 141.06942658320577, 143.39637359784322, 141.58589919047247, 137.21507248147915, 132.32249666581868, 132.29608139172117, 133.9742938826796, 132.190488045357, 126.04421432300249, 155.96208504170727, 158.68498545548866, 158.496094864768, 155.05431581821028, 147.40930100451737, 133.74834550026935, 125.932871475898, 133.69224879145744, 155.66580708271823, 155.7182864360511, 151.87729657654722, 141.421641588966, 105.65087150051693, 138.82172725883893, 151.4284923563242, 156.09645940419287, 152.8197522806442, 148.31849834969802, 136.0475647926583, 109.99715404063974, 139.23482435953682, 149.4796238822228, 153.39363154064353, 153.8096878260811, 131.5544751562114, 136.1069948483359, 147.78259369767395, 152.99584640908756, 153.242033386506, 148.40730939153752, 135.08517813758826, 107.13671436876609], "fourier_y": [169.7140504864973, 177.24721840169312, 165.0701152181187, 162.79055963800545, 174.49411577141788, 167.63278608861873, 172.5167734128593, 141.95447191523934, 168.79446020758792, 178.9632892922211, 159.08321699955806, 171.62370525566308, 182.69567992828573, 174.19980438953053, 176.1741206619846, 150.8126715579957, 174.08864226806287, 184.39701359133466, 174.95543054378504, 172.8683570986605, 182.1573410035145, 169.55878335753397, 162.46250442229254, 163.0046703824988, 168.0330002012624, 175.54051063339242, 166.52836145157443, 149.25956284236165, 170.02426179954725, 168.35860699241206, 163.2756213302841, 174.4000533248538, 162.2611795575125, 151.61384145792732, 167.63085132935106, 171.30754976576844, 184.06036440314992, 178.03221287337888, 161.68541701571158, 169.71059189047816, 168.89602776320237, 131.35375068930387, 156.53446481076108, 166.16455674990976, 163.74407711156178, 158.77880275414338, 161.7259379482104, 174.72065456948064, 138.17467338935194, 160.47271299463955, 148.47559788605724, 144.26996565132188, 165.64065886430328, 173.55126637280205, 155.85463453897052, 168.28299852032998, 174.11266581901037, 168.10250793618377, 124.734289237539, 141.78656168606094, 162.79589130197456, 175.28717957356474, 155.81882380188006, 138.90347441568218], "src_path": "/Users/hagardolev/Documents/Computer-Science/Third_year/sara_guidance/db_3d_models/db/16/m1646/m1646.off", "name": "m1646"}