{"fourier_z": [154.7697624498929, 160.55454044564297, 168.927004357504, 139.43293985671454, 146.46050406404646, 143.3580284115884, 124.24158706947631, 128.95364636800988, 147.56716589738377, 152.13226543463165, 164.09814532592122, 119.14085562477408, 148.5148848666123, 142.60569568945812, 77.44667043648501, 133.74102093413788, 110.80121898894048, 101.1301400827192, 129.75347530474582, 126.84699543403754, 139.14300104647216, 148.15631648712304, 130.77825226717454, 134.70562235079635, 149.81239896317464, 147.91046746385285, 161.1978359846753, 149.2603550241467, 110.38931806581351, 151.21684916766026, 136.92064135314186, 128.18562730893535, 156.05844296072164, 153.40043201890973, 167.79153024183202, 156.6851918177518, 141.01447161117892, 147.40995113438535, 122.98677310868058, 132.57974936686307, 148.49797663964623, 145.99316264390825, 158.40302772809392, 152.247796443942, 145.17927112393187, 127.86773309298408, 131.02940720471497, 141.4072495758989, 103.07623077916689, 111.83888559356487, 126.21638312441283, 115.46326535364848, 138.2951461930769, 135.44932989542946, 147.26036378704418, 139.4393066619765, 151.34265334288392, 142.80594477351414, 161.06610718465782, 156.06529825288368, 124.3705580131302, 148.5561356807295, 148.53793512166652, 127.76875166408132], "fourier_x": [110.82527090316853, 115.70602770138387, 123.41889011549719, 129.0642407831221, 131.92681611172, 132.27672325695698, 131.73358726025037, 133.7956099764183, 123.4300675756672, 123.80302009129734, 125.96049065076531, 126.51526402076914, 125.77094464662582, 126.7713720779443, 131.38378681341683, 136.74669587408678, 137.61533076357455, 148.81849265258205, 154.5806000260565, 157.0494327529928, 156.79143449045873, 153.64796237622954, 146.505155069274, 130.75831805597252, 128.65152261234053, 127.18257858524468, 123.6816054527076, 111.97915190642769, 69.3163758387411, 116.16904110952838, 126.37397444780964, 130.27008769984351, 141.4006882489755, 149.6041401247922, 152.62716615990988, 151.6250965615831, 146.060016819604, 132.88017336051539, 120.7074841472641, 138.23325799282225, 115.01484141700584, 123.50277614768086, 131.773766420689, 139.04235222847538, 144.533189039352, 147.94766679135734, 149.1151119726842, 147.7035126191526, 136.65688139441963, 117.93359881341799, 111.14905246782439, 126.07416464512977, 128.29871538924343, 122.22746363637285, 116.4548332626007, 130.2356118300509, 154.21722228385195, 151.52446965789795, 150.5150433212257, 152.11220171181006, 153.70557290061117, 153.4563617274229, 151.00178965698294, 147.25095285442416], "fourier_y": [132.79751667653076, 145.50232918170462, 147.61742373850691, 142.03776360413175, 135.617782053854, 130.06253483797403, 154.51655157795474, 150.91489318958355, 145.1670384937973, 143.13273156855377, 124.1263402990978, 143.84425016898535, 147.79006710770176, 144.221401475116, 140.22633590626322, 134.0058897942167, 137.79008301540586, 145.2971394563399, 147.5387594293747, 137.66286440216993, 112.60238840091205, 144.7619586256016, 144.84879512961732, 134.88898683337897, 120.14294494028123, 129.32820904992815, 145.8766910494205, 154.98135974516134, 153.34482760024494, 135.00300158089522, 137.2895213465249, 151.57271213665481, 135.1389830486531, 128.1946532166398, 136.89805007106054, 122.29610033773483, 140.41682498367854, 156.17668904888103, 156.4471302444578, 138.5720305701444, 157.13637593504103, 161.17496360916488, 154.71158761251007, 106.01233101306464, 146.3041496679525, 146.43553672834616, 136.6617963750258, 149.74787043898175, 139.14340437250763, 148.9392797084901, 164.71727589012875, 170.26278205596532, 165.26819477121416, 144.4758875442943, 138.1716444685286, 153.97895955427785, 130.81520663792287, 146.1466292891306, 151.40329653095728, 151.85003265082412, 163.95269268141982, 170.33479562502487, 167.9194330873654, 158.05509647422494], "src_path": "/Users/hagardolev/Documents/Computer-Science/Third_year/sara_guidance/db_3d_models/db/16/m1642/m1642.off", "name": "m1642"}