{"fourier_z": [138.55115812556636, 142.4502862190625, 153.7247828367321, 153.27505401034728, 171.62634401769884, 165.9200989229693, 166.35708556890788, 166.49520124877245, 146.9293852012665, 140.0642146823307, 155.08018409801164, 145.51232426890297, 172.22730016877745, 167.0388369926792, 167.39798231507098, 170.70879858233357, 152.05187792584314, 132.4990566589846, 151.96709502167283, 129.33751137083544, 171.44133932772675, 166.90118655920529, 167.35683212299352, 173.53099601879418, 148.2460850471556, 121.9931976402497, 142.44225425989046, 94.3468764509839, 168.93688308256822, 163.22780121568368, 169.51638828056346, 174.69890065545857, 133.226074675471, 138.43971484233342, 147.07501649299624, 88.16557779544979, 165.6350968116085, 153.403395037914, 172.47314414804634, 174.20557201576668, 146.47746316676287, 151.12435227728196, 157.91113802931596, 117.61689017649049, 162.58616864357708, 135.69606398806954, 172.97233672439808, 172.21391703678387, 158.95981458752865, 158.26254246860896, 162.20332865558777, 134.44973564915995, 159.24732244005423, 146.85222856557345, 169.23331378548318, 169.16835868972663, 163.41503610016287, 161.82453769894576, 161.35622847174747, 142.53869222663286, 154.18394360099455, 154.82290116728916, 158.77941118194255, 165.5210186666865], "fourier_x": [160.5234038989285, 160.9399017115016, 161.71525742448236, 161.87679669882226, 160.55925621143928, 157.50356644338686, 155.2548096018344, 159.26900469227883, 163.25308321082082, 160.28457377655081, 158.5623853578615, 159.22648494741398, 160.98342340493073, 161.4711588927875, 158.66582578758639, 151.1424601243072, 163.80432419556112, 160.9474685643405, 155.81738151272302, 149.06507986740624, 143.85392533580503, 144.84429649720812, 148.95854572889962, 151.54231706022608, 156.56352297956278, 159.4064258882119, 160.95473671078457, 161.03356591943253, 159.39469702736406, 155.25860039721408, 146.99260243784485, 132.52874451831897, 166.88489670390493, 169.27274679211789, 170.3225960587521, 169.08895020440116, 165.97897309616212, 161.29582138184517, 153.12416599022208, 135.80173993670826, 151.4912784593809, 150.45128799108943, 152.3982694215594, 153.56245892243584, 153.21255297031263, 151.3186742708711, 148.2029369821605, 145.53154763880858, 159.93288747521387, 157.2973970473652, 151.20130812778262, 139.8159086093543, 143.52960953705607, 155.70511432563097, 161.37709203383952, 162.98680488883494, 105.04037699955278, 131.78858177816784, 140.59222596906804, 136.30224732906788, 124.13077481170862, 140.93116149406558, 152.00791681851666, 157.06807873559805], "fourier_y": [146.66046028772965, 168.1677955378742, 178.70005944937887, 181.60935803465634, 189.17435881006864, 180.51361672057067, 180.55372615243368, 175.06431245682614, 181.4915438477296, 172.85426422149573, 180.24915344160365, 171.89785862883738, 165.20115103692393, 159.17796629227328, 147.02430750687404, 161.08388677922653, 174.0358003715411, 164.59831546354582, 144.60108879424823, 173.87165809870004, 185.46862865169712, 180.2032573232772, 177.5542133131811, 163.07564360630224, 175.87935421401374, 183.30126156779218, 175.76351354322682, 168.99974155423985, 173.02063616763175, 164.03629135513054, 169.01869591652954, 161.67365320943662, 175.90117344874486, 179.51601186082706, 166.79375253535522, 156.79052819137075, 132.38706439998546, 168.98322448608735, 158.5014875474335, 171.10420861406527, 171.4472012077607, 176.63442088512724, 180.90934395805272, 172.96239929740264, 169.917987780518, 168.59078367242518, 172.4369776843001, 162.78157029551792, 166.52047085051282, 170.8489796222872, 163.31672462348553, 167.56110157338512, 152.10263521002702, 184.97034968781352, 158.30726064084362, 168.84840294461674, 179.96888442795102, 146.76034535466331, 173.0350257898017, 180.42495550466901, 166.40106120311805, 155.20734543226408, 180.0895568579229, 178.8305234616218], "src_path": "/Users/hagardolev/Documents/Computer-Science/Third_year/sara_guidance/db_3d_models/db/16/m1651/m1651.off", "name": "m1651"}