{"fourier_z": [124.68821451436744, 126.33864513323735, 140.21444937347007, 137.15602389747568, 106.96430336334333, 148.78741558666076, 95.26949281404463, 138.33020137250224, 124.46277186049613, 126.6671319979669, 141.03988757446356, 136.06685318976687, 111.35430190855276, 149.34053025359637, 102.44139128176938, 138.1655507896624, 123.81213018669732, 126.83044673078776, 141.8403334545073, 134.9496488510663, 115.21119734600711, 149.82068521547222, 108.23904751886218, 138.13501901531487, 122.83080174759918, 126.77378226368263, 142.6040483748844, 133.837556330186, 118.619455292774, 150.1812033890848, 112.98913196237007, 138.2984836016205, 121.73468534993975, 126.46946117619193, 143.3091391439871, 132.7726365690388, 121.69854831956265, 150.38339676038635, 116.91786043168304, 138.69919280805524, 120.9249082946771, 125.92470589097226, 143.92716394343412, 131.81041757693717, 124.50382361845705, 150.39599554690193, 120.1652584762573, 139.34867582418903, 120.94491929611493, 125.19605940205345, 144.42667477335144, 131.0215117305246, 127.03881562292393, 150.19389601471693, 122.81695914529762, 140.22172442050402, 122.1727066209503, 124.4115125659161, 144.77598455976445, 130.4848166150435, 129.282309392316, 149.75688123556802, 124.92451710748662, 141.2638489448853], "fourier_x": [146.66046028772962, 146.68554170832357, 146.75240634976976, 146.83699939786072, 146.90244153244856, 146.902657655988, 146.7856804566845, 146.4957976154098, 145.30547181241374, 144.97197568258645, 144.28669966533246, 143.26297665379263, 141.9072598231243, 140.21901970073344, 138.1902471096712, 135.8044999753838, 112.57373119894743, 100.96380706579865, 107.13452607467303, 117.86529366213288, 125.18034730769116, 130.36179900037357, 134.248577917376, 137.28072749216375, 128.71997662345933, 130.85012619833157, 133.0607099286475, 135.32436219497964, 137.60367017497026, 139.84052598150674, 141.9676214375712, 143.92287349085652, 139.3006418050208, 140.03620593821051, 141.01362281740077, 142.06196682540843, 143.00861064022348, 143.7182532966458, 144.09865638793033, 144.0913745339077, 141.84741150276454, 142.5890726145534, 142.701986575324, 142.25379118176068, 141.31226474235143, 139.9620544160352, 138.3231941067191, 136.56431411953704, 141.44803929621386, 138.50257921934468, 135.6765719201361, 133.35846982345177, 131.78018223588904, 130.78478630135095, 129.90275346293853, 128.6126482102438, 140.5626252323516, 139.88380742747256, 138.36131002903824, 135.9152283194966, 132.52425638114133, 128.56279264782947, 125.77605487865775, 127.0027273697421], "fourier_y": [138.55115812556636, 175.9201821389229, 189.4557889802395, 181.14865259394847, 127.88120436016227, 182.74842959757927, 159.006727221962, 172.8078130008654, 165.08855165291567, 184.4099964013662, 168.88841750602876, 131.7631459447065, 176.69095942619145, 185.33933776996773, 175.40624193144413, 175.3892697305019, 153.0675985670015, 163.15383428530228, 170.79073321964333, 149.6483077976172, 179.05271942081964, 183.44704428739303, 135.39118643552155, 154.19296028352053, 170.89862561148664, 172.1320763469561, 170.54587975523492, 163.01364706787948, 168.49572129534877, 169.08919131717994, 170.47017766213827, 183.01812457008265, 162.55043528161295, 177.86623740299788, 181.73879165101283, 173.7197148594335, 171.55297276543513, 179.56179496481408, 178.02303795685276, 188.1222770417696, 181.156085820937, 173.5037523665461, 173.18897133813945, 182.7193218280138, 184.03731117186666, 173.4526225321115, 175.42071996826226, 174.9661091075132, 171.61083163463616, 149.97989731718292, 152.93568683649383, 178.86815028505498, 174.4101330805971, 131.20599730778713, 151.140236093844, 146.3938054471151, 168.74501744762563, 148.11008467688555, 167.15928272358238, 163.71826322276036, 149.6208827381548, 176.56245146809124, 167.85984621391907, 170.7003519259364], "src_path": "/Users/hagardolev/Documents/Computer-Science/Third_year/sara_guidance/db_3d_models/db/16/m1656/m1656.off", "name": "m1656"}