{"fourier_z": [163.6064174954737, 153.94193395939692, 151.7356073450027, 132.13100435700932, 138.5069388718553, 149.57521447123884, 159.00522128342476, 124.66043058680833, 163.341550327223, 156.51746327010588, 152.04121024812244, 123.29243004143676, 143.57611517227673, 146.0703081400166, 158.54081244514393, 137.9551548997114, 162.60073045045124, 159.5670819363333, 150.16172484074957, 117.67967377228949, 147.6286873976221, 138.74209165952357, 157.7659375785279, 147.28251802088158, 161.56325244961954, 162.24894239421846, 144.91199797805774, 116.33683035114367, 148.29457808679302, 132.2647476952535, 156.29833943301736, 152.87858151257427, 160.5369212765875, 164.26165459694548, 134.6767261540468, 115.53845383502905, 145.61569436454104, 139.9000168427027, 153.56220727225963, 155.72419693676176, 159.8160125483013, 165.46508705287803, 126.86304727807433, 119.45202610254864, 140.52772386488076, 148.63884018546418, 148.89897831333863, 156.1710682023488, 159.38829956776755, 165.78606880715668, 137.98358003148854, 128.26046332813223, 139.5951271303246, 154.17709956144537, 141.6551762513213, 154.1538657468309, 158.8158147839822, 165.2462082626231, 145.6516055730685, 136.1588705770976, 146.5162514794461, 157.42842476673437, 132.58719173311835, 149.11773929626156], "fourier_x": [166.27704534796413, 166.1172285766192, 165.44228356328202, 163.75906775010816, 160.38929695677137, 154.3247876757342, 143.38075050184455, 121.60902065051695, 158.65558948382986, 156.67208201281525, 152.97443190549413, 147.48826924835174, 139.8168125242146, 130.83465916308216, 132.32773787010234, 142.29247957426014, 151.6668554295766, 152.40240167121, 151.57621573892908, 149.09951181612857, 145.2617666832841, 142.53200466262376, 145.3073332050011, 151.1727780391296, 164.52618149337957, 162.4866307177037, 158.3187568832727, 151.62702898700584, 142.0073714273455, 132.1137254431953, 131.5198893126621, 133.97239482560477, 145.92589926841217, 143.17035819101986, 135.7598806097293, 117.76986817518389, 123.39491318478491, 139.89712687549033, 147.40740972878743, 150.51119406883168, 151.44932666891225, 151.7617597569881, 149.1920474806962, 145.14902787260863, 147.1581178089766, 155.37981980452466, 162.38024400239777, 166.8852269742199, 146.40712602555183, 150.52161274053555, 153.75980451081256, 155.28240667332793, 154.6296453382541, 151.18458332794896, 143.652865348337, 129.8819007079991, 117.68726907252787, 132.58236391790206, 139.5614260496023, 143.36326949888124, 145.52585479344773, 146.90627748745865, 148.04979612229272, 149.10728681969965], "fourier_y": [185.09671223725468, 135.65113157022523, 193.10619729599992, 166.56728708603848, 183.23266710013542, 190.93096333625257, 166.48310443704378, 181.5282468666716, 186.34485912863977, 160.23000599091637, 184.26291999741284, 170.3247796043791, 189.11974091409544, 179.8008750798374, 183.92642146587883, 189.63882568226953, 182.780077260835, 164.6653267661213, 172.352502346224, 168.3751486217841, 188.29042291314036, 186.26302038055644, 179.82033099244484, 186.21033089568755, 179.96836905379405, 170.80313815293835, 177.66451760011108, 177.16318436498213, 189.97011206354426, 190.32980563101165, 163.82308107814129, 182.15185571336346, 160.41832546536193, 172.88019259913912, 168.98059637515146, 173.9638890096469, 155.66360726379446, 173.9357725486028, 139.66259295900875, 170.8419853517821, 169.4724462516727, 187.05503684117502, 182.89276521998207, 178.5652417043122, 162.62294195122706, 169.18539015791168, 167.4608757874765, 174.87274071028304, 148.1860882674411, 183.69530999203386, 169.13055366033387, 155.68865991451923, 167.55526994728842, 167.32633367857827, 157.98558222659915, 176.42679459327982, 183.32434561173469, 181.19518067943727, 176.90144493137933, 161.75350311892242, 185.07137273591727, 157.14674511122556, 159.36762012454784, 170.0503180737598], "src_path": "/Users/hagardolev/Documents/Computer-Science/Third_year/sara_guidance/db_3d_models/db/16/m1654/m1654.off", "name": "m1654"}