{"fourier_z": [143.01402915185054, 141.553667600663, 127.86882801965326, 150.20482615730938, 142.39863452163823, 137.88542024959096, 145.62859501055758, 136.24870648893707, 141.71275804677592, 127.1508630045864, 129.66223597743374, 148.94328404327553, 140.84706145923823, 125.07077765674313, 138.30921656226076, 131.9460724729073, 137.63492989212241, 111.58033314786307, 132.9860639262273, 145.32531249024098, 137.90829516504712, 103.94045966185858, 131.09566028308677, 126.87920971104623, 130.29341568857086, 131.98155920708362, 133.67011603415915, 139.10406619716616, 132.8135049888736, 121.3859199779003, 132.88456934083848, 119.33377815381208, 120.08615402076833, 140.27087412525242, 130.96072276896305, 131.38602624333265, 125.0659821248864, 130.46408467243612, 138.90336447011933, 109.10915210113629, 115.51759185714145, 142.96310989545597, 123.98828265512708, 129.5012131312196, 121.80182529127586, 132.61196528701518, 142.6405270008359, 120.15192837415162, 118.2382936035996, 142.16918883521674, 111.29677884334481, 134.0816042901166, 130.11554179748975, 129.3917513961959, 143.44339855122905, 133.2543526945749, 117.44976775565304, 139.40333945669846, 110.97966837160527, 137.19137973917614, 137.36204908261692, 118.24062819008084, 141.12596006716691, 141.16648416259747], "fourier_x": [110.82527090316847, 113.53694862391407, 118.67646600789243, 127.09137350909123, 136.92912579882983, 144.42940753478103, 148.75738702270377, 150.09684313587746, 128.84356697546718, 139.12969671776028, 144.11053967919065, 143.24522724611157, 135.8187532910151, 119.53805344418703, 128.83694699281364, 139.68340617429172, 133.14704208027325, 136.38571680451554, 135.8921012255082, 129.0242135398621, 99.88194873170444, 123.32859361841123, 139.4768380003158, 146.0984114261279, 159.0919710290022, 157.24738614679546, 152.52131471823753, 146.67281247828552, 146.71294469669346, 151.7762288367366, 155.35684763341538, 156.25659685481344, 147.6147132697116, 145.86079846579773, 142.3921020101007, 136.214274835949, 131.8374200835898, 140.60142672352097, 149.42240808912803, 154.2952699686991, 142.84666243369725, 140.47652116771548, 136.8946170613122, 129.00420249854017, 118.9900640500469, 132.86323838858962, 143.53739832472658, 148.60324106128155, 154.54611475422593, 152.24552281600913, 146.05031132339394, 136.54244113611196, 136.32711036199782, 143.2866343599695, 146.10598714676567, 144.22763343624771, 148.36566807333585, 144.31003419190182, 137.46685736199186, 129.11971782640535, 121.5811033468083, 109.96849766526032, 84.35922730199951, 122.15323541198214], "fourier_y": [158.78317635913595, 187.67472120529368, 167.24354908741225, 168.64945723574863, 164.28858294391748, 179.52237481172438, 181.8873843041984, 134.94538120400713, 175.6058977095385, 195.6385644453911, 185.42358852768442, 164.06680297919738, 188.54557716770003, 176.7805561486307, 196.8565574716104, 180.85085610518124, 170.2520277355916, 165.46559056458366, 178.61135915810434, 197.35529304092296, 189.625752758669, 194.61087992021646, 201.54186139440864, 186.12461961626542, 174.23811150578004, 184.03756583428506, 175.177544803139, 187.64268586124442, 173.76074207057292, 184.37465394914184, 174.31005164117593, 178.57934720023636, 181.50613820380033, 181.11568407761456, 182.47763243001418, 195.33111603959236, 187.89117181168405, 174.59020400913997, 191.62178569674398, 163.82903044723588, 173.88065971821266, 187.312685775278, 175.32082222117435, 202.57243774425478, 193.56057855846072, 172.48779121279654, 163.12474325632837, 168.06585576195636, 148.45140545260512, 160.1258363973722, 160.60536618868767, 187.6519170950616, 173.97111977860052, 164.1349093080059, 178.38568304801424, 173.13751200371996, 161.45542313116846, 180.89099902432332, 166.95364764592438, 168.659907380266, 182.52305355234887, 168.86669758749315, 167.86864455574482, 161.84810844242324], "src_path": "/Users/hagardolev/Documents/Computer-Science/Third_year/sara_guidance/db_3d_models/db/16/m1658/m1658.off", "name": "m1658"}