{"fourier_z": [143.01402915185054, 139.48634657729662, 145.98541071441142, 163.3296403188781, 150.6996173694476, 131.67738811587978, 134.2892275748724, 131.9465066181059, 139.7156679068672, 149.0783302028866, 133.13603055407322, 157.44572040301728, 154.88377768436519, 127.90629325518617, 151.89134083341304, 145.3608661330171, 131.3693823388001, 157.4890955060934, 99.5128018166439, 143.61965242183678, 158.7554254097224, 135.40104836575435, 160.10400375345336, 150.88316337574122, 133.04686446474255, 162.55751710291685, 135.67913683446756, 143.28438151322894, 160.11084875391614, 143.00731661210477, 164.8751207644, 150.07346970671182, 140.89224348505786, 163.07245192532594, 141.8921650079347, 152.20692523589744, 156.92246437081977, 145.60978819955946, 166.9622930852592, 147.93798529213373, 146.35077120740186, 158.7774717330091, 140.55103064365372, 154.95568161604652, 145.5961301556307, 142.47108961663312, 165.39034084131453, 150.76459469282298, 151.55318466554962, 149.83745314175536, 136.1690096332004, 154.48285552163807, 116.64260865782938, 133.0071694518193, 158.76223776901037, 156.20772372006667, 155.9151779547729, 141.58159778407696, 135.77310951848284, 152.11305779340793, 147.93223854934413, 115.95372492031173, 144.30819471893957, 161.26352509616905], "fourier_x": [162.12425805239923, 157.51115314402418, 162.3033193729022, 157.94183071594975, 114.08657599481455, 155.1959018213191, 154.97350117392818, 150.08961776297366, 144.72727589367807, 135.18578386087643, 131.57642442667915, 134.8346815460519, 151.37727176719744, 143.23695580595302, 149.7119979832107, 160.9858941660562, 155.12866912099287, 139.09901947523898, 141.02901398217833, 147.12834638752108, 151.33689938208596, 149.0481044561128, 144.158011667753, 145.00522529655495, 155.24714520440145, 129.3086984012313, 152.63779483483597, 154.93357806268125, 142.85391657005542, 131.43161483805025, 142.73927873202223, 156.60638664531896, 138.39744594000788, 125.64185829513598, 131.37947100387314, 123.08748118665818, 156.24293654038334, 162.6707043227749, 151.5860902569219, 118.02824286694721, 149.86528910348056, 143.88236917116498, 150.5061811505923, 149.22773229748157, 143.25296312118132, 147.77201130150408, 120.43356625390787, 153.10132292890066, 124.28586020839718, 151.72073431482943, 158.65313482253154, 145.28461433101592, 150.61346134748166, 151.8374452953012, 142.80098318216693, 154.1979410613576, 140.252348678865, 159.11401774433452, 163.0999662664447, 132.9373975374416, 156.2938682378466, 155.75261751650632, 108.31752895937657, 142.3375201576403], "fourier_y": [168.63270606109182, 157.02585430653184, 163.7519447773563, 161.2244215409931, 156.06419270118968, 151.3980267986456, 170.80603433082825, 148.65737183508148, 152.91145570884137, 174.14627366258944, 151.39255267124602, 155.66565690375594, 165.04465889353077, 126.9991219283642, 151.6452612131546, 163.710289384561, 152.40042689088907, 162.46626885644204, 157.0933169773427, 151.1289523280405, 146.9526120125131, 153.63849610322447, 167.28853659853144, 150.87476005504956, 154.45578976722348, 125.68051780920692, 165.95033178468128, 141.9865821044287, 152.80124624270994, 168.05547795934314, 171.600724245866, 151.6576012298299, 151.50138316471873, 163.7742308650648, 175.64410028473543, 156.18988785389777, 148.49601481589838, 159.77396728700973, 156.99846646252252, 169.11953537650564, 147.1517929282112, 158.7662673386363, 173.07293817021542, 166.29839790924768, 151.99563439654736, 145.94494239245532, 136.04934935114997, 169.1329051532301, 161.01968582753557, 149.47161286575013, 168.802186480093, 167.2611622413876, 164.04410695648536, 162.9860938598047, 138.174997383539, 143.05411619439653, 146.47517510124428, 168.92609318368287, 154.21689592691993, 159.71405512266432, 175.98005155056165, 174.65365058380786, 145.47246797597225, 159.64614447615838], "src_path": "/Users/hagardolev/Documents/Computer-Science/Third_year/sara_guidance/db_3d_models/db/16/m1655/m1655.off", "name": "m1655"}