{"fourier_z": [149.74347388427478, 144.04985715103294, 134.94722403503695, 145.89249211879226, 130.334150289246, 128.0038721591022, 140.5515517983093, 142.10762694705116, 149.7029826663501, 143.06849220945546, 136.66226812058827, 145.7910026918143, 128.5175342926104, 130.48925799391276, 141.21938717594176, 142.11116053216318, 149.5813439323412, 142.09080308206043, 138.08878486412326, 145.62982677064022, 126.53348750273608, 132.9565168018318, 141.99642312243873, 142.08405105731612, 149.37806231054816, 141.1438578567182, 139.26582830933216, 145.4325424572602, 124.34668747930745, 135.35044653812855, 142.85630714730686, 142.02258929897485, 149.0923120819013, 140.26097392508635, 140.22319603983962, 145.224777608854, 121.9112217956577, 137.64541950998026, 143.7704891022205, 141.92340269631092, 148.72293828095184, 139.48016191150737, 140.9843425655306, 145.0334290919434, 119.16837867071358, 139.83266843326794, 144.711130191822, 141.78363186583826, 148.26846100697645, 138.8406546540902, 141.56831609579964, 144.88519311528756, 116.04568342922589, 141.91216199190532, 145.65308085190875, 141.60108204352707, 147.72708640103286, 138.37753841755796, 141.99110783440477, 144.804460368511, 112.46294208644478, 143.88784579168882, 146.57490160795507, 141.3743555341536], "fourier_x": [110.82527090316853, 112.3608363737891, 115.86073184091941, 119.73894448408147, 123.27830695914862, 126.30945297281357, 128.84489581027958, 130.9392614961992, 139.35153286663584, 137.69827545849776, 135.75318557774725, 133.4550814592281, 130.71881608275748, 127.42297184327964, 123.39244350660127, 118.38835841366942, 143.3980768391581, 143.35965915113587, 143.17043913192234, 142.83110010714833, 142.34143593603594, 141.7000517385001, 140.90402501105902, 139.94847790435432, 126.85598759204703, 126.59990623019365, 126.44884733738115, 126.37765030479369, 126.35608876968035, 126.35283329155567, 126.33854364878925, 126.28779160288154, 143.034470046621, 142.73739868857632, 142.3410833472033, 141.843405461526, 141.2424162822799, 140.53616747513098, 139.7225682819151, 138.79925569013065, 143.17613457132876, 142.6998432192553, 142.0933020463732, 141.353128033276, 140.47522042805463, 139.4548477336359, 138.28686228007157, 136.96614922374164, 144.80211312404853, 145.09257665674937, 145.32427637189284, 145.49274248260522, 145.59636778955888, 145.636579434791, 145.61807620230869, 145.5491073646771, 151.07540307322728, 152.22049280443653, 153.2616939554822, 154.20242658330062, 155.04587459837418, 155.79490020443865, 156.45203287786046, 157.01950728627835], "fourier_y": [143.01402915185048, 172.56439841395616, 175.09980653140565, 152.04108439393343, 159.87270978368244, 166.9571615632936, 146.48993335596344, 161.5763568847413, 154.06859470051035, 178.04117966459404, 172.39351605043686, 172.92363228192016, 169.6872331595667, 177.17841972027685, 148.4103614446589, 157.08877611261798, 150.59246225107438, 188.56703951651298, 170.87572668362984, 180.60869014430725, 170.696185356699, 174.76139376681547, 177.54817562359312, 145.1288805568363, 173.2069096987983, 175.80474709707482, 187.02139368938288, 171.0000161422103, 182.68658435534434, 164.80715352388216, 162.5876986373763, 173.84210530929906, 162.3869936476031, 186.80575804244944, 170.8927283052611, 176.75978754035324, 150.64650752924436, 174.0295506027084, 179.9507884755804, 170.84908015237542, 188.55822453082686, 171.631899241974, 177.77096224770287, 184.12649832073697, 173.89884906058273, 167.10663141974098, 178.23477978772445, 176.03941334996594, 167.04557939434596, 181.65925779994876, 176.3958693129226, 162.3034890157254, 171.96778989751124, 172.43890355748323, 150.16190334581955, 170.12694731640727, 173.65126605951667, 159.3302393501813, 169.18054168345577, 182.437355270176, 166.97373895972402, 165.25097934789875, 171.3181849198582, 148.781101664142], "src_path": "/Users/hagardolev/Documents/Computer-Science/Third_year/sara_guidance/db_3d_models/db/16/m1660/m1660.off", "name": "m1660"}