{"fourier_z": [138.55115812556633, 142.50087937204103, 152.2628291052494, 168.39519155667972, 158.97963309248803, 124.04372364094215, 158.9134181848595, 171.6968951560915, 139.04146305047783, 143.32861128320334, 158.19399413850078, 173.82383298240313, 153.6102447370219, 118.4038728105773, 152.63761791149247, 172.6147667528537, 140.3592700128101, 142.1742840730165, 163.88621457488915, 182.3751906982314, 146.37727998664855, 139.75157043747572, 152.03423133912605, 171.4470820695557, 141.96861974131988, 144.82954567921777, 160.57817173552803, 187.70392009807978, 140.6841465355551, 149.58508316945358, 160.40821315790186, 172.19654823918455, 143.01362683995276, 145.76319086416245, 141.98625483404726, 189.73742932062544, 148.7959465476965, 150.1294397122032, 160.17633865034568, 166.74654271954176, 142.537452157246, 137.63766939413017, 134.42206174811355, 187.68637989195852, 145.8424089295645, 150.9817529156719, 156.06560802549944, 138.19661380650902, 139.44790844040915, 132.31417326821398, 149.10559906648837, 180.14783180200862, 122.54201766339564, 154.99773235586716, 161.03340753034195, 156.69341991600973, 132.3912689096831, 133.838712496332, 151.67599753601542, 166.91965224721133, 142.7604141071532, 151.7072488519184, 158.89128359746283, 158.54916945218503], "fourier_x": [124.68821451436744, 130.98114344995517, 131.2693712776628, 128.62199805902827, 137.60420676724542, 138.75283609590278, 128.5541779106217, 133.06151971103833, 125.0761844974738, 135.87634952273447, 147.93283857809715, 148.22192794342, 147.59799006602316, 151.06859595818096, 149.36848200564648, 140.04444734786532, 126.14923855361187, 145.90598387379538, 158.62439488633223, 160.55856115013682, 160.1037700870716, 161.35912406083327, 158.55872422988537, 144.80996039973155, 127.69293054925794, 150.59387502417695, 163.1679625117259, 165.33236016559295, 164.93458599484708, 165.82698801825177, 162.82272370335366, 147.69638276832188, 129.47836494137226, 151.22473287453386, 163.8405708893251, 165.72771440366722, 165.0208427143497, 166.32375872667635, 163.90470093202853, 149.0335683518419, 131.32960508097918, 148.03424429531412, 161.22406346907073, 162.38123726281398, 160.47601757493146, 163.0369728219536, 162.27469643987405, 149.12661148655647, 133.1349433403885, 139.82419081148566, 155.7076292331283, 156.18014028211002, 149.5379219500652, 154.4891297510863, 157.83078019764704, 148.3487914053875, 134.83195286707743, 124.34944031463456, 151.3734439038306, 155.30223387103482, 144.94798463686044, 133.33426160095365, 150.0398825789729, 147.1443835890894], "fourier_y": [146.66046028772965, 157.9314163985959, 174.76741825240742, 152.32889768376054, 156.457829947861, 159.28206681683162, 146.20763857449347, 144.69798849943197, 147.30456619376974, 159.5725936194066, 172.2388841756, 165.5314889019601, 160.37733893821786, 158.68244822271964, 137.01882362179515, 141.9450937247551, 148.87566983493966, 160.5434544142043, 166.33149068542974, 169.5054488071533, 159.5445394645694, 156.37274697538555, 113.04522347877054, 137.14980639614083, 150.66527245183892, 159.44037088331672, 160.8337268771242, 168.42393736768628, 152.90933128436424, 151.2933593521659, 137.57476631086854, 128.12208601994934, 152.08887806769854, 155.43954879164116, 164.8702266249558, 162.2039427851668, 134.03583086454864, 140.53390611519427, 151.0680272293172, 114.78522004470251, 152.73694184259594, 148.00102952544592, 170.55601434525647, 146.49471276554195, 141.1979379997873, 112.44610208469717, 157.67201194372797, 126.32634969683272, 152.24075070673035, 141.07075049658366, 172.5893675861504, 135.28633284960426, 157.5910775385665, 140.16085718454124, 160.4966425522867, 137.60472162365795, 150.12613040713944, 145.5055983993161, 170.3239662365704, 156.89442358601877, 164.47523457717995, 154.2058746294995, 160.29908462577373, 143.3451946446504], "src_path": "/Users/hagardolev/Documents/Computer-Science/Third_year/sara_guidance/db_3d_models/db/16/m1667/m1667.off", "name": "m1667"}