{"fourier_z": [146.66046028772962, 140.9862325388122, 131.9508188139195, 147.6223414972908, 141.8997050724097, 138.01004426689644, 125.82298864794618, 147.06581873455656, 146.5795300519088, 139.81904567675852, 126.76312464787162, 149.85477295175423, 139.82970713044975, 138.95227739123735, 132.3239040265069, 146.06442928493183, 146.33622017248734, 138.5207921921565, 120.23299605276682, 151.61172326779183, 137.2387297605463, 139.34530547245112, 137.1833520803475, 144.97251054516244, 145.92898118180563, 137.0469848172093, 114.72417739162583, 152.94632494821823, 134.16576217976404, 139.20668080284744, 140.98426049080982, 143.80334030720053, 145.3552628643664, 135.34495025664518, 116.95633277061157, 153.8957511651121, 130.85311352236178, 138.52614469514282, 144.0239888584371, 142.56348467103598, 144.61158330664747, 133.35490811348652, 123.96007525153234, 154.4848079728588, 128.03073897908683, 137.2633294644967, 146.4740516469394, 141.24941671698127, 143.69367404184123, 131.0123308663702, 130.29346213273996, 154.72834619588278, 126.97946856039448, 135.3381953639361, 148.4414608273607, 139.84414062826264, 142.59676868822174, 128.25594178766346, 135.23609071486746, 154.63271586606783, 128.38024049926167, 132.60900519862233, 149.99643631290206, 138.31410844202287], "fourier_x": [132.7975166765307, 132.71611462654798, 132.47206908640655, 132.06606478142862, 131.49997154718778, 130.77812935338966, 129.90955910076195, 128.91154832595052, 149.2184831495157, 148.6430159440599, 147.87221651112264, 146.90234070961253, 145.73151149589836, 144.3603932952909, 142.79339862563432, 141.0406191908717, 134.81767123567852, 133.33006146276037, 132.69250186096716, 133.2071076106118, 134.77288311797759, 136.9742618654871, 139.38534811180122, 141.72746376874818, 147.39598628001917, 148.86413924597187, 149.80696508078228, 150.2725372756262, 150.29248251726182, 149.88927684508965, 149.08427280566065, 147.90990291264896, 139.56291236272565, 143.32685304920136, 146.4551655047315, 149.03740531163382, 151.14273141593392, 152.8223454552573, 154.1133174728753, 155.04176219183117, 142.62794215804524, 139.47414496179616, 135.58931073805275, 130.84107409181522, 125.32592195176369, 120.37636581685526, 119.65489895025163, 123.72138973598851, 135.51594168886174, 138.76354976897952, 141.2131082860465, 143.01479548168996, 144.25942440994962, 145.00141404367804, 145.27040523993955, 145.07720363185487, 125.07421601608806, 117.04391683879265, 116.63241068816716, 125.97392645804348, 134.36354069232485, 140.68107340867053, 145.51876082966825, 149.30662950780993], "fourier_y": [138.5511581255663, 152.14031595603672, 153.3430020064494, 164.55380737631248, 160.96641960288133, 163.68419320765977, 147.34183775396116, 163.48840037144495, 162.02935855273466, 142.24158832145335, 148.7700475484487, 172.99745358102564, 172.24830326485798, 146.5510149073849, 143.08860170706555, 152.81206562034447, 152.08322506784077, 169.59757942447027, 180.97881111037702, 167.0775079207221, 166.44221825856962, 174.98635967733176, 172.43922406641204, 171.76763869442598, 180.76893307210466, 175.4459568892042, 176.0942405129612, 140.47269701832565, 171.91599478989406, 181.67145695599254, 179.12368374714003, 170.46904566393465, 183.66354148217883, 158.54158101251738, 170.1443970482575, 163.18640094522863, 166.8423531802514, 171.7029455757765, 163.52510944503078, 169.04472204117806, 148.17098496361584, 164.28674278225122, 161.9217123029563, 163.33339611496314, 162.75023836694385, 178.26924099777816, 174.84805697657276, 176.04815483916187, 160.00754036826493, 161.2657493099401, 174.27420903228662, 173.83742085243537, 160.71081867808869, 176.9390345594462, 184.25699264965738, 178.3896249575261, 171.1476386114361, 166.71389234026117, 168.98615516476693, 175.7104241823528, 154.33007488437508, 167.36689872109136, 149.0560337603897, 136.39147271989128], "src_path": "/Users/hagardolev/Documents/Computer-Science/Third_year/sara_guidance/db_3d_models/db/16/m1662/m1662.off", "name": "m1662"}