{"fourier_z": [-595.4336475620684, -553.1656599242538, -562.8517196822884, -582.6828240097025, -566.0250273460275, -564.5100106294707, -568.3709271994246, -578.085352718917, -578.021760676324, 174.4079096332553, 184.02934811918743, 184.32373099482535, 176.61699171319927, 150.72624484671476, 158.39785438641894, 171.89006551592433, -573.3635776289594, 183.93181772699057, 193.35621460785143, 193.20879457361454, 184.36126711468745, 149.94745671218058, 172.61881762946402, 183.05316892196402, -576.8444123018123, 184.12719838723714, 193.14188791532618, 192.04022548303485, 180.43365645651897, 128.05354580507765, 179.27652858009722, 185.44903334099305, -582.2889612970404, 176.33386572275504, 184.3597324198889, 180.68371511002258, 157.88622489474523, 165.9664662707937, 180.61411267290222, 180.75146511942393, -584.9355668897307, 149.80565618120124, 150.6360026263417, 117.18463759246978, 165.18610601605678, 176.00978106086126, 176.48665565590537, 164.73137711511026, -605.843282153835, 159.14450768973262, 172.3520856197625, 178.61252904849243, 180.29469741032534, 176.67520688744173, 162.5798697891852, 144.9655921071298, -591.7132581498886, 172.41407595712158, 182.96165020836645, 185.00017980418454, 180.56909358914135, 165.61454967784468, 143.14439914425222, 172.79542576584015], "fourier_x": [110.82527090316853, 110.82527090316852, 110.82527090316853, 110.82527090316853, 110.82527090316852, 110.82527090316852, 110.82527090316853, 110.82527090316852, 110.82527090316852, 112.46772230328581, 112.24277567262789, 110.26341747645198, 108.55632132985397, 109.58702086751467, 111.88750410201112, 112.87243756035068, 110.82527090316853, 113.96026746574927, 113.74651398427807, 110.14356078302207, 106.0659251948209, 108.23811951752876, 112.85669799954555, 114.69074830759915, 110.82527090316852, 115.32129531382589, 115.27200249749848, 110.49467281280336, 103.39412472897779, 106.77461810269571, 113.73578711541191, 116.30992209386653, 110.82527090316853, 116.56557140838446, 116.77524934358786, 111.27688958090518, 100.67282411589348, 105.19565474555952, 114.52821044042862, 117.75490417629268, 110.82527090316853, 117.70509908381354, 118.22839812851501, 112.39829768480118, 98.21105634849509, 103.50650356517689, 115.23751455742041, 119.04632115231522, 110.82527090316853, 118.74974190360221, 119.61507892644136, 113.74775378729757, 96.54890457819678, 101.72378782907825, 115.86712673469506, 120.2011720112475, 110.82527090316853, 119.70768108441752, 120.92660459442926, 115.22295953029554, 96.2638283526179, 99.883916562852, 116.42023041519188, 121.23349353351328], "fourier_y": [-588.4955968568684, 91.19602205697048, 104.7015357204665, 112.2093282377792, 117.10825814216238, 120.44950740436059, 122.68798539852614, 124.04979583603291, 37.15306749243809, 91.95581421794883, 104.51929030737136, 112.20079639038418, 117.14037086180457, 120.31475326404292, 122.7948293959105, 123.82729805087234, 51.01443192537008, 91.45862933200988, 105.39784810199556, 111.19197603744338, 117.85542875458015, 119.49166643898184, 123.21948543184624, 123.33810525375134, 59.121102012909375, 89.52304937175178, 106.97178800798801, 109.12339294521072, 118.97582722737576, 118.02624903309912, 123.80598739575939, 122.69093818677776, 64.87105832466091, 85.74317855934672, 108.67788360374759, 106.00860512973375, 120.12351741618616, 116.10744035552982, 124.35076078180234, 122.06012964105717, 69.3291909181064, 79.24076482196637, 110.08530398356132, 102.33264861010136, 120.98535891595915, 114.24348356540668, 124.66479294315891, 121.66634257547705, 72.96983002603616, 68.8023673040765, 110.94038533669152, 100.11181430920347, 121.34438567820517, 113.37830597724418, 124.59616925545012, 121.70595572737636, 76.04599763321369, 66.15190484345464, 111.08849192633022, 102.09032093064741, 121.04073906733447, 114.34049437747093, 124.02483269349618, 122.24944631872185], "src_path": "/Users/hagardolev/Documents/Computer-Science/Third_year/sara_guidance/db_3d_models/db/16/m1675/m1675.off", "name": "m1675"}