{"fourier_z": [146.66046028772962, 146.40747711727667, 145.76566834257412, 145.07768029178345, 144.80017166375907, 145.1880729481087, 146.03690039284575, 146.84340341198808, 145.70373245015534, 149.19302737684654, 151.19512981567735, 151.84272761651005, 151.2805943923098, 149.61126460611044, 146.9117326975831, 143.26928625157348, 142.75287252559121, 148.36843373052156, 151.65051418921453, 153.1404967759123, 153.1863560548665, 151.99981227649187, 149.74850610610966, 146.65746268137272, 137.65599493975418, 143.72121981810787, 147.05312329230136, 148.383116041974, 148.14896432296177, 146.6630165330414, 144.30867194312, 141.74713872951622, 131.07092096607306, 136.0948657006527, 138.17182126403807, 138.1084526936467, 136.39575622093093, 133.72760690464446, 131.56252182436427, 131.51023527460063, 127.99196472670832, 128.47916474296974, 126.30570941494754, 122.10469632369366, 119.19764837397608, 122.67052078330956, 128.55072010594216, 132.83625081499483, 132.01858800325846, 125.4192012322768, 112.44107857891414, 105.54433485326918, 123.0170094553432, 132.82111479902446, 138.2838054977811, 141.00599577005616, 136.72642523435937, 129.072565831662, 113.39138117604324, 97.6122746100326, 123.59418295226347, 133.96614762279214, 139.3446416060222, 141.79112931390054], "fourier_x": [143.01402915185054, 131.57505346725603, 125.16998098483009, 139.46948668394583, 127.72331929852656, 120.72612418485873, 130.79081277040532, 113.06985647427082, 142.86463157525648, 130.76892911431625, 125.52518381065221, 139.63340535299102, 127.03146013434937, 120.23094763319342, 132.55502576409754, 119.29276813669415, 142.41245513990933, 129.60784109344732, 125.44888540715664, 139.42775286441423, 126.10817521007786, 121.1638839100862, 134.41440863589108, 124.21580593385815, 141.64508989803142, 128.0906422468573, 125.00064136880249, 138.84267382676714, 124.86602922950263, 122.91461309953085, 136.13147582216132, 128.05149660235966, 140.54020579339306, 126.22903159299453, 124.2499594432089, 137.85608569659163, 123.19726636710442, 124.81706687845471, 137.5671429146648, 131.01893217564478, 139.06261727498782, 124.06813324240684, 123.29437491593161, 136.43106160259225, 120.96058122019187, 126.47349839895809, 138.6472583918429, 133.27238372145825, 137.15900645482978, 121.72675631168036, 122.27921188851133, 134.51134970762843, 117.95510388527666, 127.70899258788694, 139.33120063824805, 134.91329909763343, 134.7483848638834, 119.46031557849625, 121.40812456234342, 132.01464306129023, 113.87124312199425, 128.46193102812154, 139.59107307817877, 136.00556927925487], "fourier_y": [-559.4070608392688, 154.63818659916623, 146.6579289388067, 155.8544145515655, 157.65818659173289, 152.96822054797502, 151.30891591924464, 151.42283509012057, 142.9894532870049, 154.38791851060634, 132.9088270150173, 153.8639213512163, 159.66796464344765, 157.66907010284913, 168.7866491020668, 152.98709310432676, 151.98639991703172, 151.78600746952878, 131.72085555679863, 148.22510349151597, 165.8756323398864, 159.9031627095015, 171.3152348588709, 149.8894782348724, 151.69666268162007, 146.2347312692902, 134.9605874050141, 152.35144345955632, 167.39757556938002, 157.89865526678926, 165.95829400745185, 143.7016250504036, 145.82343361929208, 139.34907775508313, 135.6837718758771, 152.98955473577092, 163.43773382921194, 152.5216136520078, 160.38546836146378, 135.96070216915575, 135.72775157767558, 133.06383776381335, 142.94626998384146, 147.09707892358733, 155.27381264891116, 143.57303902924798, 157.2993932298348, 148.26632597533336, 101.19280883237263, 123.10665940524879, 151.59794706536405, 152.7520936443986, 147.92317047870785, 124.44639444758467, 148.89983488972297, 159.95101553720997, 137.02128333005965, 100.93855963851895, 156.42481236322283, 160.14445398103814, 150.77546211968232, 142.6289632107635, 156.35262853933702, 162.77434053248456], "src_path": "/Users/hagardolev/Documents/Computer-Science/Third_year/sara_guidance/db_3d_models/db/16/m1679/m1679.off", "name": "m1679"}