{"fourier_z": [110.82527090316847, 128.38203089125062, 131.06403632390027, 122.21884734236538, 109.90366855893478, 113.50031638527499, 127.88623414005971, 128.2464239320634, 107.98850418955888, 128.13483896147997, 125.39440081630428, 110.71165048575747, 119.11937732355561, 113.24158856136606, 117.98301326608183, 119.20326668604878, 96.07084149641469, 128.9158640169846, 124.86271930856576, 105.65924977411258, 128.43636530501965, 137.43945424145846, 145.4730497305871, 148.6818469180314, 54.16880776616338, 129.53273392583012, 128.73284290373368, 95.39307096242062, 107.63984125129228, 129.13051242947733, 144.69002302659217, 148.8901785142776, 94.67828785520254, 127.28334805917885, 123.98315294316862, 121.5554519055017, 131.02593739632258, 110.28470127262757, 130.42910287494453, 140.33950309495535, 91.52872972806864, 130.21227510744825, 126.7772569137051, 125.57186581111202, 133.81080294838745, 108.1633829682135, 135.1292998691976, 146.1231303730824, 87.78248580199997, 131.41798910989968, 134.57791770687666, 138.71394858709257, 142.67621154308307, 137.86295874077973, 146.63491804703372, 152.75655591868332, 108.45761263142067, 117.6020760417284, 129.27802499424314, 144.54757901187003, 150.7891941960437, 147.98151537724493, 149.25981712687897, 153.31227145255414], "fourier_x": [132.7975166765307, 84.78402929158152, 139.14698114389034, 127.09417352900574, 133.20266274701834, 136.63960076845854, 119.09105609419909, 140.39651918772108, 132.55081427378028, 87.04552544652744, 138.7687179469518, 126.70951514810113, 133.03859566979116, 136.432465573023, 118.9172728780912, 140.2370479681073, 131.7976671534323, 89.12500913915822, 138.0240170532261, 125.91009128652077, 132.52586856772808, 135.86429442767138, 118.37522535732211, 139.7132705744286, 130.49629439957465, 90.91170322399859, 136.88271684122026, 124.65859143342794, 131.64676154333813, 134.91382810904935, 117.44513984855095, 138.8072211285903, 128.56704541375626, 92.43914104698968, 135.29570640623024, 122.89152460165447, 130.36921856624167, 133.54375567716295, 116.09147806500087, 137.48497059147834, 125.87255650615631, 93.78568787939359, 133.18597049035694, 120.50527334789827, 128.6416726018268, 131.69432245502534, 114.25718626780034, 135.69085908025414, 122.1767414810485, 95.03415336792824, 130.43157209505821, 117.32772142956797, 126.38331166429211, 129.27122769100424, 111.85328542172626, 133.33638148950658, 117.05961238717663, 96.25278264524921, 126.83127790075844, 113.05547891467377, 123.46522760919709, 126.12170007403014, 108.73977384404398, 130.27819592988098], "fourier_y": [110.82527090316853, 108.87573014464452, 101.77269140382111, 80.14491388090278, 91.068930287703, 111.03080467381807, 121.29214628517272, 127.87511721417377, 114.94677881106239, 112.62868409390352, 107.89538804505669, 94.24222041722892, 84.58211714074112, 111.33948777222942, 123.34914607419053, 130.88329983100394, 122.29960310661116, 119.71129442735766, 116.63593686753282, 107.7241354713284, 92.53001861231792, 112.22590021039483, 125.61381120619359, 133.62559764329313, 129.0616286068017, 126.44183951819167, 124.36872392529679, 118.2407236804991, 108.17579672657942, 114.28160078780252, 127.16878961782388, 135.20507768564056, 134.73900304508075, 132.18033534067246, 130.8158553405297, 126.48189381014832, 119.676274282022, 118.85420080254706, 128.360747484779, 135.68269157986745, 139.41203574321509, 136.9099769348961, 136.07506459309323, 132.95487555354356, 128.13086377614462, 125.19041180299782, 130.14652077617393, 135.59330993280722, 143.17438531272808, 140.66847156928577, 140.23451047224097, 137.96771572329226, 134.46010618240302, 131.4199128400891, 133.1450148542604, 135.87680925358956, 146.08221924812244, 143.47504569810246, 143.34648028540988, 141.70076710316243, 139.13549853783175, 136.6010273842463, 136.89956245940618, 137.38110642719502], "src_path": "/Users/hagardolev/Documents/Computer-Science/Third_year/sara_guidance/db_3d_models/db/16/m1673/m1673.off", "name": "m1673"}