{"fourier_z": [110.82527090316856, 156.32278774275812, 140.57613823886982, 122.50027834795065, 150.39871169625164, 173.9218156081825, 160.43881606255172, 123.13663315988148, 151.80313310081164, 155.39806347083325, 153.61383538995509, 164.37713748685456, 162.66427876748673, 170.8141418339926, 149.6834233113904, 162.6059924151042, 129.83776074449634, 151.78655677361448, 135.3769645872879, 145.77691442443185, 156.54698135509844, 175.98671865630766, 152.69261121833844, 145.17191530055467, 146.82836634341615, 159.2801388551766, 146.80806299282847, 154.26559516074494, 159.95578354649336, 168.022073366873, 157.11892534664065, 130.80530437743028, 143.00559928872698, 143.92257845921267, 138.87397241907513, 150.891324677308, 163.64583596589017, 171.38749811313073, 162.15375264872546, 132.98765308201104, 137.3072580176314, 164.83303776377593, 148.39334829886192, 157.95392222386963, 166.42102800611354, 166.08906876190753, 152.08277754578825, 143.51442305733792, 150.84993017076778, 148.9348018741008, 133.90671490228775, 155.78935969650308, 164.4108342195289, 163.2457880592065, 163.69387149139385, 156.41300282360368, 132.22330723111475, 168.33251899405536, 148.99286623312102, 160.28534338615702, 171.3234613209105, 153.6135048822805, 159.9828224136986, 143.65612242642837], "fourier_x": [-569.9617423557148, 106.75924217585617, 102.3752096378796, 130.4034544303104, 122.49316148128176, 141.7473247678185, 132.380202098634, 147.14963891860242, 108.0678888193264, 99.32022661954827, 104.38818973687432, 105.27091833094225, 122.70521650441549, 128.13894153320086, 134.21699249421283, 136.13129664796523, 118.92361107299425, 115.45562541997842, 98.07081855661289, 114.0001066543722, 122.30258237128851, 113.51078715727755, 136.11780669919517, 116.27480119622122, 125.10187082635176, 110.12690991938126, 124.22441038277375, 91.33636757904215, 124.80952730632056, 128.7509577546351, 129.6345902900992, 142.82629235928135, 130.89700871578395, 128.85092685908285, 122.19043714168816, 126.82294908092572, 112.70088535448039, 130.56030506353517, 117.4887609428583, 143.07940880053224, 134.15873439619165, 137.81860199626982, 108.89620679524052, 136.16328552753623, 119.11650613595378, 122.6860516999345, 130.29506789823938, 120.44955722003871, 132.61440335878422, 133.53479565481757, 135.2405520898226, 128.16469421749898, 137.48775648796385, 103.72241751176917, 135.23326390454915, 131.3829912381468, 125.16142760574895, 102.23203998549464, 139.06723344084878, 117.95474586294992, 139.50287088176387, 126.96637612966306, 130.51514063141013, 144.23048017147337], "fourier_y": [162.12425805239928, 140.48298237052518, 132.03413486800846, 144.4940942964635, 159.82502890490449, 122.2174217659259, 154.31388753436264, 151.13580609374768, 156.75294999843584, 136.71076020510216, 144.89116278435924, 145.19212187312473, 158.42569233991009, 118.9598572504962, 156.17687672492903, 151.87241901525118, 132.27638167709281, 145.05644809457107, 148.5605453437359, 144.98025771771256, 145.36278375345339, 141.78807364181048, 159.44052721769805, 134.303088325013, 138.47527367029113, 156.35451727518915, 141.34071343840918, 146.38926189831434, 116.3690432512301, 152.2003047150668, 158.43425362875197, 149.89856115589643, 154.62281097641335, 162.27014483783262, 132.95331808734065, 149.05158529012715, 128.2777419731351, 155.1633920544584, 148.92039495764266, 156.7683890756588, 161.77032595263358, 162.78358320836236, 150.26400328204727, 154.17515760491054, 144.1867709803738, 149.67299407647155, 155.2058792865532, 150.23453523952122, 163.6907996035839, 159.49615493606876, 155.42281096833608, 159.2066429443585, 156.16510063603903, 144.04069523282084, 164.8132255578133, 152.05197145687595, 160.01507955821472, 159.47501152994946, 149.0215270526414, 158.40526877112922, 160.54065154257214, 156.6466821716147, 163.0821266934444, 159.5147750060059], "src_path": "/Users/hagardolev/Documents/Computer-Science/Third_year/sara_guidance/db_3d_models/db/16/m1683/m1683.off", "name": "m1683"}