{"fourier_z": [154.7697624498929, 172.05467797269358, 172.98958378643007, 163.1605811616174, 133.85634494599057, 162.36087283271485, 180.420454508824, 164.54708048723418, 166.9808188700385, 176.73297181508477, 182.99292524463982, 158.82348472922874, 167.90914332084398, 136.43574380443565, 182.87312732482883, 175.8577575365248, 166.4482938542632, 165.92462625414493, 173.36312739674014, 177.23334351167784, 166.5859829161373, 163.84981476252267, 165.262602680945, 123.02525602704536, 174.5415206711886, 187.68298913368318, 167.61188788521002, 169.97843368153315, 150.81057348020474, 166.8669902596574, 166.49866324047508, 170.36061696323426, 172.94738752148504, 165.94777390573083, 178.2417805553273, 168.17924780523776, 167.73002735315293, 183.50170661951125, 174.23761400799495, 166.15116919052767, 166.9466600514842, 173.95359188866507, 165.03409231988766, 168.26131449572273, 167.89824478953432, 173.46044784820592, 175.5518700104705, 131.48054514003147, 185.79807954144394, 181.1280322446833, 181.11384830295162, 141.7401836606206, 159.46249822198757, 174.96768993414705, 170.4307229197592, 165.9617465818318, 166.9907616756498, 180.47832673541023, 162.3494830784136, 152.2717733151722, 179.48533679995853, 172.2854636243144, 165.4596001849867, 176.9965690951136], "fourier_x": [146.66046028772962, 138.01257808306823, 133.95110918945906, 145.28120426402086, 135.27906094596807, 138.98552377859824, 143.67821723436626, 139.53827732626874, 145.86033376778465, 137.15534183094707, 133.06679636694426, 144.50793975153712, 134.5027525328357, 138.2044546227856, 142.86667998992075, 138.7253147834797, 143.32144178989634, 134.4239657725698, 130.24418189743346, 142.05954773975841, 132.04374595288698, 135.73153342972216, 140.2899944912288, 136.14337879206028, 138.51454461249733, 129.19715371753438, 124.81883158706403, 137.44986228096587, 127.4090601508616, 131.07745987784864, 135.40413083408768, 131.243681614781, 129.90694958009473, 119.58711190683314, 114.74391661397405, 129.31173624439137, 119.20185933742749, 122.87931664407574, 126.6265340961171, 122.41993773002008, 110.79939113544339, 96.13394387219313, 90.13580846084838, 112.2524366354572, 101.72413918168793, 106.10778284682054, 107.06139031244217, 102.42773144645625, 102.93192084367686, 103.27981636892753, 102.8237791943678, 97.67912941983911, 86.62898474349524, 96.56992444976608, 102.90772483289408, 98.2275161583232, 127.3939103085917, 121.91436982527058, 119.3051424392, 124.52118646444184, 114.5703429369661, 119.08050389168, 125.17211432048748, 121.01864405271392], "fourier_y": [132.79751667653073, 127.65409456059344, 124.37703850939033, 140.6016679848962, 137.82873391622462, 135.30466775971848, 142.15885150799068, 135.67918877420428, 132.22352741649027, 127.0206271980541, 123.69372961037163, 139.93487367666492, 137.13147247869742, 134.57943783923318, 141.48917547846187, 135.03607124315025, 130.43123610403035, 125.03554103659633, 121.54907521404067, 137.8401409469996, 134.9364238502748, 132.29107514443308, 139.38514578707478, 133.02210443081484, 127.17114086787056, 121.39348481821489, 117.60156024733601, 133.97330356146904, 130.86359314930365, 128.02053832933098, 135.50015708208008, 129.3343673740174, 121.84437448787796, 115.33303594710227, 111.00891190743921, 127.45092368093313, 123.91684891092135, 120.63867534148858, 128.9445130287781, 123.2347907278705, 112.85034230337075, 104.6505165362518, 99.57107710475336, 115.52942303787788, 110.8601878263517, 106.19298176777589, 116.96350892504248, 112.76797981290125, 93.21397189585177, 78.06638098973211, 84.23439446950209, 79.75763879538836, 78.65555047997812, 76.84387478728144, 83.64974384518766, 94.17417262447702, 86.89550495727576, 93.93642552452853, 99.36045375637391, 110.72724357666301, 111.41359452585749, 111.2375899208329, 112.8174281267118, 106.1620065108241], "src_path": "/Users/hagardolev/Documents/Computer-Science/Third_year/sara_guidance/db_3d_models/db/16/m1689/m1689.off", "name": "m1689"}