{"fourier_z": [174.38634751012742, 163.70223515413343, 173.67590275331705, 179.67826984694196, 156.81477401672777, 178.17146408336242, 131.20334794841222, 173.46847770741195, 177.57030465309086, 163.96640989552878, 134.62284392159833, 153.92502933262608, 147.82249644077785, 151.3661825067111, 134.68718983332502, 170.13316966546117, 164.9923468955168, 168.95367538360148, 177.11452985722866, 161.19417337520287, 180.32965940710255, 163.98861395373572, 167.2134188298361, 181.20144350844046, 181.29313034743345, 156.77099009973438, 172.74569643240272, 185.54061484650717, 177.81654757512115, 186.70590369945756, 123.12391130304447, 184.12904701916491, 153.96511574074475, 175.39997594495424, 159.60341879527454, 176.21695036596947, 152.6213900203693, 159.40531569450414, 182.83328005789213, 181.7369222611551, 138.14385535784157, 148.13703978366848, 168.5681946601014, 159.87776522366462, 154.29975763936903, 159.21391589423737, 171.49596777891188, 156.82478830595326, 167.5617287597838, 180.11784911518245, 153.9267761445516, 174.10738356200562, 161.1267754063334, 164.06396420193488, 184.51011965887426, 164.7567477428461, 159.837291544143, 189.2263763141909, 176.55514292708574, 180.47922244502143, 181.33820462047237, 166.2038633597507, 188.35712884685822, 155.6042697503426], "fourier_x": [-591.6437042552687, -607.7380833796097, -581.6373854521897, -596.1751693770619, -589.1751034759535, -600.8066115740103, -578.9460988066294, -594.9287449249891, 64.87263750292803, 69.26260813754733, 56.92396391409887, 82.10845607900204, 83.0946384680463, 84.99570898677023, 84.65397396722749, 84.57661494742395, 78.71504231365672, 83.08125289480014, 70.7016163276655, 95.90829896624328, 96.89123722369344, 98.79374770026934, 98.45532211620743, 98.38430878525037, 86.79008636882953, 91.11672067410922, 78.66927496980487, 103.91227933218005, 104.88980018862362, 106.79471028491628, 106.46183635918257, 106.40143179149108, 92.4957101030615, 96.76698822965218, 84.22572954537182, 109.51814527790796, 110.48805983963427, 112.39632848937858, 112.07130316967147, 112.02581965267467, 96.89674709937628, 101.09694120101302, 88.43709762448395, 113.79045786157874, 114.75055567558533, 116.66314024808436, 116.34833878103669, 116.32215808091152, 100.46745448745745, 104.58090574361427, 91.77945503679085, 117.20311814088882, 118.15116161903381, 120.06901649209043, 119.76691775805946, 119.76451196572006, 103.46076414313386, 107.4719013454451, 94.50822219899905, 120.00861391369669, 120.9423332868611, 122.86640759050796, 122.57962181640127, 122.60557493785976], "fourier_y": [-568.3417016549986, 137.7906791089582, 151.2208982439285, 140.25897255591053, 144.0272055902847, 138.54208590011683, 147.4459527305442, 148.2641445946699, -568.418687163492, 137.7310701849858, 151.1547150461122, 140.16523963582753, 143.95098162861126, 138.4764569650598, 147.38211514804473, 148.18618950000047, -568.6506212489008, 137.55176256512033, 150.95534899478005, 139.88226451453576, 143.7212531626798, 138.27906453633977, 147.18991210170168, 147.95116027563023, -569.0404846958689, 137.2513031443967, 150.62030842602152, 139.40458156890406, 143.33479254561394, 137.9483899001263, 146.86724327970683, 147.5554933766753, -569.593410239522, 136.82723530719588, 150.14529487690876, 138.72260348809058, 142.78602092412606, 137.4818987317653, 146.4105077066153, 146.9930009414761, -570.3169456345576, 136.27604862008195, 149.52396709970517, 137.8218177991288, 142.06668544945515, 136.8760480784302, 145.8144443708337, 146.25446224262066, -571.221455530349, 135.5931135287135, 148.74757217168226, 136.68146140716505, 141.16535580704982, 136.12632410319173, 145.0718907288741, 145.3269716524425, -572.3206994717788, 134.77261016209079, 147.80439560630725, 135.2723945908605, 140.06667748022073, 135.22735110158686, 144.17343834407507, 144.19293902531837], "src_path": "/Users/hagardolev/Documents/Computer-Science/Third_year/sara_guidance/db_3d_models/db/16/m1686/m1686.off", "name": "m1686"}