{"fourier_z": [110.82527090316844, 130.50625764443762, 131.31230617421488, 99.6485948726725, 131.45415421798535, 139.12089139082929, 133.6331652882834, 121.2357316868591, 146.8880847210887, 142.33668458997917, 123.62409605201158, 144.50664902330863, 147.32973553368507, 135.44095725123114, 145.85526776085044, 154.13504819700708, 151.61437645892383, 134.78203253398357, 138.0657656918476, 153.69398126692522, 151.32048937675233, 133.8848979367952, 148.40698562134034, 155.25244722836482, 134.56441108275519, 119.54380525744503, 126.40148910911036, 133.04130583497638, 140.44340532579494, 144.8235795728746, 140.83457310786147, 136.35613498738442, 157.86693502302623, 149.79261363959574, 108.02662214407749, 153.0327073673038, 158.29519720693162, 149.3825839339085, 108.88240466274954, 151.603900994055, 159.23106691457932, 149.6665868999741, 115.87028548024777, 152.51141621130665, 156.90158430515578, 146.81534491937686, 134.7322462220006, 154.0808763413398, 150.173479186047, 130.6077350497922, 124.14647017108419, 140.1949739302578, 140.20447684266634, 136.5753208259048, 130.95052060374627, 111.67110582600914, 163.13173045060165, 151.86504004716005, 136.24449763242177, 158.7687988145907, 158.40879734812913, 139.22181369857643, 143.58795058677322, 151.87157738398935], "fourier_x": [-569.8848298557879, 115.45617267722886, 104.52693406568018, 102.18528493564281, 105.46299263471596, 118.9164790150153, 114.68073680652702, 115.54730070642302, 72.98246644584134, 113.65106508514737, 103.8636561821458, 103.8498454918776, 105.86214085618089, 119.78286791430506, 113.0726244123374, 114.18507581720047, 86.826456425327, 111.52867802387406, 105.30350765995823, 106.46697410460325, 106.0970021959841, 120.63183409411073, 111.12258607518837, 112.85892632933623, 94.90415854929705, 109.12605310633565, 108.09371356555758, 109.40836148885998, 106.16688514985233, 121.43022498642208, 108.84216863206586, 111.73109532990559, 100.61353754784506, 106.59311850107558, 111.29758762296987, 112.30243022744907, 106.07063456463948, 122.15810599970096, 106.33076634076608, 111.01618358277452, 105.01946124742847, 104.32200024915922, 114.39785693234343, 114.99126281584763, 105.80637645176013, 122.80511002846156, 103.90323835127896, 110.92490609232767, 108.59623120220812, 103.03867808390768, 117.20884190321625, 117.42787919565302, 105.37157732504758, 123.36760145411701, 102.25185846621402, 111.56477902632149, 111.59683419804117, 103.47549832228597, 119.69407174811454, 119.61238795288075, 104.7634774512062, 123.84669300265494, 102.28153567362386, 112.87490152405354], "fourier_y": [-594.9287449249891, 69.29126567563243, 83.00061627934456, 90.85280770733974, 96.244100834412, 100.23690302428506, 103.30221739744115, 105.68877985413039, 76.04599763321364, 69.71237321969014, 92.00483170998328, 92.01884245717349, 99.69848373592244, 103.90166421776796, 104.44710995377034, 110.25673690718355, 89.83146355104866, 89.90751339851133, 96.518872560885, 101.91878416006293, 101.88691005414759, 111.89632214263045, 105.40193532150633, 117.74403713871817, 97.81136828020612, 100.54820194530262, 98.04469948617454, 110.07698490140999, 102.75199014939248, 118.36835074959815, 106.79070997253271, 123.59249528552063, 103.38328644976994, 107.56872096920037, 97.06282269664001, 115.98656079102997, 102.8391124460494, 123.08296664569838, 109.44626778521325, 127.7582979285153, 107.61153127660776, 112.6310986473071, 93.28575281076176, 120.29255597228135, 103.18615545686984, 126.44652816994997, 113.41346487842497, 130.61580877049647, 110.9696763880296, 116.40878537742668, 85.56828134284686, 123.41291916477536, 105.05901950512417, 128.74960011298927, 117.93968521432062, 132.4220129016892, 113.70979549160337, 119.24072872052687, 76.38107977412335, 125.58836581695687, 108.73666875548378, 130.16366619797503, 122.3121376361152, 133.3222230887882], "src_path": "/Users/hagardolev/Documents/Computer-Science/Third_year/sara_guidance/db_3d_models/db/16/m1680/m1680.off", "name": "m1680"}