{"fourier_z": [156.87697276304942, 141.55781370439504, 145.35137068935933, 122.91672214574501, 120.92477346541473, 137.1163037712685, 122.35613819569011, 123.15999466066658, 152.0415237291336, 128.0816250966487, 123.29740383000855, 115.50181296574857, 104.50600373670355, 132.66792586662976, 130.27623817073263, 125.21669208852913, 160.4945909137735, 139.9170592283208, 155.08615898483922, 138.9572146138099, 131.85464586948189, 146.581839361493, 129.7913173220363, 148.85150501519877, 157.20022197942086, 129.31433956912903, 148.63778795993068, 138.6809643264108, 145.56249350175753, 133.96361379474268, 154.59960422795743, 138.82093149296202, 139.90880439681382, 120.70065007405151, 151.9694286082628, 147.70450886427778, 156.0728321610942, 149.24094676506206, 155.7759374620949, 147.31761349833067, 152.44123563236494, 121.36616334801971, 126.69312807890877, 122.2828310016513, 155.43402862343885, 132.93336670153593, 164.9419661411218, 124.53821423817587, 161.9305578260648, 115.32354523660736, 154.08520657052318, 150.99120043165863, 151.14064751103282, 139.32502987641232, 151.657709823506, 140.1457367512623, 166.2898181072831, 139.4088617537861, 151.22766463481946, 131.6697411611571, 142.20016562608586, 154.43995222143596, 143.03145579279663, 157.7871863747337], "fourier_x": [160.52340389892856, 131.56267871772522, 140.4201703238013, 145.41061816497984, 130.85540032745328, 138.23914447818612, 144.67809301402428, 156.25559099644371, 159.11689496307363, 133.55112749142387, 132.40438645543878, 148.26147027446206, 141.54446339357173, 144.46641960868317, 147.890934766045, 155.92551157008714, 156.2310506429997, 138.18731159866152, 122.45215612277391, 152.05515281150963, 150.01533450675225, 147.15052030584025, 148.09668540371842, 152.0617727573095, 154.9331626924116, 145.81987268144792, 136.83308626121115, 156.74768110304183, 156.3127250165692, 148.5534049920833, 147.35448351556673, 145.2309305154539, 154.4424013819315, 148.4995252889925, 141.73285545035267, 158.5131619220358, 158.6488520877197, 146.8900048611691, 143.78403493571938, 136.42339230112728, 150.86810474222807, 143.9451922407344, 137.1510010806583, 155.24905068464844, 156.0111063127309, 138.41228497148182, 129.25163447762225, 127.46647208736738, 141.46146245588398, 126.860755260356, 134.7150067189617, 144.3205350797375, 146.644541547098, 134.19355358714745, 127.18214842603098, 138.19397922044584, 125.7942240223972, 118.77904010698117, 145.30813953458022, 110.92924152274436, 124.75836555671633, 148.52585210728213, 148.50413845084452, 149.19881674817407], "fourier_y": [164.98627492521274, 174.63804169441954, 169.3800837768705, 165.63602694539452, 168.81154443956493, 157.75140264512618, 165.29307825438693, 162.700796329088, 160.07546182779592, 175.16495407856064, 167.967908681381, 158.0191223940412, 165.58339370282505, 159.69587738528077, 167.46760112121558, 162.32312100385118, 141.53669132965317, 164.90235643923808, 152.96223642436388, 161.32568325176337, 156.40746652268754, 156.66308834291308, 166.2425424762823, 142.36678661272413, 140.08495062230367, 138.03493283038608, 110.15561720139473, 173.01883754678698, 150.86939511989013, 151.73679753639755, 163.29318587279454, 143.8314879801168, 142.53875661927623, 143.41511633289565, 133.2388811228774, 172.1167556825032, 148.08726531035484, 149.01177077853606, 156.5334365882629, 151.23363900616377, 125.88280988247763, 122.10636888744497, 144.846098004169, 157.89927313400486, 144.47455429532982, 149.2070200921516, 157.697426624974, 115.62224195659073, 157.39098633465306, 163.93880401945452, 164.16393590046513, 152.70962489585983, 150.9093347236658, 152.53558123613166, 164.4026057476491, 162.5320711917356, 166.0076706231793, 173.70425018681084, 168.5428266844915, 155.81075377216885, 152.80426738063875, 155.99783380458013, 162.17995697280082, 172.87612763611224], "src_path": "/Users/hagardolev/Documents/Computer-Science/Third_year/sara_guidance/db_3d_models/db/16/m1685/m1685.off", "name": "m1685"}