{"fourier_z": [-589.1751034759535, -585.7104358024915, -586.9436679628114, -596.106575281553, -623.8324625039508, -583.7137790999722, -592.8090424178283, -592.2358978518685, 151.5652628716517, 129.15867933623935, 153.01377438042874, 136.53464856396997, 137.03931998421666, 152.97459746111076, 142.0247307215751, 134.0331358311642, 140.3194981815401, 104.77539356098444, 135.69772162447848, 132.2403667367704, 133.2245819199698, 127.87438037809468, 90.02875892303906, 132.7043051512464, 143.6934362527597, 127.66290679035835, 149.35086648770277, 91.89767026151995, 107.51700707456367, 150.5839785803925, 141.0787604922574, 89.67447395773863, 150.61747146661497, 113.34763322667973, 145.4306376138935, 143.2401958362301, 144.1604872992105, 137.56321443949741, 104.95982903408466, 143.06926250639222, 110.83901291022114, 116.14802517830992, 131.5445035736791, 130.78745355036503, 134.17783438776195, 138.34619278898725, 135.4171434062096, 129.64255077063547, 152.08912922079773, 120.54445248182553, 149.00210603555809, 142.4415778699842, 143.0508870656652, 144.7694774301164, 127.52234748913496, 141.569537594943, 135.78547990890328, 117.65114384085541, 138.8518456685984, 131.3686079150767, 133.4067128930752, 141.6502444433998, 134.91262744140408, 128.9611890005099], "fourier_x": [110.82527090316852, 131.67243934887793, 125.4527086073111, 121.40112469506626, 132.41593098470963, 111.71804516740161, 129.76945935820086, 127.74813627145782, 110.82565337995945, 131.96687705464248, 125.71600524371252, 126.39450449317833, 135.14662483224774, 124.8602920209863, 132.95572810230448, 129.61587807347672, 110.83136274535934, 133.39565063948314, 126.62364437083414, 132.34280519393667, 137.51547102746142, 132.53591920112748, 135.2725727733681, 131.81235468361965, 110.85585476107802, 135.17182539868722, 127.84624054644576, 137.07880655526085, 139.43654492210803, 137.5319476358605, 136.89481169688122, 133.66878928813077, 110.92066226445901, 136.62147450684265, 129.078423824829, 140.47980963365552, 140.89598527324853, 140.83838040187433, 137.92553178254602, 134.8241306519244, 111.05366221472038, 137.37233322710287, 130.1125126954185, 142.7340753128794, 141.90459068012595, 142.89769011636386, 138.42764250630233, 135.09092490419516, 111.28606362507921, 137.23032342331342, 130.82772786701636, 144.0046729652703, 142.47869029941944, 143.92958626900378, 138.44019083757155, 134.3220843619423, 111.64802276399286, 136.05732727972799, 131.15727581129275, 144.39983381184697, 142.63321111879563, 144.04002268351607, 137.9882079702334, 132.31549690433053], "fourier_y": [110.82527090316853, 112.53589927280214, 113.11719745824118, 108.0147782846044, 113.65534282329128, 100.59718839111872, 126.6410847015249, 100.77755808020696, 112.33026774243382, 113.906364646709, 123.55447746932427, 105.75227781998262, 107.37855320965623, 122.63966981663928, 130.61626829941576, 93.0968105331423, 115.7909698898668, 118.22757026614534, 129.7675848784294, 115.4293741382122, 120.23372141410087, 132.77534372945578, 134.30087186746584, 103.60913482226283, 119.6733726010579, 122.50611847568096, 133.80751712741977, 123.6325998711352, 129.4802475227904, 138.8912376311406, 137.33171365752608, 113.13946015724662, 123.26479720117716, 125.81230707954488, 136.41506626159892, 129.3175988966756, 135.35896611747032, 142.904403610909, 139.64528015782767, 119.50387326196157, 126.38846059943631, 128.07448922848425, 137.92335844145097, 133.28547467487536, 139.22394023010574, 145.54067251013774, 141.2657351266437, 123.92067821196133, 129.05112808419403, 129.367845729252, 138.49008866327586, 136.05775048852908, 141.72336979462065, 147.14292882229935, 142.2309630708298, 127.07233810529138, 131.30415960894933, 129.74699264464158, 138.17833418892866, 137.95707284834054, 143.1935431443639, 147.8921292382604, 142.57083169395887, 129.34152612964198], "src_path": "/Users/hagardolev/Documents/Computer-Science/Third_year/sara_guidance/db_3d_models/db/16/m1684/m1684.off", "name": "m1684"}