{"fourier_z": [143.01402915185054, 145.79007410904165, 152.7200401059782, 160.4599567291663, 166.36958226471063, 169.2336521545207, 168.29604509208212, 162.36758910499773, 146.5421073708353, 151.03544906571256, 155.36463825809116, 157.60753020600265, 158.07429652258926, 157.93789425975947, 158.3276496776877, 159.3592805090444, 171.22147602953783, 170.55035473865883, 169.07907693858255, 166.38391428959636, 161.54179699961486, 155.9149402477652, 159.6822427543643, 168.49740124117272, 160.7589016708461, 161.96391626955653, 162.4943694049875, 160.56043659078324, 154.32863676046978, 146.54592040888713, 156.31577180220467, 166.80643127040415, 149.48777607926962, 158.08410374082376, 162.84489241677792, 163.60828089702733, 159.62555821673797, 149.2585841754674, 144.1747351862567, 156.2862192651331, 151.93057067753372, 161.83376785258804, 166.0963706231849, 166.10234295742737, 161.99002472876725, 153.80309841394836, 148.88924566322433, 155.29106343569907, 156.25944325946523, 162.79238481127578, 165.773382074037, 164.3214765873136, 157.0325183801383, 140.92227574459278, 149.25153654543612, 161.4493832193509, 152.71876956452897, 160.27473235244545, 165.48369332920655, 166.86321349358616, 164.88645319476748, 161.33617043041926, 161.61019508051663, 166.55098235141577], "fourier_x": [169.7140504864973, 149.68227439791414, 159.08299632560815, 173.27559213481194, 139.8296241836962, 150.46889491355026, 152.2154294439333, 144.11115968414293, 170.28803336845505, 160.3724312473416, 149.2479478691798, 177.511733307062, 147.64943609620093, 157.4035252881655, 148.89594449624792, 144.50829220313085, 171.55471329026884, 166.86280564566135, 138.1505328253245, 180.38359241825384, 153.27457743578555, 160.2389521066556, 151.99098860181945, 147.3131945622907, 172.67239589435792, 170.7527169564582, 143.24337712772711, 182.1168748345681, 157.02727292786608, 160.45884645015204, 158.17357705448703, 150.88198911349775, 173.03301805121424, 172.72017511539156, 151.45145313928674, 182.78666289587605, 159.18782952584098, 158.63750446255114, 163.01708081808388, 154.22581653542022, 172.30879912621387, 173.09608863573783, 155.8708768955969, 182.37477857717042, 159.81063746594296, 154.81451912158224, 165.74754363472084, 156.90691258727105, 170.29161570794955, 172.07906334358856, 157.5641381861982, 180.78285251563588, 158.8099549140043, 148.33832183567307, 166.40034388375184, 158.69907137959584, 166.74926577313266, 169.88554171050123, 157.40498924939214, 177.81512766897802, 156.0767118731496, 137.09029372803755, 164.99235817944307, 159.44791665086063], "fourier_y": [152.4141017367653, 167.3241316072352, 160.4485013740683, 155.8586282792308, 164.58360546025574, 174.4700604177445, 126.29606761598838, 186.91832587175622, 158.38703251165586, 176.2743737314766, 159.04638009854315, 163.92852785151948, 164.04036483281456, 159.8832800805369, 168.42101746888665, 191.11140880455775, 148.4103288115398, 177.64656185303718, 163.4555359043023, 168.77606060714837, 162.55764039636037, 173.4956904058612, 174.28195283819363, 184.4166067501807, 141.94633935333545, 179.0043298200868, 176.33197275250524, 171.73280803935742, 182.08259676418584, 178.8835009948838, 171.65861461833936, 175.52374561468753, 156.9701162297168, 161.32610869734495, 157.93374337963007, 177.10988230736046, 186.85432810746596, 168.72150647825958, 176.39125457370386, 171.13160045933472, 142.57498387695327, 163.2969669198282, 172.28994765324705, 169.9154629377921, 178.21233274775207, 169.59780164464718, 180.08748135866358, 143.05898652003913, 119.37134579390116, 173.00605371683838, 177.5509537208598, 150.330902071747, 167.19077681935187, 179.31559074755737, 175.04005715140664, 169.97782490399672, 141.51662250016076, 179.23692909372113, 172.03556171170294, 174.3037416696923, 175.00322924999165, 170.3512016082413, 156.02155005928546, 166.13064161560436], "src_path": "/Users/hagardolev/Documents/Computer-Science/Third_year/sara_guidance/db_3d_models/db/1/m169/m169.off", "name": "m169"}