{"fourier_z": [146.66046028772962, 172.4489886802171, 152.75427031125943, 160.96827222476716, 161.72343775595283, 148.3282425404732, 161.20270154673733, 179.13672975760673, 148.01967035096678, 163.57096903167943, 155.91242299434006, 141.6808030766151, 159.64023001397243, 158.6740224878673, 146.51664029327105, 145.9533448011011, 167.25545768051748, 178.91828457699597, 151.05213315751817, 151.38992650961475, 151.71962912784753, 163.94945825841222, 139.60568072298355, 176.73742270539194, 154.41736293218167, 148.44672515003174, 162.9837918468345, 155.2475948098642, 158.28087702804257, 163.6901335923815, 160.4342738599051, 169.27431560226185, 174.47827375364963, 169.0030067113484, 144.5545902538512, 164.03179918526678, 156.9912327692553, 164.02078459156604, 137.77510754135199, 173.1196335360242, 167.0228295947642, 158.36340714295426, 167.5774593409235, 142.65277751694617, 153.88338569474547, 160.4499967642556, 172.3401182214482, 178.70984332971418, 157.81111515375, 157.78347467682343, 118.56565133658874, 162.38085909165397, 162.89629724777774, 162.4462608249916, 172.72086718536644, 162.5701327864559, 165.55189608293085, 156.78341998418375, 162.15061061880832, 140.44161254317797, 170.7804689708985, 162.03966157795026, 166.50024603058904, 174.86058509803783], "fourier_x": [-621.6010269908087, -619.3695914776665, -614.1223061883168, -638.3303800814413, -637.0891598969853, -658.4898215319481, -635.4639706020076, -607.7380833796097, 37.153067492438375, 35.98066601934954, 32.1506904377695, 24.286794226482602, 6.155634976463458, -4.343012492623784, 21.16782997593228, 30.66904602941554, 51.01443192537013, 49.842030452281286, 46.012054870701164, 38.1481586594142, 20.016999409395243, 9.51835194030798, 35.029194408863994, 44.53041046234728, 59.12110201290937, 57.948700539820585, 54.118724958240435, 46.25482874695351, 28.123669496934536, 17.625022027847237, 43.13586449640326, 52.637080549886555, 64.87105832466086, 63.698656851572075, 59.868681269991924, 52.00478505870503, 33.873625808686015, 23.374978339598734, 48.88582080815474, 58.387036861638066, 69.32919091810639, 68.15678944501757, 64.32681386343744, 56.4629176521505, 38.33175840213153, 27.833110933044228, 53.343953401600274, 62.84516945508354, 72.96983002603612, 71.7974285529473, 67.96745297136717, 60.10355676008026, 41.97239751006126, 31.473750040973975, 56.98459250953, 66.48580856301328, 76.0459976332137, 74.87359616012488, 71.04362057854475, 63.179724367257826, 45.04856511723884, 34.54991764815153, 60.060760116707584, 69.56197617019087], "fourier_y": [-1330.2363404569305, -639.7717997629321, -613.4917248286454, -630.7639343095502, -605.5066478664677, -590.0736667671721, -607.7380833796097, -621.6010269908087, -677.694651226015, 14.424849837375621, 27.205483793596162, 33.45504539137909, 36.473708823174114, 37.15306749243839, 35.652408796819905, 31.589953779070136, -663.8332867930833, 28.286214270307326, 41.06684822652792, 47.31640982431074, 50.33507325610594, 51.01443192537016, 49.513773229751564, 45.45131821200185, -655.726616705544, 36.39288435784664, 49.173518314066996, 55.423079911849975, 58.441743343645165, 59.121102012909304, 57.62044331729085, 53.55798829954094, -649.9766603937926, 42.14284066959812, 54.92347462581857, 61.173036223601486, 64.19169965539672, 64.8710583246609, 63.37039962904232, 59.30794461129251, -645.5185278003471, 46.6009732630436, 59.38160721926401, 65.63116881704696, 68.64983224884216, 69.32919091810635, 67.82853222248778, 63.766077204737954, -641.8778886924174, 50.24161237097335, 63.022246327193784, 69.27180792497671, 72.29047135677192, 72.96983002603612, 71.46917133041755, 67.40671631266773, -638.8017210852398, 53.31777997815092, 66.09841393437131, 72.34797553215428, 75.3666389639495, 76.04599763321366, 74.54533893759512, 70.48288391984528], "src_path": "/Users/hagardolev/Documents/Computer-Science/Third_year/sara_guidance/db_3d_models/db/16/m1693/m1693.off", "name": "m1693"}