{"fourier_z": [138.5511581255663, 169.3422660578458, 169.06994057448915, 159.55412586062576, 175.02502744862807, 161.10560988175166, 155.58873122458942, 160.18920016309517, 134.99150801948684, 152.5183274144729, 156.72610123240509, 159.19831287869818, 180.25981544316338, 168.776091256727, 159.6897788757249, 145.8719314048411, 102.49655032962961, 155.70548461935314, 154.7401537088234, 157.98284649232994, 180.34766226673926, 162.4171779547127, 142.868773965844, 163.01629208697142, 135.80131656228647, 175.24617139917302, 174.66067413183143, 153.19862882539616, 175.3836461292758, 137.55159779873895, 166.7882308660562, 160.18439184672758, 146.39329058432656, 175.2998063815255, 172.90151818425412, 147.63167998613412, 173.45176717566483, 149.48441863815785, 162.84072013020588, 160.30771291905984, 145.12287588632532, 153.20580595341704, 136.96861952840254, 144.9205134658688, 173.54466180297723, 159.61357148216052, 144.03461170083017, 146.315144005137, 154.7147656260766, 161.75419760949347, 162.31985026178444, 161.92803458343465, 170.90463406315877, 142.91516502732966, 156.57166111802178, 154.19507063616572, 162.2094658151217, 163.88717620257384, 160.85329776336403, 160.39500479840055, 163.58951199550654, 156.67050006728, 175.24126056083475, 164.3551517345869], "fourier_x": [143.01402915185054, 180.29258117078913, 159.96122519844823, 167.35955313444765, 160.59989048428204, 158.56847130565086, 150.08208825956612, 163.49746507700615, 152.52752676653057, 153.12652914333205, 157.1102156604392, 162.9366222867368, 170.3414918961982, 183.1869230386964, 177.8374826228439, 173.57470806156692, 136.21139384456393, 157.95884480525802, 172.5300531368239, 151.62348410707818, 158.63845284851055, 138.9258555131369, 169.84674776383252, 172.15737927342798, 176.15288654588886, 167.89565949218328, 168.49793707327305, 174.70024886926535, 174.54190353393128, 187.28485550199392, 176.76288968995527, 173.5405793421005, 160.34751534827492, 171.41693734473893, 179.55946567720582, 166.15329396695884, 164.5891254601713, 172.21818503221795, 171.62742129294756, 169.80048103907063, 176.73052403751666, 176.98833254419804, 146.22441517928922, 179.75933553299632, 179.19946397189966, 170.34416783554423, 178.81096304636736, 140.46218556859304, 161.6288333295081, 178.33974553342162, 175.7803701615026, 177.11771216766658, 152.74503861916477, 158.9830463051929, 162.8246465029191, 136.94235696275976, 173.19805260480436, 167.65880398355617, 178.33200718293907, 182.21509535721043, 153.57423180075486, 155.6843307323395, 165.08357947710414, 148.15673648472594], "fourier_y": [175.98720166359814, 159.45400463089896, 155.05008991680748, 167.12937905340817, 152.25736793477313, 166.55377861308327, 170.76672748354088, 173.94074465133258, 157.9208199374962, 137.9671692103935, 125.14554538849524, 153.94943718471973, 169.61001263070216, 164.04794243077987, 173.60052838008437, 174.97491472457244, 168.77918980090647, 154.5355195119498, 161.20995329561325, 175.6281124492251, 163.27999053511752, 153.0979684712343, 143.76170869612156, 170.6150685359896, 171.56132634516746, 160.7081997918703, 166.7225982436528, 172.32374302782986, 164.2996196937388, 157.04004454131888, 170.58878201499004, 172.80882553127606, 151.03274109616228, 148.0595156902296, 154.4659444032388, 155.20665922504344, 152.65287733146752, 154.7781438692338, 144.94000169043315, 171.7960354562373, 145.25885396172202, 173.65682313336572, 171.9096690954919, 168.7099406112215, 168.3005047434699, 166.17447486283453, 168.8390223114308, 174.77013336003762, 152.38227568296932, 159.06959289635566, 162.52941461172952, 164.52232352032826, 155.53702899134046, 158.50290538424292, 160.11388657745496, 169.38706782978335, 123.01226563194132, 171.25487853725406, 167.95993876775697, 141.22262298820357, 172.15368929013633, 180.57973915992932, 173.20376399939377, 171.31281696810225], "src_path": "/Users/hagardolev/Documents/Computer-Science/Third_year/sara_guidance/db_3d_models/db/16/m1699/m1699.off", "name": "m1699"}