{"fourier_z": [181.35248139549176, 173.02615029253093, 168.64062481122238, 172.3998598445163, 165.07130049430017, 168.2714551855829, 156.3004354666325, 150.63304135455058, 159.3444016355566, 146.15550822628822, 152.56580629790378, 114.93058329970397, 152.3155060873246, 167.08934904498892, 166.60545301498559, 174.13281576156922, 168.52959885766455, 165.49883720767068, 147.28632565619958, 134.34251140638753, 141.81202456021808, 130.65690145463248, 155.86971775621154, 169.3495446054192, 167.20810379330823, 165.8678378108277, 168.9984539927538, 167.95556404664626, 170.7292446579557, 168.62939910480517, 175.0754979224109, 163.09222221242413, 153.3534447335985, 136.26019005517838, 166.58616422876804, 166.74209036990078, 170.88110888341237, 166.2899141001862, 179.34501069481018, 176.64968769382654, 169.72248216209638, 166.60720547396772, 150.81652493595982, 154.22385301205935, 151.92619824410593, 161.74018205212374, 181.71744106939872, 173.11258171402724, 174.72945470273885, 168.2935660141535, 171.0630657489355, 158.9950877086329, 170.93913151982827, 171.8148122637834, 168.4689442450238, 157.2532005625875, 147.1506945287524, 132.1197627089314, 165.12216569046782, 161.36115013864458, 179.05303747991178, 172.91079443229475, 106.36672009528246, 114.1046382534971], "fourier_x": [124.68821451436742, 117.96803772114542, 123.42032670492, 118.07937126813033, 118.76894735785285, 117.80858240847893, 139.3094442606867, 140.63909046850614, 124.71342761770177, 115.65163332021079, 115.64776576653252, 110.24094989095272, 122.8214033545298, 120.94696228578124, 141.12748073061556, 142.331181501317, 124.78843535960976, 111.90726218634943, 104.62545528415018, 99.45363072715688, 126.97484494478479, 127.00065863179775, 142.08112544419737, 143.2743401166065, 124.91138295465674, 106.20283665679892, 102.71537251437998, 96.59201907275491, 130.4093220720569, 132.16468547613658, 142.20862970944262, 143.50366717873285, 125.07930693297584, 97.53347257357306, 113.65370285249497, 106.32068440143841, 132.9722856271121, 135.951511744046, 141.4828861082087, 143.01752794119324, 125.28830975863622, 86.80147189828514, 121.81541474015901, 113.8856990103565, 134.693813715716, 138.54176143324213, 139.80139577816215, 141.77810849766658, 125.53377375688511, 91.26298114471595, 127.21172255091433, 118.7330708988315, 135.62997096993772, 140.11973587996744, 136.94547885536866, 139.7097235291104, 125.81059135116305, 101.90298404593327, 130.8047931902174, 121.74558487261524, 135.82608474440798, 140.7999120040296, 132.46850684219265, 136.70436679673017], "fourier_y": [152.41410173676525, 136.46869064836147, 106.04406010626596, 142.96625049067768, 129.67564764876397, 132.0832266872967, 141.91217590108778, 142.61008400494106, 151.64086474599824, 140.15507836786756, 112.70158944216593, 147.71739088287387, 130.98139105879426, 132.01196629996508, 139.46213384493475, 140.83596080182093, 149.3857142195393, 144.33755711109, 127.06814672928544, 150.50249526147587, 130.95095589875805, 133.1323233957681, 136.07450444535246, 136.11139434051128, 146.0782812624738, 147.4308626232273, 134.90791251065463, 151.5901879084315, 129.59225991784865, 135.51433510261776, 132.6334412656286, 126.52807852488765, 143.3292994799339, 149.07309841011755, 139.46264040530818, 151.14725058250224, 126.73267019187038, 138.5131308713392, 131.38085551721778, 102.16224205835033, 143.70115538263576, 149.187939884805, 141.88432502268392, 149.16084607007585, 121.9874494916644, 141.40633875122217, 133.67134578034376, 112.55431325446418, 146.77824789721518, 147.67191555915912, 142.59101996438494, 145.3854359919115, 114.98678380635573, 143.77024306551087, 137.53507364855045, 129.39704038277733, 149.95552827409216, 144.3184328531541, 141.65684953513113, 139.16013071517685, 108.80476493016002, 145.43847927213073, 141.01998719955876, 136.65064656913646], "src_path": "/Users/hagardolev/Documents/Computer-Science/Third_year/sara_guidance/db_3d_models/db/16/m1697/m1697.off", "name": "m1697"}