{"fourier_z": [171.71571965763695, 155.4548838003286, 160.24895490707604, 141.60142232370046, 127.06157562284787, 142.03985550461562, 158.36526970446135, 164.80231833198604, 161.61391018203807, 153.60370514887865, 138.62404952927446, 154.60884040550272, 159.62668827375873, 151.75849716177513, 108.34131611206806, 164.29221430513684, 151.33932145655845, 131.4434234162859, 161.62731825455057, 139.48001084547317, 154.97638089544697, 157.63840201683942, 157.26013414416934, 158.56684759947737, 159.90261582447425, 145.16564863662848, 149.1687885717511, 156.3629195288093, 169.75725802213785, 153.95778912626054, 164.48271386661514, 140.5995573150133, 153.065636315716, 170.37700131911393, 164.90380610804652, 153.1679170155778, 132.67659907771784, 111.91687238340816, 157.63595314754798, 149.31863709150238, 135.79883623519254, 167.8088298543533, 145.92969188786424, 152.7844614871941, 154.2493908111891, 158.70813266511482, 151.1267536978152, 123.47887951586392, 139.05270229018834, 169.47075489988805, 149.10059821348935, 157.65268464258372, 118.55941795949948, 146.4839898114536, 163.55475208508122, 136.56359273268177, 152.29038847670273, 165.16541553828714, 148.5248361970867, 147.8407461647233, 157.7220725964644, 156.35844752851955, 150.21222657863945, 142.50066374219514], "fourier_x": [164.98627492521274, 158.851664070567, 142.9892061730843, 135.1100539073943, 156.27928430772283, 159.23469187118664, 156.36412185609555, 158.99273308927187, 166.10207939098817, 172.92789749352917, 131.66232165240768, 139.41656907637324, 166.0808226651649, 156.70916619262476, 151.21950887068897, 173.99674708372532, 165.71132429450572, 133.81917519246005, 159.29520482033513, 146.20238695957204, 148.28613059700106, 150.52311095304393, 151.65149554715487, 122.58999639251867, 142.7950714298862, 162.80147447777057, 155.17513172025383, 144.56888744155253, 144.8547034552881, 152.91383652482702, 135.4818425955847, 155.60960955428183, 139.80265895239256, 138.39442970312683, 108.24116153573071, 136.10357687423868, 152.28675691705496, 141.43949807790062, 121.95265181957936, 148.81018958372036, 167.9383298311421, 162.67885008621025, 139.5751116659547, 134.41901490076887, 159.16538154088883, 145.15550376114209, 146.38826535192646, 163.45831826232185, 169.59427136742406, 133.74660619084466, 155.4362709515707, 158.51936734549673, 162.67292223694068, 148.93581034797967, 161.94808033715927, 154.21101291994475, 166.78073844533662, 167.13732444182452, 146.42216031566454, 147.65769602408346, 162.85024616832973, 170.20636068793098, 124.0373107341698, 169.68613987447242], "fourier_y": [110.82527090316853, 153.2425666955151, 168.25753888548485, 167.105770234837, 161.87877919194196, 152.24780571143373, 159.4628118896574, 134.2920391954347, 146.0377892239954, 131.50729882430704, 145.43996553114636, 156.53689780100046, 151.4416771759738, 128.0137733158103, 95.13352646902923, 160.80175674550108, 133.73881220070993, 149.63905032587928, 135.2741125250865, 136.05493553330894, 158.20547965479975, 144.2305702570767, 139.36413892704795, 136.53345421175814, 139.1793909082129, 130.91235268981163, 153.14067024819653, 154.08995061315608, 137.90331580540152, 99.86261492156848, 156.2284577579872, 136.8907935108389, 149.13946966472392, 140.57217626982026, 148.0060183572554, 137.18440250448305, 154.81462536604016, 142.14743725676834, 118.36573550377463, 154.3735757303867, 120.65547382986664, 160.67562610765208, 163.323846586108, 157.65261663229683, 161.87542972347572, 156.12765600235787, 133.3628045921996, 145.82834111904904, 144.32392290072286, 156.75109115798418, 152.91834956798138, 152.02831779954698, 162.24314575943666, 148.53647368973208, 149.93667277385518, 152.97291499023143, 131.51848359037112, 135.35311962103663, 130.9559297989088, 147.91687034139682, 154.11266829098304, 131.58177020712748, 149.47028937076402, 143.85892914594695], "src_path": "/Users/hagardolev/Documents/Computer-Science/Third_year/sara_guidance/db_3d_models/db/16/m1698/m1698.off", "name": "m1698"}