{"fourier_z": [171.715719657637, 139.15014560379598, 165.36814411110993, 165.80942336385053, 156.0525659908416, 161.9744074430989, 162.45962038966155, 175.40965999556397, 165.85154126461697, 174.47819183935533, 152.93046102133047, 154.88402257245443, 166.46151848633846, 152.46148838405577, 168.59269376383068, 168.3661490018979, 155.70988062360297, 176.55143216216976, 152.83636098230426, 167.00663097555395, 154.0358285211754, 160.32493592173597, 164.90902263011552, 177.91149002726155, 169.83436814443593, 142.84852050296618, 136.8714635941208, 166.85313324248085, 168.6785906764666, 153.68367139864208, 159.2247608077864, 173.66563017831496, 155.630820170521, 161.61860574996805, 140.58571832112872, 154.17407832347718, 150.24522772515672, 152.14008252902116, 169.08109542744535, 143.24724497727675, 150.29982563542225, 139.36763909003074, 142.0658385752651, 169.7004333216252, 171.06804123484991, 157.37205034413626, 167.27525520849133, 162.9847465199144, 165.33652556469127, 165.53947369140926, 149.86690723310372, 151.40733684352597, 175.1256371259184, 175.58571950253167, 148.73949013096103, 162.33702639193976, 167.2543444885517, 165.25237238614034, 159.82315051975667, 171.63934762938118, 159.3717824206239, 164.36612336148752, 164.40105009402515, 146.24510530120824], "fourier_x": [-603.0380470871524, -583.2280323984866, -591.6437042552687, -569.6022540534609, -579.5089602963004, -591.6437042552687, -587.7232833775086, -559.5837722648969, 102.90107179791725, 67.93907831276618, 88.5850965114718, 106.9740048345412, 117.79731463278274, 114.79862958995074, 112.5229839499639, 84.82642742353931, 116.25268975394079, 81.63778228673058, 101.70235203435466, 120.22727729292, 131.06028196190613, 128.04329114399246, 125.76768478047671, 97.82076339205713, 123.49759834991653, 89.45983277662727, 108.5423917254772, 127.30460637791786, 138.1534536266932, 135.10490925207728, 132.82950949442477, 104.44456200545842, 128.0141616734191, 94.78299363210002, 112.45917205403259, 131.57826759468483, 142.4484884214811, 139.35337197026212, 137.0786009258521, 108.03189641364646, 130.8367919814304, 98.64379289233972, 114.44560637545686, 134.07280307695626, 144.9686895071327, 141.80901125295816, 139.53575755510764, 109.54092069792122, 132.3945349629439, 101.47956721655221, 114.86076927542642, 135.20175293026182, 146.125068517057, 142.87792451084962, 140.60794190523865, 109.27038987338456, 132.87341519162746, 103.49644450324634, 113.76798169008843, 135.12660943114153, 146.07368589049133, 142.7077877191192, 140.44453086292742, 107.17684917743959], "fourier_y": [-566.149252546013, -576.4485722062077, -595.5003290633887, -573.8603397663096, -637.6954061151497, -603.0380470871524, -576.6251772377271, -600.2593625771178, 94.88675211118773, 72.80433408779442, 99.28339833877126, 106.545467598241, 104.21843955044545, 106.05676478350478, 105.47496114473404, 92.61787730119046, 108.52617099505116, 86.40051085390823, 112.8546701410346, 120.11920820006294, 117.77194561879327, 119.61947541264755, 119.0375430131239, 106.13239124587965, 116.26058814010483, 94.0640450644773, 120.47420945751966, 127.7429158519761, 125.36135327569703, 127.22458687931136, 126.6423792966505, 113.65541851311355, 121.48435849799334, 99.191211026697, 125.53431817829275, 132.80897713409797, 130.37813348924803, 132.2641524415241, 131.68142416800347, 118.57619578578675, 125.25706472506664, 102.84457626103764, 129.09148020252945, 136.37400353299336, 133.8775026414726, 135.79428731940868, 135.21063578869618, 121.94649411261778, 128.04578770578556, 105.49562275007924, 131.60836485398045, 138.900845558836, 136.32029880092827, 138.27714907427523, 137.6919331777995, 124.22209946835036, 130.0939768224575, 107.39415608887379, 133.32228000768706, 140.62706251618616, 137.9412306431, 139.94935750483148, 139.36157629718141, 125.63041005670112], "src_path": "/Users/hagardolev/Documents/Computer-Science/Third_year/sara_guidance/db_3d_models/db/16/m1694/m1694.off", "name": "m1694"}