{"fourier_z": [-552.2863089348142, 161.32919475231824, 161.25297864139873, 151.7238556035138, 173.5732283308372, 163.74555275436728, 177.02655204314686, 175.41244097396793, 158.83817326749278, 123.29698671289343, 139.73268283864172, 133.77659559016888, 107.08621953856891, 148.2900924385176, 179.58225004945834, 189.36150060148566, 179.58375254596208, 174.89880945564954, 173.81786153698246, 180.54072065947568, 179.164335337089, 154.99382786952177, 174.94065832180766, 188.4301299321085, 159.5343220585119, 162.6085000070046, 163.16838889720242, 155.6772865570698, 165.37657090564915, 179.41229866250814, 191.4268605199484, 192.19868387672167, 172.47938254341, 178.91406251103535, 168.57423785479347, 142.8782453248557, 162.0094101878556, 152.86105625790302, 169.56342203365216, 184.11933759936036, 160.34315153633332, 178.73127311080097, 175.49486510865017, 153.10502240430395, 167.25075474077713, 171.88758294193053, 163.31557475207342, 176.6609844515621, 168.5914985060396, 183.69587554011557, 182.92604684150163, 170.2325130292977, 177.69007504959237, 183.3681557027701, 179.84689725154163, 159.9724503959582, 157.71603719083123, 174.49556287961866, 170.59900402795878, 162.61334067639365, 169.13290281091435, 168.27864310875188, 156.85004656739753, 151.18696215283802], "fourier_x": [-1293.7068660080517, -633.2325350888655, -619.3695914776665, -623.8324625039508, -593.8751397684108, -609.9695188927519, -609.8144770273923, -629.5861039529864, -657.1512037000793, 15.560711693537268, 27.376117279063614, 32.318974799435296, 34.2986890720714, 35.07761174321527, 35.30144840134196, 34.23298096983559, -643.2898392671477, 29.42207612646898, 41.23748171199552, 46.18033923236694, 48.16005350500315, 48.93897617614716, 49.16281283427364, 48.09434540276711, -635.1831691796085, 37.528746214008294, 49.34415179953473, 54.28700931990615, 56.26672359254238, 57.04564626368631, 57.269482921812916, 56.20101549030646, -629.4332128678569, 43.278702525759755, 55.09410811128621, 60.036965631657665, 62.016679904293845, 62.79560257543785, 63.01943923356436, 61.950971802057964, -624.9750802744115, 47.73683511920527, 59.55224070473168, 64.49509822510312, 66.47481249773935, 67.25373516888332, 67.47757182700983, 66.40910439550342, -621.3344411664818, 51.37747422713498, 63.19287981266144, 68.13573733303289, 70.11545160566908, 70.89437427681307, 71.11821093493958, 70.04974350343316, -618.2582735593043, 54.45364183431258, 66.269047419839, 71.21190494021047, 73.19161921284669, 73.97054188399062, 74.19437854211718, 73.12591111061077], "fourier_y": [124.68821451436742, 121.76279148206923, 110.53222816090403, 37.15306749243859, 111.39466941739259, 122.04743135558428, 124.6818973024593, 121.46122181822038, 124.6866353361003, 121.72481010448352, 110.30450965166239, 22.64862828370676, 111.34476892949317, 122.32275244345772, 124.55095160492817, 121.3287202862294, 124.6818973024593, 121.67533966057378, 110.09654498197881, 35.25822534474845, 111.34932703127393, 122.58439407212643, 124.39823204633358, 121.213117572057, 124.67399891629526, 121.61456412095922, 109.91158020604645, 47.34983762967139, 111.4084442207089, 122.8311731153206, 124.2239775475652, 121.11606286762446, 124.66293768025619, 121.54268983941472, 109.75273783791388, 55.17280328256757, 111.52104940296056, 123.0620615691466, 124.02845608746817, 121.03902663911629, 124.64871009362646, 121.45994724580291, 109.62292255833896, 60.842996732605776, 111.68496561805864, 123.2761644932478, 123.8119756918343, 120.98326168074007, 124.63131164788975, 121.3665927404044, 109.52472328181499, 65.26981828111195, 111.89703904647462, 123.47269980110674, 123.57489722624598, 120.94976802060603, 124.61073682100351, 121.26291078246113, 109.46031767217123, 68.89375743493426, 112.1533157697222, 123.65097992915814, 123.31764929305666, 120.93926370467459], "src_path": "/Users/hagardolev/Documents/Computer-Science/Third_year/sara_guidance/db_3d_models/db/16/m1696/m1696.off", "name": "m1696"}