{"fourier_z": [-1303.1166994526973, -601.8602167305886, -650.3805193697848, -595.6391559112406, -618.7869023964267, -607.7380833796097, -607.7380833796097, -600.8066115740103, -602.34696975567, 115.80422026140658, 63.84731740241414, 115.67949148794276, 77.63423601162094, 115.42877472897871, 85.61666147340745, 115.04949538280121, -589.7877998885208, 128.57534677066886, 76.65035936740762, 128.4503653793661, 90.43728003383889, 128.19913483126777, 98.41970847257583, 127.81906280314801, -583.9350790491102, 134.80905641304412, 82.94021577268602, 134.68363076292405, 96.72714177452713, 134.43149657373837, 104.7095783223885, 134.05003018345315, -581.5424171001622, 137.8055129431485, 86.02261303353043, 137.6794075449336, 99.80955122046927, 137.4258905227159, 107.79200690516404, 137.0422898429141, -581.8296718072953, 138.45629196319564, 86.80011598408842, 138.32918432402172, 100.58708020810795, 138.07362799017486, 108.56957761559534, 137.68687870583878, -584.8928700830769, 136.92064878546302, 85.45527969558948, 136.7920305610106, 99.24229849553512, 136.53339966095837, 107.22488445313348, 136.14190104387467, -591.8396815523946, 132.81673521428306, 81.66427887217198, 132.6856291599217, 95.4514167800975, 132.42193249482915, 103.4341975200914, 132.0226030532166], "fourier_x": [-1328.6111511619529, -614.6695551852092, -630.4372962413623, -604.2844715392253, -595.1748030330111, -605.5066478664677, -589.4122687421267, -607.7380833796097, -672.2669539810593, 63.97645806875494, 76.76344948173113, 83.0250998935111, 86.06439962116684, 86.77852050583142, 85.33862720525818, 81.39271932158252, -658.4642311904314, 77.7780930867806, 90.56503701872785, 96.82660432831666, 99.8657778635901, 100.579714711983, 99.1395482548125, 95.19320022900857, -650.4550207753784, 85.78507178872192, 98.57193612294891, 104.83336411428687, 107.87232608045187, 108.58595435718945, 107.14532985332325, 103.19824366545966, -644.8409154582023, 91.3951596133339, 104.18191153062332, 110.44314275071122, 113.48180587517558, 114.1949982436232, 112.7537265718862, 108.80559722643639, -640.5564033774435, 95.67294221655132, 108.4595478968316, 114.72052313037393, 117.758797439243, 118.4714225709652, 117.0293085798456, 113.07982113678324, -637.1263125800986, 99.09235284810103, 111.87877715412768, 118.13943486640395, 121.17722683011282, 121.8891481415175, 120.44598873883446, 116.494815158865, -634.2965270515421, 101.90591953497096, 114.6921256718769, 120.95240140899172, 123.98961302228557, 124.70068731355784, 123.25626940700519, 119.30306514710753], "fourier_y": [110.82527090316853, 109.6528694300797, 105.82289384849959, 97.95899763721268, 79.82783838719365, 69.32919091810639, 94.8400333866624, 104.34124944014576, 111.67086197312246, 110.499395612055, 106.6730114885232, 98.8196115943085, 80.73902527256286, 70.01470277879746, 95.62387035418907, 105.13938987431862, 113.83075918300783, 112.66127918691936, 108.84253351356848, 101.01147415370869, 83.03778020144426, 71.82181210062237, 97.64940038188918, 107.19590136883122, 116.59103613721092, 115.42336518930173, 111.61160793885986, 103.80109759170631, 85.92520449631297, 74.23905494972375, 100.2807690008536, 109.85633136720972, 119.4287765538509, 118.26223979317535, 114.45492537988771, 106.65773184832392, 88.8457478219624, 76.83751355471729, 103.0284496516907, 112.62290943526892, 122.09084439327498, 120.92477439293478, 117.11938898315185, 109.32840676630775, 91.54779896012681, 79.37094592308667, 105.64003901223097, 115.24288954506116, 124.48465698728205, 123.31852389813996, 119.51307905902746, 111.72272800858863, 93.9483554143902, 81.72582888119265, 108.01453296311325, 117.61727269642726, 126.58912585141067, 125.42252680584909, 121.61551757231814, 113.82160776808269, 96.03480387616231, 83.85884586939093, 110.12267911035762, 119.71881930930762], "src_path": "/Users/hagardolev/Documents/Computer-Science/Third_year/sara_guidance/db_3d_models/db/17/m1708/m1708.off", "name": "m1708"}