{"fourier_z": [164.98627492521274, 149.24171192437865, 166.49406575713425, 165.0896674608285, 108.74000463531559, 97.81738137295086, 159.40478738217053, 134.51757375758723, 171.95589249001077, 151.6619596698007, 163.93696351029092, 165.96354945337865, 151.89261752546767, 164.48271813240024, 140.02420938748543, 155.0746236068004, 165.35060541274993, 144.77578417232, 159.11341696113791, 141.67801745600067, 158.86242899414773, 162.36899625929354, 125.63031043771723, 154.17526170151126, 156.66768997224497, 146.38467989639247, 139.91929141305354, 149.29822411940387, 135.23197076874584, 164.64612131635045, 124.48904445456385, 154.0650813273631, 165.20192746650054, 155.5219769345597, 138.86102169215758, 163.85938328975755, 141.67558916700673, 161.59822794761283, 155.6849423537963, 148.25790527010048, 160.25477321365557, 126.43290041469524, 135.2472679205946, 165.23761349638323, 122.61831242823519, 155.11196051220466, 152.5097214034822, 155.0738792921118, 164.65151576929554, 146.67000660080075, 134.5790855276045, 171.90876290776205, 141.67469050252342, 170.85242923039522, 157.92280346899815, 155.9228092594557, 160.086346787036, 127.30268675391872, 139.21381400457986, 166.02006536638646, 145.49945999222598, 168.64637486746597, 155.2627943431304, 151.00326408772696], "fourier_x": [182.49564967229074, 176.60933612674614, 172.82568567339527, 167.80119083825454, 177.59331352753594, 175.3875804415118, 174.0515520569687, 174.32925127706045, 158.00163539232537, 173.31066026421905, 166.2060734261815, 154.4291491952086, 139.2459656377542, 164.8920547977971, 171.82069287413685, 181.24019737493677, 164.64498664116076, 179.42778456110017, 172.35306817206725, 181.21541951524105, 177.706240822599, 172.31233617335644, 162.89716508932707, 175.78491666917898, 165.85894996594544, 171.40958191978967, 118.08121468220492, 164.683369012576, 172.28022656187835, 171.58094660992396, 167.70553810781053, 164.0467089781919, 147.14831131647387, 175.68964326421678, 175.78385051267884, 154.26249633600037, 147.37447000473273, 176.18332694114798, 178.22753672077116, 178.34584088076474, 168.6653568685333, 177.81375515264588, 174.23069763317244, 181.21149668658842, 173.44852851479445, 175.40964311641702, 179.71244304143693, 177.15926276829356, 168.66015324973634, 156.8445723464546, 160.47237949114202, 164.4342552535868, 169.28252399421226, 170.06290854351465, 169.59829639746002, 171.32532460345035, 150.02932083281956, 166.21118416652618, 176.47812575195744, 169.17814743363365, 177.73595135189439, 179.8314036595339, 174.05350496283222, 177.35988866558012], "fourier_y": [158.78317635913595, 161.1520538335816, 176.80695527954447, 177.92381593189762, 172.1280641363451, 168.2376496635858, 149.96330113243306, 165.40292094295978, 152.95358140277378, 146.63435499968668, 167.78124362797126, 168.54365342136913, 175.39920813403623, 179.0760829209613, 174.69692377039797, 180.92060806767756, 148.89765281781965, 159.83633113295383, 154.44299311655396, 165.00984980144756, 175.00707390147824, 181.54022579802884, 177.83209047990943, 186.0506180053975, 162.18684155668376, 169.6865582726892, 129.12039306760533, 166.32361088901632, 171.09061996546484, 176.89294676961447, 159.64506193562775, 184.13971452196404, 156.49715567447754, 165.2113933449744, 170.44791432032957, 138.08611486700423, 175.09402697777898, 180.93435057434178, 153.1113284717928, 179.89658865218334, 156.95016004946066, 166.54848405126202, 180.84302093837323, 160.74462497137802, 159.11810008337247, 176.89452060282144, 164.20794989754074, 171.6392917037729, 165.07207591479616, 171.53683446280925, 177.72207469693925, 168.81127980827375, 168.96303320900813, 167.70845734217704, 175.16093426781023, 154.94744157514464, 151.55252992173163, 139.86592019265154, 163.0571033000952, 170.22732015222653, 179.43579906101496, 166.0896230829377, 179.23728158590538, 174.01533146166858], "src_path": "/Users/hagardolev/Documents/Computer-Science/Third_year/sara_guidance/db_3d_models/db/17/m1700/m1700.off", "name": "m1700"}