{"fourier_z": [110.82527090316853, 110.82527090316852, 110.82527090316852, 110.82527090316857, 110.82527090316856, 110.82527090316853, 110.82527090316857, 110.82527090316853, 112.01531631607097, 110.79182963992123, 109.48021136926464, 108.07042267328342, 106.55026560644527, 104.90471565818854, 103.11497381726853, 101.157083592841, 116.77800663002664, 115.56712996965311, 114.30776056721322, 113.00830166465158, 111.682340275213, 110.35056634681048, 109.04288267694628, 107.80015995513928, 124.789035805178, 124.4544594681576, 124.13665408857588, 123.8395454405459, 123.56696450122462, 123.32252254365672, 123.10947687208395, 122.93059586132317, 131.43270409609514, 131.59538742597493, 131.74506602252168, 131.88152707548156, 132.00458255029835, 132.114066674972, 132.2098336041797, 132.2917552562036, 134.10056955330495, 134.49489767917103, 134.85620190564558, 135.1853095661751, 135.48298739283646, 135.74994314748938, 135.98682769954766, 136.19423735700144, 131.78653593259972, 132.3391489637733, 132.84889720006416, 133.31757962558416, 133.7468236016718, 134.13810057192342, 134.49274043013878, 134.8119445330484, 123.14412953044689, 123.79398838752122, 124.40863741796561, 124.98844763862621, 125.53396010690655, 126.04582804153782, 126.52477408708678, 126.97155900422877], "fourier_x": [138.55115812556633, 136.95483663228265, 133.5815141799422, 138.06787093188024, 143.77092877683216, 144.94573902091435, 143.8404765214777, 142.5210522707643, 136.82635225735504, 129.82695840698693, 139.2867536530829, 147.28652970592069, 149.00634645151524, 143.92132419730225, 132.12347422763347, 122.42247172908941, 132.57801123148155, 131.22605711467318, 139.47497323945598, 140.5972010717614, 133.9692942755433, 126.30003837330243, 137.7987565998707, 138.13088122790415, 135.9859696947222, 133.26692814191608, 141.46418556315166, 139.8791860061576, 126.20223117353075, 127.42690846434057, 146.2621347044783, 148.1146272444566, 143.78945822559012, 131.36565482736845, 137.0058796214135, 140.0049986482317, 138.65388727689603, 131.81614229514486, 129.59411896993456, 134.8222231236767, 146.03295459057614, 133.03888724320979, 123.49106047206664, 144.20580348821034, 153.18855594523473, 155.37468779406163, 151.60693317241882, 131.365863428691, 141.67329094922607, 142.14771257041087, 133.15151776042487, 127.06475274473277, 144.80061222529937, 150.68742544233206, 150.83998711824614, 136.9166575659803, 132.08920159136557, 146.52516658487588, 147.9740946971808, 142.2229109911186, 129.03051173347774, 110.67646513102943, 124.07059831007749, 137.0151212255605], "fourier_y": [-591.5442009467371, 64.8651354318797, 78.68501995958053, 86.72248323934733, 92.37539500304018, 96.70848935694875, 100.19589469111588, 103.09038425670818, 123.06746775991634, 123.19264026636183, 123.27593829157307, 123.32158421650522, 123.33490927108527, 123.32233717123083, 123.29134448577139, 123.25037111379493, 117.37870185722541, 117.17024701065284, 117.13982632925072, 117.2941836220011, 117.62437579228038, 118.10771674658581, 118.7122568863986, 119.4021101428998, 105.40122998779596, 105.8351544912408, 106.15919167349023, 106.39598305941787, 106.57196412614597, 106.71748968022061, 106.86638896196598, 107.05454713236934, 123.66648533711222, 123.96287667196628, 124.28780152861763, 124.62813971680117, 124.97070440179894, 125.3028562604982, 125.61290021860003, 125.89028704275327, 103.533390762055, 103.16110697352329, 102.69330540632076, 102.16608284202009, 101.62918054492592, 101.14743620283491, 100.79837610576459, 100.66315915905213, 115.94338038994886, 115.82903067612239, 115.74754606710263, 115.69611846663486, 115.67079036165195, 115.66683275011934, 115.67914021048705, 115.70260582727002, 119.78731768630793, 119.64669289716939, 119.42299740422042, 119.11829664292665, 118.73510158718807, 118.27675734791116, 117.7479650024916, 117.1554794885605], "src_path": "/Users/hagardolev/Documents/Computer-Science/Third_year/sara_guidance/db_3d_models/db/17/m1709/m1709.off", "name": "m1709"}