{"fourier_z": [-547.82343790853, 159.19630752894872, 162.365167157039, 171.2077299294623, 165.0470720896293, 144.94124972385498, 153.75730584715, 153.2537944629114, 135.72749160800865, 141.36633326117052, 162.99564043597573, 170.95266159057783, 165.88666037819394, 155.6385539706192, 155.31664255846044, 154.40344293352365, 113.81873983810708, 149.77113777971613, 155.9058997880141, 173.8953489368153, 152.52201394364067, 163.60927693302162, 161.60800934525398, 159.41877518905562, 151.750386902816, 149.2454603027045, 152.3151542355325, 159.57867639224537, 141.02214908611006, 137.8558503967986, 168.5604118644019, 164.77074436714594, 151.36272615275564, 149.70345431439543, 146.87250233063156, 151.2328796632966, 147.82950706772482, 158.24249387667257, 143.11607876168023, 163.67252225919472, 160.55083097618675, 144.62484806545933, 160.04857907507142, 146.73413250801576, 169.17607732775684, 171.97850340663817, 133.08519859078564, 171.49191801791147, 159.70128076014223, 147.42390164027773, 149.05893763541133, 148.1310521698135, 171.83069236378955, 171.1232487928906, 158.30919295281453, 169.07144945957867, 146.87682176966575, 165.35738291924034, 162.77346874571583, 158.92228807653714, 176.35917772611194, 182.41848036379145, 169.83667985146292, 156.95898969902143], "fourier_x": [172.64611997033484, 153.09363533125506, 168.0698310618373, 161.02819283917822, 167.45316387106067, 158.65228916360056, 157.22195556107903, 164.60430417459182, 159.6001178982413, 160.45393247686704, 155.82353257033964, 157.73123330419037, 154.20449729016957, 159.49386220101573, 170.94898598986705, 179.49104689707042, 153.70811229465448, 165.52662037780337, 142.4323878060808, 118.682586897579, 166.9898233758647, 168.8379644893682, 174.53359810215602, 177.28445543726264, 144.22608773155756, 141.35418687882006, 155.12138570750668, 162.3030618441868, 167.1167853872003, 165.60428007866244, 168.5686058804868, 145.69395012586008, 166.88314128352002, 154.97502963929335, 151.48723544490485, 172.7019669862177, 174.5931354812808, 181.41943914521417, 181.03695823945083, 171.68612991701093, 164.67080967313535, 144.69664453261848, 158.35600334848093, 162.96455329444672, 168.05824569899573, 175.6642362202432, 179.4759838397577, 177.23457193077078, 158.8310110892921, 148.11950091842465, 157.37672759521817, 152.25838966403754, 151.53502247562164, 170.17538879528286, 169.85317028688485, 164.36466138654833, 157.7857851961253, 164.16471243196344, 153.13339265217775, 167.23084111823127, 158.18683858063488, 176.67372391356582, 167.10149466483347, 158.97788120896166], "fourier_y": [149.74347388427472, 166.8565597784485, 186.6365725523721, 161.2342344931696, 142.86155097141224, 180.93470099576774, 134.1151634529786, 166.887487426846, 180.13561002435054, 186.04089002793756, 177.10612632465813, 146.7193562314792, 175.9242417808568, 174.28526485009036, 159.22974479201162, 165.21313394189025, 185.77406332657068, 189.6350854457762, 180.4175858508182, 153.08854317197267, 171.68008426432579, 182.02691037716758, 170.0791818371127, 165.29778846151623, 181.1172448438033, 177.94526045702514, 160.408208898735, 159.16217981689925, 173.80459723174351, 172.5417153641102, 163.18763235406823, 164.44666299989422, 162.88805471615265, 156.94074948321742, 154.54597341988816, 174.0908773944597, 185.9132119991348, 160.41173491962863, 149.98421399064526, 159.40502514605646, 173.3157029496374, 175.67423505235752, 179.85910611492199, 181.91234537697684, 176.55138506181788, 179.55889846536417, 158.95186209867126, 182.53220112213697, 183.89800991067887, 180.09103433649355, 180.26312561024312, 189.231277509345, 179.66187426116676, 179.0399780980856, 176.10148453304538, 180.6559603558547, 184.63919834082373, 177.19963863152398, 171.33651044490216, 188.22147871441643, 179.79169164403598, 183.1358700272412, 180.11218915765483, 151.58971743942038], "src_path": "/Users/hagardolev/Documents/Computer-Science/Third_year/sara_guidance/db_3d_models/db/17/m1704/m1704.off", "name": "m1704"}