{"fourier_z": [110.82527090316853, 112.09910652594488, 107.88469419013174, 117.36835148072282, 108.34422949944377, 118.66882409993907, 120.7388943095986, 111.68515593561098, 109.14934886909464, 113.58352942282889, 111.46559380924798, 122.05659558472624, 105.94674758813197, 116.09991116277422, 110.27135649167205, 102.66133171026894, 124.45933448408367, 127.84804720636878, 104.99026799378217, 119.08179326241202, 111.93791428605175, 111.41726446358606, 93.59335588858107, 121.71637419590604, 95.50152778404777, 104.58030753067405, 117.88880365655399, 129.40219744482437, 97.31734198198004, 132.8197341984379, 132.34248930106727, 91.86971127243157, 131.47279886770457, 137.49989578124502, 116.72651422348912, 136.95045814039116, 133.41901815802407, 105.75513620164827, 134.18302681724018, 129.17287621235295, 115.26620254402887, 123.5775288101965, 131.1519367167638, 123.53990851671125, 110.46938518995859, 138.5804695184644, 137.1477825505838, 115.35957110207744, 135.25191251485106, 135.66082704325126, 111.35675054267014, 140.45531490259506, 138.96410637923654, 117.00857819367806, 143.1269582161459, 133.73269219580433, 129.07044934770192, 134.65207546133456, 141.477630796155, 119.105548130557, 132.0365284559554, 136.4781168914877, 125.04079742996454, 120.82057811152673], "fourier_x": [-575.3121598647546, 120.8683504435497, 133.78751187885433, 137.0794554770256, 138.22155761334324, 132.89315812259028, 122.35583455694227, 96.00380082617113, 73.00287790256256, 119.07522599070177, 132.95086025762285, 136.87108618070522, 137.9812668034003, 133.6499477650043, 122.74877177314112, 99.053327626199, 86.90671046749101, 116.96294316542267, 131.85332781309694, 136.45248432084685, 137.49846688834756, 134.11980893596893, 122.85084360787678, 102.39300287438991, 95.0796276704888, 114.61525227872002, 130.49022619687693, 135.82312148587974, 136.76392222915464, 134.30363892928844, 122.66105769293453, 105.42184448883813, 100.91319698415701, 112.27862877723535, 128.86648266277348, 134.98486488887514, 135.7657432640106, 134.2007042662922, 122.18578031762918, 108.04413149236962, 105.46403101068462, 110.48008871130392, 127.01046616925714, 133.94434674963492, 134.48914961914386, 133.80671281932752, 121.43772952905346, 110.3159288298444, 109.19687206969078, 109.95844667462595, 125.000405613512, 132.71704628555636, 132.91672305351096, 133.1123302087317, 120.43776566366482, 112.32049549213535, 112.35439209226635, 111.11674820363925, 123.0074295965743, 131.3338972720115, 131.02981905318526, 132.10160281741997, 119.21914305479673, 114.131900571195], "fourier_y": [132.79751667653073, 157.56934851078063, 156.48832126439484, 132.13224306665614, 146.04524073553756, 128.5021185702985, 148.48795376734626, 157.49084430989524, 133.5345997580657, 155.97419224237146, 156.01439629382153, 132.65436484562795, 144.04087543402136, 131.60533623216753, 146.09058639186452, 154.97771542510733, 135.22678670124327, 153.03734138306726, 154.29440777100956, 132.0413403346502, 139.57779394035447, 132.74217499665806, 143.60746474787024, 151.0528949593669, 136.92677982019464, 148.53699454665667, 151.4088660559134, 132.15673981219734, 131.85736274966627, 133.0410672471801, 141.60348516903076, 145.5871059333673, 137.96284649327436, 142.0915665155773, 147.55161698748597, 134.41789615543883, 124.11782338398976, 133.69452208305398, 140.39067546857015, 138.91183918341025, 138.01339269749622, 133.11943158206984, 143.2427430874443, 137.8260692878479, 130.70683997464062, 135.42837265678, 139.6073883535695, 133.45955155350123, 137.0698535428288, 121.7224776648692, 139.44415847584025, 140.70744071752762, 139.8732330532167, 137.87949575748942, 138.41770122056707, 132.97423235144214, 135.70558489830267, 115.61783682771963, 136.84218307366004, 142.26324712511573, 145.782643556612, 140.2007030168017, 135.90640682209607, 135.00553513200686], "src_path": "/Users/hagardolev/Documents/Computer-Science/Third_year/sara_guidance/db_3d_models/db/17/m1719/m1719.off", "name": "m1719"}