{"fourier_z": [110.82527090316846, 169.21579971544614, 175.05143334049575, 168.60968019342732, 152.07033928385317, 140.0619164691334, 150.8889673874062, 153.5505423421164, 154.16644476662972, 151.1576995313665, 151.46212955289232, 153.75323027797495, 152.1325362590353, 146.86206508905633, 134.27086794081833, 148.66082133984787, 143.90822703995892, 145.33474103003672, 149.35799661193792, 135.99033544572322, 151.61513887603758, 148.15937754566386, 138.52151385891833, 135.4881929743973, 158.52330558140466, 157.59668800079743, 151.77725499534557, 158.4167472707963, 158.49558320375766, 145.38117961534076, 140.56083762601173, 151.18527664884772, 156.56208224533805, 164.10029773267198, 163.59973983084097, 148.26933295468336, 119.9461667334582, 131.96613542230233, 140.98119488313614, 135.38057399593333, 152.17555594823398, 159.4301954273663, 159.32274280054264, 149.17607454941418, 136.4159554261537, 144.31383508195492, 148.97000737126123, 144.88077061399508, 145.641965247469, 161.63528467964989, 168.31148074303098, 169.28781606310616, 161.84734495578923, 138.37686521293185, 145.4891993083537, 148.48671978287382, 156.9921316169092, 152.00354207541807, 151.14505167690197, 153.72030392775753, 156.35715914618007, 149.27212848225065, 123.15170356056377, 141.02333585132814], "fourier_x": [124.68821451436744, 103.18747863950092, 103.27525971374544, 135.35931935889067, 138.54003984021756, 137.13940466416267, 131.90089047619668, 140.48823093904082, 124.63761289437952, 99.2514916799386, 115.14668200782522, 135.5045830983567, 141.6140044078815, 139.53147792940857, 127.1766913916452, 138.78178806071384, 124.48497285074924, 94.77008278040768, 122.47356388194576, 135.4741262131512, 144.12210344025073, 141.60640769002663, 120.93573640088323, 136.9314713055458, 124.22775647088577, 89.70982076552536, 127.71381858628983, 135.28276290040714, 146.1483018357133, 143.38633661929475, 112.4181512537268, 134.92058833627982, 123.8616223490483, 84.00646286666019, 131.73393663320115, 134.93552812986084, 147.75473631192165, 144.89046540898346, 101.99667324476876, 132.72112979380123, 123.38024477957966, 77.42659298401685, 134.94267504697447, 134.427355535024, 148.9864154795487, 146.13381162504362, 101.83400202364383, 130.2928081457821, 122.77503133831107, 69.173320629597, 137.56653796663701, 133.74289931856038, 149.8753500261704, 147.12695628930697, 111.06964544054608, 127.58381664116362, 122.03470346413968, 57.5279178927227, 139.7448122810974, 132.8567454551106, 150.4435289277168, 147.87609616479887, 118.21429418530414, 124.5361923993454], "fourier_y": [143.01402915185054, 144.06675181938144, 155.76239630715912, 151.8094760042978, 141.66671430552495, 146.74664580059633, 159.21898885553682, 132.21698117699177, 145.0021033171579, 145.2275428063586, 154.1370948843856, 152.46005452858304, 148.3330684090213, 152.58682803106169, 159.43031560678304, 135.3481898096358, 149.21122498746487, 148.48422931527682, 150.03398554843238, 151.94481640872146, 153.6830031780067, 156.69607290739663, 158.6428612087081, 135.14833865174353, 153.49518870623717, 152.40384933897698, 142.23494596299972, 150.3984743048274, 157.9374853478959, 159.7094767486753, 156.90765925681515, 131.5696183782515, 157.12815551841882, 155.9980884471172, 129.08258854657464, 147.9498640100398, 161.3006232447899, 161.95780130349306, 154.32894665815954, 125.94637059422257, 160.03068586195866, 158.85276679379496, 132.47319377772632, 144.77816699075677, 163.91525324357775, 163.63494318942855, 151.15106795520322, 126.22737544437803, 162.2854779935039, 160.83312264865756, 145.80926442260952, 141.16144834321673, 165.87749322302926, 164.86169193418283, 147.90942941082434, 133.96481883571812, 164.0038280320503, 161.91367284127568, 153.90923450106874, 137.47021129653427, 167.25163946247167, 165.71498225431384, 145.48367633553113, 141.00199629239557], "src_path": "/Users/hagardolev/Documents/Computer-Science/Third_year/sara_guidance/db_3d_models/db/17/m1712/m1712.off", "name": "m1712"}