{"fourier_z": [174.38634751012745, 166.70801342934337, 112.00131282976203, 164.901153479783, 164.64356419922711, 137.70762182839894, 153.4433207832961, 158.5092114303019, 165.69524360993373, 168.82895942654133, 147.02758406051896, 161.19467665478882, 168.28365561711985, 156.19538478491637, 110.79251391270756, 147.41072183242864, 164.56310127297206, 169.0036217975392, 154.92725524155512, 148.53517854307609, 163.5032205202336, 159.61716788066812, 160.4515746507539, 160.42566639307253, 165.96633454573185, 161.0872808553033, 137.251140891342, 155.07544484307783, 163.8717911228281, 153.86460793121103, 144.50732517282782, 162.6115610034584, 169.86633153318454, 162.09903578923223, 154.36307394674694, 155.97813052974476, 155.61090399233396, 145.08556570174568, 146.7334632423807, 162.27621007920055, 166.43749538240158, 166.44659512665115, 161.46438195188824, 166.3416630074388, 167.59035084544084, 158.22844692656014, 146.72574083394244, 144.44553663784396, 153.139213491508, 156.4313335436625, 133.8248158168488, 167.96446313184964, 172.91191320198675, 166.1491973256938, 161.6136143663362, 155.7306951775361, 148.82179848138117, 149.70390218326574, 114.55322076411754, 160.66537450191612, 165.23302806886903, 150.64482776970902, 155.0765593778414, 161.4287210743505], "fourier_x": [152.41410173676525, 162.72044264353343, 144.49589787685088, 151.75822753514072, 162.6501429630244, 138.36054696155543, 125.58698784446844, 145.1141036076961, 152.4204996062128, 162.0761142749256, 149.75002626899243, 153.06346234959702, 158.7644815261666, 147.41685256274903, 146.37002313387137, 155.49789299016678, 152.03801551509397, 159.74310492263274, 155.95195318235878, 152.51538815815087, 154.04350832366927, 157.26748951080543, 154.80657111982597, 160.93326455431924, 150.8024365975954, 156.23020947032916, 160.75381922324013, 149.15034406648627, 150.96252204975866, 164.0380313544638, 159.59722151130748, 163.32477409762046, 149.94087066217241, 152.52145198117273, 163.57901766692362, 141.11246149036967, 151.5785783802332, 167.98631214408374, 163.13670247348324, 163.44011609400496, 152.79784975752023, 150.4158331924113, 164.28235463115013, 121.3211772271708, 153.39831152761326, 169.38274851265177, 166.15240255317505, 161.75181430702312, 158.71503193208557, 151.2353476951677, 162.6426702516504, 122.98308687691741, 153.95406013507827, 168.14864119638594, 168.44986199035958, 158.88423098068293, 164.10656024217363, 154.04126029038514, 158.0950277771489, 140.93690518558975, 152.6517631991813, 163.70014000898965, 169.56717099744193, 156.01912111493797], "fourier_y": [146.66046028772965, 155.32307982483698, 156.67558058864154, 159.25591070614394, 171.24284921931135, 125.95291533361677, 161.25954603764595, 165.1680085452591, 121.06756035028744, 147.2591421369751, 163.2301544575843, 162.67188956385178, 171.54418481853202, 153.84875120462715, 152.2543510366462, 156.83308943717614, 164.54915071467053, 155.3064091321357, 162.11295078520376, 147.00172842323116, 161.39234084659762, 168.3230551924268, 155.89010890652875, 155.26679699891784, 172.3471495518162, 165.9979335078312, 164.08899015021035, 154.61292375497368, 138.82270382871425, 169.32658888047337, 157.32346255545596, 164.2043489454071, 169.05918730096718, 168.00792715233024, 168.1919753425848, 170.22060653704614, 162.73367956067548, 159.4417691153752, 165.63489712350392, 171.2291681872569, 168.83617286145778, 169.43142241892278, 167.6335976118816, 173.24344058934486, 171.36794530727087, 143.19788089124893, 170.75204095859038, 173.29824265705776, 172.8046878604084, 167.45563656714387, 160.2110722803426, 169.7850371381424, 172.62841086826228, 149.02195163691053, 166.7744456590741, 169.21844731741038, 172.9701700214537, 164.20301413686695, 160.82177258747865, 163.43950927432286, 172.58154121032263, 159.01058455668442, 153.3694954791468, 154.46280441584156], "src_path": "/Users/hagardolev/Documents/Computer-Science/Third_year/sara_guidance/db_3d_models/db/1/m171/m171.off", "name": "m171"}