{"fourier_z": [152.41410173676525, 159.7117380408666, 161.5498131583159, 151.64632995847646, 157.1617360227841, 161.8244028101601, 149.20018618364628, 153.76619894099366, 154.6604810494892, 149.43168766362152, 155.19059113422185, 153.61230148380588, 149.5986660433693, 155.51743724588326, 149.22638255825677, 150.5305682808542, 154.52531805921527, 156.92191683816682, 155.38534123523652, 154.43756831049387, 151.34435863105108, 157.92663685505116, 150.74421761425273, 148.44182273979234, 158.41932323657863, 155.63723680917033, 164.0045788894224, 158.06527226527373, 157.2848505476179, 163.34129601728958, 152.82111826362848, 156.18936872113005, 149.07021335944876, 153.9013853560462, 145.65871931067738, 151.51724996497313, 149.6137828596746, 142.15388862178736, 151.81610309736632, 140.70612739684668, 159.79143960556596, 157.3576498961015, 164.97829170609432, 160.59305401977358, 157.37366815194892, 166.17620328856043, 153.57132653116702, 157.41040946525698, 151.34477507921366, 149.09157864436028, 144.31072425496092, 152.4160855125599, 141.24295349398653, 144.18562938388314, 150.6082831128479, 128.01932673242402, 150.18631948799856, 152.0666004267411, 159.41318803285102, 143.90569794697723, 157.94038838203227, 153.88511336272978, 147.65817605658935, 155.69977671952583], "fourier_x": [152.41410173676525, 143.03662279652696, 143.73870127058126, 150.4353921311175, 132.4152055302542, 139.5686551611156, 142.91880621343228, 128.66653999157842, 152.70564223823453, 139.98258834689534, 147.1045022968521, 147.6272503345999, 132.10738299461855, 143.4429721552389, 139.1880847798925, 138.31929215168324, 153.38885995680255, 136.25901071813067, 150.05880357052914, 144.58085811117985, 135.02197649673187, 146.80475914337188, 136.31849806437125, 144.06287769695777, 154.044997288578, 131.56198061703745, 152.09702967153493, 141.2684308231829, 138.0624663063766, 149.00014121364828, 134.42102984984052, 147.38204010958694, 154.27311355778218, 124.75760328196642, 153.05644684307447, 137.2656378889726, 139.77904779717034, 149.87629605527593, 132.4257991753962, 148.91111090367716, 153.78105363525168, 112.76546195165446, 152.866131770249, 131.50714819669577, 139.86002882973332, 149.35854216236098, 128.73940740500407, 148.92749860464437, 152.35322870614675, 105.01737178985097, 151.4359226779485, 121.31611799930604, 138.26181930400114, 147.2888629463274, 121.13792240410591, 147.54389154287514, 149.7854292660114, 123.98522212048205, 148.59097509031312, 91.27274524026213, 135.1023480145594, 143.2947117799424, 104.83301604486456, 144.8303351112207], "fourier_y": [138.55115812556633, 135.9798165387741, 140.70608489839668, 148.9780282796146, 150.95806767143557, 146.0050810876695, 135.1422444473584, 131.47159460575776, 146.38794123533478, 142.8769869976082, 142.55595996813773, 137.65847487600885, 137.94437165173713, 142.4493867502151, 136.29379142661492, 131.98984100775687, 153.46163774238082, 150.6982857041136, 146.84798280916937, 122.56450365753156, 139.0594332906145, 150.21227286732412, 145.57741890971607, 138.03438342235643, 155.08291756175203, 152.36674151783743, 146.67411362188756, 125.21629878859207, 149.0417904389484, 155.92093331375995, 150.59549041687592, 142.18196255391945, 151.14142596651357, 147.60091157530323, 138.5674490578964, 132.74229310987954, 153.59939612090406, 157.54725555967647, 151.024362019676, 142.2123728698671, 138.28950818908152, 130.2358268269382, 103.70614155811947, 142.29920349286624, 154.69979351822428, 155.33842921423408, 146.4270952333803, 136.74994713512436, 120.87165725672507, 127.92643451859634, 141.13961312766196, 151.61987060352885, 154.27307569659465, 148.83893956355027, 132.90960150888762, 120.38342912016847, 145.25501471928774, 149.08580530450047, 154.4583456170026, 157.91648846432042, 153.75556252477497, 136.74157788309597, 98.9279991918329, 120.10946717354705], "src_path": "/Users/hagardolev/Documents/Computer-Science/Third_year/sara_guidance/db_3d_models/db/17/m1716/m1716.off", "name": "m1716"}