{"fourier_z": [146.66046028772962, 115.85615555837347, 144.90886172930269, 134.16163307845537, 161.1245483992787, 155.3743711083078, 150.64926906700467, 155.96169556678228, 159.22684444893144, 155.93386805406845, 161.87614865615132, 148.55503393968473, 156.4833938132561, 146.23490922294255, 164.24380206851683, 112.41043232733023, 113.29737966041915, 177.6998672584976, 166.31445603424012, 170.5426718833297, 173.60467735174547, 155.61155732071896, 176.31313716232535, 150.98960068790257, 154.79088475193248, 176.46522409714422, 162.60523705602222, 174.45718335439406, 170.74243158252403, 169.9882381964057, 176.35846153815405, 155.64684633071144, 138.34606804549838, 179.4100418277447, 152.30273073243777, 178.35231597202832, 173.26393053604505, 163.9927155628477, 173.49864647169994, 156.25627539828292, 131.8722767598387, 169.1199664365992, 144.19664002363388, 165.635226469438, 127.31825746231443, 172.53492577361797, 162.9808562554661, 166.43277619586982, 155.95562247855034, 161.59936707706177, 152.66289578906824, 164.3460122538412, 111.06290649413464, 158.37408458641224, 127.82990012185343, 155.57833054858878, 134.0246986824219, 151.77336915907696, 163.7214563270789, 140.740444670468, 165.18614702324416, 154.3826164192895, 165.97397646471765, 170.50240749161827], "fourier_x": [-608.8537144561831, 134.11689142247678, 139.99455145757682, 144.28063937972206, 140.62539535284043, 137.43605205915108, 123.44017263090731, 122.95826226573445, 78.70872510174854, 131.3176183682498, 140.51475799389394, 142.6775436170291, 141.01845845483774, 137.06135239386026, 125.97800716007713, 126.36567917696527, 92.47043326895023, 127.61382191124784, 140.43300901812836, 140.76935906828635, 140.95575739548914, 136.98777949042358, 129.30110104356342, 129.86464389133042, 100.41055162097975, 122.77513611471574, 139.71259608165715, 138.575306052909, 140.47042864879413, 137.1887007654839, 132.43308688755764, 133.13413480547382, 105.9263644004089, 116.37065681694722, 138.30242853922687, 136.08781309582892, 139.6032423764786, 137.6030762679337, 135.02097769006912, 136.07271978292664, 110.08176761149971, 107.46878697115021, 136.12081539044584, 133.25887261351144, 138.40733887642415, 138.14435450357965, 137.02898747990088, 138.6142958161105, 113.34977950171879, 93.39724598742092, 133.03451564698406, 129.9901888445835, 136.95560685929462, 138.71462282096024, 138.53483927650777, 140.6991394376176, 115.98176462843406, 62.2107015982203, 128.8298947014835, 126.13780462379559, 135.35035389709364, 139.2188439489698, 139.64882628444448, 142.27798825995274], "fourier_y": [110.82527090316853, 97.16631866025794, 112.67350620965664, 113.27413719121486, 135.46256814663096, 135.42817367083535, 78.79754861248828, 129.4991252039302, 119.18523716974283, 115.94551260267416, 111.66873708427357, 125.82693436649583, 137.85838486338767, 141.48418186004196, 127.2735252680174, 125.46676298523676, 128.4842905773378, 131.81447068884555, 103.99279495638595, 129.13168548594518, 138.24814053093957, 143.33965507501512, 138.55614536753635, 129.33438712623658, 134.4325270262747, 142.14479192911614, 126.20566854397283, 125.21897251968122, 137.406770821791, 141.58780204454519, 142.66547491872763, 136.1859270563864, 138.06105331020026, 148.48696483135737, 141.15620243994618, 112.27554215953569, 136.2270572565515, 136.73956525015026, 142.09074272387176, 140.46807590153537, 140.0299033496648, 151.73473902794677, 149.79215989413842, 123.4380821386086, 135.33837648156694, 133.03108631658662, 136.59204257740876, 141.68253062443088, 140.7059027422698, 152.26517900560836, 154.57993618899079, 138.43153595342037, 134.52318805022279, 137.2380060568246, 124.24495247043303, 139.8303755293594, 140.35003214095332, 150.11599992069372, 156.43314566164096, 146.49785673210718, 133.16158045466187, 142.67640058366925, 123.21223470405945, 134.5008419961281], "src_path": "/Users/hagardolev/Documents/Computer-Science/Third_year/sara_guidance/db_3d_models/db/17/m1720/m1720.off", "name": "m1720"}