{"fourier_z": [124.68821451436744, 135.18901905260603, 139.58672628404196, 128.53990489126093, 141.4368765725693, 142.4840776654068, 145.72572660374604, 150.3686413884019, 132.4892101822489, 136.59316935996574, 153.7435722620898, 156.3647745373095, 135.1475664739617, 126.33716939681214, 151.42159206047128, 156.04057362692768, 141.47503575474235, 118.31154317423622, 152.58946594055482, 153.53519544849087, 138.6759814749647, 131.98306878259982, 160.18718038570452, 153.78890663923443, 126.95883772735586, 143.51920336066664, 143.61841099961399, 129.5468198167472, 146.87613412039394, 141.93818915749705, 154.25102622100195, 154.63807669133888, 143.07475144524918, 153.56173909926378, 147.3727079166159, 124.86008742550945, 134.21770010751908, 154.12388322003588, 140.37275137090782, 137.01773410270766, 144.8083131879543, 144.06284522995634, 133.77693464040422, 158.45840144306374, 149.63522222351725, 143.80804137878914, 143.36597918172555, 159.24165448259356, 114.76891457105678, 137.65202479258863, 105.50902009832699, 156.98063158960287, 152.8219822374376, 150.3242496529611, 151.00545301717145, 149.12624637070684, 122.57370340111238, 126.9747871779596, 125.66761187575429, 150.8776779671919, 149.7781954299178, 145.49964615219127, 147.01030934488406, 146.36737328524652], "fourier_x": [132.7975166765307, 138.27965814822775, 141.89216721655973, 142.7592841626444, 138.5454245212776, 140.44529155562628, 137.47471373164427, 129.6685925611794, 132.85431539126947, 139.55904033632154, 141.3752677547312, 143.41365080204548, 137.13089775757535, 141.09008289990447, 135.12258109321, 131.67205293185577, 133.01599474730227, 140.43468398610273, 140.31705221213917, 143.40044682046363, 135.09473034645058, 141.33239429630183, 131.77170991183976, 132.8570565871073, 133.25853748457826, 140.89386069503962, 138.71948715850755, 142.71567105181143, 132.21890295268898, 141.19518623535757, 127.1172743749554, 133.30258509922342, 133.54808540994065, 140.94491098700257, 136.60602889690318, 141.3325693634773, 128.21144704929503, 140.71300810873439, 120.66713589645389, 133.11204872190288, 133.8475741847087, 140.6065832039578, 134.06786609330982, 139.21169191039132, 122.67258976272183, 139.94078193639862, 111.88403834786827, 132.45814101424915, 134.12252605132142, 139.90538795543702, 131.3600536645578, 136.33354655526898, 115.38256072586015, 138.96592681705644, 103.81108582328302, 131.65310905850052, 134.34499162714212, 138.87762476792633, 129.02969507396102, 132.81035708068694, 109.32899683340061, 137.91963215863754, 107.77391866503093, 131.18899402510726], "fourier_y": [132.7975166765307, 151.49967513701338, 141.4714777368418, 141.21259629264966, 127.38191895838403, 142.6916094091774, 131.39833420192113, 132.56508403176048, 132.42443320365228, 152.6431112815093, 139.46979463735556, 140.6759373477716, 123.6316740673796, 138.91936944002964, 125.16532931913363, 139.21273556806318, 131.08605721188601, 152.32855731668246, 135.7480837476584, 138.35595759614145, 119.82871912431875, 132.56293692997698, 121.46578056565987, 143.31343606531613, 128.21971263585922, 150.26233875747224, 130.63243134460097, 133.28575546001184, 120.95241548891224, 122.35631667534992, 126.32205518528443, 145.60150142411456, 123.454585164885, 145.95052826443603, 125.90377525062061, 123.3847817059058, 127.26141322321949, 115.73785492626507, 133.21337544344348, 146.36750632757455, 120.2841675997733, 138.6416878037463, 125.40315631163354, 112.33170674552959, 133.80122396795883, 126.55550264421258, 138.51436117064887, 145.7140056945612, 126.78123698508412, 130.2547674648677, 128.81277018789402, 127.13508533336778, 138.995132131334, 135.4545468800938, 142.28491759957106, 143.66803735147028, 135.99255035129363, 134.6195863444824, 132.56374811108174, 138.518980447949, 142.8441651404839, 140.80727889722405, 144.98772446181718, 140.34790061455436], "src_path": "/Users/hagardolev/Documents/Computer-Science/Third_year/sara_guidance/db_3d_models/db/17/m1727/m1727.off", "name": "m1727"}