{"fourier_z": [110.8252709031685, 116.6078877399546, 124.1368856736899, 128.9367553248704, 131.27507205727176, 131.4509056881961, 129.3965495345913, 124.49178383788775, 113.68699060274524, 132.41865612255313, 132.4505334087638, 125.15252867153623, 114.81921134632309, 135.42131417620396, 132.78306381757181, 122.03436240795064, 119.757135936196, 148.55964046966662, 134.02274562443648, 139.57075531649335, 144.29397509900224, 129.3805510225501, 137.72646578777716, 142.48497347003695, 125.75330418208019, 144.59462406714366, 137.3932362993814, 119.73747265451644, 127.20141531907673, 140.60582591642057, 135.0461329783599, 142.29033230321298, 130.27780090252278, 142.13808606327996, 134.51108820659493, 146.70556242143203, 124.3773398594947, 143.1361343101225, 123.48970935464287, 125.81931260774934, 132.8840654658637, 112.64523724540466, 125.72861305384959, 127.40337249612418, 136.60798046039372, 144.55042797137705, 136.01984520013139, 156.38867986498445, 133.33009446880953, 145.37303115387766, 144.00218183503307, 147.8963623389246, 140.67893424977848, 148.16348047249008, 104.56638918584332, 141.03208448861648, 131.22035860010288, 136.83375105486954, 131.3195586995506, 131.4135518135605, 121.92576566594701, 115.13138021793694, 124.33745530898858, 135.61243176342654], "fourier_x": [110.82527090316853, 112.43286471897726, 116.0330876466945, 119.92731094912556, 123.38615378610184, 126.24940785520099, 128.5328543062666, 130.28781643815267, 111.09958143806517, 111.02519727203907, 118.32849206878775, 118.5430410574892, 123.87522992663462, 123.85714982150823, 126.7669115660061, 128.0975140882078, 111.88193816072989, 113.03426300022792, 118.35831928833868, 122.74982615325435, 122.07612074570505, 125.73381311550065, 122.89398795742656, 128.03676441751725, 113.06866672475293, 117.4226800712226, 115.93736638127916, 128.3251747869459, 117.5957136428522, 129.74277155786598, 116.46636777388534, 129.47945043360676, 114.53217202794734, 121.95250157174256, 110.02641044337966, 132.90089489970512, 109.63707075035943, 133.48315227600398, 109.20322891125585, 131.24884344853533, 116.15466638613363, 125.68480224431823, 96.33139216103748, 136.20026505939092, 103.54901644218066, 136.26413571352995, 112.39725831994903, 132.66336048773707, 117.84403054654999, 128.45509168218575, 72.98224265479827, 138.35746331264244, 113.63263385959227, 138.05051738805372, 121.8108678954778, 133.50584423404737, 119.53523729081938, 130.3039400242655, 106.8821711099411, 139.50789966834893, 124.0576149201392, 138.92944106120336, 129.22476875310466, 133.76963343476038], "fourier_y": [146.66046028772962, 143.8041205428409, 134.1105599794132, 126.08470073861193, 139.07683030627945, 146.08216278190613, 147.02346779013516, 142.3724640707039, 147.68746289267656, 144.09165312874057, 135.41389332420232, 122.42126201133553, 133.6667417633846, 144.41578719623104, 146.7946901112207, 142.58632659235155, 149.9065847855798, 146.3395258408028, 137.22092421658996, 126.05983134331879, 128.3686819334348, 142.3711192083525, 146.93215729075254, 142.55713028121022, 151.8857406877849, 149.7179224226658, 140.22087086333948, 130.37046195188807, 127.50195477989453, 140.37369843032317, 147.45775029049682, 142.95926754376626, 152.68775091660993, 152.71683982906472, 144.2777904161158, 133.96745173779917, 130.3223922532, 138.82362935945838, 148.0471070167218, 144.21566711565904, 151.73013551070582, 154.3664224840244, 148.0545207618511, 137.47999487394554, 132.88447274316178, 137.75562854707323, 148.2111277913321, 146.0382275745471, 148.43362171132338, 154.13612521299382, 150.44115969895185, 140.62761241111653, 134.0348802352551, 136.73514713556602, 147.4182808912479, 147.55973195913873, 142.00324253880473, 151.52671785069717, 150.85481618526128, 142.56829226567268, 133.8204901705583, 135.2660047501423, 145.1143203284555, 147.87860508567655], "src_path": "/Users/hagardolev/Documents/Computer-Science/Third_year/sara_guidance/db_3d_models/db/17/m1721/m1721.off", "name": "m1721"}