{"fourier_z": [-600.8066115740103, 131.49165053895584, 138.54326173539107, 131.97544337110747, 64.85209870245765, 130.93169733262033, 138.48003966101646, 132.38425233864314, -605.5732626439266, 130.1893286772813, 137.23667976121015, 130.65616129888778, 62.866932108533064, 129.64931245798044, 137.1754589434075, 131.05076571610346, -609.8992197793943, 126.25525791063006, 133.29612425551502, 126.6961606219718, 57.74510689260153, 125.74600191631225, 133.23842561086366, 127.06940380667561, -610.2466227439918, 119.2352689794795, 126.28800698703157, 119.72326891891919, 52.92699119856549, 118.67376106979174, 126.22735992697763, 120.13888778332058, -580.6895541142419, 87.87767693943279, 95.61870579076087, 91.20475807334788, 68.7867254633334, 84.69261259143929, 95.26083712795666, 94.09158559961438, -604.2529201589927, 67.7804490203535, 75.77471969793345, 71.99190828065831, 51.37275901336874, 63.27647994975865, 75.3501697215958, 75.44407231092282, -595.5147748317521, 109.97994067715283, 116.94935664213571, 110.14554309760923, 51.29631964791035, 109.80270239910638, 116.90987314142649, 110.28954801409904, -590.050148290843, 123.80934547107418, 130.86132391702523, 124.29730849060498, 61.20992490594608, 123.24653948551023, 130.79282994237482, 124.70907038390831], "fourier_x": [146.66046028772962, 138.70533793953055, 148.40123798658863, 137.7153725334103, 117.51257600486204, 132.1903703555921, 145.2613872488916, 127.51003653151105, 148.37175693830324, 148.58778398183372, 138.06455049761513, 134.42521382754882, 152.87958544397068, 155.07104225988067, 111.43494414012444, 149.21460476996404, 148.10757083206516, 138.4553707474688, 146.87869888264595, 162.6719203549267, 157.33558116077356, 138.5350831328685, 144.70650384052388, 147.25557862833912, 143.58917910516024, 154.6656929879128, 167.80731021705392, 153.0223544090379, 149.06410407122115, 117.38646571597627, 154.8361695043675, 131.57872926384022, 160.15864926715633, 169.23057006582036, 139.1591694584361, 150.06910124308644, 139.35922185123883, 155.3240944769862, 143.82372385886126, 136.2453868004709, 166.81909888005913, 117.97177127540837, 141.09192785837834, 153.6673414227349, 149.68651401876264, 149.6280139184628, 125.20413812934879, 147.90911395684904, 135.17588700488494, 79.32647606207864, 157.39291173831364, 136.07984159448637, 150.9417900722408, 114.62258577355087, 143.84719780775978, 118.69801677698663, 138.71941487313083, 154.97977605077273, 101.00137219430002, 149.82455640471045, 112.50994243777917, 139.0343367098978, 134.27095927851636, 147.08308365923307], "fourier_y": [-1330.842586675095, -591.5442009467371, -591.5442009467371, -607.7380833796097, -612.0459125405343, -615.8454326074831, -607.4911572537061, -607.7380833796097, -626.8854775387091, 104.58559388688687, 114.20107215500656, 114.18428434093316, 104.52480847606957, 14.863926211624804, 104.56765143167011, 114.13759570530799, -628.7497771492929, 116.91749642022822, 126.5233287699882, 126.48471440507642, 116.76300778693383, 20.6211573506593, 116.99551760764717, 126.48615618262248, -603.0610095597924, 124.56425085602014, 134.1946880855925, 134.21147875446312, 124.64589021305386, 24.97497391288708, 124.39585852390013, 134.09170448008692, -575.6110776655821, 131.8851985442921, 141.58399468890187, 141.75367035064087, 132.61114843197691, 71.77258259146087, 131.0142356432121, 141.29651648370827, -603.5029111553741, 125.62836206814774, 135.20413845742206, 135.0975805462701, 125.18290763411456, 56.644279281117946, 126.00999349086082, 135.2511631803429, -643.5611677030989, 125.86985872875339, 135.47441160944865, 135.43273925134994, 125.70167386617317, 31.78417207320233, 125.9669117149874, 135.44584236701516, -597.4223225210839, 122.80923155102658, 132.42889415681728, 132.4217111677108, 122.79163102865425, 54.1631219122233, 122.76714254502012, 132.36320837624473], "src_path": "/Users/hagardolev/Documents/Computer-Science/Third_year/sara_guidance/db_3d_models/db/17/m1734/m1734.off", "name": "m1734"}