{"fourier_z": [170.73991637424837, 140.447133905692, 131.52026453307968, 150.73166341828022, 139.783415519279, 114.56354939615517, 120.20791997050152, 109.08184208174879, 144.35334784103785, 172.2807547532818, 128.89919560854247, 122.93078216966836, 137.83638104686318, 133.12740262140107, 106.43791234875164, 147.21436065765397, 142.2475918634134, 141.5408894134291, 175.7658567142284, 99.36464961853362, 120.19881980465469, 104.06143461611788, 148.91116216046765, 132.27561738482814, 148.85614733802305, 139.39722204813168, 128.59840015433602, 179.33067303991336, 101.74664304306833, 129.8951498525873, 122.58170530261809, 158.48208619336395, 125.60428679517781, 133.61599385274383, 129.03429729536347, 98.33750193230317, 181.77892596205822, 123.74587178078123, 140.35172577561687, 125.59989649369832, 101.69907686864035, 131.42064556648322, 110.54711776520618, 130.6197637603954, 130.16447512653727, 183.11924179996578, 136.3187601898377, 145.8989852750395, 118.71465301091013, 109.77211563186012, 147.6036711081066, 127.88893930576484, 141.67512645961335, 135.27195514672957, 183.4407316132132, 144.527280536494, 113.0720711033795, 146.88408046803715, 128.76365895110123, 157.24049754672419, 128.53378115797247, 146.6781125296263, 124.02144739939224, 183.36676297196163], "fourier_x": [138.5511581255663, 149.96794148502775, 101.017934433877, 130.03658548326206, 152.48875527208844, 135.22300802869512, 150.42688524045016, 155.554880790088, 162.24712390651845, 138.3163516573595, 126.7196674315343, 141.31012617380637, 119.52533515618023, 145.6749105155924, 149.69195726845402, 166.16771789879917, 160.53138580483136, 142.94637695317167, 133.74358718794892, 122.93001946215568, 158.44760905876544, 167.23976384202933, 146.26563922888312, 166.30067112728761, 114.22585654364637, 156.7489814420826, 153.79725748098934, 145.77124851525267, 161.30500652516923, 151.30902505715528, 157.16981388132868, 174.06108129366456, 144.57956924514048, 143.00449753940964, 147.47317831477477, 136.8080595060021, 173.52760221923222, 175.53850841297734, 154.1573136165423, 172.1952460760518, 168.93175298534112, 122.49151395875114, 149.25227875790625, 136.86404370748562, 155.13473855371097, 153.12221358311228, 169.00168925130424, 164.71300915843076, 171.91406339718085, 146.51124433562785, 143.92711466337994, 149.22091409588342, 174.5167266799375, 133.15991113336318, 170.35246055606112, 174.65837000262638, 159.73738314684203, 150.24791607006077, 156.2396554567301, 158.32471987689107, 176.10385719510558, 164.20506360234646, 152.9347548247468, 165.4841272578546], "fourier_y": [138.55115812556633, 150.33028044054947, 86.51305115349518, 129.600666902387, 152.23149308683708, 136.05833907718196, 150.40222715999647, 155.52927401377286, 162.24712390651845, 161.38064096944083, 147.32989471208438, 137.89250673731834, 162.55127116304894, 122.653361573064, 149.66351390146292, 163.22124643982815, 160.5313858048314, 142.7595995158455, 149.80805623868673, 154.27245274950855, 159.54150874960632, 145.42422870013385, 170.39046863742132, 159.1930714473342, 114.2258565436464, 159.59163477077556, 138.23475148261974, 152.57858087695766, 127.13045688831022, 149.3781128559951, 145.71106571086864, 161.8124127546397, 144.57956924514048, 152.87409941776673, 151.32228665780335, 152.55960257873605, 176.8216003663393, 162.85977458301943, 148.17089982488926, 170.9343206623139, 168.93175298534112, 144.99255461166922, 145.07151148185864, 146.37494596476475, 166.5733549923986, 137.7543370073659, 167.89286631019297, 173.01365342126917, 171.91406339718085, 140.70965931080494, 148.22489969696383, 149.91685728242774, 136.46739730654875, 161.03039051534128, 166.66127906004377, 156.79900360726367, 159.73738314684203, 135.98045556770344, 142.07073299246014, 120.99943923937568, 174.64797636433275, 172.1430054365889, 162.30085136870912, 172.58769431122718], "src_path": "/Users/hagardolev/Documents/Computer-Science/Third_year/sara_guidance/db_3d_models/db/17/m1736/m1736.off", "name": "m1736"}