{"fourier_z": [124.68821451436742, 155.72473564516844, 143.33876468724833, 146.28699474643958, 146.96522228793953, 142.74176001710416, 130.00999591204456, 151.6066977395955, 160.23978607963448, 141.01226842254707, 160.26268447682796, 136.0311687968024, 149.0393931612817, 144.41247383423763, 115.84562641717456, 135.6826334608126, 156.65305533464849, 142.81778521898656, 151.06134680960565, 155.09150197001443, 141.65970891327444, 158.22468276937892, 153.93751620659484, 153.2416441091554, 134.96114645231333, 157.15331335961514, 152.7829298786759, 144.11129557338754, 154.2701292769429, 133.077027403568, 144.67862640729575, 144.3614639425612, 161.4259491438202, 137.25930264981463, 163.57742536241264, 147.68201449355368, 154.70130086037426, 156.33081217053228, 142.40843658821757, 148.09475518069232, 139.58016731355707, 146.4803994584071, 113.18797711055933, 155.0807873561432, 146.806151609264, 153.55619612707645, 157.07943384164705, 144.79404366137518, 148.79802814029713, 151.03013644604513, 157.2156250887993, 134.94275882104017, 150.84604717501466, 148.2635166240051, 107.8230779192987, 146.03130206398336, 151.65389839093243, 131.27802199421137, 150.21740508609167, 157.8540203063886, 130.87997028373988, 160.69718483106726, 157.1036242525578, 144.57725491304876], "fourier_x": [143.0140291518505, 151.759938024036, 150.5160753081518, 151.02250728306595, 153.3053098476096, 142.98699909485106, 158.43774875422352, 152.41531091589945, 157.91339495828396, 158.0166725321267, 138.83318932484363, 155.41419693970045, 144.14687711296506, 161.63097914972047, 122.38400471086601, 142.3265335261792, 166.1038582254457, 152.3736279766407, 137.7323003562837, 151.48124698661053, 161.5032882620094, 136.65165251053784, 150.6449582227375, 156.74993107984346, 149.57442620202838, 164.79756598226825, 154.90523917088964, 152.02687972083106, 101.04721506582159, 174.13385819137795, 154.41803353609166, 151.18997914855834, 152.74309221416988, 140.12923618866637, 167.5089179349451, 176.0866829914205, 173.45964103682573, 151.17564330093126, 163.86292565641182, 167.54628590722803, 178.73620241536187, 173.25997569122205, 165.59816620582689, 165.88805071568075, 159.9699781100977, 168.33660846050665, 128.7927127631465, 147.92905539051026, 129.83652164571666, 171.65526406039436, 149.5789462729304, 127.43497249705658, 158.74465566258056, 152.81037598650687, 152.26211354903032, 157.34148083671974, 147.25344104536984, 167.85895818630732, 170.86681638145276, 166.92166068837872, 174.4720786648458, 159.78646804825297, 146.05725250270092, 142.79419658779847], "fourier_y": [154.7697624498929, 144.3365555630956, 152.78861585518726, 149.90880610419495, 146.5451210255444, 152.79428943508867, 135.60828420417602, 152.2679627701546, 150.51564960747066, 135.58821863017317, 149.8819612865276, 142.96697494385504, 148.14218417472952, 148.57303285199848, 143.95750514916608, 152.7226560671464, 132.59458674536478, 131.39461966102635, 135.36866817505563, 132.73733951220348, 142.86280113629806, 139.32789506848331, 147.15274795614715, 149.32872523228664, 132.20490008618614, 143.24407794104448, 136.97398233947519, 143.63401161971734, 135.15456102759555, 146.35955554362783, 145.9739594478628, 149.22288353790583, 148.66630617049375, 143.95123578953138, 151.59302943001103, 138.83105518261144, 137.78447707111414, 146.05107378953716, 136.46883497336083, 143.72471068710078, 151.5174826541523, 146.89519001625723, 156.59247346261904, 105.78660175083212, 146.4843211530037, 142.4805845387124, 115.61535235918075, 132.69800396969453, 146.26807190395746, 147.88233359519802, 153.86420858444853, 127.26080257436337, 147.07187297154238, 140.30110068965507, 127.21145241340972, 132.4021496229578, 134.66711759350486, 149.16130703648153, 150.5646951852706, 126.48687400984036, 147.3005938228724, 138.28870790896016, 124.19944009970126, 137.84938807532444], "src_path": "/Users/hagardolev/Documents/Computer-Science/Third_year/sara_guidance/db_3d_models/db/17/m1735/m1735.off", "name": "m1735"}