{"fourier_z": [160.52340389892856, 175.6041391642138, 171.67540931295466, 155.2695166284467, 163.7357916831385, 174.68163509679997, 175.65434450966424, 161.55606838893158, 169.1213364294896, 173.9707372430533, 174.48229571184623, 170.87152885421773, 177.99013505606587, 171.69307085674967, 168.63031777897848, 157.26501201104577, 154.26962193084475, 159.77895114517383, 176.21680092426107, 172.12295799078493, 173.67606600629222, 148.6837593146126, 162.15156143827477, 154.87259389874103, 167.46882038550368, 151.44371045794324, 178.42111605462574, 157.3153833009282, 157.6667433054734, 176.16281437308197, 158.48627221844777, 169.02844194700793, 169.83416211074913, 174.99550666578543, 178.2109685738106, 171.58664369289286, 184.31411252863157, 168.77080555222136, 161.79958488600454, 169.9924694598551, 154.24629661772985, 181.8360624406115, 150.30156885390699, 161.1281752943691, 163.76214609277415, 150.05626571307863, 167.02395606569283, 178.07318533484263, 167.66174098323333, 180.34484202910187, 164.95871390918538, 181.28629499237542, 154.86484511878052, 172.10315060875743, 162.9377669755795, 169.13324022459693, 165.93967046630758, 164.4348082543144, 169.54163018277885, 144.59880909602373, 176.54140410636958, 164.18579270582498, 174.0682966663277, 170.3172085411073], "fourier_x": [163.6064174954737, 172.98696790227558, 176.58271392730126, 169.00224763830036, 138.98399862562576, 147.06496017896905, 150.26104842362412, 143.87099570135405, 165.5552117930281, 153.65352240268103, 165.6983841271149, 167.0822408005245, 161.51700673056558, 153.32123697861854, 157.02227013729518, 165.6526626496233, 170.92472912704167, 162.40396112650103, 150.71118296454156, 143.40589665666806, 151.77782227212313, 160.58717189595924, 164.7661622967283, 162.7820038389187, 145.66034829875545, 157.1468636435691, 163.08478797575413, 162.35003438987863, 159.16846883777808, 161.104038889793, 155.0945324636992, 143.29945027528942, 142.75605428586817, 146.1312635445309, 147.27580615282406, 148.11754051506088, 157.9893208409619, 152.9292298815761, 138.9340194012264, 170.85040071475618, 150.43937983891033, 156.94753974588724, 159.9265563139629, 141.94569420121698, 161.06179515568752, 173.67826056674573, 174.81990130239376, 169.17710014207586, 164.90522029419378, 151.91854203431978, 140.25442249685685, 159.03203274326967, 163.9318171123895, 164.84538218474657, 163.45440941933043, 158.22343592984356, 156.40763637528383, 167.55405442540595, 173.5080286969751, 172.46969072983703, 165.77943883918434, 154.61493927622288, 139.74366203433038, 148.65623717712973], "fourier_y": [156.87697276304945, 159.347075911245, 153.42955708873893, 141.0803939320707, 161.19426328974515, 162.23201234187084, 144.0331821851804, 140.02287782365994, 155.75879960054732, 146.66883244853156, 160.34729583569455, 165.8567991023557, 165.6368211512838, 166.25466666864187, 161.8574793852051, 136.61731647499042, 145.91778796209445, 147.1500233866399, 160.6407130590354, 165.04812226021014, 165.7578873737449, 164.53885416641742, 166.77982902617262, 165.42595318040418, 158.35671331278408, 159.1530051831533, 152.1404608138651, 134.70024093724217, 117.42982456689853, 145.7037285923533, 161.9080301580022, 167.89503180714854, 167.64777386946446, 169.77572223613478, 170.95812228912493, 167.13395481247102, 157.66605537457463, 146.56155508790707, 149.32698257111582, 155.30257447509737, 134.77867263387304, 158.15139506030414, 165.89401573312642, 165.11771596926752, 165.3986364807301, 170.43897225564552, 168.28149461814849, 145.98915331137502, 165.8083631354271, 167.66932272225966, 166.01213318801916, 172.9456551875822, 176.79468775600682, 172.48393927141552, 154.46770920876003, 143.18910978888886, 159.88145422839528, 154.859140575486, 148.79950045082182, 162.87986494542406, 169.81834949722725, 169.78195298456274, 160.49518493548896, 138.1625777719882], "src_path": "/Users/hagardolev/Documents/Computer-Science/Third_year/sara_guidance/db_3d_models/db/17/m1743/m1743.off", "name": "m1743"}