{"fourier_z": [171.71571965763695, 161.19302823718732, 173.61073537385192, 155.77730069680098, 170.38838714476017, 156.51531977385085, 159.42506388405693, 180.30459576513698, 166.93527037942036, 163.90000482036248, 160.51251934384325, 139.75363349178895, 161.589952066835, 166.04649010010377, 177.14314440913756, 183.21407360733065, 142.03482594452262, 164.57554251451938, 179.7732016152818, 146.83025625580834, 175.30459571413883, 146.58345445840445, 168.99861766417064, 167.4112352581129, 174.1950682319142, 163.93138528832776, 181.71371633509546, 166.5930208357904, 172.02980447943972, 171.94670890866433, 164.13215811214772, 158.80720578147492, 168.2816131333758, 156.50404325738353, 168.46721580464998, 162.1148191478522, 162.781318761703, 165.28227907155537, 181.8243703369805, 178.6061252620563, 158.2846780865815, 166.69094162173394, 178.3224532300775, 147.32123899767174, 173.65890704261494, 133.04159071436015, 180.94816242124585, 181.14896089206212, 176.77254210522204, 153.9576099919566, 176.2198682151723, 156.38675741940904, 170.78189375021765, 155.52277853796073, 164.225401894314, 164.91509366132792, 163.27853268674517, 166.17809906304979, 151.15104323703326, 149.97515301753455, 168.72057435810092, 115.28640291612584, 173.54890679203277, 178.11592149446807], "fourier_x": [152.41410173676525, 152.65543220712928, 153.18354009374795, 154.40064645858942, 158.50993939062863, 162.28471272256672, 163.76465989319166, 164.97158296844924, 145.34104707394042, 140.332110306529, 133.34984898469958, 152.64393922714046, 153.82973556074978, 152.41907391599622, 153.21324861840066, 156.0880251709373, 161.4244879645126, 169.4084464000053, 173.74412107942422, 175.821549700006, 174.15141683058866, 171.95172097903398, 169.23813679422113, 163.2739398337502, 141.02380980226096, 141.94759583325316, 143.5001528170512, 152.503310374154, 154.4550805448188, 150.42569049488202, 137.81891427980798, 126.44623096991666, 168.11399752424268, 172.74974513934842, 173.60130635926723, 169.25145691709926, 168.10030600060404, 167.7539869593522, 167.63337206388843, 168.18134442955838, 130.83637496269043, 159.3262035628451, 166.4274254845833, 159.85076113841043, 141.3431389414362, 103.68659960941142, 145.02605043432152, 153.43184704638145, 156.61162344073395, 165.87541125357228, 170.55718224119585, 170.7066080503356, 170.28804506732376, 174.381503566788, 176.81802342097015, 176.32186257904831, 176.22083058568302, 173.89222497776274, 172.93524148441242, 168.4851196551491, 165.06143456777747, 170.5426394268449, 175.7015855385633, 177.57897222928], "fourier_y": [207.5509090421981, 199.29542137259892, 187.63162681986174, 192.1796102818481, 191.51356328123939, 185.6621663482447, 171.08552554175634, 197.1300830325573, 201.36369443649497, 177.96897360124558, 197.27241009773223, 166.0366970715047, 186.36681621750563, 175.3517099243966, 186.15642004537708, 179.8041945448042, 185.99309527809783, 196.22728378382135, 178.75824545610104, 192.6325306405009, 170.6246975969522, 187.3994677819685, 175.23186692047796, 195.56500371805075, 191.7567892996238, 180.55336311764438, 192.86234527786294, 192.65834761629603, 165.37501273873514, 174.2031194038745, 191.68081547262997, 195.47790669795532, 189.03245819876946, 184.86851265967096, 167.67824438254792, 174.50353616931565, 207.03166768900903, 168.4379731810542, 193.03195980861986, 179.8235379749318, 185.11078465262554, 178.198114684973, 187.85083396681927, 180.969536838551, 153.11224955106292, 161.14542157337138, 180.22138221368334, 171.28558003013526, 160.95670958285237, 185.82479489414894, 178.05111655719577, 182.22545966650023, 192.606468510146, 178.5534534164884, 198.8231590535986, 177.89747050339128, 189.87490855465586, 184.5170409749498, 193.07953356831302, 193.92362523126923, 176.67875069726594, 174.83235389480262, 173.0423498545601, 173.2396211627901], "src_path": "/Users/hagardolev/Documents/Computer-Science/Third_year/sara_guidance/db_3d_models/db/17/m1749/m1749.off", "name": "m1749"}