{"fourier_z": [156.87697276304942, 145.66044998496326, 172.9957055907405, 155.34842419779795, 157.76144199733412, 145.6325487766701, 176.8202527760749, 171.1341781914076, 157.40134623098947, 144.9221214999326, 170.8166106094737, 141.20895141413487, 157.3212638182563, 141.27462630761133, 173.8927404356261, 173.74977885182818, 156.19407703340616, 138.74912607606268, 168.75857530572998, 123.98978457701544, 165.14710891388313, 138.53634728953995, 167.9763242673221, 176.79407123260205, 148.3635193817854, 149.351825379651, 165.90307195137498, 142.86746361792706, 168.76611013220042, 140.5383816030669, 160.4932100496424, 178.8377520353307, 133.97952533666347, 163.5623334721684, 161.35555687511834, 145.38023552874876, 167.8661387410814, 146.79589873005997, 157.20867821198607, 179.01600903897997, 152.5118889415481, 172.82311274099925, 153.62323778723902, 135.20220769877193, 162.63477235258406, 154.7770887810433, 160.2589859726454, 177.04412986303592, 162.4683313836564, 178.1936924485231, 141.30655318621814, 128.8614721299901, 153.3790070769521, 161.25230387298126, 162.87367515858483, 172.841846114565, 165.63553014514957, 180.2403663042848, 130.90209650198108, 141.25110325058253, 145.0966797377901, 164.7739419389289, 161.5311225112266, 166.31533053283107], "fourier_x": [152.41410173676525, 137.8005429896241, 152.54006635980178, 164.05441428677733, 160.69649575673822, 146.58264663211736, 156.13649375005525, 164.94038111406297, 154.78714932791553, 167.17257392349438, 170.89096938122788, 164.33390563693462, 117.881695756291, 160.65086633459288, 168.36872381479077, 163.62404606493976, 122.75590747569183, 153.20509037589449, 152.52469528150186, 132.13640612450322, 145.8572123576909, 157.48038684750387, 158.9852698307801, 152.06471274914287, 163.13483025586186, 156.6561829422326, 135.56192106838003, 125.40650798734474, 150.389359469406, 164.78475518443236, 169.3288019519319, 168.44572465464128, 169.35397307088004, 167.2765256953325, 160.06395174444128, 149.8988788019223, 142.5219056636982, 145.80993385832835, 153.15289326351413, 161.1310589317888, 152.14305353476954, 158.11664380202237, 153.65286019144094, 141.75806036932408, 150.41930637233384, 149.48889501241143, 119.01887827201739, 145.7091749217994, 149.86090675840234, 156.5006838264946, 150.22550510052315, 140.24059357933902, 158.52305005777868, 161.7954796735936, 154.07081330786576, 127.98142507995854, 155.51193858954684, 155.71768138900717, 150.07213951415295, 155.04583764614702, 158.72032701237165, 156.28395510558545, 158.09948589880884, 161.88349664091373], "fourier_y": [124.68821451436746, 165.61239613814647, 111.74740519525434, 170.29225549662542, 150.29261972848025, 162.65933327513943, 158.1579046754485, 183.08687216095464, 149.56482015098757, 151.0195710508819, 152.96715413818416, 169.39747581847706, 168.94910342750416, 169.76763087453665, 163.63838060199075, 167.53588373240694, 156.2907557826389, 161.06096751370956, 150.64371160505405, 166.21790268422828, 165.85842505727624, 166.9909770956064, 166.8689797495902, 163.5302573722082, 154.37939094291477, 160.93456083975798, 144.39647525992214, 172.23781860009962, 163.13635521619096, 159.7383363896812, 158.4242210506396, 171.0438884541802, 151.14870190582303, 164.62586169677684, 157.95526467634838, 167.41943700527625, 163.0991956056767, 152.61231840095232, 167.3597748521808, 166.960603115091, 155.66126231169423, 161.52670793121789, 161.0265336924038, 156.39583263787972, 168.3708998598436, 160.58162882907322, 169.3353659633392, 160.31464115661743, 149.50542966032248, 140.1623066379204, 164.04209423169473, 172.44391863222543, 161.45566304801417, 157.07936456264878, 169.1900430054739, 163.58444668261694, 166.48831402028833, 165.68388317577617, 162.55887437976097, 166.88736913684113, 159.05765687394407, 159.82415117213876, 160.81886756746056, 173.2019180233856], "src_path": "/Users/hagardolev/Documents/Computer-Science/Third_year/sara_guidance/db_3d_models/db/17/m1742/m1742.off", "name": "m1742"}