{"fourier_z": [160.52340389892856, 177.12567596913976, 182.11356584642215, 177.39891212645216, 141.19530860755003, 181.71727090818194, 167.78799898197352, 158.95344384556984, 166.8922756652048, 163.5695824828279, 171.88180992932118, 181.6937632076267, 177.52343824537724, 181.69605778721302, 163.1220043794596, 168.00630558695903, 151.53389914001335, 151.6801909041434, 172.11129769409632, 169.7735934571703, 148.3662211599593, 186.4641544876329, 156.1306706638192, 177.9158782973401, 160.63320506026935, 141.2656991176817, 172.26765947960317, 164.71369194999195, 172.59296599319256, 174.92015254929981, 180.11087861413046, 165.4341399811687, 118.91851890079595, 177.37958138300166, 131.05027664685318, 163.21783947344468, 159.7202608712183, 175.9068824628824, 180.3913636097986, 184.54551676975822, 156.37805556976974, 164.12925550237907, 166.1231094527376, 177.0138674548988, 103.46100183597682, 135.6969888382633, 168.53095413885865, 176.08226759146916, 174.24610088460238, 173.86667635999976, 183.37271431546182, 170.11558170116047, 168.49114382912546, 183.87167490105125, 178.96521646740962, 157.2035011214138, 180.83941785170853, 173.89242184867334, 179.15098145011592, 184.8986326696395, 177.5385973847885, 179.42128594695134, 170.72926794760932, 179.52690907746995], "fourier_x": [169.71405048649734, 175.41385085207028, 181.17969669142337, 183.25656386291723, 183.12575708793136, 181.3615806543622, 176.72700493810413, 165.74088351072615, 172.4411156266369, 182.25974504367312, 186.09352282872223, 184.68939650122496, 180.73561620367633, 176.44329993993122, 167.19053147372142, 129.003850395411, 165.28756684033536, 175.2094748276971, 183.16527944340902, 185.850735025331, 182.11601166508893, 170.94486646829148, 159.48376743741437, 161.21222864782186, 153.58886845765707, 171.75749184937732, 176.89236315651075, 175.4001464656023, 172.34645295204797, 168.9523315279577, 160.0937613547057, 152.10744506642837, 170.29309144554924, 173.47243857273583, 171.2101871821471, 163.05330179819998, 148.66110750858746, 140.93505305345988, 155.3752588692885, 161.78706728941987, 153.25410444249292, 110.86303907041741, 157.45229463721495, 166.13973938197614, 167.17643953120188, 164.6913996260075, 162.09072192962162, 162.35455005987274, 166.58937447927627, 170.8013540394739, 172.0072031468087, 168.82643887280298, 164.16206028366275, 163.50684978764716, 164.2236839786095, 162.9919298046214, 166.23329350832415, 160.10266684622638, 156.80978151397062, 174.0176015482504, 182.24031205108764, 184.52785923899484, 183.5980233766024, 181.52089063921875], "fourier_y": [110.82527090316847, 158.1582709355595, 163.65710669244575, 163.8259103165592, 167.9773031857244, 161.81022615349968, 156.05561395957682, 175.11556387160053, 158.22359063451754, 172.25710414504937, 178.39597328246313, 176.2028074386634, 156.11048973909, 163.21727336684967, 174.3710619064211, 163.52830374276763, 159.6611055764136, 159.70501975119168, 168.12825068244493, 174.46455353905162, 172.19511853756455, 152.8607076481345, 163.55785806131905, 174.6036592961297, 168.23443149636248, 159.52113600095615, 175.27894968326862, 173.2058518771256, 161.11611968613994, 154.73321111615513, 138.46343278799208, 157.734960186191, 173.3318882784186, 150.7148075831166, 172.02517562393945, 184.31667585715928, 180.60752104609267, 159.4736041529072, 170.70528999372925, 173.8677150052624, 158.57273963232612, 172.67910702184872, 173.66622991789023, 171.8879959308881, 181.47469429615802, 182.67418070410255, 174.6279120527004, 173.10695464505287, 166.6230642950742, 163.2055448470067, 158.63738554409005, 142.29304447509742, 154.45269120697867, 168.10049226901737, 165.40275365544372, 149.40070156046684, 161.29426318986395, 157.8691426372733, 149.73633129652728, 154.70543102960588, 161.15268613830293, 162.51496296675654, 155.77858649983924, 142.027134525721], "src_path": "/Users/hagardolev/Documents/Computer-Science/Third_year/sara_guidance/db_3d_models/db/17/m1747/m1747.off", "name": "m1747"}