{"fourier_z": [-585.4918478643664, 108.70157127518829, 91.2922228602608, 129.34824625007263, 113.38993549205105, 135.4593110822823, 125.6387994610844, 132.37973541852716, 63.7140487772054, 102.04072230065451, 112.9911365155364, 120.15316330741528, 127.12650561197817, 125.15379715210344, 128.52991879763246, 138.51933385610408, 73.81666520528822, 92.78608313192784, 110.58063752288353, 115.37589933121416, 122.91908633059694, 119.04718270365737, 121.62079163800472, 139.93621756324112, 74.59166749509725, 97.18376279586137, 109.70844419758552, 121.38322695590917, 124.09024664590986, 127.19459859066004, 127.18299765050473, 149.53666295926087, 68.29065222929813, 87.7107085163058, 121.23004718107688, 107.53397866426893, 134.9538571436884, 115.18133176429147, 141.50813415949204, 156.1409453261985, 73.70958803375514, 90.07334180011306, 121.15811812199371, 106.29835749694175, 134.42055450690114, 114.93515725447625, 146.79967919317724, 156.06744285341935, 89.50115264408038, 100.67519174081654, 107.62694566084924, 122.77638126352409, 121.80890625592261, 132.7229519421715, 145.39570278592373, 152.83669993136144, 99.92987970868558, 97.54640307332976, 106.35008956453316, 119.01720895148651, 124.23411175980922, 133.31416455507613, 144.5110126324865, 154.5203884479308], "fourier_x": [124.68821451436742, 124.2156015698107, 122.75286847384004, 120.15170957491848, 116.10561263852648, 109.9853669673535, 100.24646670695006, 80.73922431514538, 103.59941540174617, 96.05642837373678, 100.62780241759253, 112.36002004159243, 121.15508895637986, 125.11306543859534, 124.90310237042293, 123.07501309692125, 99.29956676018708, 100.00774088308687, 108.5827937871243, 118.71099472255992, 119.30729533765765, 108.27630285685088, 79.93477042977993, 102.99279872080753, 129.07143565964202, 128.31849208508885, 129.67636904661916, 122.97544974662483, 91.4656084264263, 113.19537352277149, 120.31575421067348, 112.30653910475228, 95.23609601546966, 83.79850370625009, 115.229285660547, 128.9563225597489, 131.35873492416835, 123.48405054831665, 112.08857030568632, 124.59528373013109, 125.90375940739327, 125.41929433571455, 133.19599253590692, 131.64262141134964, 115.00625667959551, 107.84026926942062, 124.58221582457327, 120.94731892659512, 122.30354993259914, 127.64371068757626, 119.91736857431025, 106.18619634585647, 120.17279412306468, 118.04362512329361, 78.854011530141, 124.14342163725051, 126.60674949756051, 134.0183364030692, 140.62107544011235, 140.03914737044516, 131.8913311488439, 131.1489932646332, 143.00479390120307, 147.75213738327557], "fourier_y": [124.6882145143674, 139.51551442385843, 143.0423122264669, 144.82186881797506, 149.1916323874358, 157.245054415967, 139.49278436971272, 114.2089173347312, 153.7421008793457, 142.6504707160678, 145.26949453947256, 161.647403131721, 166.08618223188222, 149.2582742470878, 156.94276590661602, 168.21384515788563, 156.03004442598436, 148.42104518830413, 162.70877679509724, 153.73108496547994, 125.2825500794058, 134.31174530427057, 159.4457301254529, 166.4353053929959, 173.43749248289475, 174.18858354370838, 156.10278929899965, 149.50674678113197, 159.32356882400282, 168.7477800796139, 163.4718619427579, 151.37534196395066, 173.0824029692076, 171.25260446915806, 164.00451746513087, 151.5492667655661, 162.23805394467124, 165.0961477078169, 170.08086522969893, 155.71049770316037, 136.83206874261882, 152.00841311873282, 159.98376122880595, 158.11224232138815, 149.23847910461438, 141.42805361668343, 140.06226514309452, 150.27889840502203, 131.07382513724363, 143.2310056806244, 100.28787664083475, 142.94903315112603, 152.4101273323956, 170.4596315761081, 166.74816463198164, 150.11008066390556, 124.52085519773064, 141.3200605360925, 141.5160379300177, 140.24912677574432, 164.30998075755542, 161.23199642009325, 131.45880466886572, 148.9664145380953], "src_path": "/Users/hagardolev/Documents/Computer-Science/Third_year/sara_guidance/db_3d_models/db/17/m1748/m1748.off", "name": "m1748"}