{"fourier_z": [162.12425805239928, 159.05641398501527, 146.7213412402879, 144.734764793313, 159.97051024325532, 162.8065636617278, 157.02583749428013, 144.78692435906572, 150.73905849955662, 157.49221491984537, 151.372367942781, 139.22614209538554, 159.81978470050143, 155.54952332360432, 122.73199681671237, 149.7729472028483, 169.18507564440836, 167.73134763861475, 143.2612667108766, 157.13817784935, 157.7484849354027, 154.3031948503057, 163.14889848826368, 153.28556824696113, 154.012186474812, 149.1519775560132, 144.1820047208592, 135.06599679116658, 147.84771326721537, 158.81502438371402, 160.58535367176415, 158.89746736981857, 145.80492707059983, 157.90010811394075, 168.26639096119268, 158.30081510374103, 150.1135184620189, 168.41197426447303, 165.5142418051684, 138.0454786619905, 162.8873242686663, 164.60507867584568, 156.3235911507724, 94.73668518713914, 152.1111750082202, 152.1164882178578, 135.0329535404518, 125.78755195799387, 165.88610001108333, 171.2538862286456, 163.22533343672958, 126.0290194793891, 147.1013711083614, 146.55986880380885, 139.30846053222518, 156.3724657815664, 160.6120718388826, 165.86672144081024, 152.28495541692487, 137.0004604782456, 140.20754046563314, 134.03726086352552, 154.3985763151529, 158.96431313729028], "fourier_x": [176.74200822325508, 174.68565993321872, 182.36531522716422, 177.51770201100325, 168.70864063990217, 160.08444454945328, 165.0061154645668, 172.93417023481354, 178.62630024487532, 178.93409911648575, 175.87397475613403, 165.43433377548624, 156.3161355097092, 140.8646687507691, 170.7886474314452, 171.31814157475347, 180.39409173460425, 179.7365258208265, 166.94922492151852, 170.11887734932907, 170.85082261678392, 172.86094307289102, 180.96603717817283, 171.2365233830552, 174.46207593788813, 153.24747596226447, 163.05889407103308, 162.74904951866642, 163.83932302434465, 162.06512387596825, 181.0124372981019, 176.4512295757034, 170.46710439107102, 155.58854490731875, 173.04671288220914, 182.01302516652564, 161.82167204055497, 174.91876668641765, 178.6472350924219, 160.67485299819174, 138.5156000965841, 158.9739429334721, 170.2871111166543, 167.27464641411444, 179.880192344325, 176.51014594333347, 164.34158746609359, 163.29509977620688, 177.11394350475868, 172.9435058412027, 160.4462927526424, 172.94335388650256, 175.08608910077965, 142.4516130454629, 140.59932776139127, 178.96086743262347, 167.2086115413632, 170.1941759526631, 175.02432569003517, 180.73745283219824, 166.64954164869212, 162.20856951483188, 171.1884572385338, 166.6899256074052], "fourier_y": [132.7975166765307, 134.78298998309822, 151.39548223720362, 154.63341494999722, 143.76528997194097, 146.4014423197284, 152.76834887800027, 147.684769859506, 133.74162871117002, 150.89963442319774, 156.32364882225426, 155.74893167467843, 155.5664099583139, 154.65429274387745, 151.07019859771228, 158.42532106078687, 156.3384508957237, 157.45545166669734, 156.3262452162922, 155.0689863436975, 152.0044285075318, 147.8285397793493, 151.15954262688624, 158.2052986480774, 161.76862507268925, 145.52402721045723, 146.59368520038973, 151.05930728522625, 150.5364209966167, 149.29850468841084, 155.14347849459168, 158.70074635699282, 156.60963046732087, 150.4738626579754, 166.29135637656026, 163.2628062308873, 154.46850871440188, 167.56243636877662, 162.9160005208882, 151.99357025472716, 144.20705485282392, 157.8858734536106, 149.6884428526525, 136.8082977030839, 155.24090368572462, 140.22152704210646, 140.17819441170525, 147.13351228066574, 148.26035843159158, 152.75686974519803, 145.3902865354166, 130.46723545325509, 119.96243415017419, 147.16570220409545, 154.9073548228676, 144.45729495573306, 146.68768321378718, 126.82515666714609, 160.83290157244176, 166.53680610390654, 163.28208083022983, 158.29056603366973, 156.36627546438615, 160.0065344812353], "src_path": "/Users/hagardolev/Documents/Computer-Science/Third_year/sara_guidance/db_3d_models/db/17/m1746/m1746.off", "name": "m1746"}