{"fourier_z": [173.5351552217515, 166.99960828803097, 172.57107195470348, 173.4545651972279, 166.20289280402642, 158.1099352104274, 122.49431005594396, 155.7951101731727, 145.5317910677004, 168.516034330659, 176.1515515564504, 166.47227140169838, 159.53530170825135, 175.53178956017902, 180.3607340418682, 154.248794631271, 159.9333723824471, 162.69408062100985, 168.36330790553689, 171.33908584828308, 154.727266057734, 167.41344199212253, 174.06114966900674, 165.4271992693626, 145.52916149365214, 149.25595299326343, 172.92704034499704, 160.45429350080806, 152.1528293416516, 171.57611741965292, 160.39825618317582, 157.33624657509628, 166.49494067754557, 176.40808923903217, 169.95417076548154, 180.8028538894684, 168.8662659388952, 158.63989271507137, 135.4406893970583, 165.1248409874991, 187.48474721929847, 162.61540865130084, 181.77270572767551, 179.84421052866637, 175.68381911927065, 167.3963687998941, 166.71381118738847, 172.1391529133553, 173.94470039439543, 176.42410612878422, 177.89016556490776, 178.40674328887684, 184.62556209802108, 175.62838641559034, 156.71838207245943, 175.72597107351754, 144.93613614426062, 175.23383573516315, 158.34647962026617, 191.32642612194314, 182.53487576437755, 171.21069604646175, 182.17430679409546, 151.5328465077501], "fourier_x": [175.20278740053254, 173.1803410301727, 166.88604604074132, 155.9096847999907, 142.49030995938716, 140.21588670795057, 134.50688651962523, 133.16269262302802, 164.2455597465175, 170.60077579118357, 170.79299011399652, 166.79885642909494, 161.6975426850632, 161.2403432799232, 162.00638218629513, 149.78303761578672, 169.78985163091494, 162.79850990722392, 158.01941119381647, 167.51895860432535, 172.08538728852704, 171.8180851143873, 168.75013731992522, 169.83479436396723, 137.9402712901013, 157.3277895271033, 164.01944025959142, 159.2426574701946, 148.24043482246805, 130.7105982510327, 161.4931567841114, 165.56033812560258, 147.40017039279584, 149.73055037621685, 153.75060081276007, 153.4057649703109, 134.25290908390264, 127.7813311143454, 117.65708360097052, 156.22354984871012, 138.43271594755348, 151.5227140225107, 156.84302179245825, 146.9540412152828, 150.58571455616465, 154.12778518855066, 147.88140632051412, 153.52422455006482, 157.76324715502875, 160.2654386137559, 159.31549026895587, 163.14952668609715, 158.62098844375782, 145.34274232080693, 158.4957958643701, 155.41703132801953, 156.8294278497208, 155.4179590093722, 154.77100260285437, 142.43492812560677, 135.04470413211487, 158.7094582921789, 162.65370026301372, 155.94558481892133], "fourier_y": [174.38634751012742, 170.3505314059279, 154.97166350562028, 160.45641079238032, 174.85851278819322, 179.25046776455895, 176.38818800780933, 162.97772636538372, 162.8081106478312, 154.14372537706106, 118.39370529282064, 157.66248380126936, 171.84938860864546, 178.1166185710096, 179.51432962810475, 175.97100862036982, 154.03916449269505, 150.00478557551014, 164.49954833518603, 164.31019489034895, 143.0411919063921, 155.2122645464562, 171.14469220896265, 173.2582389184969, 142.3480000047937, 162.73715315443366, 168.02012003416877, 163.7401047999126, 147.2453335023236, 148.56086030626994, 156.1440054813212, 149.18312821792375, 184.2262162356701, 185.38156873482444, 180.96849568526537, 171.30852958747334, 162.91417108903534, 166.7504971249309, 172.2830186327118, 175.99234882145734, 168.25249479874313, 135.70809745435727, 160.72906607862046, 172.5881727347962, 173.8834048020443, 171.40982159539163, 170.2346583877765, 168.16427734313083, 172.66159463045693, 167.81592440524062, 161.3271463345058, 163.80351767025192, 161.56530475448108, 147.2487882714895, 157.9360901237587, 170.55813175131806, 129.64954180956317, 152.16523428103937, 167.33526673655285, 169.96657286860884, 161.53526184178043, 155.214230267992, 170.44045791193082, 174.26925114646193], "src_path": "/Users/hagardolev/Documents/Computer-Science/Third_year/sara_guidance/db_3d_models/db/17/m1741/m1741.off", "name": "m1741"}