{"fourier_z": [149.74347388427478, 158.7813521745799, 174.58179955869434, 158.0889340867407, 167.32482423640334, 167.11939129219525, 138.75627380487416, 171.8032296356152, 151.63259347042646, 155.4075234064205, 171.55179747026875, 149.45213424812368, 170.49623901438932, 169.3279457153616, 132.74319960007819, 170.94284820047295, 153.78138750393367, 154.71491816655745, 167.6852963411218, 132.69609703416523, 172.70804652273694, 171.19261347167827, 138.61849825934547, 168.19583364557394, 152.8633696318904, 157.81979790989908, 164.0564272104602, 135.9402342836407, 173.95190495788984, 172.66573803915026, 149.17798756877073, 161.97553959597548, 149.39567094901187, 163.16256173397161, 162.38852754077882, 148.87372907608946, 173.38025406197693, 172.40895116897104, 155.10565597868495, 155.6504540957266, 150.83051657778677, 167.97181596200235, 160.59991600365083, 153.6173626238847, 171.60954677762817, 171.09733343713924, 158.37003945414762, 149.46627610799646, 158.52918503518669, 170.83578772298554, 154.86428162557496, 157.3339214131548, 170.2447761997071, 170.51597767026163, 162.56442858738814, 146.51903038410313, 164.7521256870354, 171.6872548450957, 142.49203980123377, 160.97245045679028, 168.486309187513, 169.6655720780517, 165.54362707552758, 159.2529800895124], "fourier_x": [143.01402915185054, 153.58680269081256, 155.60254641940446, 149.1252946439028, 148.60929509065375, 146.84330928481978, 157.09321647783116, 166.39736025826195, 160.0878785021211, 152.10534867425116, 154.12998548698016, 155.6145665914383, 151.92854258221354, 160.26456979066435, 169.23882395376367, 170.69117568532877, 173.97581307614414, 169.0000761184935, 166.99113036210122, 162.90974395406278, 153.08186289506762, 158.88163252179598, 159.8413730836835, 143.32468499800004, 155.10517063115108, 135.3024461727623, 62.78768198816941, 138.00646030778705, 157.7079895297589, 162.51768094620033, 156.76608182480533, 156.33133074994447, 167.61606946263225, 172.1165608730886, 172.27343337093168, 174.04467091093696, 176.26888755791268, 173.6607256803596, 166.774301665187, 164.96334602691846, 170.01728183389258, 173.18359999715287, 172.82510876100005, 174.60027486859917, 176.8749562224836, 174.74416637381412, 169.14586089281966, 167.66766900546318, 148.96524642398424, 145.8684216156573, 145.49902489740697, 156.4439140004425, 165.3388624941511, 166.83215577100924, 163.25903881335765, 164.21832063596494, 171.92271897893568, 168.2792340484384, 166.98814143560168, 160.1338384854015, 137.48317229478636, 151.20434482176546, 153.3392415515061, 153.85982850798368], "fourier_y": [201.90280873517935, 185.69177267623792, 188.64183198629578, 186.16712703892273, 167.50512731492097, 175.48851277920787, 164.88936383338964, 152.81554813006258, 185.6917726762379, 168.49576970143954, 191.62984327628308, 146.39367484893177, 169.15388382700797, 172.89115373355463, 170.04892331152945, 159.213440703059, 188.64183198629578, 191.62984327628308, 169.69143335148897, 172.72217322412882, 174.52729284550176, 170.3186453259736, 165.6698472140999, 147.80639147566907, 186.16712703892273, 146.39367484893168, 172.72217322412877, 158.8885993665014, 171.9419641593317, 138.95010755302985, 156.71022825977124, 169.99440801964136, 167.50512731492097, 169.15388382700797, 174.52729284550176, 171.94196415933175, 179.94418716589075, 176.76298037748143, 149.0979967401919, 177.1683541441806, 175.48851277920784, 172.89115373355463, 170.3186453259736, 138.95010755302994, 176.76298037748143, 177.45880538714113, 173.63207332340755, 173.42880576776554, 164.8893638333896, 170.04892331152942, 165.6698472140999, 156.71022825977124, 149.0979967401919, 173.63207332340755, 187.51441138272415, 152.53798895342362, 152.81554813006267, 159.213440703059, 147.80639147566913, 169.99440801964136, 177.1683541441806, 173.4288057677656, 152.53798895342354, 169.36340346097157], "src_path": "/Users/hagardolev/Documents/Computer-Science/Third_year/sara_guidance/db_3d_models/db/17/m1750/m1750.off", "name": "m1750"}