{"fourier_z": [154.7697624498929, 147.41582130933276, 162.21077932271203, 169.650480793443, 163.86073764824908, 147.68462284605758, 161.36591219217752, 168.79425684917004, 155.18047089388003, 174.2557111554856, 177.59875260187982, 173.87557707300644, 155.0877551939838, 164.47541746504368, 177.1088268809657, 174.4627176297959, 166.6337564792209, 175.2200283633172, 164.2714525675123, 152.47595298196623, 174.15085668221965, 173.57596713152014, 154.32061959010798, 155.49541050938524, 154.25022944778016, 166.65910815625313, 175.28876970945387, 169.82207405881775, 139.6244748069954, 164.83081556850914, 175.5036219068705, 171.34053498488186, 171.52440582509888, 179.07838018308985, 175.00950541382076, 146.1324028173823, 163.83845195469866, 171.25861430679743, 164.77327784653875, 147.83526320755945, 182.95579154328334, 173.3591672333657, 154.41017470641444, 168.2179931528584, 170.42890387634498, 156.74389447754882, 147.68305123279606, 157.99684045334368, 152.4937357782299, 166.96300052007985, 164.83620070691217, 154.76877865910888, 167.74133790565094, 172.5462682006564, 166.87841522526247, 157.88713420293175, 176.1592815631118, 167.79599600103012, 141.7759237041376, 151.64774382353, 156.0894077740864, 149.99574567020218, 99.97687854929663, 152.38366825542352], "fourier_x": [110.82527090316862, 162.69081644465473, 106.83885481304767, 173.50486625793468, 154.88577637450848, 162.83074312114894, 151.66460615888957, 150.67936871007507, 161.64991979585295, 168.55893849581815, 163.01423423483783, 173.91710766374413, 136.78139033048114, 159.0438213720588, 155.68609106176564, 160.33966762621003, 169.34005772118095, 164.85891381086088, 167.34254610082897, 169.59920745437202, 148.479449709312, 155.02998204348205, 151.27931112485672, 152.16692775457847, 167.56429422989015, 144.82070422464685, 151.26383299287374, 159.51127253716183, 154.14700568264453, 155.40480463051162, 127.25035702869464, 132.59231018073163, 160.46632346581384, 144.2322662235196, 148.02805768148076, 153.71033321186522, 158.1931192693913, 154.12604926029746, 152.92112118352557, 135.59642426739958, 151.56057178493566, 155.1412981098443, 156.04184259006848, 160.51343216168198, 159.3087981459743, 148.857383748381, 161.26652647690887, 131.9372421307666, 156.54815207383453, 160.19037102169787, 138.32053415750306, 164.2199702898826, 152.95313429559906, 140.84906060827436, 159.60847380105133, 145.22800091804828, 162.46445196577469, 159.1535999074353, 139.62838860277603, 160.88857820657273, 143.16359909894555, 141.12852355914958, 154.13022178566135, 139.3722477212763], "fourier_y": [177.4693611066726, 170.0153452265696, 183.68276160195774, 184.06255479568551, 163.9721832240818, 169.86046372406537, 175.77535125877912, 186.90248605908536, 157.95220249286993, 159.64576766115522, 163.296119640624, 184.49766470350875, 181.1650926687665, 166.05156366320648, 175.21807110991506, 164.86723512695585, 166.7492323827905, 166.7589859520493, 185.03507741314104, 181.04840345016302, 188.5748777881057, 183.5124708791884, 140.83889279758918, 181.53576124728863, 171.74637222861713, 181.0001465362945, 171.0779913485793, 177.57563489050355, 163.21869612092917, 175.7761753633525, 175.4487827941516, 182.0468136023649, 167.4070807751356, 142.73589234081308, 176.85493411407055, 166.98133839873393, 181.47276595169637, 167.9251729046338, 172.2507377713947, 172.19667076575865, 166.05074779254522, 180.4463409136098, 179.86529276950532, 174.19975913033647, 165.78301911335842, 131.2941389813116, 165.24565076207534, 174.6235355032168, 181.63663535787038, 175.9626421818734, 165.29577076726994, 172.0905889370799, 176.78357797747572, 176.30554030635403, 186.4764692795257, 178.3338233821078, 187.80954857837042, 164.75008430634495, 167.57429049033743, 173.11435370461658, 178.0217553900911, 179.47502833910272, 161.9616252796044, 176.82156793525397], "src_path": "/Users/hagardolev/Documents/Computer-Science/Third_year/sara_guidance/db_3d_models/db/17/m1756/m1756.off", "name": "m1756"}