{"fourier_z": [170.73991637424837, 186.5652825624137, 183.81125049963813, 193.10609454772134, 151.2766646951948, 187.75316704036956, 165.91578066445044, 163.04619725773833, 186.5524833222541, 168.77900384429654, 192.2148762079919, 170.93175218609548, 186.03989381475753, 171.9350431652063, 158.10893068809952, 175.2177518579762, 187.5055166194427, 180.16025161519758, 185.31240250710516, 176.65645254708602, 174.67623629620843, 160.1182487250935, 171.8806110681963, 171.26159814716956, 157.35038065110064, 187.1748925876761, 134.30022550112267, 175.30125704244318, 155.0654744725934, 157.92089990907164, 163.14101509819568, 168.67653718312152, 177.36287630452938, 162.4341605508007, 173.1492072294125, 141.571641976879, 146.73635411465577, 160.57946657021543, 166.40078456035073, 145.29578568522115, 169.6586947484424, 167.14048497208114, 145.87623692252714, 163.8762762155201, 157.2599443457283, 164.74501034304546, 167.8739880272655, 180.8820414755452, 160.95951110866304, 164.44076514082215, 165.05071317926692, 172.88419206725038, 121.14448492155856, 181.36696182307742, 176.83520207222298, 179.21614372637936, 171.78977476883057, 143.07593029622015, 174.6159920449112, 168.1783355348731, 185.55095694178317, 183.89545265245377, 168.58056298097222, 172.37408915051387], "fourier_x": [110.82527090316839, 150.45113646442888, 153.7118452467246, 144.25037580458994, 165.31801701755217, 162.5592728232184, 155.0660798684633, 168.9526383406665, 162.10238991179065, 160.3073102161011, 163.86204493288378, 132.52044047160786, 160.22324606160186, 171.65978030931603, 168.677140431281, 161.76478596059707, 168.25342831229275, 142.93478933408903, 177.83945630822245, 174.85121296713942, 147.47275459560564, 161.3423987409783, 160.22716729923008, 160.87310769715288, 160.21465405470423, 147.04078196074636, 167.7501566031449, 173.27636026483532, 165.47852490718054, 154.89317044068108, 170.1439390856285, 163.8049504080264, 170.52964558228393, 165.08142917822838, 142.54127485221738, 172.07807431435864, 160.16431196157797, 146.18426081061463, 162.4975858602144, 154.86928164430003, 163.12094858378018, 151.91890096323093, 170.12296153926158, 149.33033224974886, 172.50106514191413, 173.69630445220795, 144.1476534957312, 160.21483810104206, 160.05549333610685, 158.935871900083, 165.70340600533035, 176.77436109879613, 167.0895701113956, 165.30495366760152, 156.85129363099858, 154.71357709307065, 160.0710659981417, 170.0019584925247, 131.5323592570172, 159.79529370525992, 149.7689539927523, 144.87814058814817, 162.4893649207928, 165.0690020536193], "fourier_y": [187.8282229373697, 158.25371165445543, 174.15001375548027, 162.3128445817056, 180.0435146314848, 153.3611288810056, 168.63581975923478, 119.68582650025283, 176.248093487043, 172.26410416581103, 176.14693518726597, 180.16953229847553, 168.27727708472113, 168.0379557358469, 172.32162947143306, 183.8038511247112, 161.60717183849385, 174.97144829221054, 167.96016942093925, 179.82924230420988, 165.60617459995572, 179.91748773245067, 168.44007369654327, 186.78449413543416, 166.7231201716584, 181.86620769629113, 158.18275874314023, 170.2507423748332, 167.13828874790738, 190.410985135514, 188.19107621750248, 178.79558356782243, 176.52225613459817, 125.92060165951571, 167.2822438041972, 163.70341791105034, 183.0764378606566, 180.42873873194995, 184.5676329405134, 173.52575469819428, 183.15098307406078, 175.93208941054368, 162.1774757017553, 169.64564156930592, 189.36839056610432, 180.68657014948968, 175.85929524320306, 146.17809574344113, 153.68633415982677, 158.3375959886497, 180.98882355426014, 180.19920562374108, 170.49037975586256, 175.09590147650027, 175.36981840243737, 182.6953223781826, 154.89709642704858, 164.1339139785413, 158.3869658879328, 185.81731099359988, 179.1347047092371, 165.4811040983408, 175.98316919261978, 174.44441571917145], "src_path": "/Users/hagardolev/Documents/Computer-Science/Third_year/sara_guidance/db_3d_models/db/17/m1753/m1753.off", "name": "m1753"}