{"fourier_z": [160.5234038989285, 155.56243571412946, 175.84671790833033, 171.196867160228, 176.77459010134015, 175.1928785233828, 159.63388097512035, 162.60711422101525, 177.5233587820735, 180.395601922033, 175.5046577209113, 191.12227079716814, 181.72671871328185, 164.87734133832473, 169.72024177859998, 186.15126755733255, 175.4341102132976, 180.22498482509874, 174.310871664095, 180.92176054460109, 168.66974191358796, 165.68892824810266, 184.99673511494748, 185.3065938022152, 174.94548308075466, 170.0608546962168, 170.40566504587042, 166.87333612978284, 167.90549917588297, 158.28174292329433, 170.8795331914085, 183.9889335996514, 180.55432144017007, 170.80101765214917, 178.95756028588556, 176.23385149725962, 187.28794630713264, 164.65741626672548, 177.96769310542595, 184.75950715565344, 167.10492380413964, 132.5443330672414, 152.56199826626647, 172.7937139576228, 169.63355240396268, 178.73393303160475, 174.86533576058991, 158.5783289045615, 173.22577500235656, 176.02228148250018, 151.7715965254238, 166.05666783013436, 155.32453377039988, 168.76850493347635, 175.19513847831462, 166.74180065424807, 181.0292679139047, 187.07024758739323, 158.69260379439044, 185.33009666866522, 181.17261369244315, 166.7087011990898, 144.48199822494172, 183.32481478228652], "fourier_x": [178.84921853641163, 186.31367328327204, 158.41192870621245, 164.63611700394733, 171.3721957248414, 179.2298536358245, 166.2292295661356, 157.7869081812173, 171.93359546965834, 180.07736647244204, 181.82127120618958, 184.82743642342598, 169.5631325577384, 189.20032988146377, 185.08824541388168, 182.1034257524903, 174.5062543905933, 176.46640774260965, 180.68423782558648, 186.59164879140815, 183.26494636049853, 177.7663377224314, 189.94913315739524, 193.63070420235493, 184.59112724771455, 156.69082755635344, 175.514543636857, 181.35106195783055, 185.93874682569776, 166.82529306988303, 188.5817617117662, 190.558738226742, 184.37593748502894, 180.16285431962172, 177.18587039635236, 182.21739603860203, 179.48083726432338, 180.60550279229204, 184.57756373083424, 167.18692683590837, 177.10800351041198, 191.93002209351226, 179.55227074658035, 184.87686006679013, 160.75356174480422, 178.17602682347052, 179.48983208291423, 170.5111987506331, 169.58436532547609, 190.7146137933574, 187.51540760755105, 177.7297904089495, 151.44428598285265, 183.5838171356191, 168.48123721381316, 181.13856203401252, 164.09562860654884, 176.205402951763, 187.1351121818867, 156.0242863703851, 179.018591386122, 181.78667474064167, 160.95495253842645, 177.33755373040134], "fourier_y": [124.68821451436747, 169.7487869350161, 167.98943808828457, 172.74498058967419, 171.40854522690552, 169.20072056357984, 155.3460268634638, 156.28353784400886, 154.21916687291926, 167.225310162004, 150.61685336386662, 160.73493976685836, 146.08948422370753, 154.26686866318988, 153.49194783943636, 112.33252286033574, 160.05422974083643, 167.82575341668334, 155.2280956759179, 155.73476461732426, 164.65452821351568, 165.56624684000343, 129.44323714361803, 141.68745420757446, 145.6744095366805, 165.71406758304897, 128.09218715449995, 152.5576905661803, 154.976026538775, 164.557339468827, 158.85048461660838, 157.0911469392833, 125.06952971499685, 167.84928706787377, 166.65709376569848, 175.28594645069333, 169.84449502216452, 155.15134964241787, 148.786617341714, 171.94561129581564, 153.50709948820287, 162.5797954598935, 162.6508663534239, 174.87955573681845, 177.9604129655452, 177.62492221721237, 165.37613018036413, 164.0869250336783, 160.63034422343117, 159.25397253894928, 153.42691012938963, 127.1923479210689, 156.0166246394115, 171.70715605600418, 172.4026128854035, 149.50229027300242, 157.67228206700796, 161.6254468275758, 162.7307031297304, 166.48080853711363, 168.5625190164076, 138.38905958850424, 168.58581954461408, 165.45558103696624], "src_path": "/Users/hagardolev/Documents/Computer-Science/Third_year/sara_guidance/db_3d_models/db/17/m1759/m1759.off", "name": "m1759"}