{"fourier_z": [182.49564967229074, 180.06567311702125, 157.1293328681068, 165.87817914440762, 157.71727312389064, 145.6453409923478, 147.06405035814723, 139.54688700347182, 161.11833723871922, 171.94859838387208, 146.98082133718677, 170.39010333570874, 158.44636063681617, 154.28184431261363, 150.39611980236316, 151.40036490091973, 165.55813214696175, 154.48708686776337, 152.61648491665665, 169.51024317834077, 165.8390387951698, 162.97075099709548, 168.20177725239495, 170.60264690965002, 177.8078086910297, 142.28104488897853, 170.40110294942633, 156.93506369459328, 160.2290806877624, 177.82179720201628, 152.91077017757152, 179.76541699702506, 164.42006386018699, 150.76087675316757, 139.46663111745107, 144.55327235462522, 164.09284753043386, 157.01183046661015, 139.68234210134077, 172.37901213638835, 156.8294079240439, 172.51468592359566, 168.2558535142456, 162.05231363491896, 178.2297667256952, 152.71002636529815, 147.29467815482303, 163.95239937668993, 158.33707427233395, 160.7562398782605, 172.2974784152332, 181.56065670364785, 173.35121545655213, 182.89781034416598, 175.19099424685527, 151.21097871420486, 164.4179068394178, 162.55720908000356, 148.31166175146086, 171.09827064280822, 160.7180538100636, 175.88392392755637, 182.05440847946943, 168.52380233528083], "fourier_x": [178.84921853641163, 145.48185089509252, 158.99683587755663, 154.18099254305255, 142.81827095798778, 148.9320312588329, 155.92565949697882, 174.41920738237386, 167.92784524430004, 152.80834798713818, 139.6232600872604, 153.7296252020411, 160.29733513243127, 152.2155991549533, 163.56590905957705, 172.494506221236, 147.3865963230365, 165.77854077231464, 147.38687154452646, 159.1372334899967, 166.60426981099982, 157.17386233938277, 152.9180225319509, 149.97312878926095, 160.76942507909789, 119.49788838260753, 151.78242446593134, 174.9022442192736, 162.47520335887134, 154.77057303522963, 157.10595509026479, 148.01735258519693, 149.8228649629227, 165.46625724400516, 168.24014734990598, 171.4451017619577, 161.95231218922018, 163.80861371525597, 160.85651946485552, 144.5715259043169, 139.4124034024982, 160.8304081778999, 158.56429055941118, 130.78897721402916, 160.27327360641837, 163.8422722901208, 159.89237126383375, 136.31604112620087, 163.46301026744354, 151.08315643277754, 166.34699900273694, 164.45374386895338, 131.38070550680192, 147.11015967287216, 123.85769141896012, 142.37888551279457, 153.19286241642465, 160.10038957984943, 172.2572798412965, 164.0865256749599, 154.5543998289035, 144.93111593931164, 156.55454544969732, 152.25329604542452], "fourier_y": [189.06573101173143, 171.78777759951518, 172.18987672370207, 167.2224284630605, 188.85720828645202, 175.29687714150123, 183.04496273893878, 176.46237391193193, 185.14260011911776, 171.4305793047128, 179.64949122915704, 176.8506220503539, 190.98545832357962, 178.77104940067355, 179.7713012472481, 174.82422151540348, 166.01767872132953, 168.52587527319588, 182.19903211842302, 172.35757329969152, 170.85003337449126, 150.30923937046214, 170.50800584810017, 183.16151401665607, 175.057951800859, 178.85703109009486, 169.1080538235573, 178.18101446842803, 182.85127556173452, 181.05600387252466, 165.70312904972812, 186.34330136222638, 189.8495974833985, 179.9128609411413, 163.9486129070482, 189.07391094301846, 188.5889868204112, 171.99631866838686, 173.9644379737141, 179.8067902248869, 191.25775392457655, 171.23595345835764, 175.84910322720975, 181.61912954241808, 175.93649121860147, 155.8130810569098, 179.088058222335, 156.14068812240356, 183.92047696891797, 178.58052985737774, 174.46839506052413, 135.63026793193646, 127.23840490665384, 166.6547453006687, 181.82507039774305, 163.78062043918732, 163.84117969442457, 180.327315119477, 176.0843636071429, 175.49140648305632, 168.2258729724964, 151.18493010351273, 182.51528981943036, 173.8517619832087], "src_path": "/Users/hagardolev/Documents/Computer-Science/Third_year/sara_guidance/db_3d_models/db/17/m1755/m1755.off", "name": "m1755"}