{"fourier_z": [163.6064174954737, 174.54514478996765, 179.42938441490966, 173.30201319129858, 146.5781886469468, 159.21443042090243, 164.66395466422355, 155.09203007799218, 166.2563134855361, 161.41759143144708, 150.48131699213744, 129.72720852344008, 140.9471789403475, 135.31052823209873, 155.5009544731766, 168.16704067942428, 150.58886421245157, 136.1683405285383, 142.32049378473923, 151.99008323318412, 136.30929606579193, 126.60037035226152, 132.61262088562503, 155.07119936690688, 153.40787449772708, 160.14512367586715, 169.9384326856445, 171.13370411621392, 162.1741708136888, 149.23503296551044, 157.3648510888489, 152.29925764406795, 151.1382414601479, 149.21362237007273, 154.98846827936578, 156.25062272903614, 149.24664804194808, 140.41214193186036, 154.2951824479118, 156.4715404903035, 155.95281638172398, 148.29218337515428, 135.72450218959833, 121.7645349221978, 114.78416492746274, 146.7384011686225, 165.90215586305564, 174.2595774289565, 176.38442635077584, 178.94243810742893, 173.39808479410266, 148.53845398716015, 157.79002843789078, 168.39270746067302, 158.403836971222, 147.02558600545467, 167.53630224178377, 170.11329705730063, 162.67024481858704, 147.7103473162298, 162.27835421443365, 167.26118103669336, 164.0977133492508, 152.26175150701334], "fourier_x": [156.87697276304945, 163.96784285736135, 159.97339228239287, 166.78226967417731, 163.34631520262874, 135.04827947917545, 167.13497345823492, 162.19001072578948, 155.67648597475974, 161.07509464330002, 161.47306039465906, 165.03667818599257, 166.26139742125002, 140.51782957075804, 168.02932988343946, 165.32528835130785, 151.86697432616938, 157.15461066106235, 163.61622943636712, 162.8234653811786, 168.20675845595218, 146.51164430816974, 168.04807988465953, 167.4486514601022, 145.1661508534945, 151.9284864707767, 165.68097820657368, 160.4141140561579, 169.7028633326569, 152.28393597400722, 167.37312327674022, 168.7455428945226, 139.96123131689507, 145.53509742918467, 167.07733324341106, 158.14117989959794, 171.03140190673378, 157.37049656051147, 166.26012545162325, 169.34967369212012, 146.69743394085623, 141.29989584153708, 167.47197725840056, 156.53434430891159, 172.25941219404365, 161.5565408806894, 165.028436414741, 169.39834040940673, 155.25195631412498, 144.41013645363077, 166.68165807196175, 156.35696241605973, 173.334887580931, 164.78854759077936, 163.92370311383422, 169.09539011466177, 161.0342182327172, 150.04673227597078, 164.55031083386024, 158.00955884089498, 174.20833896676655, 167.10839618762665, 162.92611042101476, 168.7707050376464], "fourier_y": [183.04362915605304, 167.88855152837115, 171.65263832544764, 180.77987564118217, 180.47320059962334, 155.82233742280323, 172.24228424548085, 170.64475058012823, 181.76176149410537, 161.8619163938865, 176.36261363337738, 181.65015375848907, 181.89471877040495, 146.96789122010216, 167.54734027928106, 176.1965440820994, 177.19040454320861, 175.17280149776983, 175.55608609925602, 178.52452284782242, 176.67280662902, 153.41503258404177, 166.67062287582624, 165.21483933453095, 167.27939530944997, 182.8513932760091, 171.78164925296886, 172.79775145006738, 163.93301586081822, 156.76718695111725, 156.66633776518682, 159.21069652915608, 149.35980066602767, 180.8908340329563, 168.20913014586037, 164.8618473565193, 154.14836362069423, 152.39016679175873, 158.51100066450314, 175.66831528580008, 148.3523568096066, 166.54911539012275, 163.17610555166266, 145.45725620608704, 158.547870146095, 149.29777867212113, 161.6204423263754, 176.03208873775105, 160.74512012855632, 171.85339963470383, 153.55722318707228, 151.35507107619273, 151.59818499966462, 153.9290754865422, 139.93552885447338, 164.4062886352049, 171.1009820129631, 183.11914566663177, 140.25166066057875, 165.88899979715976, 159.01168886661304, 156.6094021519366, 167.4835653729343, 157.1257612152408], "src_path": "/Users/hagardolev/Documents/Computer-Science/Third_year/sara_guidance/db_3d_models/db/1/m176/m176.off", "name": "m176"}