{"fourier_z": [124.68821451436744, 147.45952746277166, 133.46494890794904, 155.19348569905577, 153.61492864373898, 131.79651041135472, 123.64299470174186, 137.7234348429244, 132.28796312182024, 152.21012052704071, 143.30847465791783, 146.52062976641193, 147.90239863227401, 137.89452670925, 130.91918716874096, 139.95851369089908, 121.71264080433387, 147.32817023073198, 133.07549224037808, 150.87433197974246, 156.1217140993101, 147.8888349637644, 107.841719925299, 125.66394222251904, 129.40498570707274, 147.3223369597041, 124.62671792557833, 151.68811971473872, 151.18767121921942, 131.22680484362022, 140.58653213804175, 120.07652381379516, 122.59045288211456, 140.41459979564644, 121.39065381976775, 153.58391085514296, 154.1020559007368, 137.54965299004692, 137.9104186337733, 116.62596957846449, 133.87477725795364, 141.1780328326852, 112.76359392025789, 156.46688380660905, 151.37057227366537, 129.34846653602008, 156.15557138621926, 142.84626258348763, 134.84358635017767, 142.1988413482289, 110.94664146380083, 148.07551201910115, 143.2267764049574, 117.61949093750594, 150.83763400352635, 132.3372822703929, 139.55840855696852, 143.04072940650084, 98.19208505558821, 149.2394834820225, 141.2022446957487, 122.76229766686737, 156.0237627351625, 142.08517460335298], "fourier_x": [176.74200822325508, 171.82119017685892, 175.72554269471735, 173.66018845236795, 169.76625344339553, 177.8603689534643, 171.27484065406495, 173.9390049824843, 164.51965889227537, 167.70122455463303, 156.161880026842, 158.19006603139567, 164.7576146790177, 153.02431997931382, 160.25134503058027, 140.43121500351103, 154.52413374931996, 157.39977567937024, 132.5730265200374, 108.91351877979447, 147.79143732486085, 138.8866764484968, 139.55747973629596, 148.33845680895047, 138.08830758379625, 144.09844263779289, 139.3276135161277, 140.5359725244076, 159.86911253345832, 147.44388891801762, 140.7317219367655, 146.63099175968017, 150.5133617513275, 142.38153153271116, 152.2263792676991, 157.42768162612876, 141.81719844616646, 146.0333167417731, 160.39734426144645, 147.79588465161126, 135.58872921192827, 146.2095839240646, 136.12456253899987, 144.74627538120757, 146.69846409014858, 141.50178541312613, 164.1454424540962, 157.06569538577492, 152.76260893004488, 158.04973103249165, 156.0010110324431, 151.98910704482066, 153.99278449109383, 151.2377787010086, 159.1460138878907, 161.58166271545946, 158.19621799491304, 153.67170910149088, 157.60446392565802, 155.0077371337309, 156.36850602976608, 164.0612387785818, 159.38695433071155, 163.54355772188921], "fourier_y": [132.7975166765307, 132.03245668705287, 137.74569880714975, 147.60351606552734, 149.51393762699814, 140.40925920378552, 108.84488750837878, 128.6108473392452, 139.9597183167809, 132.00830537936375, 122.6247843830941, 137.26909822639587, 135.08485255091247, 137.7484384007362, 147.97194447579855, 145.41140920427534, 146.21137625533956, 145.45774915811376, 150.04573084571706, 152.11877827388213, 141.23552164109418, 115.59617914435688, 132.2060358348391, 122.62990746081718, 146.06272635367557, 136.76873283201536, 139.60181086729824, 142.24878112686017, 123.85298135898998, 138.36928527711737, 135.90207113661694, 105.58219569570747, 145.10455454783465, 111.53754289520948, 134.54528782289927, 135.5923467045778, 131.7726323483297, 142.6269543120237, 143.0107106749506, 136.91111570119202, 137.32644899234683, 128.37278652992563, 143.11142554946883, 144.19135569930975, 134.65836820090297, 134.91567141538263, 151.22995917384142, 151.10855117722917, 120.32483820995705, 134.33405402153406, 151.98692338445, 157.0331410816115, 151.5699603082153, 132.88612081232876, 139.04269575929484, 130.54984394251585, 126.07449751462289, 113.4557128943463, 127.14602346752683, 123.99553358113155, 135.77239462363752, 146.69062587583275, 139.2387825530521, 106.59314718460244], "src_path": "/Users/hagardolev/Documents/Computer-Science/Third_year/sara_guidance/db_3d_models/db/17/m1764/m1764.off", "name": "m1764"}