{"fourier_z": [174.38634751012745, 155.36081224970815, 168.82882907799603, 177.76938744454338, 163.8928233639088, 171.86682075458992, 150.28799209427797, 171.3613459651839, 177.42132067127218, 122.00773022146437, 156.84939470728364, 178.37621134904856, 155.69282872026687, 157.57750386233215, 168.83284011162172, 172.31639240630113, 183.01334546134717, 149.73830277010208, 140.55655905641393, 177.00207889044088, 143.1446238710742, 140.53412816542576, 177.57990380081446, 171.00853780673845, 187.19937635032596, 161.2150916057638, 163.54958913939444, 171.7875479612368, 163.17287413037667, 150.22690697110534, 181.83696413461792, 170.00587282286853, 188.57541786643333, 170.04584894414376, 169.57367715878647, 162.39021561377018, 169.68956052273384, 157.69862187269854, 183.19882417497737, 171.1746346523361, 186.7390105975211, 175.26928815245537, 167.07293431521836, 152.68254611925806, 167.49749136473935, 163.69198897046027, 181.3011529362609, 174.25408821775272, 181.6336311239977, 175.34115015101492, 158.794165244155, 148.35131838733227, 156.74596559159934, 164.25909699506744, 174.27935494233796, 177.64155327193353, 174.06658511861605, 168.82057159353036, 162.5176228002445, 152.88019936163536, 141.3161273523858, 152.36473282342183, 156.82464748377078, 179.6061819319782], "fourier_x": [193.36795860407037, 196.6844344929458, 187.05670462351605, 188.40407684018044, 186.88321817711866, 180.81866829037222, 194.65895401711992, 173.46687625694534, 193.59863073671082, 188.76973724804404, 135.58183064768608, 176.58504835502984, 186.61165394933673, 198.28724106017665, 164.44406919398722, 180.49932251241245, 182.4102980906109, 181.73416346624393, 149.31142455803047, 165.8874806800298, 189.27184660669315, 169.34895318924677, 186.60376790250626, 164.92421328678967, 180.4086644079767, 167.23338819671693, 181.03918129133467, 169.6423648009889, 155.87476787513023, 189.28288326220905, 183.39503190762088, 160.80604280371102, 186.28198696026368, 170.55010723244337, 125.6897898381741, 189.41134612196635, 194.39470189582505, 182.27307940177297, 189.71832111248116, 188.67905116095864, 165.90573673770845, 178.48482930767238, 183.47916063718708, 186.26773381883356, 183.11928756993865, 168.13831189615084, 180.55512921418506, 181.18118027989794, 141.63244760852493, 150.93197546130565, 139.6920837945615, 169.22173279423401, 180.03257682052737, 184.06078938741717, 177.79187455156958, 180.02734241663802, 185.65110567303532, 157.5817625348458, 172.98914007049154, 172.69214399798568, 182.0071285684822, 155.06171772694756, 174.60161354407256, 157.54177914293646], "fourier_y": [152.4141017367652, 175.68318282441697, 116.24016585022154, 164.59589633253398, 169.41489528658803, 162.43922914550723, 170.52330293597822, 170.54100300214878, 135.6267711187964, 171.55639480648648, 155.14717118225747, 165.2172451037468, 172.56897259151378, 178.89610839895715, 172.53567309462144, 171.7529541553013, 173.1043024985139, 178.17662592449466, 153.50170871932409, 170.333838755185, 174.95259296187297, 184.5833741055846, 168.70774004923572, 165.33599380751406, 183.65723236689212, 173.9912593075183, 164.12878843896067, 176.95921021041616, 176.2213135413628, 183.77585211057092, 163.92488834224795, 157.905366587495, 183.31084795540878, 148.46064811946354, 173.772440332106, 175.71593873925076, 173.41642297554415, 180.1392691315363, 161.045336438211, 160.41603008381725, 172.59283622719295, 169.51327338626353, 169.7474470268442, 170.8985608732109, 167.17249050695904, 174.90188915811234, 145.22275955886133, 163.93383954684276, 142.70508856030443, 174.1318461849055, 149.4978400389226, 173.86255120966243, 156.77021606172377, 164.14233789181336, 155.22460475892544, 162.41794292125115, 160.6840720224247, 163.63068074469285, 166.43479340423002, 171.9583511520625, 160.49442691303443, 153.4601349063481, 172.20721164660972, 146.22593561314008], "src_path": "/Users/hagardolev/Documents/Computer-Science/Third_year/sara_guidance/db_3d_models/db/17/m1761/m1761.off", "name": "m1761"}