{"fourier_z": [110.82527090316856, 149.3850956247297, 124.74134961897161, 146.398056223273, 134.63505017853407, 139.6407960330408, 138.8078181071267, 126.55965996728453, 142.47517179726148, 159.12431138931174, 145.30394665559328, 152.99926955804386, 146.0003640732237, 138.73336817877953, 137.35651240758975, 128.51731135916114, 122.24482219157201, 144.586475685714, 119.92764667180738, 131.53555998426887, 131.30344711149922, 114.86746270230691, 124.52507233915954, 135.07538883140083, 138.0371181253383, 149.3988269366112, 143.10742528553354, 149.0058040839205, 144.1375596314138, 146.2524419007057, 141.10563542813762, 142.1996148331119, 133.70863966067424, 153.81931032213822, 118.31868854007931, 141.50367810255395, 136.38272189748582, 109.66740169398328, 133.1110274009304, 138.02890058720197, 128.45860307405485, 116.22142395462637, 125.99832173935305, 123.42156587560936, 137.84605348175026, 142.4483245977623, 143.83591546053754, 149.79062197081026, 140.20641763695505, 150.90705857562736, 142.9517684616574, 145.74093324369542, 144.19993970226042, 136.31586615773034, 142.29184457750034, 123.17925367308595, 115.02192840942547, 147.83115014357412, 120.82114640946719, 144.14785004935152, 127.0462341650945, 142.68480540028185, 127.53306267915654, 142.5815876471926], "fourier_x": [-573.8603397663096, 150.68640158179917, 132.64561535353954, 134.46961839182072, 145.38673109998078, 134.92683446242222, 144.71254839072742, 141.3179170309707, 142.37926954297996, 140.95151474164527, 135.19942250077597, 135.31561649824548, 137.2583566204672, 118.77666378676881, 141.7202474373512, 135.32606240762718, 135.97697266702377, 126.98785907396851, 105.94756521129618, 120.31537102756788, 113.7257640711195, 107.2443219911846, 132.7078945302085, 136.6023633354667, 138.01821859914486, 120.5912722793861, 134.32789174755047, 122.6232324850639, 133.76466748658265, 117.44239709158371, 134.9157252194143, 136.76233499641017, 139.56682924332296, 151.4566311124265, 135.23469987854878, 123.9557746339029, 150.46611267248477, 140.80633745562085, 130.40163338682777, 129.19140263061902, 121.39851565421942, 115.006001277946, 136.66739202764768, 133.38205316807577, 133.08830531463678, 126.01683879858373, 118.75326186969627, 136.29824163615498, 136.5420583333482, 155.5744898747138, 132.8416780414136, 136.96254174476448, 140.98204131920775, 142.93121270014802, 139.7222788631241, 125.1473461152805, 136.58318205196284, 122.7383698091409, 102.2934450565254, 134.46230751334423, 125.54676114284177, 132.18114218731, 125.796488216514, 122.1960997646071], "fourier_y": [156.87697276304942, 156.38855497727488, 164.9236947868451, 156.21527084529345, 164.95526420140325, 137.23766572153286, 165.8820374007682, 154.99791030602665, 155.90022621221752, 138.660043585297, 145.46477919355158, 117.7756997624209, 148.54487691633608, 160.04310916213944, 154.46008093545692, 147.28091903739278, 136.89949139187303, 160.28366897176537, 98.2645192679569, 155.57897304467178, 141.90710483957014, 155.69761689924437, 148.22224275766726, 158.71456927615125, 135.68216438360034, 164.89354322910958, 151.79562370222706, 166.06701340981562, 158.1105484197639, 158.95790221081546, 148.8285828712144, 165.5352768456179, 116.13040780644091, 163.30792337727263, 152.8553288522457, 162.50622506888018, 154.8700521507152, 158.61220232936512, 141.17643890499915, 159.45294366757741, 139.6113190207995, 148.55985901319752, 127.18717136672655, 149.90127955222874, 145.17785772752495, 154.06212541773715, 136.1014519833431, 153.22415707285526, 135.30327221672368, 151.3976321959279, 144.20417581156778, 149.47358678083094, 164.13464010508787, 157.00847549147454, 131.44965048431746, 147.3666024376733, 139.88855661845886, 149.94056051215273, 141.98810184887552, 152.12960561328623, 131.42227972688082, 109.50198333542073, 159.36742797536945, 146.53946191825293], "src_path": "/Users/hagardolev/Documents/Computer-Science/Third_year/sara_guidance/db_3d_models/db/17/m1769/m1769.off", "name": "m1769"}