{"fourier_z": [110.82527090316847, 139.77003087935134, 144.8634712355672, 126.20403599735161, 153.27371465492843, 150.84243500029845, 163.88898219863987, 145.88788568063106, 129.3162143601484, 157.73390582408607, 160.86800598808966, 148.41946081175368, 154.0389222660347, 157.3586940377495, 143.76353723318655, 145.10585298207366, 140.7629288174844, 152.87700792508397, 134.57395631051227, 111.50079553087619, 129.21021865684082, 146.92879660813904, 143.39130159378118, 116.62541484880991, 131.11207016657238, 152.49128156733286, 158.8739450438747, 154.55634409041446, 140.41920120151357, 151.99470182528597, 146.33838624335922, 152.39332226793272, 125.98815878408746, 152.20052687536918, 146.7590128147512, 155.48958503410734, 139.1784853481057, 159.77512024240613, 134.0840885314294, 127.0389736970622, 132.5686389815237, 152.78759368992291, 158.86345316587042, 163.15074686347668, 139.49636461112559, 157.993482069867, 135.54160703624726, 140.56913572115695, 154.13311368348297, 151.99968556367492, 151.35674184341806, 164.91092549994738, 150.85884680427972, 154.7644372148756, 142.40537511587482, 132.0857594859542, 154.39094787050226, 141.82746015700894, 147.82784123174315, 160.54164538716526, 137.350525309219, 127.18097096659882, 146.47511236306624, 130.72955484133774], "fourier_x": [188.66167686538105, 189.66407286479634, 184.8507692266421, 190.66099162986774, 187.18372420285206, 186.96159949944573, 187.24568225983958, 187.96639695292552, 183.35949841611225, 187.08335164288889, 184.84414626591666, 186.1626601454737, 183.97271078566249, 189.58111653895725, 184.52294796239016, 187.1318019661661, 179.68669031979178, 183.722895908723, 182.60944297009462, 175.88615169606638, 185.39089858154412, 180.01390947842182, 183.80978841397805, 179.48380944426148, 160.69356940067536, 177.11655563289992, 178.21273871065355, 169.70236769741024, 172.73398921527186, 179.6554842262644, 177.10370269570655, 175.3680102550457, 156.61360655787507, 173.61972016200576, 159.0036539315259, 131.81504103067516, 168.89537435664715, 164.29639830906933, 149.76345601196596, 158.91628956180693, 158.06396403552495, 176.7626471975456, 156.7710230787892, 163.2635021074253, 157.39046823005478, 143.8617456538839, 161.55143038795302, 148.2348132288661, 166.49320250328338, 158.44540358984855, 161.22860124262704, 164.35224405738205, 133.17502284526182, 153.38250962431164, 133.41083814947945, 155.15907344579074, 174.0021302561351, 167.18048070316792, 169.5229968235024, 171.47960702710859, 147.94991921678508, 165.79839669859595, 116.06233692750806, 150.64887355006505], "fourier_y": [168.63270606109182, 157.78973153955707, 169.30485084762574, 168.29754212635999, 156.32518676594194, 146.71284725441555, 140.62978455286944, 158.89961026393158, 178.68082159735025, 117.02088945333938, 149.17156876261217, 169.9213990306524, 160.67748804346135, 178.313454146392, 165.38145527223145, 179.6094586287921, 171.420856131046, 180.5785103148767, 173.46642973258344, 92.07807505938653, 179.03530764299296, 160.61878213098896, 143.8332791552409, 158.83472212287612, 175.9804473539723, 179.3659009269392, 174.39291793903422, 146.26797316050389, 183.53748490375773, 179.82254703184742, 181.07963504443248, 188.1926512773144, 171.2205774352209, 176.47825529377286, 160.18557702895782, 155.93533216409256, 169.97126251540453, 171.89624953386567, 169.92836618161417, 161.99020240500914, 169.00672241186638, 171.47419737829577, 177.94285159939594, 147.2751474159315, 149.17634394041013, 152.71629984499467, 161.71426025930475, 168.26847889351814, 158.76672436377868, 164.01306186247348, 173.5815923089428, 147.99434011634025, 160.85458721478216, 174.4217186928361, 165.56545891568092, 169.1464207541734, 134.4521752627159, 144.9497942752764, 166.64602896775597, 176.23833497659263, 148.1849576820445, 162.5493746129922, 155.45850003664793, 172.30088830725526], "src_path": "/Users/hagardolev/Documents/Computer-Science/Third_year/sara_guidance/db_3d_models/db/17/m1778/m1778.off", "name": "m1778"}