{"fourier_z": [152.41410173676525, 143.41779612093177, 149.3206795517366, 137.61295077577427, 162.06695281389156, 132.73597899657503, 163.5829681499825, 149.9645488546632, 153.74232508565035, 153.254692125447, 147.65048508079968, 150.94276151230002, 156.35798978946846, 113.85116266190889, 153.92763165415082, 142.46023078740475, 150.99291879009692, 154.43595543932827, 150.64467947403998, 150.43390073921375, 155.21593214872405, 129.95179189794874, 139.18473274578287, 114.03241924871762, 147.16492094146264, 154.20532192606788, 143.15053664283317, 146.3055190907628, 143.49188048146902, 136.30355569961768, 141.8106091631101, 94.99661832241875, 147.9254199415169, 157.33919948084096, 136.42106125358646, 147.68564465192983, 142.56159785566996, 147.0403543393295, 146.26874621953698, 122.7300457006456, 144.33927148166177, 144.59056934356713, 130.06164284390343, 132.205233210956, 134.68309501041134, 146.75909967152487, 138.86902102603435, 118.54632479254265, 145.911558069369, 142.277250015994, 115.19714390397647, 114.4782997071834, 93.02170357574057, 136.8050978245253, 146.77341068567117, 91.30136162427112, 147.5562584262476, 135.67403500582444, 124.83547739654774, 124.67051270718324, 138.95457317986526, 136.84864056109967, 140.0615889532655, 111.11047866999336], "fourier_x": [149.7434738842748, 146.14812232085558, 147.69634120978753, 149.9748205121561, 108.14342130798039, 93.70415340861668, 137.67041341608999, 133.44146120114897, 159.05618123289887, 159.3333997711628, 157.84631447860025, 140.48590571030485, 163.97602691509564, 159.9177839092455, 164.3211606401044, 157.7481966490137, 161.44808443132268, 163.6882936565376, 169.92124054359653, 166.25398114915046, 149.4693908281459, 164.47757703844388, 147.27922774861236, 163.3841548847121, 158.35751862454478, 166.11753047374006, 148.43668386331126, 169.32164785266966, 149.31351734947032, 157.19312244116628, 150.8311189306102, 160.47686266844138, 161.97017038867222, 160.7167329890328, 152.3038755995655, 144.29692919433649, 151.93453427930388, 148.16872187063086, 158.96746705958068, 151.23917894635517, 147.91439059778068, 147.82335009756846, 137.9697846469318, 155.66036600014525, 160.51000035985095, 156.92283088302204, 159.3151270364425, 159.08019912699788, 160.83526538271178, 163.0823905883507, 160.84163892922862, 155.60308077363064, 143.8481616178002, 154.2714383019907, 152.61493038446176, 128.02547665230503, 142.2926406454488, 142.98592925971383, 146.5449696042439, 135.5519602694036, 156.67637040075297, 146.6424051381304, 155.3890989663722, 143.04731400331073], "fourier_y": [158.78317635913592, 139.66608123766497, 158.2690037781507, 139.81741004577654, 155.51627225297383, 135.21472247743216, 163.78213419471578, 157.19736330601563, 154.15213650192942, 153.4067316081743, 113.79544303793665, 118.61269037202355, 115.5158119414312, 148.86095956306065, 146.59215261981694, 167.65748761045856, 155.26278108397835, 158.8713390224142, 156.40507537359133, 138.46124168031878, 126.53432540788069, 156.0889092148434, 152.31969753524612, 160.25831112151633, 145.24323927097043, 113.18501513876966, 158.03572829734668, 143.91744424454333, 141.11800622852778, 156.9045359650121, 139.68313755694885, 122.70252588057913, 151.8262364334538, 141.3775725550481, 153.23463530763655, 148.09912106755576, 159.51650236875147, 137.17759209864712, 111.77200506732602, 118.879737952425, 148.6826952024585, 143.66963024108307, 146.17942526333022, 157.05939667117553, 169.74208558066425, 97.06716889766618, 151.36145374453787, 159.27062170499116, 128.924600809751, 142.57650355435123, 157.66035169483217, 124.15950103062326, 153.84814550949952, 134.21209156995647, 130.6028254974497, 152.66559951579762, 136.7653771914361, 156.3465044504337, 156.2276494862621, 158.8383889711833, 154.2734352823518, 144.1801175374569, 158.96351405721805, 123.86618619645392], "src_path": "/Users/hagardolev/Documents/Computer-Science/Third_year/sara_guidance/db_3d_models/db/17/m1777/m1777.off", "name": "m1777"}