{"fourier_z": [158.78317635913592, 107.47837801366187, 131.52281140639508, 133.21250775030992, 153.49729080445036, 105.18566341916882, 155.15273828767062, 102.43958738374761, 142.6055679620038, 147.57962724449789, 130.91909349704997, 117.43508402790863, 144.0086268584621, 153.63474901556887, 141.61465864199792, 144.8207234312971, 144.04590195221485, 135.38567893749774, 143.12642394844278, 129.54129464739697, 132.4657032813212, 138.16219206747013, 146.271246416339, 143.70735018428437, 137.12242624920066, 143.2348584293617, 136.09900418490633, 120.2592604234026, 138.63458690323193, 145.5840670846986, 148.90792070846317, 148.11274535650813, 146.9303551329404, 130.11537274494054, 145.3008212234516, 147.56582870028936, 119.52939425270446, 149.28961842192228, 121.84832547997848, 140.62915873198702, 128.01082324289231, 140.34521829273186, 128.65425628703878, 139.1061325174658, 150.07993892359227, 148.89611361026058, 147.09244883325425, 137.49148824014603, 138.17666261104154, 155.3941672736933, 147.7106962358097, 152.23824592946596, 140.15921340646878, 153.1270220009752, 143.57205597625986, 109.5628435781881, 153.22637718254015, 156.43545574105576, 141.81153706215633, 115.9216827124869, 138.0072738960273, 141.1762563907253, 153.13601637525727, 142.8234391865583], "fourier_x": [143.01402915185054, 155.6156424472924, 157.76121601391065, 163.20758618846816, 166.9823446502737, 161.84865100033332, 155.64290988324643, 136.91235675471785, 160.2303238214755, 168.7501356471338, 170.76354386862252, 167.1608277185558, 145.71367604074834, 147.88388986273358, 155.36274387831526, 155.5110346589442, 166.6959910072863, 165.21043768582774, 141.25203233502313, 150.34352513203518, 157.12245515770863, 159.5685950619581, 165.94073225175833, 162.59197530482948, 147.90441062267195, 111.31104047157515, 152.19716913857465, 133.8298574792288, 155.32246087375276, 159.02745195062857, 158.5873275805115, 145.9595466018456, 158.65881534399267, 139.57784058384803, 123.60152292957298, 157.153979073663, 156.21792286577775, 168.16788742720308, 161.90728963247443, 161.29123478593456, 152.39040998530206, 162.12898188571592, 163.0797932346097, 165.17625121653452, 164.46278801774514, 153.52607063788, 151.85109540398827, 155.6060981726235, 159.07718369222238, 151.58048823233582, 149.69698008551103, 124.62915872803015, 139.38911828226296, 132.07169104021816, 143.77278699498132, 148.12543548086717, 168.14931648206098, 168.75910423073432, 156.27812909674066, 163.68288279442123, 156.21616891660034, 146.38982706992113, 147.64564015002762, 113.78025362327223], "fourier_y": [110.82527090316844, 135.61906142323073, 103.59419466943999, 140.17373269549051, 136.9331687578543, 138.4898699625415, 122.4372538117264, 139.31015800123112, 138.2679336274658, 149.34334195354438, 79.25080427265758, 155.34006641217695, 149.80187351861443, 149.43354017038143, 146.57975361908981, 112.34560311069504, 126.86125717565088, 132.69231613169853, 155.93660776203396, 140.29185512179163, 144.31862285649717, 163.1970505807319, 164.43279941046004, 147.7010416594048, 148.3898251210884, 137.62536127600765, 142.999111206495, 149.66741377647736, 161.39381712267607, 149.66476333213748, 134.89788963690418, 148.35578494466833, 140.9456753660284, 145.40058497933686, 142.1158274324591, 168.36970987724874, 131.9312638291472, 143.4084915453835, 163.0514990955919, 136.68202121026835, 133.33135201100038, 142.53007851693434, 146.000464806997, 152.56569270287127, 132.26857667174227, 156.8773818650932, 138.32468840497097, 105.80446561468273, 158.53535849698477, 145.78215545717663, 156.66671470163385, 145.43573068652756, 159.74121304208768, 155.81770390423486, 144.5519074262881, 132.81742232944185, 163.06285083990957, 162.1157416586868, 139.98004534782754, 129.0122614311697, 134.84877826205243, 150.95538240886845, 134.3486962962105, 129.4884780369978], "src_path": "/Users/hagardolev/Documents/Computer-Science/Third_year/sara_guidance/db_3d_models/db/17/m1775/m1775.off", "name": "m1775"}