{"fourier_z": [160.5234038989285, 166.7639582173017, 160.3660278919249, 153.62610984120553, 166.09257999858474, 152.42492297575242, 170.5752053189276, 129.34267384980228, 165.6580696008355, 168.66270832393386, 162.43247466803, 162.03388318444541, 155.57896031350276, 153.98143924112247, 137.58526060511073, 132.76331435323362, 163.18457985176929, 159.2351394709416, 121.76225208304898, 142.59241780333693, 144.94796187438453, 143.40866714898428, 153.55517250830664, 152.1881594683196, 168.009472707766, 164.28387674163528, 135.1231085954182, 147.33516164345343, 121.39613173081332, 153.67529498296673, 156.16041231910907, 165.99862490222216, 157.51540146677274, 160.84085658823827, 149.48466483908393, 136.93438129412652, 158.3747130101018, 154.69515208618762, 155.56084373567327, 114.84536670531884, 152.0868943004177, 163.9058273025738, 141.54502579179336, 135.4719655225738, 156.9229556787999, 144.88592902541427, 153.61039538109563, 162.31720490904013, 167.6837277732342, 164.76578386027148, 154.02341681740276, 152.84328118906942, 143.1646461989051, 145.00803083898805, 155.8786800976485, 161.3890052665943, 171.6362800064498, 144.0679277086631, 137.73209992504087, 148.8452778515059, 139.00353618078205, 148.3595263723318, 163.90826093548742, 143.77214232442856], "fourier_x": [152.41410173676525, 148.2050244385313, 110.57013119286707, 152.34916997766388, 154.46398899655296, 148.4039612366472, 118.01661782069709, 161.14358538449602, 162.2035854742546, 149.609938704858, 164.6486449587935, 167.30269310735378, 156.55734405152413, 154.5213126205468, 166.85486027900876, 164.91237511009507, 128.14555598171518, 151.1261944099725, 136.13141944211964, 143.65708986012464, 114.43148585978741, 134.74391167789878, 150.45654283973417, 153.14794565561073, 149.97599539536353, 162.33847681163994, 146.70930588206213, 168.22744103840793, 140.52234955132076, 147.61542305523474, 145.26515000065228, 157.7643386769085, 131.86672603151197, 137.58099248048902, 161.49711308517354, 147.91751162967392, 142.372024142153, 109.56904527672197, 149.22942964599312, 116.8756392297618, 162.77151888505847, 163.4671193375763, 169.6197812500391, 160.0621452826331, 135.60422487249005, 156.38888623785738, 153.22954288044622, 158.62268537130925, 159.54099841928246, 172.9330557705957, 169.07421574061746, 161.29112174753027, 160.31720391524965, 170.77621427442548, 161.05385569094045, 160.14755387232702, 160.738762898623, 158.27083582723023, 146.73582466543854, 135.7406298519007, 150.9973298666555, 145.0491333429347, 151.6390644385595, 138.566694717851], "fourier_y": [158.78317635913595, 156.77571031129392, 148.38353529084796, 147.86394425702477, 147.62797529038994, 151.6825699437231, 120.00991996055816, 157.8374338846886, 170.81922547809324, 157.16270189621088, 157.2668222595765, 168.04573711556804, 150.27179633060703, 159.4958185637958, 157.50943623351765, 144.64953144365762, 176.30416055097425, 154.2190524730525, 157.95903637005392, 139.7586455170815, 141.5931649303506, 152.8380708301209, 164.06849419805434, 158.87227192358455, 171.20973286720582, 163.91230848780947, 147.20912498961636, 160.49836868770325, 140.81058722763507, 165.94332137136604, 159.14777999920292, 151.45748187425812, 157.9098471141391, 162.22276655967417, 165.7912897998979, 169.58088677675482, 172.20310484376728, 163.10589314393812, 147.07536095156473, 139.0256616522561, 147.21023245636857, 153.14814028134012, 145.67862066134853, 169.16570837311502, 155.2947810470891, 159.72875946464868, 154.45080210916498, 165.5627305966682, 179.91332582892952, 160.35040653924636, 174.01418476281864, 171.07508616274103, 134.70241387052266, 158.47791181451987, 145.0444629180127, 129.54932097329927, 172.01882468742366, 159.36532337418976, 163.2061781402354, 166.04624170966167, 146.44878391565044, 152.50336128155, 159.61567779936718, 158.90093087888118], "src_path": "/Users/hagardolev/Documents/Computer-Science/Third_year/sara_guidance/db_3d_models/db/17/m1770/m1770.off", "name": "m1770"}