{"fourier_z": [143.0140291518505, 127.8935796451669, 151.42417603125648, 162.1509842213861, 148.93609508216792, 149.21805494161038, 152.86364197807717, 148.14615094007726, 144.15395932838857, 146.58024772272515, 142.66908457559026, 153.93510642707238, 145.76876434074035, 124.58016817558884, 146.15712643750027, 139.64597714989847, 165.78347793623948, 146.13673650207124, 171.08901142003253, 166.12348720479307, 138.63320499429275, 150.34893924635654, 168.87500525096846, 146.93815920985307, 165.44147679447656, 147.15934186562342, 173.93823862894865, 172.04976827338612, 142.38440733550507, 160.07760934022357, 170.12981661370628, 142.39462192073316, 138.46216889236624, 151.35658893950156, 163.17062616910601, 157.74121656015274, 140.22602269308555, 161.1645596919757, 160.42176871100463, 152.95469269935498, 143.73296730266642, 150.4414429962, 146.64527694774148, 154.2879064170666, 162.47735893476263, 157.9070313085558, 137.69694289516855, 164.39921548723956, 139.57466804117809, 157.26362467166845, 133.00936304189523, 166.0788513674336, 155.26562510767548, 151.08804862812806, 132.70061690613483, 148.14441556723716, 132.59529738232342, 163.24577061788673, 166.38256702834144, 157.5610792491044, 149.9822473624527, 146.36875126258033, 146.06287743295002, 166.5875455518384], "fourier_x": [149.74347388427478, 149.15541591257116, 148.75701604075118, 153.97043606629964, 155.71688723168432, 146.07433465806596, 142.66060822265646, 149.15986412884226, 160.28512171263276, 129.3153187733178, 146.7121131852191, 110.31939152977606, 162.84546798522524, 170.46056519952802, 160.83054785141215, 132.63617128419983, 163.1877394240397, 153.8293590024033, 118.39581906384721, 143.28772340761245, 156.8816126057086, 165.36221633606547, 165.0119601364531, 161.06567966672372, 164.57178590223802, 162.20371222216886, 150.91965321825288, 147.82824137121582, 129.61587363611326, 154.75573135927596, 162.863141692397, 157.6531047440692, 157.87264982504414, 162.43605665340607, 167.174352787559, 164.1308632476322, 145.48048163162645, 153.21012174712368, 166.08991010750142, 164.5166399443656, 155.2372220684351, 169.5892267122045, 170.14599623681386, 162.691212784121, 157.01226858208537, 148.3561643777041, 132.25187334614122, 162.53050610482646, 156.67064408328815, 156.2131432369158, 157.6053772113917, 164.11975064888694, 165.1217748968999, 159.15357748429273, 154.19612542195503, 162.82245320705474, 138.3170290717402, 106.93526953058662, 151.44229225326245, 165.512139100667, 168.74630987148356, 164.65816984312053, 156.8181795074386, 157.85656720194774], "fourier_y": [193.68796543099918, 190.557208444486, 181.2237620019681, 172.4938400410086, 174.76227044771213, 158.55443616713663, 167.50884362077585, 173.69255992043833, 158.32582968771905, 172.44706186626718, 176.7649026390224, 155.12551993738487, 156.8630809984399, 141.29562608613955, 167.96403617308295, 176.76309375278663, 172.80708007748134, 145.59523699269243, 176.34778816780215, 179.77392123619254, 158.25636915375918, 158.65171578160545, 179.82533543719697, 182.6368461104343, 179.0747586319256, 182.48583012323863, 167.29128577193353, 164.2779145789785, 151.88087562129107, 176.52995616334604, 177.23721452831757, 183.68744134469878, 147.56274195477135, 172.79783470049676, 164.22467834059097, 160.22971278340154, 181.82510099081145, 186.97172042206586, 187.85041475724353, 184.86042915177006, 141.0167416633398, 176.46685876804523, 182.7591576960196, 180.19517023520615, 176.53124633914013, 159.85125295366944, 173.99970637213693, 177.80216760033173, 185.20246438875407, 167.5228452577307, 171.41285080131425, 165.9324684713694, 130.4629325775809, 170.42900861190063, 179.9843153417994, 185.7446352215036, 164.42410311032097, 83.37976167974077, 162.9147781201733, 163.4821380460872, 173.318159600498, 182.67785453639073, 178.9309224251066, 149.8255673568554], "src_path": "/Users/hagardolev/Documents/Computer-Science/Third_year/sara_guidance/db_3d_models/db/17/m1771/m1771.off", "name": "m1771"}