{"fourier_z": [154.7697624498929, 132.63774240408165, 158.79715536646458, 162.69639941684005, 122.19589257137574, 166.02817511019498, 168.2786321141991, 138.65830799043127, 155.3173662031242, 169.84570687134436, 175.09237769077882, 155.58439669925508, 171.21747684376626, 181.1849058891497, 170.22602440206037, 156.91669253325807, 144.26445000612486, 178.99703073833086, 184.1485957463006, 163.91525165115, 171.13612624423325, 181.08556598570675, 168.1442297934704, 156.43617043927128, 145.18317272675614, 161.7510640511503, 158.30953561500493, 125.56109246160352, 168.06531644895955, 175.06371826551532, 166.60252558976913, 146.91850444065872, 161.49483985147344, 186.1761884764797, 182.56998090367003, 145.61922695738434, 173.7983909594028, 175.80578189148568, 167.02031672244476, 143.40522734272201, 157.16842473800557, 170.75963008555334, 161.07705627269542, 137.2275665490356, 158.97271102945047, 158.3161957031118, 161.76801249420936, 143.78042565560006, 164.52414540235958, 155.7785597850682, 164.1051225337696, 155.14149032098345, 157.25310856284804, 174.02185279500105, 165.44633486497017, 165.71606764291312, 136.03070233056198, 140.30286102969518, 121.52912830111497, 123.37349560472092, 118.07590213152662, 145.86838782252025, 143.69723383120285, 152.8678985648706], "fourier_x": [152.41410173676525, 159.10257653686725, 166.4637914706853, 169.95915565243575, 170.18201175837402, 167.65563014364832, 163.19478897704863, 159.32285674777614, 152.18142247871032, 160.01334242439327, 163.09029019975216, 162.40047380762803, 158.86491490652455, 153.50260887687708, 148.41247368346106, 147.99771613382003, 153.3297698314885, 140.67670415200413, 135.85761235933492, 144.61998316014294, 146.94852659250097, 147.3980912687947, 153.16257294004032, 159.8390464198042, 152.69804050944796, 159.96178772295545, 164.07091098843017, 165.52691426907984, 165.39506930283184, 165.2606586019243, 165.82618515446086, 166.02569010889692, 128.28289861527222, 72.48024537205093, 96.55305016964704, 126.20094350064352, 141.52263773009176, 152.17407584688817, 161.2676110332956, 168.45613393879344, 160.1315665939896, 155.02932651673572, 149.39201806271905, 144.0059552958039, 140.11480987203953, 139.68048607056969, 142.64762531754764, 148.2570657586481, 155.65121150695884, 153.93277056068894, 149.13434821644313, 143.91744441653196, 142.89632846076816, 147.34837629035445, 150.53843388805387, 148.73992419629514, 105.38438043225977, 134.77298277508743, 137.6000275893615, 149.99786241441882, 159.8259711404237, 162.41478934578325, 157.94087725649877, 143.75048745767054], "fourier_y": [124.68821451436739, 156.69246119782358, 161.67464344541887, 149.3175017988694, 137.02952058069744, 158.79231306759306, 157.85594375216505, 133.28087166243546, 152.9831082467877, 126.42693103216635, 146.4224699112914, 155.1187717327957, 150.44445487732563, 127.65749558979013, 139.54009692261874, 148.8811588534308, 130.22294728023016, 138.25718147810758, 134.1918755550776, 119.97314646670023, 138.81874351128678, 141.57731364782944, 123.29877270060558, 133.4910945999537, 138.09138719908836, 157.3663035771539, 157.82085617580287, 137.04330244767675, 146.23145332897647, 159.77456796458722, 156.37087706122688, 125.76531535082891, 145.3267961247485, 147.88604338687026, 149.83271409534402, 145.7322766990964, 145.9072867065052, 150.95547886080055, 149.11814567122866, 137.15442114649656, 152.60916041736027, 152.1398068362808, 136.47014438314184, 133.6315820703372, 153.18451281554994, 155.31639429082713, 144.48045909337284, 119.93883694143724, 150.34560213620102, 155.7876665755634, 151.24132271607004, 140.63075052431424, 152.92947858645303, 158.18452539769447, 153.13760203373693, 142.1030482615721, 137.41877642148373, 148.75926127254354, 147.63179956014608, 132.63858323361302, 138.981454797831, 148.66527358466675, 144.98392139823306, 117.54974045615941], "src_path": "/Users/hagardolev/Documents/Computer-Science/Third_year/sara_guidance/db_3d_models/db/17/m1779/m1779.off", "name": "m1779"}