{"fourier_z": [162.12425805239923, 172.3756839157973, 179.25266380851508, 182.37687451024988, 172.79604806675863, 180.17507711505465, 158.7065662498523, 176.84918565423285, 177.24966525446004, 179.06254389111783, 177.56818253619633, 167.7188936514443, 175.60473733940887, 160.57418865954378, 176.497288567966, 167.80212569715388, 173.8663658771328, 172.1496486845243, 151.2500435276655, 171.79638901659496, 175.0573596641683, 168.6940589161469, 168.79213322123704, 153.7067076475642, 171.40629733309962, 160.83293863129842, 172.2645789998782, 177.1550808672902, 176.75696664536935, 183.48795375522684, 177.90496178043526, 160.80633369291246, 146.99448527454038, 150.10822868446797, 154.9262767171267, 172.0438079252958, 178.44353728629127, 171.5796638446669, 170.4181626497211, 182.08202358722968, 171.73067674078362, 141.09588588575957, 180.7742370963936, 168.90548958744913, 155.22462128249882, 176.9579879704685, 182.6744571542527, 169.6102498214728, 164.05185746615308, 190.7488585143211, 182.7702961689983, 169.1596205106593, 168.0408726257067, 179.58941474092074, 166.8392093480157, 173.74415757673634, 188.26633102439447, 176.1366391863546, 183.42295545805484, 179.95092579650526, 180.33964061686518, 169.91700566314154, 178.53096673467286, 164.4321859014013], "fourier_x": [167.48953778429285, 168.01159197415427, 151.01451200499014, 152.51576253711804, 140.0231560528962, 153.82587509691075, 145.23358771483169, 122.86454648077859, 167.12852503511442, 170.035074749774, 138.14891327095071, 154.3464865737535, 132.1382784657006, 152.67548785751433, 133.70874076751053, 137.38716334006827, 165.80945774190195, 170.54987981877395, 141.36350444701196, 153.79938376151398, 113.03165232766321, 152.0450858027487, 126.21198592356248, 141.2710245129923, 162.92299149124636, 169.95890317715234, 151.17029739593073, 151.0664680511892, 119.74319026828135, 151.76675499485947, 142.24585610016527, 139.38315701556687, 157.56214953022183, 168.50399150850262, 156.1850453914859, 145.79570686674143, 137.35745122964178, 151.81593485876053, 150.69888674919028, 133.21320126336235, 148.12019089193885, 166.24173761121384, 157.79904737060687, 137.14888377333975, 145.7062057403476, 152.2450215461102, 153.8934004883188, 132.26793882246324, 129.55901607686735, 163.14339526870862, 156.78630539488472, 126.78064086665451, 149.91788206285565, 152.85052351348583, 153.12524181328928, 140.98524483542323, 100.43624550591652, 159.39049934113865, 153.47453768730205, 128.62934139919264, 151.49402069485032, 153.08790316923066, 148.28001696719934, 147.82350295477843], "fourier_y": [143.01402915185054, 146.36755214208534, 138.39774176361044, 159.78111514653364, 147.08756259351156, 156.02275599900798, 141.8765860060229, 166.30437027284216, 144.2370318409727, 151.63945601250938, 131.1334257953393, 159.27516851130943, 147.61268738534696, 155.5932422066189, 138.6669818240705, 167.28443747192125, 147.7314988225531, 154.9890227723669, 120.29504639602126, 157.88333120465023, 146.63780934415325, 157.2085114399758, 131.697175575509, 166.6377003616736, 152.08126977884237, 155.88713697471516, 130.00101491298918, 155.57713807300382, 145.0690764867804, 160.0553005240797, 121.61359749321394, 165.0883481360679, 155.55689013575352, 154.1790764618288, 143.88267522124997, 152.62135076378775, 146.37664382986873, 162.81627865538792, 119.20711302388669, 163.45673303230427, 157.40500611650734, 150.03461537800197, 152.58700533236254, 150.1147750107771, 151.71409252557643, 164.55425451133885, 124.91370514314225, 162.49930653022165, 157.59322388242705, 145.46199820606228, 157.9176540702808, 150.20154641578955, 157.51101755895527, 164.8087671818105, 133.4755735429502, 162.4787690347157, 156.47018603087147, 145.24390789090768, 160.7878275085656, 153.47635335770903, 161.84246967155477, 163.4310247898605, 142.5760893067743, 162.7433862821391], "src_path": "/Users/hagardolev/Documents/Computer-Science/Third_year/sara_guidance/db_3d_models/db/17/m1780/m1780.off", "name": "m1780"}