{"fourier_z": [174.38634751012742, 155.8953354932885, 163.41201625106945, 155.59453764596125, 173.80775957721386, 168.94098125554456, 162.37847009224612, 167.0698759445907, 173.12391758511924, 146.0203107963186, 157.8634214465836, 148.3212813709092, 173.02926368586446, 167.83414980124445, 159.35877168812502, 168.36397885517968, 170.52908770109664, 143.79268550465264, 160.04129520975965, 132.79940836148282, 167.58748126773068, 165.6336063214772, 150.30859518407914, 165.58303883425364, 169.82152334418058, 143.68065670957745, 161.09369185866427, 137.30103320315206, 159.58305623853795, 163.29165891151894, 136.65191287819349, 158.8968891629828, 171.16701436675618, 135.2629202107598, 168.0911721007522, 154.77496312317834, 129.9980443615918, 156.6449241036495, 125.17305962221029, 148.26228387064015, 171.11954060558273, 137.18930399531192, 173.03123379170944, 163.42760730173453, 159.90863970406633, 159.47787212398345, 133.59863285587178, 135.06517504648536, 167.63332320677068, 143.75212101284586, 172.2993077746082, 163.74034245021812, 167.74274160440743, 166.08042084330458, 126.05077209537413, 132.74148009455075, 159.73985647627677, 147.07955145649413, 171.74605695292377, 159.70265182224128, 165.03000331664907, 164.3887531308701, 124.95042789532597, 145.04267751068082], "fourier_x": [149.74347388427478, 148.9996765362122, 146.71369841861912, 142.7043083235792, 136.59705076193876, 127.63932725676682, 114.07016365712488, 89.01175642384888, 162.04431226161202, 162.58970784663686, 160.96748041129646, 157.00815591591214, 150.08167819716925, 139.04676785171682, 129.3154645086364, 136.54320859861167, 160.1014143473536, 159.1718141631566, 157.94898850662884, 155.81423309738696, 151.95832194289184, 145.05156996560987, 131.29700016471094, 84.67746019399122, 153.73754058740795, 158.26727331427077, 160.75769490570624, 161.75964993756645, 161.58519741358614, 160.457878770568, 158.59795312806736, 156.2859915578641, 150.07858227465215, 157.47877345424004, 161.56097332521944, 163.33536310626002, 163.18197696949932, 161.17472455629553, 157.18510207014202, 151.12543107563803, 152.5842366476649, 149.85012830404906, 151.0611819992111, 154.49298969478224, 157.00786563183723, 157.60553595345544, 156.1385435744719, 152.66800009108866, 139.26271570945596, 135.7142926349185, 128.96779389810456, 136.111998703904, 147.81902594729868, 155.47532052525798, 159.98762852997595, 162.10494727904546, 163.57954075391297, 165.11967420535547, 165.4815862580693, 164.7226192447705, 162.853410948524, 159.919579637043, 156.23520523512263, 152.90229383828563], "fourier_y": [166.27704534796413, 162.33398838944146, 145.77119960948502, 144.1860885981478, 155.7986839761405, 146.57970269742523, 145.74412196732095, 163.0026975901089, 154.68288534895524, 152.08669064739607, 166.45371476547, 171.05301403906256, 166.87103421454992, 149.40015382524012, 154.12120374259337, 164.0215977123009, 150.22513729977302, 165.23758927383415, 172.13355186392545, 170.86516448010843, 160.15065993748183, 121.05189176534564, 146.82463128040885, 146.96071009481335, 161.81779123300532, 165.29763479038616, 153.69058509680127, 145.26961225637984, 164.88086736198233, 167.68636039881244, 168.0702992830228, 170.7327862754949, 164.50187771630686, 164.36555054135238, 144.60392146705513, 156.978850908426, 166.60754765343697, 157.61021605452922, 158.5225802212285, 172.10691258785445, 160.9773340045929, 160.84294023276095, 140.04535798254662, 149.57508010158048, 160.015915583451, 144.34393769778555, 155.50624056184347, 165.71826605465685, 170.31998401524822, 165.9921769296683, 153.64523364518996, 140.30660725185814, 154.88061807379776, 151.90929638022396, 135.59307557238964, 158.47673197551342, 149.4068986495655, 146.56533350632503, 131.86916087404518, 143.92045879992645, 152.08213701309836, 149.2239866661421, 128.0293392063045, 146.96320695238535], "src_path": "/Users/hagardolev/Documents/Computer-Science/Third_year/sara_guidance/db_3d_models/db/17/m1781/m1781.off", "name": "m1781"}