{"fourier_z": [167.48953778429285, 118.07396813706822, 155.46404851761443, 124.2175769877995, 151.1139403632732, 151.3339529717062, 150.99128541040028, 131.09050267318335, 167.5693025864599, 127.29194377814713, 157.02236998732775, 124.24384752289853, 150.46687849267374, 152.39707778289568, 146.2292068354255, 126.37969520066092, 167.76018456073382, 132.88677238430625, 158.08810683573438, 126.24956996439907, 149.54045415238457, 153.50599923393767, 139.22747532723622, 120.46123152095568, 167.93665411195695, 136.2042232151464, 158.40809336313822, 128.83507939174237, 148.2306892604891, 154.29913663876593, 128.97863097315076, 116.8142824964122, 167.9376529042571, 137.95836558334142, 157.80645358601402, 131.8521711894258, 146.40445641355075, 154.46803697589124, 124.31862362557565, 118.68110317639731, 167.59930892479335, 138.53872668615355, 156.0933527181291, 135.88756733845986, 143.8780319551969, 153.75911516015233, 136.16136131206545, 121.95486322046916, 166.76458472703732, 138.20066675342517, 152.9708263195405, 141.03379312322434, 140.37611390488, 151.92885932193195, 146.38537695974276, 123.66439063330603, 165.27272781573492, 137.17275836669702, 147.86247162836756, 146.6241634206237, 135.4323642498708, 148.70715221575423, 153.83669108465807, 123.89103792781793], "fourier_x": [152.41410173676525, 149.7808317881161, 147.04563544037921, 149.39210532003636, 146.63316432643956, 127.79862051217627, 139.59133586247415, 152.06772542806198, 173.17634530859948, 173.10058162064195, 168.71321714000513, 159.46570057103958, 150.3375546995233, 149.0981450900128, 152.02138689955544, 159.90906668508023, 178.47938691963589, 176.51154195056256, 172.26613082611377, 168.31812494221182, 167.31204751422422, 165.0112344073602, 156.2988528265716, 158.9361173627121, 166.89802454149077, 166.97763101558064, 159.35736373491213, 155.82347103758153, 164.4154565436396, 164.91737844990283, 153.54141660718437, 153.42410524523302, 156.7447717593679, 162.64827523461457, 171.19246153082662, 174.84014919914233, 173.6621168131722, 167.72801097822452, 153.26720678254068, 129.76261040378606, 176.42224962683682, 176.62938272550147, 182.3641525010244, 186.1654856407415, 185.3725512913471, 178.2644005607288, 158.8968286258483, 138.46417547190384, 168.56574511113368, 169.68475381128525, 180.84185818191492, 185.248117727626, 184.17367901023363, 177.4531993493352, 162.04691234677495, 155.02566369730982, 174.25802768142975, 171.88075910442151, 170.8255015778033, 174.2960344707153, 176.45088794130072, 172.08529299833043, 158.3772904468839, 163.1717314284058], "fourier_y": [132.79751667653076, 145.2360989961278, 136.11991529689243, 169.46107917924286, 141.71539382812134, 162.9753288857154, 164.59984315843028, 141.83817507935603, 136.99209816496082, 146.52416433224414, 133.55111803304905, 165.49816267545313, 138.17840277755886, 159.87040242288546, 162.47553567379538, 138.38835656381679, 143.2486329984452, 151.8171268410548, 148.3400620087856, 157.52809352843772, 143.67051514691855, 157.20357707751648, 158.88896161784038, 138.19930292251496, 147.53286368164308, 156.17041363451074, 158.98713664369404, 148.71815610445998, 151.01879952734825, 153.3392145597274, 154.873962991768, 140.16956843689653, 149.68440391571713, 158.01101808602624, 163.40330928641706, 144.5685787814085, 153.8805484654782, 140.14829740249039, 150.14140820189996, 139.51993814323689, 149.95332265877127, 157.49409196005058, 164.04122227626453, 144.62146475234084, 157.70335398225382, 140.28702485840245, 152.98297553647052, 144.33060162404024, 148.48207627259887, 155.52160984600653, 163.0387182329491, 146.34083872445555, 161.71221220106546, 155.86877951389394, 159.0254062969259, 151.21922578462176, 145.3366950026464, 153.1736938836377, 162.2989952348759, 144.17353194708758, 161.54100180769606, 159.0322329116108, 159.17922929992935, 154.0826724622574], "src_path": "/Users/hagardolev/Documents/Computer-Science/Third_year/sara_guidance/db_3d_models/db/17/m1782/m1782.off", "name": "m1782"}