{"fourier_z": [132.7975166765307, 150.1250590550264, 144.04721868304435, 140.02059435069563, 125.57128513263784, 109.75105364340708, 147.57248409338024, 151.91645560562674, 120.13201218247988, 131.51802271001793, 145.02378517997258, 139.96880287051238, 109.33581272493603, 129.2177418477147, 154.12849195829193, 151.39317174925708, 128.36785838200097, 134.22191036944255, 142.87344755510554, 142.85269771630848, 138.23710244435895, 139.93573147172978, 150.68161692607714, 156.50330650869617, 137.87196140548485, 143.80844759248566, 136.32455109094425, 137.45603729791372, 144.72969393268758, 145.29048626828535, 146.34371978332453, 143.22821873130715, 116.23249216004687, 131.82274843575027, 138.08364235928653, 132.2155344820668, 141.05508045536118, 140.61208213463192, 102.46476823942201, 142.28100561117697, 137.61842112019903, 153.67605479060052, 133.97623038436654, 131.20149475730966, 146.90759494317558, 117.00725168793437, 132.54920363886941, 146.44602999593542, 145.70504551242675, 156.45349510812568, 149.8928113859201, 125.40034672552412, 150.46744802365515, 128.67887214708702, 149.14498502243967, 147.74627812439294, 152.13261764999913, 153.71049943633392, 137.71271787217853, 141.78410785430026, 148.30415038485776, 138.81812404268385, 141.76507994731776, 157.29595121141384], "fourier_x": [138.55115812556633, 143.90307960521272, 142.91502607216304, 119.89618149319458, 124.93287707976981, 135.05486746292104, 141.0469639399137, 144.07992023616427, 140.2580242757335, 145.67582648426887, 141.9691983337433, 121.69936218518374, 114.41621615184863, 126.51390906160162, 143.22896665676905, 148.67837244564814, 142.77146110624105, 144.31101558486608, 138.4272100488094, 126.851514091953, 109.14164971779766, 119.87129931090003, 141.71070480276802, 146.36616465529468, 143.18744878578744, 139.5478622894696, 138.0354289085028, 136.65642596897115, 113.31352796511851, 129.97951156637424, 140.57131267639036, 138.15808057352896, 140.3421378133093, 132.93732867653745, 141.52987792800045, 141.82154625502568, 115.59141554581792, 134.25823948938296, 138.22602660920276, 130.24623392950474, 133.2076180603841, 132.76723253840427, 145.55024665608633, 141.68637162109155, 110.39884734274585, 134.65610072077357, 130.2884426597654, 128.36235251077653, 119.33096624294657, 135.34496403425356, 147.54660759805918, 138.82032978631239, 103.64379503154872, 134.42661716666166, 120.65763837613623, 134.8164422219828, 89.19360444233554, 133.61546633213973, 145.4632697101001, 135.19666698768776, 107.56752954702868, 131.30841078904672, 117.62607406605866, 134.2040330595481], "fourier_y": [-568.5667521246503, 143.26117515444514, 122.43721913741786, 135.75422769807346, 114.07116491757878, 114.61834795809352, 122.53292983028558, 147.37936678323257, 142.988783557224, 124.21440903073874, 129.04094129193092, 118.54109734809902, 126.2871264127943, 125.44348155730233, 111.16612632746289, 143.57229674670708, 132.22103902816554, 144.32377125833827, 109.29364175733433, 115.38806140899456, 127.55075854646827, 129.03737157216304, 127.60148844448467, 144.12391815653513, 150.6107997936738, 118.76989608484794, 132.5259976252048, 138.19668740141702, 129.32882586330084, 136.04475142046675, 113.69545619593754, 139.7806408558356, 132.15598198563666, 146.0357702897185, 90.58259256258742, 134.50613962837957, 116.83282020668274, 132.51604908763363, 134.22924145376902, 141.46144832072142, 142.8588206204266, 133.60291041141002, 130.5216139497814, 138.08237525491415, 107.24942991764607, 131.6536764643601, 127.41207066049988, 138.6946430348156, 121.03220858781683, 150.8008060970506, 113.87828890840738, 128.90810669533835, 123.76332833355136, 120.68084064119147, 139.99318045343517, 138.32157275225768, 126.94768122526533, 133.68866032720632, 139.41879487572547, 110.92897634842176, 125.56452064324458, 126.22502656420309, 130.86882159177014, 138.74359482603415], "src_path": "/Users/hagardolev/Documents/Computer-Science/Third_year/sara_guidance/db_3d_models/db/17/m1798/m1798.off", "name": "m1798"}