{"fourier_z": [-596.106575281553, -623.8324625039508, -615.7231603417874, -586.6967418369077, -589.6551956678171, -598.7772031340434, -593.8751397684108, -583.5344020931054, 92.01441431290758, 100.61318452053646, 108.204357835119, 110.34528141089311, 107.32417344841815, 97.45795694054888, 87.48673283905109, 102.79173741512254, 104.06710303182471, 113.15168215776572, 120.93881460543233, 123.1421534748691, 120.15339319271845, 110.25111165194079, 99.52305162093543, 115.22831462956317, 109.02179135945957, 119.00303236567771, 127.11936092216207, 129.42474850183373, 126.48981727207, 116.53600271993712, 104.45157518007635, 120.89269984662752, 110.01385185274502, 121.4779013021476, 130.0598069932538, 132.5039907602198, 129.64461255444982, 119.6375997007349, 105.41298829013212, 123.06370736249508, 107.56665605969306, 121.49021102706712, 130.67587174656308, 133.29165628706915, 130.53086530285998, 120.49132802399774, 102.95615915194894, 122.59328355329836, 100.86104942409585, 119.25387650375556, 129.173135257323, 131.98784612785465, 129.35287308184274, 119.34017742146094, 96.41409297525374, 119.56707605533131, 85.55864944338195, 114.5628139134513, 125.27994994970271, 128.3090831311303, 125.83923319768701, 115.99706489272258, 83.20497672381791, 113.48014735434718], "fourier_x": [-605.5066478664677, 107.61153127660778, 119.4742457719654, 124.04979583603293, 124.33078456666452, 120.44950740436059, 110.0817676114997, 69.32919091810652, -598.9035232446541, 118.86169784874397, 131.25383754778719, 136.82416196757748, 138.81245520967363, 137.98947704877014, 134.25692233246494, 126.63215217129596, -590.6678924604446, 125.20777608967278, 137.71785107443074, 143.49228797215835, 145.78443698681187, 145.38908690166417, 142.2441934127316, 135.33792113927927, -590.6080202664946, 122.80625366701892, 135.29201035423918, 141.02977853877098, 143.2812295564347, 142.86158765589906, 139.7696293120146, 133.25059459857087, -597.9690709740526, 110.7008680606721, 122.86815160174342, 128.04894041158667, 129.46496851918886, 127.89186714008389, 123.44041046606777, 116.79820079045733, -594.9817058508397, 110.80134745238426, 122.98433390812815, 128.16972171298517, 129.52335264770676, 127.65095334166807, 122.03620031502618, 110.5043248448929, -586.4438241669934, 122.2662103981003, 134.7591184699061, 140.50212861458934, 142.7430489349508, 142.2648419711883, 138.97679462751006, 131.77572179305918, -586.2828507613939, 123.91276263223358, 136.44381110377364, 142.26081641803228, 144.63244859567698, 144.38754074118822, 141.55249640402187, 135.42914386390885], "fourier_y": [158.78317635913592, 155.92655470787793, 145.40885283850514, 128.00312068718515, 148.53525774525326, 158.19545564043705, 161.21261182301694, 159.4688987107651, 155.729989731989, 154.5453718637899, 146.57547422839747, 121.93062511490858, 138.40029690164198, 152.67519899334582, 157.93765406724216, 158.44997469143317, 144.1788530797675, 145.96578891040906, 142.00000197466628, 129.5969484234627, 115.84257266312015, 137.09163035637172, 146.21057875410483, 149.78427754322433, 51.790653359378965, 120.5238705227358, 131.8222803792912, 136.183029026808, 137.05177697553586, 135.76634667178064, 133.80530573812985, 133.37916674706625, 142.2043976864211, 136.01589499354918, 127.24318541241576, 132.84695465616335, 142.0406029979717, 146.5549083454118, 146.89440723631117, 142.82085087695555, 151.4138730767404, 147.68940071645653, 135.81869678183375, 106.94875306855393, 138.45004763543653, 148.44824250650834, 151.2274812073039, 148.80975856654572, 152.46103674911657, 149.36848875874233, 139.29733152367848, 124.38698761694873, 139.86703985679662, 148.55398371540016, 150.54008144956398, 146.97328829584336, 149.2385163222279, 144.5512988455004, 135.67668159237633, 138.09434225264175, 147.09938523345684, 151.18143539729527, 150.31056022621956, 143.72434075780183], "src_path": "/Users/hagardolev/Documents/Computer-Science/Third_year/sara_guidance/db_3d_models/db/17/m1791/m1791.off", "name": "m1791"}