{"fourier_z": [132.7975166765307, 132.95199548342683, 129.34750519706623, 146.8475763123135, 149.15374757201636, 144.72731941474996, 137.26410314354723, 128.12850419983974, 138.6809468423095, 119.74280081567548, 119.43507598466303, 140.7094324141301, 137.23917822718838, 98.96765468754776, 130.7883761261594, 137.06716987127186, 134.66949739159398, 144.68626103696283, 136.80377414088585, 105.34299756780855, 128.84284369619155, 134.12557806500013, 136.5179885011212, 125.75409290432222, 139.79747712403477, 124.23436651455049, 127.61148193683283, 148.70505732711177, 150.85370150636797, 138.8389345463871, 125.29142776355053, 122.28682964292676, 138.35988463670563, 120.88989590665543, 124.24634602392048, 143.14437537255768, 142.12988847265956, 106.97500375282945, 135.62810460346537, 129.015899227723, 132.47624839037638, 141.62332535167303, 136.47497166762432, 109.26157331092847, 126.41238001499032, 124.16980266289283, 137.61531930182844, 116.47678025606655, 145.511500717678, 130.70296598883814, 127.74564415958024, 149.4774309460699, 154.12295577781342, 144.00384804819726, 119.67426055497755, 128.77121184489263, 127.48326040994297, 102.00985590189873, 118.7858664412088, 144.14928621684032, 147.97848504998336, 126.50986256930581, 130.7874079229162, 134.7856063562145], "fourier_x": [143.01402915185054, 134.4075403502521, 114.86820687791372, 118.17273452061616, 115.64517952862866, 139.63225286808236, 137.52906514676502, 105.49536283803606, 138.9641317499349, 129.22213805233082, 133.08988517773338, 146.58869114380988, 138.56878866887675, 92.13409026970271, 125.33597157986887, 119.27265981027946, 129.69593507164393, 102.34165953860779, 136.8902997826078, 134.63316454034435, 124.67749090585352, 143.81804516268235, 142.80580023128348, 128.64069986787112, 135.47716272565705, 137.42055680787362, 127.88392155018214, 131.71859429538893, 125.88769930544431, 107.35185123434704, 131.42494811551992, 133.70186357568113, 133.30355323885468, 115.62560078537244, 120.08301695818716, 135.2768851668889, 132.49689016573976, 125.04057226037544, 129.41490129408393, 133.0352377743578, 133.08105193287562, 115.62557691655388, 122.68178738793378, 131.67380080815323, 129.18467313556542, 126.13129380340172, 123.50858816838834, 115.70708302539447, 128.1839968361297, 132.2563788159058, 137.09740618571203, 121.94993274898833, 121.40129244742843, 133.90221649203679, 130.39270947800122, 134.00232594045204, 139.60321532689252, 129.38554080074388, 116.4358955848836, 110.3945831323439, 125.35016925197525, 138.7360875299302, 131.7262198687392, 133.0489672167061], "fourier_y": [110.82527090316856, 142.28298720975963, 127.28603360220839, 135.85319608851108, 135.71599107608608, 117.67766050461293, 136.17214333840997, 109.86887474394825, 130.59623622156099, 126.01993462163732, 128.02871130820876, 114.59643922151733, 133.32829678811754, 125.89333084705494, 116.13640172749274, 133.70821528837735, 97.68298178370863, 131.23158199950944, 115.98762701768288, 141.29494457542046, 128.69873457047055, 131.3686023321974, 141.4435518006401, 132.36373147421267, 124.5781675226276, 126.83549034354023, 135.78365229773135, 124.11136696032622, 133.3078082052862, 100.58133030611019, 114.29818149565932, 125.4040111803166, 132.0358030605086, 134.0504117358586, 124.36177451940132, 126.93250689139853, 113.11213116423438, 122.32751650483551, 103.91637447674469, 93.788993750335, 135.4771981850309, 131.84786367129053, 115.4262556873038, 119.50404565364359, 127.09838889034678, 134.88843297644485, 131.91164902332758, 130.1043921820215, 133.16440872932688, 120.09944625093257, 119.83754574002981, 121.83243869861994, 133.73265046160813, 124.44831271929759, 135.39687656862904, 132.8918817911826, 130.64784710427108, 126.77552772077881, 114.88909199543498, 127.87933550106575, 89.14687087086392, 129.46013478437277, 128.87057131256032, 116.82300182382512], "src_path": "/Users/hagardolev/Documents/Computer-Science/Third_year/sara_guidance/db_3d_models/db/17/m1799/m1799.off", "name": "m1799"}