{"fourier_z": [132.79751667653073, 150.62715590079898, 133.70401859732314, 152.29740775999966, 148.5786750076208, 141.98536436976167, 159.7720554909297, 129.9670266551073, 139.25148553764907, 132.27140140484434, 130.47916955008918, 142.97814276615009, 132.80118681651385, 142.36992696297574, 132.978408281371, 129.9539914269166, 141.42991195717588, 146.00549604758132, 143.04348120676755, 143.96420520434648, 145.25615101873757, 144.61200890995863, 156.2770074145392, 122.08863722592882, 132.94404869569587, 130.60276963316846, 125.55765512963482, 145.2102316395925, 143.53819861542053, 132.82185413760314, 151.8027738781863, 123.26620092873463, 122.33712258629532, 143.01100709279476, 142.54661796459163, 137.85199447204835, 141.64809540594305, 152.67713455479952, 143.99201070267162, 140.87812817131646, 129.9351481588589, 141.6760295064263, 118.1447030872318, 143.1161651335931, 138.87760079805454, 125.53280422791765, 144.78989601009545, 125.43639294600717, 124.8429403209589, 120.2413383860196, 141.65828202284672, 110.11448738370505, 132.8384785524981, 145.6092997761901, 127.86035083909059, 133.5290640626928, 106.71488777961947, 134.8894983747321, 132.16116973898372, 138.5540534618423, 146.28560304314036, 137.9220495676584, 148.67264541106806, 142.39671384464677], "fourier_x": [124.68821451436746, 135.4545683445681, 133.69830079060256, 133.8325220608932, 156.35075936189267, 141.07427206873234, 122.84749147855045, 126.23898611146828, 125.95346272899695, 131.38977390648284, 138.0738396567285, 153.01968323045938, 116.73507766843943, 149.14098360502274, 139.73588428226626, 136.54507490134992, 145.12521349303677, 133.47230295980535, 136.38332932973992, 146.66184078521727, 82.64301887788582, 140.59320556357767, 140.6071357765283, 154.2620953452723, 108.60340791187902, 141.64980629677612, 139.33780532223966, 141.2379731827084, 99.57658919163123, 147.6403188758668, 113.56394334350584, 149.58703737137955, 136.76417910022298, 125.21141927350837, 150.44570019227893, 135.41035796587468, 129.10495467025078, 128.05699765403727, 154.51620415695533, 123.52682156932275, 135.57949727153812, 141.4089904815726, 145.67739311809328, 121.68771055556601, 130.74465382606914, 144.90061006452365, 129.15984873514785, 107.87014596032121, 134.66099334974527, 132.47069710588966, 132.42144930276336, 129.15492020893456, 128.28199147876893, 140.74153263461847, 147.5735767750238, 112.72758956291918, 135.3149152545176, 149.94710976094993, 131.33328586097048, 132.91427882683973, 131.4537108858556, 129.0972477046905, 146.06379465133395, 147.7110488181939], "fourier_y": [132.7975166765307, 148.7179517614132, 140.17629229045954, 139.9778870769062, 146.94627407417136, 145.00742093792636, 134.9226775919173, 149.74592518998085, 133.03710938514214, 142.54598207011992, 141.28132604297065, 135.3264244092769, 141.13841451687074, 134.26758409948013, 124.67044452751573, 132.0817137599974, 130.77743431843658, 117.12968019135225, 123.12043546934751, 118.22076634727678, 142.46504577851408, 139.11161875634545, 145.10975225542407, 149.48773529756144, 134.39214585959408, 144.845612515626, 137.39341253510167, 135.82394430262775, 146.53728980702542, 147.67104881421378, 139.7203198247454, 153.58905227290936, 138.02292365452223, 144.29870530088618, 150.2745230709853, 136.2448667873627, 142.82570079472396, 142.4290624115245, 112.83100378695167, 141.66904338755305, 125.69868202650154, 111.12071571359522, 146.27209475929413, 110.11262963602519, 134.65619848639147, 140.0209430509482, 125.79621500568936, 136.57891344729325, 130.4785273069491, 135.16848839243804, 140.29991781867417, 127.70519368990128, 138.6055587175048, 151.15944305053614, 129.29186924819578, 152.52549462205752, 145.76051806868202, 135.5495303001483, 153.93106155495025, 135.16748693961182, 141.45096001987366, 149.67255400924157, 137.38406388744366, 145.50701458200788], "src_path": "/Users/hagardolev/Documents/Computer-Science/Third_year/sara_guidance/db_3d_models/db/17/m1793/m1793.off", "name": "m1793"}