{"fourier_z": [158.78317635913595, 156.66104721553535, 153.6140158269579, 128.77021083875275, 153.6229701361017, 140.5503408214466, 152.59249153195864, 118.32594879516235, 157.1523312844507, 146.81767982605896, 146.1472407504602, 134.19523125918903, 151.05305666259795, 151.82321120489541, 149.39178019653465, 139.95889927556894, 151.30159907795155, 137.1428663953663, 131.70960567220328, 139.89237372348646, 140.3563685869042, 155.04877457158776, 141.9764249303872, 148.66807486647298, 136.08298760222505, 128.7611515120155, 103.51794886479911, 142.3832744384487, 138.5147212562581, 152.30353176335566, 123.55033229903293, 150.62687974832912, 115.01155197293349, 100.78268062782246, 85.28313002163662, 139.0316527179792, 152.41214243446015, 142.986323620016, 114.42582663095861, 146.10107664605604, 144.46749211483356, 136.1821554001062, 95.14083643618939, 119.91840191291769, 156.4553739968854, 127.01372661714524, 136.74209365147124, 130.00089234127864, 151.9463842120341, 149.0466086478498, 116.06651371052607, 128.4218341792813, 151.30027399895857, 132.03703692390408, 141.26557036497042, 122.20081143875477, 152.37387734999544, 154.0219004734395, 134.61334165281835, 148.56760223047172, 131.04567983411013, 140.50709409968982, 136.94197994334363, 142.65393270895137], "fourier_x": [124.68821451436744, 125.30919189899295, 124.43184336298475, 117.60458656338733, 100.66861875806936, 112.80052977294883, 121.68198566105949, 119.44099425515503, 109.8697132612229, 127.06312411438341, 134.28330295759233, 134.42677039902858, 127.84769356124322, 110.05002916574708, 90.02389126555727, 107.45757078424987, 111.8223002181614, 132.65811342587435, 140.52071546912725, 140.93877430849054, 133.11056181168536, 103.33358987875386, 128.27667535419758, 139.3422369131576, 127.9201849897232, 115.93567884315263, 126.45469894012766, 133.61592822911976, 129.7925054661563, 103.9860943118029, 127.90330163366393, 141.18651570236705, 121.14184003218912, 111.257659463541, 94.03272448888603, 124.24593548096276, 132.3462497708508, 132.8501821315414, 129.88718183225825, 133.2123849255617, 83.81548561928827, 115.93855487765275, 120.57984482216881, 123.28589250864482, 128.69664795350164, 129.3540704576559, 117.745169213469, 112.61667339732419, 114.82984017131434, 125.88036424859413, 132.66869311414604, 132.85460743709996, 126.4016939539153, 105.18927140037275, 109.51975282564655, 129.87208209806118, 112.64433510460117, 106.29753860394844, 125.91364398621167, 131.67582232584016, 130.50756890723602, 122.56938010026494, 106.56581142796725, 116.17810085175952], "fourier_y": [146.66046028772965, 145.32111142454409, 144.4269340359893, 132.0247106959123, 134.2003055342862, 123.69878834682085, 97.67915107599171, 142.1852544349972, 145.51305465559747, 149.23389358267298, 146.463495339213, 127.96332458057822, 133.97348258216945, 135.7636161850849, 127.29459630907397, 149.67440814869124, 139.20455768716033, 156.92198924188472, 146.2154702567695, 150.02845216325642, 146.2795906910264, 139.3337125414649, 137.3778662723069, 142.91745125385003, 121.80047621925709, 154.5437228788685, 129.3664198683232, 160.6140046972462, 153.55820785404507, 154.7370247810901, 154.20324606097802, 135.40131086074948, 146.22635714659154, 152.31364561461868, 137.5891910979974, 163.24987731509694, 154.6443611069262, 157.37041756956194, 157.06317143436385, 138.70717689704364, 141.43790405603517, 151.25585535885583, 120.02623636319555, 155.024713402446, 141.19208851284472, 141.29396346666346, 142.29324374869915, 114.44234244073265, 138.7052848328717, 142.66573722561645, 131.29326392273896, 137.29190049503595, 122.59984421790307, 140.0191278494506, 115.79026054371244, 138.1921959391391, 146.49422455076572, 136.46635056312823, 134.5271394242282, 134.59683192666097, 137.8430215562334, 148.87151778680627, 139.88906567854295, 149.6805717426459], "src_path": "/Users/hagardolev/Documents/Computer-Science/Third_year/sara_guidance/db_3d_models/db/17/m1790/m1790.off", "name": "m1790"}