{"fourier_z": [154.7697624498929, 136.28749586096382, 170.44573535811523, 162.1930217237444, 167.97478168167672, 147.5109207123008, 140.19358965068656, 165.868682478226, 140.58835152334206, 156.98296928498408, 154.11668261563983, 152.43046862616475, 154.10457361517837, 164.29822542253999, 154.04731228488606, 163.72585090723123, 161.1091777296946, 153.69808775320445, 163.4343485865352, 166.99555999173396, 157.55943292606065, 139.43078530347867, 158.0790762156709, 161.05939335668603, 156.76461132108886, 165.0671884445035, 167.57828056519128, 146.49953650247798, 149.53402547534063, 160.41763820165895, 151.95083436849856, 173.304718506695, 159.87201472160208, 118.39512737920782, 163.22867674165167, 167.7621272672925, 146.23280163130443, 167.06276892847546, 156.59686303346405, 168.91382618913465, 172.717582852178, 162.96054199695118, 157.9952618708162, 139.31928921880723, 137.34545191628396, 170.34079645462813, 145.30364625006754, 169.71029074155325, 153.3967079758289, 117.88727550300813, 156.03185737018669, 157.52005681274667, 161.15302254835746, 165.2314385502674, 137.7109448838115, 144.71927541431467, 182.55153358207644, 145.6879847716139, 163.63328094996746, 148.4982985042762, 146.2396437668805, 174.31153362105715, 163.06685320296296, 171.2119596406417], "fourier_x": [132.7975166765308, 145.7715001457306, 126.37507752078042, 145.18865141747224, 147.74178673736873, 155.60608377479412, 147.21315290775703, 151.40060459229483, 160.48523184868486, 156.523576950988, 151.04540561222186, 159.47065695988272, 145.59982716819994, 158.5124682210447, 162.79538811362778, 160.32582993116444, 155.163619190647, 145.57614694382448, 158.28112882480835, 149.71426840104922, 143.50555394514686, 160.85282163688436, 167.05507274857138, 163.83350668503755, 153.50419123768614, 152.62935799305617, 163.00324835864072, 157.90265128927146, 153.08897459919632, 157.9468133024324, 165.03671495001757, 151.4146649685711, 142.56790537344023, 137.51712285498806, 150.9336591999151, 158.0934840289258, 155.36702542235264, 117.39003217386605, 164.71512915216525, 158.8820279697292, 158.4556429611875, 140.32581565487166, 144.94662068051002, 148.8517478121253, 126.30727625827818, 151.84887146788364, 159.0061225648539, 166.12206973302114, 154.30491072216694, 167.5694950553222, 139.4041237219514, 153.2630289677398, 161.07168265747728, 152.7964388057188, 146.86942095711169, 165.71405277176055, 165.3934524891321, 158.38186474375843, 132.67143776235253, 156.21399038512016, 160.33795364825255, 150.79193006841473, 160.8453222811181, 167.2293524141324], "fourier_y": [132.7975166765307, 164.49811277843025, 162.01645495805738, 150.26386519347773, 165.59844794972855, 164.98429470129977, 158.66467225603105, 164.5971324240058, 153.41160589798653, 178.51694318022882, 157.2242044363876, 167.7727208659422, 176.34343722218546, 172.07899822661994, 142.15702271978705, 160.8313944196335, 160.95696628766626, 171.02597955655904, 170.5543877724714, 159.79888725495886, 163.0208930441651, 174.46376252535293, 173.91700299296372, 165.36216497215486, 157.1667670890463, 178.3170992609838, 168.26277639440923, 135.0251498335733, 158.67244453973294, 152.34972345385816, 175.31986883626183, 162.6539868092284, 167.36674023474637, 168.42530884548947, 174.67359713194475, 172.6399808310341, 165.34221283114763, 163.28906711091773, 167.81878987066494, 177.91952270074415, 170.1803508593454, 140.83672342749605, 166.20036052358384, 177.52628906927808, 170.5316465581663, 181.44350051086153, 165.73654291291504, 178.81452210217415, 173.70455330303975, 160.3333494764587, 167.40170164402772, 146.06270794651584, 188.71357823936862, 174.93906842149104, 178.05848870427806, 181.4541769741078, 172.24267025948785, 170.63083643651137, 173.66052216311925, 154.33791411828284, 166.45149550484513, 183.67268175600032, 168.0581779908697, 175.75092785501255], "src_path": "/Users/hagardolev/Documents/Computer-Science/Third_year/sara_guidance/db_3d_models/db/18/m1801/m1801.off", "name": "m1801"}