{"fourier_z": [169.7140504864973, 172.36716234392898, 174.00467285567635, 165.3123833308375, 159.16777394754223, 166.27990174697229, 176.07262701795958, 141.81354950688507, 169.25049824266222, 166.94619165861525, 176.8405090558885, 142.51069572610152, 159.1429235259518, 167.44580155963658, 177.51115984793884, 170.7488553967645, 168.82288353015417, 163.5411907754951, 165.97905626014662, 173.25512246713896, 141.3461062223014, 162.10095737672225, 175.29900881228167, 172.49042398458954, 166.85165971830216, 170.94220595503577, 152.33772723662534, 174.13054078948812, 160.4080773844293, 166.7306425959978, 175.502430159886, 158.25374824608767, 159.63622409552357, 167.56129361300893, 168.26371506796494, 149.369413342968, 166.30584526353505, 174.75875243466734, 177.64809993226376, 143.92937893176182, 151.22315348510196, 131.49496793971133, 168.30699824942155, 167.53331216519632, 150.60300747351772, 171.95626935040866, 178.67588917628976, 161.59454323484422, 150.13756404777297, 158.0668665404801, 150.70993606881626, 176.70662522687908, 155.94194015307474, 144.6282531971898, 176.03406793679696, 160.66721163004328, 139.15672514109812, 161.22773568720538, 154.63794990750563, 168.03312043827017, 173.1524807287829, 167.48518398991095, 167.97249641835262, 153.51043023524284], "fourier_x": [167.48953778429285, 172.6691853544463, 164.70503896706376, 165.25395128983, 158.27460039414208, 157.84777000164877, 155.2158486535532, 165.17908345971682, 160.75367459078961, 148.52817868068462, 158.4967301266281, 162.04742893801156, 153.74169415559874, 155.9037908691186, 139.810418806787, 150.5195593910455, 143.49884919475653, 163.83549938418884, 152.2939256454945, 154.0862361755202, 159.35559589148127, 149.0257717225936, 154.4773005548857, 148.13918794102727, 160.44077484759805, 161.0828349502848, 167.86268339595932, 145.50141572228029, 164.09377605199566, 149.4104186724456, 121.77936898253958, 139.07947879773832, 165.3746854578036, 155.51286237108332, 162.9164842058127, 166.3792923648539, 146.40773805994326, 170.19695609176293, 160.30668786826777, 144.4576623344876, 155.73182753658142, 168.8359184681286, 141.39497001217552, 159.00124309680868, 147.7542432250733, 165.51610540832547, 166.47842047495953, 140.54551060455864, 149.52001920718146, 165.9839429477863, 171.51991371674137, 145.9673676722802, 160.37463685526592, 148.95985157475013, 163.13463213964337, 163.37825752814436, 165.26353037076203, 150.7410539611446, 167.41987917928031, 166.84895714997052, 157.52019407720186, 166.51539440993088, 111.6514135321734, 171.3317364246397], "fourier_y": [173.5351552217515, 180.37394652802877, 170.90033794002235, 161.52331579623387, 175.13365522416746, 163.13878786767856, 168.3996663304154, 159.5338590443526, 167.5127104008265, 161.95965710464066, 164.6224558272421, 156.8115747385024, 172.25977538078587, 166.35210308190264, 175.59915244135829, 151.0937103887169, 166.48710988103488, 162.97967244628583, 169.82337245558003, 145.23969847376216, 157.24964192099853, 170.8234778286739, 161.11357544818958, 180.4661368007467, 170.6622861065026, 161.29770998780407, 171.7808196745705, 159.66731851251564, 183.74091113812534, 167.5586856394139, 174.35345673563742, 176.493733382101, 163.52026300868786, 169.69905082250878, 158.6386757190212, 180.29523860683844, 170.06024356505876, 171.96444703279414, 182.81359269906284, 167.51521968040043, 175.06918189717288, 136.85764708845696, 154.62846876030935, 175.4804702160448, 173.88572077381815, 167.84054220165518, 162.1154331705247, 180.28869088395743, 169.6203458377267, 165.23834938258662, 164.09262458848985, 167.65069336654255, 148.10879271793203, 169.775749230178, 176.29364081852256, 142.6714585613711, 171.3970852728627, 140.2045992386312, 148.83903416484603, 177.12970221744766, 172.8752539433355, 148.72865110067627, 180.27815025594234, 160.65349050548446], "src_path": "/Users/hagardolev/Documents/Computer-Science/Third_year/sara_guidance/db_3d_models/db/18/m1809/m1809.off", "name": "m1809"}