{"fourier_z": [110.82527090316856, 162.34551916523293, 165.41722861518153, 163.61556676630522, 143.3032308174496, 168.14774574066138, 162.91825882970892, 156.65279618439837, 150.9100023654174, 147.44619063018675, 161.7485137848955, 168.53768735972452, 126.27858177956007, 161.95613699330835, 164.65565672807742, 163.09158622010222, 162.6660506193838, 151.02644635639896, 148.81586855558504, 169.95874427259525, 155.15141637167093, 151.9726537087583, 163.59978431956995, 167.34337204480107, 166.8665860560223, 165.70814481626752, 117.15863092044958, 167.48155638089668, 164.2016950963652, 156.18876735273125, 158.9987113638606, 169.01383921908405, 166.1327446220235, 171.29987074534756, 154.92275142375289, 159.66925507867566, 165.822510673701, 165.32462697965275, 148.74031071370587, 167.93142876952948, 160.82431220026663, 171.2474766694324, 164.30016508224722, 148.78768509476396, 160.8407131520139, 169.575703921173, 142.47097812718965, 164.37359795381678, 151.73991568493688, 166.22952644508248, 166.51242641003165, 157.43187467661193, 144.56418721650527, 169.66947267040993, 153.54121307459553, 160.48953313544718, 143.44929533570033, 155.5011416683408, 163.447132911959, 164.72841230992077, 129.66465720806235, 165.85789291061195, 158.04957914133666, 160.0200714141838], "fourier_x": [176.74200822325508, 174.82017815937652, 169.39289235315704, 162.62180107270066, 158.71821450203126, 158.59126156331104, 162.88671283453138, 167.57666975448032, 169.52794487482805, 167.3033093912157, 162.01334526467923, 155.1766373959055, 150.69926437377154, 144.72680579993343, 122.7019365788062, 130.02609773379393, 169.89508240667215, 167.7142348016326, 162.36995741041414, 156.28209372626293, 155.61586751716766, 156.41590769637733, 157.85818136152233, 161.0369127061785, 168.68607693289835, 169.2473361448529, 165.93743400981924, 156.90038389796038, 145.8107553940336, 147.0188553860528, 148.7742145676966, 152.25046998582704, 159.188684456451, 157.4776917659961, 146.59710785313203, 105.74685113668127, 146.5418055559371, 153.58617051597304, 153.22465937590988, 150.90608054543154, 170.2443089727654, 170.88256924361718, 164.62377367630927, 147.6077613759679, 154.33889124954337, 164.60833546385362, 165.71385967977733, 160.62861227165553, 158.13905191848977, 160.03962644244672, 158.4426284862462, 155.51475142673436, 153.51075082454608, 149.92396189717095, 138.45354487521692, 100.02816472097214, 162.64420059303805, 157.6314228307626, 147.49084424505114, 157.04713750920126, 164.66905899961324, 165.0766314516806, 158.7127355538271, 146.08631523902912], "fourier_y": [175.98720166359814, 165.44553873096478, 176.0787174289729, 175.43917266914306, 174.29163945752657, 179.92673036764387, 164.74234283451054, 175.21503502795795, 154.54163688799844, 143.32956497896512, 126.21702470404713, 156.25460749072732, 146.45702352728054, 152.1414229250651, 158.97219402268666, 174.87283748602323, 174.83043234445427, 169.3360965133064, 172.96961087937288, 174.6355620771739, 167.8517339298152, 182.19945517211588, 157.02848410673153, 182.28739572709569, 174.71025040211995, 151.25857439421938, 136.32372062037217, 181.37283950205358, 164.02453262775077, 159.9136874223977, 147.51530006118355, 150.97598947399757, 168.0418121708787, 162.48573651434324, 173.04094875563092, 170.12350048962443, 155.87908739579163, 180.4669023131412, 164.31905561997422, 179.23457117851973, 181.6229828291225, 154.70046339298878, 150.868512042915, 180.97306054271849, 153.57661654547712, 182.77438481371593, 166.77302920065097, 181.94007897027933, 165.7401942095446, 159.57450721888947, 159.73019372202066, 134.936779695928, 152.21008850784412, 153.72430251180697, 165.6942581166962, 151.44103342570145, 175.15057992625833, 180.99583228811682, 153.429556970335, 169.02751499452165, 161.46144068549873, 166.81203246907106, 172.85469421978394, 180.4154390962073], "src_path": "/Users/hagardolev/Documents/Computer-Science/Third_year/sara_guidance/db_3d_models/db/18/m1807/m1807.off", "name": "m1807"}