{"fourier_z": [164.98627492521274, 170.01996549963735, 163.0565383530109, 184.01976963047923, 162.90875078411173, 166.26168765572538, 189.81496572360248, 148.71310431604752, 175.44468501980606, 170.33607288308326, 163.17441879201692, 150.54572523292876, 167.4891766031115, 160.61579153032622, 182.18218378061766, 159.62556471639462, 191.60629874764783, 189.9160013167847, 146.65871395839253, 153.6152775033643, 194.89756305936666, 184.42007084109542, 190.8495726637733, 180.0465371916675, 193.08266764496955, 185.2619687334196, 168.24642053550394, 177.12619979399844, 185.9501655996031, 174.95738431398553, 180.18836731272438, 175.0654531858189, 178.52882908690688, 164.98593948496165, 150.02845934310844, 159.90012741717226, 166.84816677432923, 164.25589029144618, 181.1108885897221, 176.46368224258, 173.58993665786684, 197.7009949442439, 165.6620236028506, 177.13331974510402, 134.92803795762137, 166.59705275893984, 155.2780678753626, 173.6637756225612, 178.23206452917643, 195.4085766918607, 179.35867345677462, 184.77454534136803, 150.25536464795962, 173.5652451457784, 182.13610040538305, 196.4218682314673, 185.25775667404574, 187.90639454426596, 187.7468254491677, 155.33850327833449, 181.4018235042011, 192.2014266470688, 186.47605075075344, 198.59627568671087], "fourier_x": [156.87697276304945, 128.8872087473594, 170.67978263897356, 162.9063155776692, 167.25830357626688, 176.49597293930253, 173.28216368846614, 169.27511140889308, 149.84281498480448, 152.4611575543978, 170.50018874522425, 171.0320329979456, 160.30194207712492, 171.4105233675535, 172.50586868754152, 154.70367618997733, 156.47226473420983, 158.4457655499238, 134.03848381801367, 155.14119803836923, 152.90620681058135, 157.28881390744704, 129.82525196439684, 139.44644396814954, 158.23721417515668, 162.94776758380146, 150.31544810068414, 165.1113282469633, 155.4226278002646, 170.52420034282437, 163.9157564560081, 130.4144908798377, 161.59664801410435, 167.39868590724427, 142.3749175841038, 154.32894926469484, 135.62392410507277, 178.3195259672071, 175.29717713823624, 120.51316801996606, 172.51531673368015, 167.45150386687638, 160.90947522021588, 154.608077759971, 155.69822507959165, 168.09407813322355, 172.11723292543417, 153.03770887079068, 162.74033157800443, 155.649088017332, 155.7861791736413, 155.08440770756977, 169.56122166219063, 167.32650896528116, 168.92661565373757, 167.15162422325537, 147.0032067536681, 139.15573984558452, 156.7144221291095, 166.40397058926146, 163.41954871123608, 178.28659047938987, 178.2233670714199, 176.74229189339394], "fourier_y": [168.63270606109182, 172.71446487151098, 180.87730558978103, 179.62776085325143, 180.80755767546094, 151.51262028480855, 174.74173589396707, 176.45270584345653, 177.19693866459156, 167.12287044268044, 179.34372907894664, 187.85687372454464, 191.0280456554432, 176.37904427788388, 169.71675033614784, 175.22078877234821, 181.00496909997793, 183.59440376162158, 179.71699076038726, 186.0842737040424, 185.28139178701082, 186.32246888477056, 175.08450143040062, 140.10741730321772, 165.02699890276202, 193.08034506241373, 191.7406078053487, 181.5533316615194, 153.5327566661855, 181.18667517873564, 159.15192533586978, 173.77070296146942, 165.95813317881945, 182.0354513056945, 187.0891661715201, 179.92375684656105, 168.66707560178594, 166.9391658919135, 179.60497986383177, 178.33735697527112, 150.22043581978707, 179.11977237082098, 171.3877364625084, 183.79956283356643, 155.3782203286902, 154.2863644429567, 192.23617938326032, 175.60112320467366, 160.52663646638877, 172.48212999322192, 176.74356332866375, 187.37107996324494, 173.73724058157748, 156.25473565392804, 189.42552268746482, 155.11500557379304, 146.05633545794117, 143.98570018933628, 184.26023842412735, 191.51333989779968, 157.00414510088763, 160.2504041956618, 181.42430113103157, 179.0259593062006], "src_path": "/Users/hagardolev/Documents/Computer-Science/Third_year/sara_guidance/db_3d_models/db/18/m1811/m1811.off", "name": "m1811"}