{"fourier_z": [124.68821451436744, 152.28394172349556, 149.4008132927497, 120.09582026743729, 156.2678609227922, 146.81377526694675, 167.22533717503416, 162.45457925064048, 127.16391064250632, 138.30281835715195, 133.29959913442116, 139.114453995032, 136.24072055240728, 163.47170740332433, 161.79049664844828, 152.5001686559882, 132.03418637507434, 138.9215910634863, 158.28176494137193, 141.55976102817928, 128.55083116159267, 160.88072764949987, 145.41741576572403, 162.76708878686026, 118.46730487234124, 155.170251707292, 156.95542139933423, 139.64222299831275, 133.0372565711992, 136.00871881912744, 159.6546789597461, 168.6777170942942, 141.7517213955312, 152.43059489437002, 124.09684881882183, 150.26497425902716, 118.48602729800564, 149.62558231595392, 161.01125643270785, 159.9931563247601, 147.76628425298398, 132.59822504876797, 159.5085882094796, 155.55347412357963, 133.4211635151034, 150.7546285519737, 155.15073905320787, 147.04468480628148, 126.26454179280756, 137.71482539192306, 163.65825621687912, 146.73157977877568, 137.20833463701737, 117.67907452411134, 161.18439039219655, 162.5360802876958, 146.50478755372527, 153.61813478665232, 146.48545636579834, 128.4760300932755, 141.14331056746175, 159.10688540261933, 160.0032260577281, 159.1822157404788], "fourier_x": [143.01402915185054, 162.3425759137791, 147.49973459042533, 135.41848364826546, 144.7472691470794, 152.8761307613303, 145.40005619058996, 171.37344263032685, 156.07470901921133, 148.19511247633818, 156.64775804659251, 161.9391562465592, 126.38362913281966, 150.5681263297484, 137.8909454419767, 168.56801628219995, 147.78158695029128, 157.72264138732018, 160.73179591639797, 159.8645100854494, 167.89665837909865, 133.95113008903726, 166.02717875515992, 167.82566402287847, 165.27806782699682, 137.7999937532476, 162.55079300443924, 158.8171489783414, 164.9779054874234, 162.98989384285773, 145.55367758602097, 169.67707601759946, 140.87274149043384, 150.54063630380864, 141.8992749277339, 159.46318752188685, 162.48690464414406, 148.0450411939384, 157.1028430203665, 146.93343114226218, 172.46319426426598, 161.15579040251387, 144.04397952652414, 133.1465415560878, 167.148350175845, 161.6207663621811, 139.7262311380422, 155.5473599005775, 169.3573280494614, 172.51307891998434, 167.14501454593255, 146.63882575263284, 149.23110716951783, 166.13566963730844, 159.99818082425892, 147.03032319324552, 181.49974087607305, 175.72941115264499, 172.9603912855369, 168.65227016505528, 153.6459871387585, 155.0822313024467, 151.10075610828255, 162.1991350217475], "fourier_y": [156.87697276304942, 137.81651162857497, 150.12924206724054, 139.0165284275237, 161.59287383277405, 169.6501882773832, 168.53089114180167, 151.1699918107644, 154.3388640053122, 154.3368026217118, 148.87467096163368, 139.4869668826329, 160.95182209625005, 167.7702700095759, 157.44448824903242, 153.6786213781544, 158.11874593214444, 158.92889233339082, 159.77151296631862, 156.75757589890094, 158.50686716088666, 165.29705627697228, 136.37177393716274, 146.9524305634797, 152.33528539191238, 161.10232047196058, 157.58597260445376, 153.50438286328722, 153.0115540429405, 133.89663016290348, 148.48834558363893, 146.3518589584047, 136.3888141693523, 142.47562666439492, 163.0577685485896, 157.84338998198945, 147.09237124535755, 154.030113047924, 161.0915098859601, 159.6782725986288, 147.82298789316076, 168.18486749637944, 172.2217447239792, 167.59856464451016, 159.20054743953352, 155.67442394571427, 157.8567780337128, 165.68924122694085, 160.2657898342957, 175.08760709447958, 175.12662900992933, 168.6520026044252, 156.63395385199078, 157.31449103186932, 163.08882305754378, 165.36997140467196, 160.28208440572632, 177.06163842584684, 168.17261145553215, 166.92553036501747, 152.52415154861382, 149.41304725269953, 161.9928239476745, 162.91797951075597], "src_path": "/Users/hagardolev/Documents/Computer-Science/Third_year/sara_guidance/db_3d_models/db/18/m1810/m1810.off", "name": "m1810"}