{"fourier_z": [-530.6387211739477, 191.57586973910776, 180.08345707502602, 189.11257785538515, 174.74195395276357, 159.1186595585909, 162.01691632044225, 190.12541944932917, 146.80719530951308, 178.45317386183865, 196.59313028307366, 177.24991926461405, 114.05843969081111, 144.3328878340205, 177.65007531482172, 172.20031366388218, 165.5797929803075, 170.0432178658827, 195.7206457427032, 167.55146913730255, 157.08749781135757, 176.58664449508774, 180.90893403627373, 172.82768549719174, 168.43899402995066, 182.72919846066625, 172.2353058887265, 184.55427830182273, 170.94025461893045, 167.10270329733623, 174.45952974564642, 170.3237623930158, 153.39615263221555, 181.01817896578427, 175.1029840203449, 172.1498834981675, 149.19434737579206, 165.262037192768, 184.9385700978024, 154.8953604714057, 166.55610160118894, 164.05994057191987, 162.90177418331086, 167.17292013939925, 146.51308206583417, 177.83783639680567, 181.11297930468157, 148.8367947705206, 166.66555090701974, 149.15689808294974, 177.8638527542642, 187.41223719174775, 186.6630648280278, 170.45394493127748, 153.31802488468662, 180.32157479579678, 174.49154216675464, 126.4747118315673, 178.43180307151542, 179.20453291890456, 183.28104122612996, 167.68807509901777, 154.83187859619247, 174.39133711367103], "fourier_x": [186.50906358153375, 185.80936379858557, 154.17621402326262, 177.0124076611217, 155.67406519515524, 117.44161659502475, 156.08271846662728, 171.41320373550872, 180.86167114776993, 176.47424516169866, 160.14028479600356, 164.59272110921617, 150.47815580624942, 151.57155412843701, 157.2164244935808, 163.90503186165955, 149.3347022495229, 166.6355193016363, 156.08106944342575, 158.92937605165724, 173.1235726180355, 167.54395453668576, 157.78383264091104, 164.3224295771234, 172.2120577106117, 173.66736483225498, 108.19780769166277, 179.39155013482346, 177.39570781802104, 174.9924570816107, 148.1921978086238, 179.0086616305403, 183.3766272327347, 174.69296352122072, 155.90841130848787, 181.88813839985744, 172.10633563133146, 175.33947903588944, 146.08842471020782, 183.27254155292343, 182.7075725174956, 167.99659767652244, 165.53443932278134, 175.20609691613814, 156.7759584831623, 167.3935720955623, 144.46698434285366, 178.53151643037535, 173.0817380893164, 155.29128935739956, 167.77362181543268, 175.70107571802072, 155.7694711268984, 171.62639563564912, 97.05953895562848, 158.8445269181297, 159.23776713572528, 154.3948287321083, 163.98738557541492, 182.7463854427507, 166.22817905193432, 183.39914821118143, 146.01857709420014, 157.14017526899917], "fourier_y": [156.87697276304945, 193.44365032379523, 184.31649083379324, 177.55607505099613, 175.0350998755657, 161.0207067499243, 168.00144045664834, 157.5477615116736, 164.98589754621375, 190.4061252297164, 173.35650015527065, 174.18626627170698, 169.0736082701034, 158.3487271474236, 163.22358559505884, 135.4126193568983, 172.60879279048044, 179.49092243607058, 143.6371140870464, 158.55255190959016, 164.21340315961106, 143.73496795335092, 165.51409702208952, 152.26946948226407, 176.92897473186477, 136.02157770385884, 174.56478582268997, 151.54038206203143, 167.2257748435971, 167.8418696677085, 171.75380082073232, 165.7718889982864, 181.8944392733573, 168.84927997780318, 180.2064108392762, 164.6120174542189, 174.3256708245425, 174.66439286515276, 179.09433681239534, 171.77819379468815, 188.45355397948524, 176.42007466579753, 177.26292585642685, 168.1024519379397, 177.9751081623361, 171.9379277714805, 182.14022041485495, 171.5189347164553, 193.91440919835972, 173.29843270785534, 169.08476965254272, 174.32132234658985, 176.19485347593331, 162.3695947143486, 179.18901071780508, 165.75878715291023, 196.4679248061006, 163.05947852061365, 162.977410844315, 181.21026006459226, 166.63925678189003, 159.4760613702752, 168.48953143028012, 156.72235911967448], "src_path": "/Users/hagardolev/Documents/Computer-Science/Third_year/sara_guidance/db_3d_models/db/1/m183/m183.off", "name": "m183"}