{"fourier_z": [143.01402915185054, 142.86712777132223, 144.35095483540042, 146.60102428824163, 144.62400397806374, 131.08631473636518, 121.3473097260127, 147.42928767879187, 152.66821820496793, 154.22305791420064, 155.0866494942915, 157.35074895312266, 158.8285250503777, 156.998441358654, 150.96929073195196, 144.80688556333638, 153.04125759827335, 151.3867785861529, 142.66397521557195, 138.57203376795493, 147.391034579868, 148.99204890839516, 139.29364173969117, 108.14190656119074, 164.6341376555264, 162.9959551704457, 155.01713191923943, 135.37290707739328, 144.3253589389172, 155.60433270134678, 157.7386033546267, 153.77618204621197, 154.60883244355472, 157.71327479589868, 156.95762496947955, 153.5044070828283, 148.15605285096015, 141.66243409851808, 135.74309471784161, 136.99893508457353, 133.847425838623, 144.70052119963935, 153.78567879277128, 158.71862847998986, 159.70468422435036, 156.9046594993577, 149.9913192630331, 137.66803080436893, 163.04747902021398, 159.57532051217152, 153.73344146602858, 150.00475480486952, 149.54191031364363, 146.1807552935669, 134.0041948944728, 107.01421407611546, 163.9566847864067, 160.98887999313152, 151.51954665424066, 140.8082178849359, 149.78889890857135, 154.44377323920054, 151.9364278723927, 141.47832892664783], "fourier_x": [110.82527090316842, 152.5393400735015, 157.35558001857345, 163.75955957349632, 138.06051990572547, 148.04826525185393, 136.65537033511004, 149.23788299651224, 114.28227508666868, 148.41357007348276, 163.18591198719827, 165.13577485666934, 123.89135015071966, 148.30998074864934, 145.3996241345828, 154.39723927427826, 121.77860371185824, 144.39964568298194, 168.19380215759705, 165.09720999554818, 135.69326190442635, 153.51145386500843, 155.54638508052597, 152.45596230191484, 131.70529154929244, 142.09029750407043, 172.03638620617448, 162.68242840474926, 151.6814919005508, 160.57671362608954, 163.77809994014225, 148.15139678532657, 142.29321227484823, 142.09275865583288, 174.43452834645186, 156.33621541696616, 161.57949954586422, 166.5308447993141, 169.91933803443408, 153.7773510879486, 151.59747881445844, 143.34192056793447, 175.1393141612861, 140.42342061993477, 168.13232628662087, 170.2698593802037, 174.19771786663145, 161.68814048186306, 159.00570347195773, 145.8932713437072, 173.86682170270097, 125.65963722489862, 172.44118826045604, 171.59271367465877, 176.73158682489884, 165.45956309578094, 164.5199948884968, 150.7047140635859, 170.17198728650445, 154.4492704529123, 174.95401907293672, 170.65158888358908, 177.5076086808417, 164.9880483558194], "fourier_y": [183.57699409769623, 130.75551895377433, 175.3860073824222, 183.67092950271677, 172.89015270250928, 130.93601789166922, 175.83352970822472, 119.16947133661927, 185.9082760306107, 159.9699641198276, 166.59698773638527, 185.36548310709262, 154.162268412418, 164.37887521889363, 174.14100182371155, 156.80955352025452, 179.0677877916075, 157.5216427260762, 154.94075767756647, 167.7253332106975, 158.84184419414572, 177.26752951649914, 178.25772504178858, 177.61346529892748, 177.5368193451264, 169.2573215952637, 171.19950848755647, 172.758278495968, 160.1166620885691, 164.27165166844557, 164.91054457771455, 181.65255065327656, 185.9480554307096, 159.80671960764093, 183.6433676870489, 171.71957334043174, 189.85650092379248, 181.24847175495748, 181.0040719851266, 161.61059206625487, 144.12069389376708, 171.50597249913258, 177.40415671918132, 184.07392400186302, 176.27351507457095, 191.78886477626884, 155.01511115493304, 178.27133624800769, 177.4976525381106, 181.29834001591402, 165.5235663563407, 184.6041300408007, 188.22229033624586, 169.40196428129457, 177.66436000561544, 127.0035061086695, 188.4598107837097, 156.38685890457717, 164.50257138601648, 165.6439922724866, 181.88293540005364, 179.61975893521213, 171.1517044820759, 177.6534804250039], "src_path": "/Users/hagardolev/Documents/Computer-Science/Third_year/sara_guidance/db_3d_models/db/1/m192/m192.off", "name": "m192"}