{"fourier_z": [110.82527090316853, 157.14152995974752, 166.92549075706972, 168.418491198398, 166.5913567314763, 166.98606788604405, 169.26807893375326, 168.28308642570636, 155.04655291235213, 162.26501939697653, 161.13709301971497, 151.20586161048567, 153.68281214074995, 166.270686642354, 170.83134937543403, 168.89045206212995, 161.55920961133376, 168.98842961930887, 168.91573420076452, 162.69040742992212, 151.85501105105718, 152.03277714021348, 157.3046524332484, 159.7336120592661, 149.19783423425937, 153.33944666408095, 160.1402830203653, 165.31769894569695, 167.70717571277174, 166.40346172216545, 159.86085093052213, 143.81380955308632, 173.58568979532308, 169.86771504003275, 160.59650928293593, 149.16127797661727, 161.18357681467592, 169.54339189242947, 172.22870094639006, 171.28322341246871, 158.92503807668052, 155.58678618440052, 141.40321328032823, 130.7474290344718, 155.94322455319448, 163.85814104550957, 165.15223992091592, 161.62445163888844, 163.16303904121867, 154.15029787817164, 118.50906943302073, 152.86743928551036, 163.79663343916948, 165.79146089715505, 161.46840765767104, 149.77948099496862, 165.23849180305342, 157.92667426941262, 156.9758845196552, 170.10731009302475, 178.00012511634333, 181.26916235040196, 181.1179301179173, 178.15455298714943], "fourier_x": [174.38634751012742, 174.0329475295389, 172.0989184559844, 172.41289200215516, 169.68438607396234, 160.2823969873507, 169.73197084737322, 153.6385852979439, 173.4800435995536, 173.51086265420335, 172.3805864110604, 165.75667811163996, 167.07152326296327, 153.13032643928864, 158.95049414479777, 119.3972723529806, 174.30968110049974, 175.0521792212854, 171.313511063205, 156.3447356294479, 164.28419140201896, 146.1071549271817, 143.9458918477795, 132.10519552618274, 175.8194261808063, 176.489437247197, 167.48537026301585, 151.8739915950769, 159.54756232249912, 140.7184915700036, 144.33145504824483, 140.24444907182652, 173.2218607665679, 173.44388686570238, 155.68950178106857, 143.6809533782359, 150.75774394638813, 146.28380021226442, 153.77882914833316, 139.74312515401076, 167.01471369401548, 166.5958303228476, 157.79718293014787, 146.72410423068473, 139.64300785419647, 150.5956520263721, 158.4696406965724, 127.95293893366059, 160.34534410671358, 158.6322687065628, 168.53409173268597, 156.53749518148783, 134.19436226037635, 156.72998333415848, 164.58605930447095, 160.0613561733831, 157.89067208033555, 140.7249284176283, 169.6936526527353, 154.8104812973537, 115.78827688515653, 159.16327685773265, 166.32674737257605, 166.4086235977776], "fourier_y": [182.49564967229074, 174.26864658965403, 183.46215053930283, 180.52843395901567, 181.26145133831469, 189.20137750464048, 184.8687861775652, 181.67107809964108, 186.40103847613588, 177.47217257887462, 175.5583369341238, 172.34298545869058, 171.32777146276592, 178.83697994978448, 177.28761330053447, 175.9646591324686, 183.3465682777316, 167.67770019715113, 164.6208329872194, 167.996742211174, 168.41302203661346, 177.25426014300123, 163.19381943512514, 178.61952627812158, 177.77824353008228, 170.09456044068378, 178.30652184888862, 172.87434976272036, 166.05598312042844, 168.45574637642744, 180.92421771079938, 181.61199072594377, 168.26302190042304, 178.0333984119558, 181.36933527614073, 172.15628224290947, 169.71320563420875, 179.7310134004697, 160.1322091253885, 168.21753885981096, 108.254791990022, 162.50237802744638, 171.47042172474602, 161.00199290122634, 177.6571020888682, 187.53391056304417, 180.754993495063, 161.2061518551063, 184.23587539415217, 172.06967159519283, 179.8484041450396, 173.35758824580776, 155.27167956951163, 177.69997506171347, 169.51658168253854, 145.09143545744433, 175.93769660504978, 180.0760705590774, 178.32379068280534, 145.74389958763246, 139.71074191211835, 152.1898859448098, 166.36524181611287, 173.0238729036621], "src_path": "/Users/hagardolev/Documents/Computer-Science/Third_year/sara_guidance/db_3d_models/db/1/m195/m195.off", "name": "m195"}