{"fourier_z": [158.78317635913595, 163.45215032097187, 168.22420155297894, 167.45918679004336, 158.62665531803728, 150.9184134351504, 163.76589827275498, 166.9550424316688, 153.4203591578132, 173.91030407759214, 183.00997281767735, 185.5871912360419, 183.31504278579558, 175.67234516850053, 161.23668190392945, 144.12325194644518, 148.68089207320537, 174.32250165860285, 182.35067766257453, 184.85708341249904, 184.73012154415815, 182.77009982064615, 179.07488416251962, 175.39329740905424, 167.42296484456716, 172.85982808868516, 178.35087166324556, 174.5320018801886, 161.14854716910804, 154.66142650773352, 157.62463223959628, 162.33185708277068, 150.71039108665565, 171.40683620442005, 183.71499466114497, 184.67382535052738, 180.9805765931287, 177.37121116345202, 176.74728843921304, 180.64728988306715, 159.04300948763293, 177.78764700540563, 183.51110768679956, 180.34138622270092, 171.03073418248442, 166.03090350865182, 167.0665484258044, 173.907813373787, 153.86706555847184, 153.06754813665063, 167.078050210505, 164.85557733123343, 163.7273339202161, 171.61840498908757, 171.62365029001253, 164.7798916477136, 162.85464544836657, 146.33976737661746, 169.39728120246525, 174.81532751019392, 172.9969827030089, 169.98922859351538, 171.03315240523884, 171.8442219947778], "fourier_x": [164.98627492521274, 158.04766721765662, 167.90436413408545, 150.8464180404131, 163.16995906248718, 172.7042376826551, 168.25003582794236, 170.6850700433104, 164.52714851688972, 160.57949243528114, 168.16545131743248, 147.46979216689982, 166.3388809459349, 171.35934655212665, 167.34632069020682, 170.46333947024533, 163.22193286200184, 162.19413563531234, 167.06873145522238, 146.78665001568714, 168.0805877576633, 167.68280674099074, 167.42240942631898, 168.67727671082346, 161.31914758416698, 163.21427819979823, 164.41823531620176, 149.539888172888, 168.22520594860873, 160.73280241449257, 168.2150502867749, 164.1891278712689, 159.29252287595173, 163.73705619980572, 160.02716480259312, 153.79855540260147, 166.79758463893901, 148.9971951564691, 168.89568565945723, 154.16220371574963, 157.72320781011683, 163.67096041811072, 153.72664033082717, 157.96585641346329, 164.0653799042441, 146.44538651918995, 168.84323493522726, 115.88709439006766, 156.87682102997545, 162.81121087674524, 145.86042285318328, 161.4762595812763, 161.0234203806678, 159.18756111893168, 167.94623712522795, 151.04788970831515, 156.43744458091274, 160.92326830772907, 139.9918411237976, 164.12601661934582, 159.73867547457098, 167.54395024985376, 166.73007966662834, 166.95687731145802], "fourier_y": [175.98720166359814, 147.4862527551759, 174.09752605614798, 171.68538867142064, 169.67345518144245, 164.611154391677, 175.5880578633712, 162.62161232061314, 184.5667690925648, 179.05644754626636, 174.83369837239616, 175.91683396834856, 136.33393829185368, 139.55605919278406, 165.41339809713762, 169.3314082566821, 192.59058117176352, 185.883335427902, 156.0309092690147, 173.79838384871223, 157.98894083834583, 154.57607696923404, 173.1797209789556, 169.54586608538528, 194.87559366972192, 181.85740176136605, 161.54117634876377, 164.876825734448, 168.9915452484338, 167.0196988183019, 177.00546578496062, 169.72559762929058, 190.90257287344005, 167.0559285436138, 176.73795429554923, 135.90710264113642, 169.15100962680017, 169.76025809237157, 172.38063386390607, 172.4580618794988, 176.94882092052973, 174.5225803425716, 175.97889660955946, 163.80761115100543, 157.4969877800559, 168.0730273004803, 171.36366247291846, 176.75004521993557, 138.10494655538332, 185.5214056476857, 162.90164336971065, 182.55374065060977, 155.97536381620148, 160.62595670878477, 179.91258538421357, 180.5605543571969, 172.22589411786615, 187.51112284545218, 148.03640354324648, 190.12188437977426, 175.1823690227066, 130.03377345597127, 180.74820282705983, 181.10112358960012], "src_path": "/Users/hagardolev/Documents/Computer-Science/Third_year/sara_guidance/db_3d_models/db/1/m196/m196.off", "name": "m196"}