{"fourier_z": [162.12425805239923, 161.55896958780684, 159.79831424206515, 156.62705478047206, 151.62761169882228, 144.35720230116422, 137.73958890868516, 142.3960086954837, 164.3607798305237, 164.84343100629812, 163.90712388766644, 161.36500058036046, 156.76668059981432, 149.1422351358926, 137.06803978032045, 133.1779159810165, 174.85589676045117, 174.88299216468664, 174.169266721999, 172.68023796221894, 170.35069604774773, 167.07424467039004, 162.68894655686157, 156.97039464403633, 168.79520556129233, 167.73521285886076, 165.69531955199994, 162.78529924097793, 159.5007547763437, 157.090560741819, 156.8819317492851, 158.39025749340254, 158.9424710403493, 153.36429228779, 143.7386843777098, 121.76520425223096, 121.95951491660124, 142.66214509587923, 151.40161891028652, 156.24198600291018, 143.97629269613847, 140.91000607965373, 136.74872087017746, 131.188467480703, 123.81778335318191, 114.28595527252854, 107.96454764838053, 117.69780106760496, 140.68324640082008, 144.51222844720488, 148.51595415169496, 151.69138691639353, 153.87583271138033, 155.2056043462185, 155.93519778244573, 156.3576615011439, 162.0096743235146, 163.530139165231, 164.73563342282011, 165.6279472093328, 166.1674887314225, 166.2540733392483, 165.72003285012119, 164.3206023592995], "fourier_x": [124.68821451436746, 167.8087624515112, 152.86909067575064, 157.45617806282465, 145.1450355493549, 153.58246461888533, 145.8973574778878, 160.99189716665472, 152.9703481709092, 170.6861906173522, 159.19247422371666, 151.57165922775468, 146.78352895900008, 164.355072424227, 143.8689683417113, 152.16327682639343, 164.43794964601068, 171.19077851056653, 164.25736512501769, 144.59613020902668, 152.75337450284073, 170.49049805298006, 146.18844844937098, 144.02136270198477, 169.10286788196007, 169.06366959603628, 167.47563020053306, 147.17254093889582, 153.7834689567008, 170.61677282103398, 143.7448508338661, 155.91933214088775, 169.84222383842535, 163.50922733236305, 168.55827895501832, 154.31702444001272, 155.62668127345506, 165.33636193504523, 144.47462477152894, 165.19681438857083, 167.05645785927916, 153.02233986603574, 167.36586719337512, 156.17321604396363, 159.85282065213417, 153.98487143429483, 151.6560619173222, 169.10982746217263, 159.459642354988, 149.46676716736016, 164.34781340915023, 149.0597378586681, 161.27712316285482, 137.56599839836147, 154.42095923522928, 168.22500866033803, 140.53392296213286, 162.7691353516691, 161.90804774943348, 94.24616751597519, 157.71993631101446, 129.89906167021422, 151.9985968568642, 161.5777166522812], "fourier_y": [124.68821451436744, 147.05690404733977, 159.8793512197916, 165.22618781128912, 172.1771752678398, 170.753977532034, 167.87483522801483, 178.04839547934807, 184.91740675127613, 181.17539470289626, 166.37859444054305, 165.98924652065563, 173.86821265302117, 162.2401109741707, 158.04389576762898, 175.81243595470738, 161.9595447118337, 138.3669165102842, 167.4846432122072, 166.72384218619453, 157.2502039210531, 174.63088157162477, 180.33350871822918, 178.2768019331189, 148.29638148254756, 160.97404432646744, 179.04580864065684, 183.57925418499468, 175.3662709031043, 170.75820503432212, 173.46308706496643, 172.39207823615405, 185.85296305372566, 182.01896153496068, 165.87596677481312, 164.1741049975143, 165.26885734142053, 167.1525676459092, 162.89229660275805, 174.98230511252987, 168.65273774696536, 161.02870596890028, 147.05031942400834, 161.93651758666988, 174.29173981319298, 167.84511581011404, 151.98190502132212, 172.43262315704447, 175.03618193728443, 175.66552634347002, 175.31853529901775, 178.45761456136418, 182.6141597777526, 170.84214941254913, 160.70484948564203, 174.61196635628346, 168.30554874430462, 170.34266755190413, 173.11948091561135, 177.06888696660513, 172.9154044630181, 141.88463329287396, 162.44312624038926, 167.71453096728897], "src_path": "/Users/hagardolev/Documents/Computer-Science/Third_year/sara_guidance/db_3d_models/db/1/m197/m197.off", "name": "m197"}