{"fourier_z": [154.7697624498929, 170.921638370567, 177.97158536685288, 176.53810161661457, 171.94759812943815, 172.20443247763197, 171.4184416689184, 162.89869239193297, 163.32762801825623, 176.28039349071634, 180.8538441925752, 180.58764447617804, 180.59930532670455, 181.10662279319132, 177.98153019505816, 170.2358214050476, 180.87132323917731, 181.32127951568177, 176.56479391311717, 178.48406083706362, 186.9013703396745, 189.45091372516396, 184.31355247998158, 169.07644679968243, 174.25833940733096, 179.3366340286027, 178.18379935375793, 181.17729651927607, 186.27248047228701, 186.45173406645344, 181.13632268424664, 178.97663704098625, 161.45703777926516, 154.40599265171105, 161.24613126847123, 181.48426877400829, 189.18236853234492, 190.25565973177214, 187.4980038498145, 184.05944851185825, 145.51821321440238, 155.12929082313224, 152.9232538255992, 166.9139164911993, 174.47059036432034, 171.999262815951, 164.66857157847943, 172.2848476306646, 171.94116617220996, 174.75378688534835, 170.45316594788335, 154.73826085543743, 153.85008459188663, 167.42979340997744, 171.5751263101147, 171.29209174129997, 163.61704857016304, 165.78254816711484, 173.18370260506873, 178.3199729290216, 179.25103913889953, 175.60015265591295, 166.50030649936807, 147.86803933959195], "fourier_x": [167.48953778429285, 165.8041177870257, 176.19093717857123, 173.90946842263176, 155.65341553621582, 174.18138584293337, 148.35210984135105, 166.45410735829344, 167.31165702616124, 169.00857003877886, 171.33537825117827, 181.69946811627085, 156.8935953663638, 169.72509884170404, 161.75164319206996, 165.0399163832031, 166.3670080707578, 169.61087743064508, 161.24150023491595, 185.18755271421242, 158.70305385868366, 158.98659251554503, 164.66095050547008, 159.92533278720157, 163.90551658761098, 168.66263978801334, 129.048310388924, 184.89499760371388, 161.4209428279564, 136.74304490060064, 162.77079923064497, 144.0154465157785, 159.80404092244171, 167.67097826938496, 158.05116536071813, 181.78404844850522, 162.47823948790443, 156.33845149879522, 158.5212924841453, 149.24379022685565, 156.7446426703977, 168.09289925127138, 169.31832171115548, 178.4362777400175, 163.94798843063896, 165.99106299347213, 154.36799091733275, 162.74391291056972, 160.26265824309615, 170.60315372450708, 171.9213689082653, 176.80389277682002, 168.61857243147486, 167.2401986624109, 154.34284035898122, 165.62999625886488, 166.8831056768303, 174.0021640794815, 170.19602188761723, 173.69779858806584, 172.59564413772054, 162.09162875573742, 160.99904035337528, 161.25584489891483], "fourier_y": [143.0140291518505, 161.44801616240298, 173.4818938817597, 175.7760587190876, 183.7512868738767, 130.698063669642, 174.3103875531278, 168.21104424764013, 182.17251347227446, 177.84889789810154, 169.76797335877887, 167.86161355435274, 184.4178397802838, 161.0220215794467, 183.43390100134897, 172.95650276035087, 183.14080369796184, 166.13701332192971, 170.7434994362472, 160.59202257462664, 163.4273059701726, 186.84391459997627, 170.29771812040394, 171.16646931053398, 172.15097593718255, 188.40567160162126, 182.40333936641133, 175.29148667893125, 180.31430768354383, 180.58184641052844, 172.45866275104385, 180.640272497966, 138.89476412243957, 185.9822378327242, 160.57241842182688, 174.99470512051766, 189.6414150324714, 170.75140097599612, 172.54568734299392, 182.48541018579783, 134.87228886853035, 151.0509312561153, 145.0373561580874, 183.8749614850224, 178.17641658885708, 186.8733411478823, 167.8325383406081, 146.91914804915152, 165.1342676640043, 188.20021500179337, 182.47260678997608, 160.51733305521498, 176.31823978079274, 190.1849279262218, 177.50017435832228, 179.0384995232651, 173.08695313422507, 189.01664652806858, 185.2076262453765, 178.8952704065755, 166.04207180626716, 178.04713934697307, 172.69053361097033, 185.74772294309196], "src_path": "/Users/hagardolev/Documents/Computer-Science/Third_year/sara_guidance/db_3d_models/db/1/m198/m198.off", "name": "m198"}