{"fourier_z": [169.71405048649734, 141.12614012137516, 159.39450435497267, 170.8563952599696, 146.89368292989283, 182.29844182052202, 183.38523826148185, 180.63489299740792, 166.5060705118788, 167.13745309549648, 173.22593391167783, 169.4926343360018, 139.9061775390755, 179.26750720653743, 172.41595646485095, 186.06688618123064, 169.28836705914622, 176.62293374313592, 186.83079449774712, 165.78865992830208, 163.72492191778193, 173.9451399117334, 168.73254754512968, 179.99484405567554, 173.21977441005015, 173.56188677554204, 180.6379483003694, 135.16446543927964, 166.53065860971694, 164.95580477654588, 174.34681909284578, 179.8462109335762, 165.80384641038648, 162.45435373724064, 161.11687351944533, 170.84543201684252, 159.1363628255184, 154.21047627593205, 167.32719422493892, 183.68154432663027, 136.72981183550786, 171.33412508081275, 179.65484296175237, 177.9153149756694, 149.7973302832445, 149.98243037255406, 104.73177672113465, 174.29101325768954, 155.03424498703538, 181.56323466247255, 177.86499838098803, 165.03957803394016, 161.94607692548163, 151.5985299036772, 163.2411516164977, 159.49580974050127, 172.33891459738842, 178.9253738388449, 136.71494702688878, 167.91658433804528, 174.69183160054058, 162.10388420247597, 147.24133948823328, 159.09054837672375], "fourier_x": [167.48953778429285, 167.39006573289015, 167.1028185415497, 166.70941854773233, 166.39425279259623, 166.2709108117552, 166.0997721956279, 165.2722293878927, 158.325880064534, 149.82453302829816, 139.33958607123833, 125.96282051161123, 129.76432788641424, 142.06884069767983, 149.02687889614214, 152.02250928091203, 170.9530623371719, 168.5948542887897, 165.97179273768458, 163.88463929578134, 162.57938631500733, 161.7003872240502, 160.85376324414173, 159.7556261932809, 159.6500557904931, 158.7196328125282, 153.83429420653823, 142.26047325213966, 108.93548280535038, 138.18632269896005, 149.76109528966046, 154.30771184870164, 165.07206084029121, 165.7452299701835, 165.54511742555732, 163.722767584009, 159.84112331840967, 154.75964331305784, 153.59149154807665, 158.2555136673108, 157.69968415002626, 158.62124082181037, 160.3771600918921, 162.2729936747422, 163.11421092309726, 161.96942737653956, 157.96465666939093, 149.45459700267392, 159.7556710602314, 159.04169503812594, 158.89095130362028, 158.4343834471482, 156.64834237692207, 152.80107549140223, 146.72648160963797, 141.4105828089215, 162.6037630444833, 156.58729437971783, 148.10082401207802, 140.83233192486244, 142.8305620621626, 148.50404794404375, 152.92492037164754, 155.54213023185096], "fourier_y": [172.64611997033484, 170.4097709615934, 165.5227799056922, 167.1313242738899, 172.93990032706316, 174.62936022943734, 170.75054851098528, 161.7679249135695, 167.3546858740783, 169.5619811258769, 169.77297515974232, 169.11118406562872, 167.3859735504205, 162.67523649548679, 149.4192185988029, 123.35229053545318, 160.37563163850677, 167.71211647722825, 168.27500859395337, 163.40991889016135, 150.4161347827541, 127.06995750107579, 151.05103299456675, 157.09625345083478, 164.24392546393167, 157.3065955383483, 148.450277085505, 146.29705445863573, 152.6867323463293, 155.4693910628031, 153.43784169437174, 147.22881646566375, 135.29107283513292, 138.68163445847574, 152.07284441422988, 151.28143191036312, 145.7046952798794, 150.8001865358817, 155.68205226673888, 155.74320955189717, 151.60877140657806, 133.7953108445696, 145.31374122220402, 158.6661563976628, 162.70730724922572, 162.98914217567554, 165.30108562838635, 170.24985797555053, 168.87108778587518, 171.410482297555, 168.18276903980947, 156.4856613124795, 136.28139883692506, 147.5122250773814, 148.06587824364908, 152.76206156742018, 153.09077940245598, 160.51489091897986, 160.09762219762624, 150.49589073014158, 106.19436988485047, 150.6341600598367, 163.43250309782434, 169.09213818989974], "src_path": "/Users/hagardolev/Documents/Computer-Science/Third_year/sara_guidance/db_3d_models/db/2/m200/m200.off", "name": "m200"}