{"fourier_z": [173.5351552217515, 174.1536632029306, 175.05506931341762, 174.57175842392846, 171.54770089761328, 165.6749943646942, 158.89616660948118, 155.27050701824632, 171.62761009979272, 172.1088910967831, 171.42096308150624, 169.3092873823096, 165.64436884404404, 159.6358607107144, 152.52654407393334, 154.14394573288178, 155.89031898433052, 155.90332317271836, 160.3589754811406, 165.25191995299463, 167.51941563533026, 166.23989315293468, 162.62453083137865, 162.14485717696337, 162.51793099997357, 162.52645467794392, 163.44492851717519, 161.4366470081795, 155.80958298052883, 149.50138512768947, 149.30159351362025, 151.11700251242718, 167.85765793500485, 163.65263537103888, 157.87086357908828, 149.39639336044436, 137.88410495384082, 141.32474395403415, 151.5190040060886, 157.63746835641783, 171.46941550046404, 165.78505871828767, 159.01088827624693, 156.27654006577185, 161.30396484939178, 164.12957620121438, 160.93524436448706, 149.87544006226014, 176.36256916883954, 178.66585217353094, 179.48676698321205, 178.2289731599123, 175.31524581432694, 172.2118453523201, 169.70407107502177, 166.24065737528036, 160.2120049492667, 161.5422071940462, 168.46476072463918, 174.09787116216455, 176.4113139332102, 175.7394151243554, 172.75359735744905, 168.33051332584003], "fourier_x": [163.6064174954737, 155.18643787455605, 153.09033747390217, 146.3601703765884, 141.9353390029322, 162.99175540020454, 154.33157297766746, 150.84312677753948, 159.48116175000712, 144.71938782919497, 147.39939325973586, 157.96541227491443, 151.47967661151375, 151.99138007746942, 151.51606484663787, 150.23853774829317, 141.94050543075582, 145.51814345629396, 126.80242710359451, 159.148913451697, 157.19516536171187, 116.29792937583903, 150.1463091621246, 150.67078819567593, 133.68342971243706, 160.04952850737385, 138.52424156157235, 151.88826287920108, 160.9245233105017, 149.59068498211874, 156.35878096575485, 154.18929709277268, 154.99770996188215, 165.07610842229948, 148.2112405578913, 139.03288640334165, 163.56280130953522, 161.27154598429897, 162.7728654675643, 159.49640025093282, 159.59196134231678, 163.24802737538045, 146.54714241384568, 150.53371070960696, 165.6167617348401, 166.63347547593497, 165.95426464293908, 162.99838869022517, 157.45211227231883, 154.0014990579242, 140.02412846149463, 160.55688348541878, 166.99996898925062, 168.22937618919912, 164.21184521242458, 161.82433912898102, 150.91176036667522, 134.90344844870145, 150.0853074592135, 165.91945779172718, 166.80624893595788, 165.56816649207352, 153.914016107805, 151.28522405199521], "fourier_y": [168.63270606109182, 163.91903982732663, 114.35964135534877, 166.504889394406, 180.20607716005784, 178.1573935911395, 167.81091916218605, 185.8792017665898, 178.41918061298796, 166.02114349890905, 163.35387163452, 167.40191417970408, 164.8687566246036, 165.4231390488509, 160.26094973315494, 188.7464504821783, 165.3362804191454, 180.928670561292, 183.86944708823992, 165.03947837195187, 107.30648673882415, 181.2556399020168, 179.07526508096893, 189.2693916224677, 180.98244555016723, 161.7741116648903, 166.0838153159882, 159.49110603066384, 163.6174311612973, 170.62826070916327, 165.73040196051932, 189.27615841848007, 163.47098422313738, 173.25077990061186, 184.25157485395673, 183.43549928414265, 175.57989121889167, 171.72293195469314, 173.97166119265853, 179.13382060660228, 182.75554180142677, 181.30892590220637, 167.69706231796775, 180.0715087651912, 181.8481938715772, 159.81349311664596, 170.5576486788327, 168.9215334287412, 174.55190080265993, 181.9301633477895, 180.06875611002255, 183.0747386862632, 175.9706727665711, 132.22141823618136, 172.98604749401488, 162.16534090330455, 170.59594996691882, 164.607418068453, 154.46860468349627, 162.18494159431867, 175.8092949110093, 179.4520056138897, 164.5362423200753, 148.47091640173056], "src_path": "/Users/hagardolev/Documents/Computer-Science/Third_year/sara_guidance/db_3d_models/db/2/m204/m204.off", "name": "m204"}