{"fourier_z": [164.98627492521274, 168.25746512070845, 169.2404819214513, 162.73100492166705, 148.47670744244584, 137.7306928487339, 147.2296701165627, 153.008098875845, 177.00915480208917, 176.67878753469353, 170.1986443361355, 154.3425115110444, 145.94608990077182, 157.4519113555765, 163.7987441163156, 165.33804806816357, 175.08628099045103, 175.52693016416725, 172.81549577077232, 169.83326437126357, 168.43223099709363, 166.89442730966977, 162.77925488840583, 161.40396481250437, 177.07193747038755, 175.68588419946732, 168.98990137878621, 164.477852204318, 172.25331850585903, 176.41630830252862, 174.93926859795764, 170.52058731014682, 180.41712179886127, 178.0516688468055, 171.65602036080273, 164.25212909814041, 164.60908187312128, 168.67622096050454, 170.29551129277718, 165.7666182285317, 181.7881920371982, 180.49640169740547, 175.8464996328647, 170.76467626302755, 169.1435118884171, 169.76184753847704, 169.23960456011986, 168.92990658105538, 182.60740969052057, 179.55567277475663, 171.72346870370987, 158.63590294246347, 155.0028367188686, 158.77647727008866, 157.19899878200812, 152.0831198060666, 184.7675877962107, 183.6320576650965, 175.70970870745896, 153.86846966905472, 140.92932270718381, 155.01810108448677, 154.07371984651394, 160.0542674226855], "fourier_x": [163.6064174954737, 145.93830158997923, 169.78550644131926, 163.47909000766944, 147.17274807590272, 123.02122135838361, 150.0988004399327, 160.90642872746574, 163.21395134168029, 141.91900135141847, 167.9478729405561, 166.64564156259752, 148.23946529567704, 117.336759392524, 147.55234435015927, 160.4670890023782, 162.0944913662829, 147.4256538232932, 163.68504012006264, 167.6209657135837, 151.22335267986227, 126.1494465909478, 144.93997350686416, 157.6262070529625, 160.43922648262173, 153.2292731168288, 156.14638870334, 166.47228451807507, 153.3609941148131, 130.45220156255715, 145.0144023206817, 152.85610089001028, 158.58281818276407, 156.37337568263598, 142.53938488655373, 163.0694398861055, 153.6429210765991, 129.3264410705183, 146.64894320295602, 148.71724869452345, 156.87782252215504, 157.05919848880686, 99.27841936265041, 156.9886524722931, 151.64482807606424, 122.52276734450696, 146.59970020262307, 149.30525543145507, 155.37708249446473, 155.574682174757, 132.53468831672083, 147.30342386215503, 146.80015920413504, 111.37499937720192, 142.93825359111653, 151.80303775975102, 153.63374343128663, 152.33465576215988, 143.26412338893263, 133.13251874608136, 137.86028342582506, 121.78840608932616, 135.60134022057707, 151.83428123904028], "fourier_y": [146.66046028772962, 167.540366878444, 145.6823259596025, 115.8644823983156, 163.01333540923707, 154.38485300226506, 146.23507545923698, 136.5097000510628, 135.394067580661, 158.18564218062076, 141.9012029314285, 143.76011374324833, 161.99807710454007, 154.2255948609478, 149.28691253719091, 150.87189223444764, 142.00658672171477, 136.71990069855087, 147.8374404211168, 150.03363930694883, 155.31067340827232, 142.39336759865213, 157.72915317389027, 145.02102171935346, 121.715039046896, 121.74707327452629, 143.00898404542372, 151.74866008398158, 144.60994621593144, 151.93411706950707, 159.0882018832143, 165.8876225217652, 145.28855222861625, 148.53495800098725, 152.13928395962694, 158.24746167100966, 130.60155599471653, 159.73721092782915, 145.05648384921824, 175.92198044481046, 148.98284190808118, 151.50395105817043, 145.50546111912894, 160.49014624417768, 159.21718176208745, 153.872791316457, 136.3831872607991, 175.11205828528517, 141.12091778138426, 139.95060996778545, 155.0599376104591, 154.2287302712086, 165.90866092390655, 150.87265058656544, 155.2526390460673, 169.93734020154736, 142.78989269630517, 127.18827315063707, 153.37200653675066, 170.71382902082573, 161.783529004839, 147.608945546279, 163.20343723161756, 159.9271368131032], "src_path": "/Users/hagardolev/Documents/Computer-Science/Third_year/sara_guidance/db_3d_models/db/2/m205/m205.off", "name": "m205"}