{"fourier_z": [163.6064174954737, 162.37830134384467, 157.7302272726036, 145.9485161170609, 134.99625025727192, 154.609405080766, 163.61716563921559, 167.37552031877152, 178.19375275709143, 174.29831006288114, 168.96258706061627, 163.79524907433574, 159.23179902933458, 152.97209952273, 144.50265996252762, 151.11822164060993, 165.48286053257635, 163.20204811183405, 159.77427893230396, 154.55639386946697, 156.2377882990605, 163.91313604977876, 168.4800659500197, 168.90092271676986, 132.06693910878676, 126.89416777941202, 143.89782770605328, 149.86134483481163, 150.48318175928574, 152.323345927208, 157.70300814203733, 162.82867329746392, 167.63427718360023, 169.4226731335869, 167.65719907570218, 161.9584945670739, 151.67941130177024, 141.4106710396344, 144.91103173686727, 148.75216173400696, 168.02948301323056, 163.42629249363003, 164.77187630250353, 168.81352909563765, 169.3121384430705, 164.6878663638172, 150.03514541736473, 134.80712689267224, 141.005767200465, 128.0407328176111, 139.55593842482875, 148.04328098784202, 152.27752489590839, 156.35862764407085, 160.04696408248097, 164.45602318585117, 167.73219962851212, 168.0609469479948, 163.30727939547486, 151.01140445144858, 129.3640830053812, 141.3338114078744, 145.52568820995842, 144.8395832111122], "fourier_x": [179.50501499287145, 169.57130200849804, 152.13297087638708, 174.2993891171398, 149.55169171272186, 153.4684266494117, 149.74681193989275, 150.23166157575258, 178.6272370441583, 170.6663076633602, 145.4187976800932, 166.92683154753934, 158.5248279134074, 162.16056616159764, 156.1259116116108, 159.21575038239104, 176.30894316546244, 172.03178840247276, 142.09061912346664, 159.66806731916216, 162.45749992073613, 162.78030059829806, 169.62116370468692, 165.85884453112354, 173.544667404626, 172.94979761561194, 153.13721578912185, 160.349413903166, 163.2771497456416, 155.94022400089142, 177.44508857391867, 169.6666938194711, 171.28936381940576, 173.86079575140525, 162.35301547136604, 162.07822865071745, 162.91522199999204, 130.32044079122807, 180.49027773647583, 170.47785079517013, 168.67856675558596, 174.85034039448183, 167.3508611188811, 159.07479958735286, 163.1228263548763, 149.30876045129136, 179.48516003487129, 167.9981030472396, 163.03362946736866, 175.26988062282467, 168.952440196269, 153.88147246831346, 164.92859801051657, 165.17102544180233, 174.59732872600156, 161.98355402312603, 149.86371188063592, 174.53066332573906, 167.63088556502856, 159.02559203543657, 167.69450213391136, 171.85096561095276, 166.9548832342343, 156.43607093970797], "fourier_y": [162.12425805239923, 177.9355135644873, 182.29486453254307, 151.01380641074408, 185.81540980635208, 177.01157541814453, 177.79672187899797, 149.9719738963928, 156.74483448120344, 184.91635891465222, 192.1125701681848, 166.370415921395, 190.58755754165497, 183.31475248483358, 188.87812704082492, 189.3466490430095, 185.11976169553196, 159.84546066299805, 188.86590770774728, 180.6350213875902, 171.99264732403745, 179.9931475840185, 162.527268344578, 192.05793298651912, 191.60785677675557, 185.84004033491726, 187.9048078242786, 185.04273225264933, 178.65934985190404, 186.27665168260845, 190.27207960403516, 183.88074746618588, 189.7043176623036, 196.78300719094437, 179.90900116557424, 188.2569081029572, 161.67917112207735, 188.89502387887296, 194.29537188115373, 176.27905207979398, 166.7341601535976, 160.6765997466908, 181.95609955775197, 183.68396742159493, 147.37192695929747, 177.05734686018178, 187.20335663140165, 179.91210219095822, 178.6484212922296, 183.18381731147565, 183.817242485506, 185.87879710153425, 150.92775072372015, 186.17153252553544, 186.87934842583044, 173.81156546478266, 176.1843769575786, 170.5331699627715, 177.0299427112368, 178.87243050826464, 158.1416005340336, 184.36004667450828, 187.3336745986757, 151.3719156861098], "src_path": "/Users/hagardolev/Documents/Computer-Science/Third_year/sara_guidance/db_3d_models/db/2/m207/m207.off", "name": "m207"}