{"fourier_z": [163.6064174954737, 146.72039631087057, 168.35886720399512, 181.47416675944132, 181.6595940483648, 169.6260892864093, 145.42931332894287, 167.77281149637403, 164.28765717593, 145.5554102082475, 169.48378377688533, 177.5293214161909, 171.8199590414202, 143.19369364998647, 171.70036624338505, 178.84155242560763, 162.62325511497662, 154.23668907862097, 135.47465487861126, 156.49168816259981, 155.98294523793936, 136.80073726362036, 153.5579420282936, 168.23413586985873, 157.22454293198115, 156.58683292656806, 168.80666188778466, 175.50099286023584, 176.5922581858376, 172.01856623992413, 154.24794640823694, 153.98842978328528, 159.104291723144, 148.50888726868934, 158.93544905094384, 175.23151962061758, 179.11677866386577, 173.8684171438834, 154.36098868757153, 149.3392831097055, 163.90151897329903, 170.84714999576505, 160.22236715927733, 151.5574296719675, 168.12528626014472, 164.60934195473527, 93.31033539352597, 167.60490333916113, 142.07697148641833, 160.93695622147547, 159.5760662760902, 150.84991120782368, 148.55038819417297, 95.73090740546222, 161.5916532664036, 174.94977200823243, 156.18143687334583, 158.3713001495534, 166.500372954558, 165.13121876427917, 145.7640087858963, 157.143227596529, 174.81203542583543, 180.03590047628], "fourier_x": [110.82527090316847, 160.94938121001957, 143.26825216527337, 145.8124231920208, 170.03087224006947, 132.6049289766992, 153.92910179237495, 181.88401358837262, 119.26962829095999, 161.17643706818404, 112.38531182303925, 119.4674170457362, 168.2265967376568, 135.04369125538855, 149.17463193363912, 183.28194775659557, 132.6055576342285, 156.89786983130978, 148.83465659041434, 134.21161598464263, 163.88261825389392, 152.9298108575915, 154.67454535398895, 181.47491052213226, 142.97346484005368, 147.38872672892288, 160.01959098904626, 154.60348024224848, 158.5237328734093, 159.05186441631966, 160.474346068976, 175.76967544485709, 150.096837197861, 143.28682974129822, 164.99553647064982, 164.7919337340161, 156.4688961385138, 160.84796662116173, 162.26621470997432, 164.19916987512255, 155.34433111651813, 152.4386880180055, 166.56489604828818, 170.38538141934362, 159.18921500549393, 160.7610086972707, 160.08099610854924, 141.3192135171207, 160.26826756773164, 158.76152687425952, 165.9016968107812, 172.8313116881763, 163.02585178138398, 160.47088326571844, 154.114748861016, 149.11102884186474, 164.91864910918923, 163.43515265927525, 163.6370761253015, 172.78265450282413, 165.93344727607646, 160.87435973714915, 149.56687585045538, 157.87746996015133], "fourier_y": [180.7554221324981, 166.7230972492864, 196.00629356462622, 164.46467143564703, 182.35748889751557, 184.60498569012626, 171.48715020130504, 181.53735467171512, 182.5427612018385, 105.24409671998457, 188.81094062593675, 150.93744769458175, 170.40224458137644, 186.20650006378864, 166.1180729141716, 195.008513296256, 171.05300924297327, 170.88413361304612, 181.8698045354027, 160.95368158180173, 165.80631905083138, 171.4160996572595, 183.5650315661914, 181.85885073218992, 162.46035113137856, 178.42391156744466, 152.5211394575582, 176.563926739679, 176.67154670662586, 168.52729506021532, 187.1455987457726, 176.10676508678736, 171.11940376253457, 188.21471188940282, 180.54129707405093, 176.5747857466155, 173.97555162253838, 139.45702164737258, 181.16301105280138, 182.36167912194477, 184.391160897069, 188.59111552912952, 168.19983823272617, 186.33607070824922, 183.88659819654993, 178.8220830935833, 155.60590906114805, 187.3015594187601, 179.93338480363127, 191.95656562037075, 181.2007411279296, 180.69407999160458, 183.92224417902952, 187.17249874832265, 187.77131607604588, 175.5568860694089, 179.62303258443356, 182.09372374125735, 176.4745319801455, 180.41964646789862, 187.75374570302023, 170.87753323072238, 179.96840103983217, 187.08849907225306], "src_path": "/Users/hagardolev/Documents/Computer-Science/Third_year/sara_guidance/db_3d_models/db/2/m209/m209.off", "name": "m209"}