{"fourier_z": [132.7975166765307, 155.27004161098031, 148.08541537643086, 143.30439579123353, 135.28863007502093, 161.26482056619443, 158.68051009904156, 120.71103710801899, 166.04169861483587, 168.16730792953138, 152.4170437921165, 121.27269899368261, 148.64499375726075, 151.8138324705045, 156.40017810318616, 145.4032441088309, 150.52441994759033, 153.94208090232846, 160.60285816025407, 156.71100689813656, 150.75111807980835, 145.09633308848748, 151.27429881719445, 149.93962812687, 145.18763502651436, 150.29079274759988, 169.67999585217424, 164.4547712939017, 176.4849220109912, 164.61850258210296, 166.99976808525946, 169.19522199560362, 168.15758129912808, 164.94959318767962, 149.94097851933458, 159.6689685325944, 158.07877289146913, 128.66415163909534, 170.49986150731914, 169.27947215354337, 146.23678247373093, 125.3708349383251, 171.1334999951953, 174.93668997919445, 160.91544648846406, 149.55426165944993, 161.4191373497404, 157.80788519120281, 143.65803884558872, 150.5487584293255, 169.54703078915088, 168.1288017600667, 131.84029083711616, 170.40421839558022, 175.7297315214998, 163.77261349817235, 161.93673525070952, 169.45469536319123, 163.9163860409888, 142.80101047271285, 164.65414871133146, 144.1215884689564, 160.22029155373147, 168.0400686329262], "fourier_x": [178.84921853641163, 172.41357598451071, 161.00253032523707, 169.40277590713964, 173.40356565723962, 145.56211367156598, 156.2442100622535, 167.3153267380133, 175.2293687519225, 170.14975994831872, 154.79574014549274, 168.01026265754487, 173.349723259347, 159.3677019461951, 149.0346388044343, 168.67419086500007, 168.14305996694463, 166.53418979588275, 171.52508783272998, 174.66346785244076, 169.68894140436336, 151.9337781803985, 162.81318891073084, 173.6109796131068, 160.55399601309773, 170.82455275868924, 181.558485607227, 178.3328866952367, 154.40438864629553, 156.47415771136846, 174.32730258464673, 173.75024194326522, 154.56819131052757, 172.7490136939306, 183.2192076148814, 174.76198113930866, 146.56303960814495, 169.88211688052675, 177.57198650511287, 167.93206600189296, 157.44613213142017, 171.22369593472382, 180.4162345765103, 168.88435334325493, 148.7765522151049, 169.29399826683743, 174.85898499743396, 160.81588233568124, 166.08077388955672, 164.11747303140586, 176.71511555259332, 167.18430239938033, 116.17951867306601, 170.36165944350418, 169.65988608034095, 157.7566732589176, 171.6179667680531, 157.35826466305284, 172.80965465452982, 165.76189038728845, 145.36950290171916, 171.81580550168428, 161.11040022410495, 156.48265224595522], "fourier_y": [152.4141017367653, 165.66795197494613, 178.02897211699755, 155.16357313019353, 147.76820632893345, 183.98254613367254, 186.42399274527958, 187.3987066577592, 163.31731072496066, 176.17848681372726, 179.6390141137793, 164.3698000330062, 172.25010316184205, 179.27329642983574, 180.06130965151618, 191.37371517912408, 160.80205682637893, 174.69854831744297, 179.8917537280072, 157.82033890071932, 166.2646535088568, 181.70801025044136, 174.71281139758355, 176.85698021562632, 170.54294969226774, 175.0875922675831, 177.4539123319769, 178.98644525097978, 190.44520908978387, 164.6198969537104, 172.6486978739534, 191.66619099468338, 150.91473881268462, 173.28844918291992, 145.8477007397098, 147.96975279859265, 182.74570784358076, 173.78522161097774, 184.07239973829633, 179.78987776385242, 176.11456805213024, 180.7616304627426, 179.19178718925554, 185.08808931358425, 185.1291379180199, 183.40268623795507, 181.889400281832, 173.59413201693525, 171.03318079307783, 169.0584333026357, 167.0579826543638, 170.85511028818829, 180.94270612527345, 192.47434004453862, 180.83070774036653, 164.05868951672568, 173.36503370507916, 167.51510592076133, 172.58422584897215, 159.1019924507407, 153.7256107960371, 187.36159441684038, 180.97691286097128, 170.93503160026864], "src_path": "/Users/hagardolev/Documents/Computer-Science/Third_year/sara_guidance/db_3d_models/db/2/m210/m210.off", "name": "m210"}