{"fourier_z": [124.68821451436742, 152.32458249637932, 162.24565024137593, 164.20151460567274, 160.89237256721557, 152.58425256711078, 138.5231074383282, 123.89407247877853, 134.08708977065484, 140.73240588405628, 134.78700551154196, 115.80591028657145, 139.25724319381797, 146.98561893006658, 144.667732607268, 137.57713292365435, 131.7737706179059, 128.3541771013014, 116.94441831115867, 129.29715364646717, 142.5720163510945, 148.09603774848358, 147.80679457342416, 141.19489386777036, 108.35305765303673, 127.32135084424945, 135.09565821749123, 134.8023785472858, 124.00625415579026, 123.20547596434952, 141.53215000444783, 149.38409733059913, 137.89575341992878, 142.72481106648846, 146.613613274983, 147.84786665683552, 147.17573172367378, 145.45280373815933, 143.7274601116405, 143.46341336926957, 141.5095437608004, 123.89041169817065, 128.62937382249217, 137.2200002846535, 135.6413112782732, 126.20110111562406, 110.14422711638738, 92.52081616502126, 127.81500807733946, 125.62518842549024, 143.94422705819056, 148.9719644935716, 149.4155302573282, 146.1874743609589, 134.31885583788792, 112.12457530133182, 112.98273889495479, 133.37391337266092, 133.04439889348276, 125.23188164381862, 136.45216667263125, 141.58484199148265, 133.66073687485226, 134.56575316444295], "fourier_x": [110.82527090316846, 130.22802409800337, 134.5490395550243, 146.0169441899646, 151.2565850714434, 146.21216945499123, 148.6335244320871, 152.67204325930166, 120.18304123607953, 129.8168139955111, 132.53107970320804, 149.45418251074156, 145.961396577438, 147.48466786770456, 146.3098384210939, 155.52069092872338, 133.50995521247128, 123.04572142633717, 138.12383515772896, 151.30406914043746, 135.4267410132101, 149.80079927624257, 141.0159451327374, 158.0925749137895, 143.48769362511715, 106.8325756821123, 144.20451890394003, 149.92536890635688, 115.69820998345847, 151.96483460501855, 133.31939011848775, 159.46367656212257, 150.06300156924888, 123.88308252680615, 147.65811754317735, 144.54684624497102, 114.18973132172835, 153.7534606884397, 126.62199977599394, 159.39209429450415, 153.7475010926934, 136.7985954139961, 148.4178347398609, 133.16491674756043, 120.85989916625236, 155.0689739523354, 126.47733525487487, 157.99000973874394, 154.85750998063457, 142.73533966772268, 146.67909183490548, 107.452322507367, 114.80179088613299, 155.53805174115877, 131.3149181084815, 155.56891895133035, 153.5453822704393, 144.33169171973756, 142.47921738423426, 115.4223858507718, 106.44930306240181, 154.7468034988708, 137.59611854879503, 152.64838908940703], "fourier_y": [164.98627492521274, 136.22259072445735, 179.24849667200576, 163.2645085358762, 166.9334562080786, 152.30427327599028, 154.35656306607572, 137.87100412655272, 167.54602728626145, 153.31640355984598, 180.46865576018598, 166.49987955860954, 149.19510067005007, 158.49498668770795, 158.2690074490036, 134.9716006136897, 179.31815024879197, 170.0307388062293, 183.82111979816125, 172.89694105195974, 129.84881577151856, 149.6994333349874, 144.16412190246984, 161.38053017441732, 179.3341242802089, 165.19934859366, 179.40675648610832, 175.84663296770475, 137.98853581498344, 151.9637688733224, 154.96781965367052, 162.81567141549198, 177.1094879332258, 146.72202386022082, 167.45529946090863, 173.18569736322314, 140.67901322627, 165.91249494501625, 158.88375350095228, 166.07495988854873, 174.67599544439182, 136.09241156017984, 146.42050986660638, 171.45614668771037, 154.07132188556386, 168.76619704252252, 161.88416437307043, 170.96909337708965, 166.74521866728557, 155.659018142655, 148.2179737895374, 176.1603400275085, 154.34527283868067, 176.56742258237247, 168.00968710943633, 167.00309764043155, 148.00551815071051, 168.14019713929258, 167.77398558748186, 178.35260000114357, 162.7262060212043, 178.96268474378087, 167.05883073160436, 164.98981933547682], "src_path": "/Users/hagardolev/Documents/Computer-Science/Third_year/sara_guidance/db_3d_models/db/2/m213/m213.off", "name": "m213"}