{"fourier_z": [146.66046028772962, 112.94813086062055, 148.45461015468385, 161.2698461263717, 63.70384669110726, 139.97378261966335, 148.7232655059215, 135.98984599591458, 143.91671982478505, 132.63576779419975, 145.57619698407314, 164.5311125365215, 140.88646448398444, 131.9430216098457, 140.2859015530134, 154.24407460485662, 138.88894493316255, 139.44827812723352, 140.91954018049438, 161.01108571900517, 155.21429934243682, 125.64919414388301, 108.79635337268637, 160.40442450189002, 139.4827945654108, 136.84193222274362, 143.3958672287106, 150.62709810501818, 154.49943730411397, 146.99012762816022, 134.35097295142137, 163.27998818204466, 148.23662794592403, 138.15885346464935, 149.86762551700355, 131.677400071313, 147.1289074937244, 158.7191796509968, 141.1017817285548, 166.47533951926422, 148.58315033710747, 147.20772675987394, 151.83720115546976, 140.104639078559, 152.53365442729748, 162.76571857215148, 137.85122906086127, 164.87972413332523, 120.78092975105417, 154.35651546069866, 145.39768925621, 154.00465035088274, 155.00053039936785, 159.2800738984564, 123.67168907755743, 158.64962618490037, 146.53830659685585, 156.58091261901194, 136.72326446345977, 149.60979232179582, 152.78446866903784, 144.04735916201005, 113.30228137760714, 153.61169243694823], "fourier_x": [124.68821451436747, 162.49527600997197, 164.96726289523536, 176.61336506337304, 187.31709950135644, 182.832945559812, 169.97697935828452, 172.11974241090473, 170.80322553845207, 169.14663615368778, 135.03304254081797, 173.46879444841557, 171.9675271535274, 161.28073382344735, 180.53902506641583, 174.700991685511, 175.0742772829221, 168.97753960359108, 125.1308608535855, 159.62085737926958, 149.6597979634397, 176.42321480826388, 183.04060862513896, 181.0501666601349, 167.85093496906393, 164.99442910159289, 152.90951076592845, 171.52309512432765, 178.8183210407223, 175.57928041631897, 176.26786416897852, 180.34994891716454, 185.38230394158154, 181.10606863396862, 165.38068443857102, 173.57820088201316, 171.9112997609838, 141.90693675248093, 181.27123167821657, 183.90039972932772, 174.50993274705405, 144.6259322436755, 177.4732042615705, 187.74736425507203, 179.0566000360965, 171.92726957978775, 183.05301089319104, 179.1486903134462, 176.28030207862437, 166.20077496822387, 183.46912829046755, 191.4547055675679, 184.99541886200694, 175.537302198023, 178.97768689163127, 178.56477632174702, 166.567934549894, 161.56488634193974, 180.78284435668482, 186.42643016734496, 178.61319647118694, 162.0343972724316, 171.05972558801608, 176.8369500470445], "fourier_y": [149.7434738842748, 146.46101376890238, 153.27863840302763, 158.71139251831886, 155.20799375287567, 156.24792543671924, 158.64150093655962, 173.12087287854058, 150.13162182936347, 140.14053446870003, 155.44543086180272, 165.13681010386966, 163.77356176518592, 170.0980028551358, 170.92235939191522, 163.18586428502758, 158.41316603491182, 167.56006618489363, 159.16541958818414, 168.69702187172783, 176.99636354664435, 176.60295923345342, 176.65067658059814, 172.44148132345188, 150.22323112544078, 175.82688350998927, 130.28294118088084, 171.32566303424602, 182.3561836843207, 169.28618672764568, 163.16330743536997, 180.41081011124166, 152.93390817503143, 164.08166175877344, 162.09404725653047, 180.08658166440438, 180.95089961673722, 171.86186110243253, 146.5907674468133, 148.10429329075072, 148.89687911174235, 152.46634479512932, 166.6142173716017, 181.78648218228147, 170.21866429856385, 181.71101676159455, 170.6775150500846, 165.1225245972559, 125.7849703206683, 157.27029782807173, 138.72691484074412, 166.26741143102876, 180.81140034886516, 179.68219173197397, 167.32567846395395, 173.9268072306302, 153.7570016262882, 178.6544747084267, 165.03854839220116, 171.4163154022957, 175.2819107144555, 167.7708663790757, 179.08497459033853, 165.03853550960076], "src_path": "/Users/hagardolev/Documents/Computer-Science/Third_year/sara_guidance/db_3d_models/db/0/m22/m22.off", "name": "m22"}