{"fourier_z": [149.74347388427478, 146.62345902986146, 159.73259373021182, 153.59046160164309, 166.08132976714882, 121.92164321428761, 153.12302356204097, 157.22559943979152, 154.11910673398586, 160.48539888300434, 162.14923964887547, 129.02586380341322, 156.73756548008285, 150.6406320798556, 139.17340782473022, 150.96153244445193, 152.4411699369674, 161.6927985063745, 145.66086513906197, 163.5251793042205, 137.911973925079, 166.2616997383401, 156.70095807941652, 153.6974318366779, 141.76272643745244, 135.62423549698724, 159.68440987170925, 162.05056356458542, 158.50146060575892, 154.26002764933938, 161.9131053105371, 152.09821401580385, 156.11491865485985, 122.84399161875567, 153.6577547619617, 137.25524419934388, 131.55530570915798, 162.20797394826317, 166.80668321133683, 158.9292006504618, 153.02583455168894, 134.11310883828227, 154.8508119989459, 148.8300130153697, 161.754583880122, 139.20558596506038, 140.55201904750638, 157.50669852696515, 132.44059209700046, 120.98336635647453, 160.9458020631334, 159.27672037275283, 168.8794916505844, 157.36316527875837, 140.0711395967033, 156.54691476020264, 130.6017983373062, 144.08854847736595, 160.45119812779012, 153.80674506961776, 168.96160194691203, 165.56268716046804, 149.2874316305927, 153.5137446440574], "fourier_x": [146.66046028772962, 162.19006982730355, 163.36052079197302, 154.12470639019398, 156.35744310943767, 162.27666843572553, 155.93921103596276, 113.62416222072254, 147.3087249775932, 158.6013948079881, 162.11585360037247, 156.483237473456, 149.71315746256727, 157.36610396882855, 151.87800272845635, 129.78484410091627, 148.80055573818305, 153.91993151763896, 157.26245036941185, 158.26497431289897, 136.84213227599338, 149.70733975414694, 146.82589565304238, 145.27090505177463, 150.17759556111866, 149.29118578675013, 146.91613841455515, 157.70384024520672, 141.290427544811, 139.19094628061254, 145.60616172903872, 153.24189385272385, 150.5276094921984, 147.1983209930813, 129.18833997861574, 153.84097694290213, 154.84156323548692, 134.64420818064656, 151.4060301901274, 157.73592400183045, 149.08586259128197, 149.92543964214872, 140.16275510733655, 145.10289084139757, 162.47648483748375, 141.47087792854398, 157.613518317623, 160.45715376427972, 145.0296653400291, 155.50658614878787, 149.6828951160635, 129.09512644866174, 166.569386180207, 146.92051841332787, 161.58298532039794, 162.46515927520613, 137.3020914160374, 160.96679589629866, 152.21468907862607, 134.21219826010406, 168.3258538066809, 149.45694494126093, 163.26934218871085, 164.29425856932798], "fourier_y": [146.66046028772962, 153.6661867351185, 137.01888204367808, 146.3859453302654, 140.49218853049084, 158.61674714374368, 159.98514497456955, 136.5503050394198, 146.0826248439872, 155.26079791943357, 102.46148515188719, 127.06272981666768, 125.78548326014578, 144.6317752997945, 157.24652362542417, 121.48092997772287, 143.5548095042463, 156.79850118491055, 139.9437401242807, 146.80664741822753, 153.7143527915799, 141.40150963792246, 162.0805584025603, 142.0875332390431, 137.0719303772901, 157.40713953497337, 151.12611692431514, 157.6372609140206, 163.38645376311135, 153.7898428258017, 167.3081629609062, 150.53304870383326, 128.33320710052237, 156.43860901205844, 155.9228424027807, 162.5158918729028, 167.82828885776337, 159.6012847669809, 170.12705966210362, 152.82423729889933, 138.3361806928102, 153.69953242733408, 157.36436380281705, 164.08864601751216, 169.28357976311185, 160.9422421247714, 170.6577539572297, 150.56010330660342, 148.89203592826402, 149.49650763375598, 156.57599767460363, 163.3439059600005, 168.58987384008935, 158.8587232249377, 169.3690451704373, 143.03090007786477, 154.06327932399452, 144.85977376194597, 154.19282542090232, 160.78627974287008, 166.1864788152226, 153.35216905986863, 166.93637930488708, 125.18362365118313], "src_path": "/Users/hagardolev/Documents/Computer-Science/Third_year/sara_guidance/db_3d_models/db/2/m221/m221.off", "name": "m221"}