{"fourier_z": [124.6882145143674, 162.42493692390983, 156.98178510937805, 167.5001868420913, 172.3129135654953, 177.1703202468959, 175.6926413743072, 175.60328988406235, 170.5475838751178, 179.5822561077893, 183.34667932025968, 185.83054257301848, 183.5617735728513, 174.0990428750378, 152.63241458576042, 149.01891305609834, 165.29928553920118, 173.19024961476964, 170.30536749166453, 168.8579410252105, 160.8273451888307, 136.58062806269842, 156.76927595790696, 162.32433145708364, 166.9074368723442, 174.15042222251884, 176.15424121710308, 176.7527354892773, 174.62220591199923, 146.52763294042907, 155.49840716322115, 167.3406431821056, 163.3253493748287, 165.0002143748892, 152.55839214185042, 161.31854917272375, 154.25520932193206, 167.03036263874677, 159.69593508555215, 151.33865851341693, 115.66617476999002, 162.539724027304, 155.38832356900062, 153.19334179232843, 156.24489314778384, 160.6612023695277, 161.34418231134765, 159.92988330414912, 170.5501594496914, 169.3177187454904, 161.43171819824067, 162.1786692499106, 155.23322625654697, 146.30958018193277, 139.44815008805958, 152.28206316602362, 152.5645035286383, 126.47221438309, 144.0510493159448, 141.29005038691173, 146.51012803509022, 152.29909590133147, 161.6750667427327, 166.65512772207472], "fourier_x": [168.63270606109182, 154.0304727990242, 173.11449988247665, 163.63338915903867, 136.6217129314988, 163.97418644184768, 167.02823547843764, 147.29201936090013, 168.52469883275307, 148.57810803091135, 172.61998683111494, 161.3391188732193, 114.47184029229577, 160.5992556431566, 169.2742187184814, 154.1700386544932, 167.78957989145027, 136.69279004607608, 169.23220201724033, 158.62131310533306, 140.47847800860055, 154.95676217444955, 169.23741763231948, 156.247845744549, 165.4002774137818, 130.09407819992146, 162.48122880891387, 157.0828108318873, 153.06128696726094, 146.96305979659536, 166.76734620800542, 154.17483765494626, 159.69602581988053, 146.09900654236202, 151.83512927130204, 155.91409584128786, 158.89262761315234, 134.90338387285104, 161.38805948873534, 147.08812950027396, 146.19895030397907, 155.40368744339193, 145.718971963766, 153.31257825251433, 160.1004395074666, 113.91782004863285, 152.1320355601768, 136.17627596722815, 117.4437159701435, 160.93347813089107, 153.56634464629275, 151.1932198986174, 156.90211044265791, 134.63247051896695, 138.28618882911067, 146.3192732433745, 153.11603625345438, 164.78851769190288, 159.60584666189226, 155.28161707201565, 150.17532906844787, 148.0484419727064, 133.17703159996697, 158.3236104276977], "fourier_y": [162.12425805239928, 166.8356669279262, 151.61606186959744, 169.91755703988179, 162.99409884344158, 163.85529232236837, 67.5533790412591, 166.8763651202374, 164.30318350411002, 164.5323830001601, 153.73103950575847, 174.31746559998984, 173.11801580948207, 168.28084404727022, 140.87213150849385, 165.59884414187454, 167.51632965670072, 165.0044309444347, 152.12101883604302, 175.19587293089418, 177.11616656095, 172.3258890038559, 153.33979168637748, 162.24569397456855, 168.60215045400372, 166.89060888493557, 141.84749085921274, 171.40981599282503, 175.8919098537694, 172.42090345683718, 156.62861485553836, 157.17066950546308, 167.36028103247344, 167.78660558323978, 126.6641675805292, 160.29020761771645, 168.80149370839268, 167.48533280342946, 153.47395260756278, 150.6307942126707, 166.37384157801813, 166.57178635274082, 148.8853720657013, 139.75232084275692, 156.41369625703146, 155.66348706604347, 144.7869367489005, 141.42553255679903, 169.02445984186568, 162.7135790319504, 158.0257340058203, 159.79459792721354, 163.6694776633146, 143.9466054854695, 140.3202522740263, 119.34472928344009, 172.74388336981536, 155.17193763927486, 160.90918148235107, 168.61172373328412, 172.94445701244243, 152.60100079953753, 144.96339409856463, 129.3164014049142], "src_path": "/Users/hagardolev/Documents/Computer-Science/Third_year/sara_guidance/db_3d_models/db/2/m227/m227.off", "name": "m227"}