{"fourier_z": [180.13998895916305, 174.2314780791085, 179.85776022137972, 180.64408817328598, 182.96281017724735, 181.321166520937, 181.91960845982516, 135.78177134374, 183.00327931591596, 185.01725630864937, 181.73350622725567, 183.04745569747527, 174.6777127905868, 158.0676742654027, 170.47219732077107, 158.25110102968517, 187.0206470702414, 188.20614248229234, 171.83487568976568, 174.12079904162266, 176.98929472322902, 155.41277309609853, 156.40860864960896, 153.630040585074, 183.71403972500264, 183.30032200309887, 180.03589166241534, 173.94194709515816, 163.01600510981243, 141.87186261842388, 171.29481996391664, 173.46518510247654, 177.04282599089012, 115.5944021167057, 178.8211704899411, 162.3911918028742, 173.13279663339583, 168.06600987916514, 175.24553821172518, 177.97192151741612, 171.6779649685482, 164.33509135835254, 123.62105832019876, 164.99303457138186, 173.70133933463882, 181.2795831668096, 179.90451621568064, 165.6209791660462, 165.87557247216668, 176.965533091302, 163.99840336780017, 179.42246129698557, 172.45457265928522, 185.31118267871219, 169.04275555717643, 136.85002011768296, 179.6376284061279, 187.59423857608184, 176.86803037839596, 179.6291601863026, 170.25071311352298, 181.57695230979994, 156.49477441960653, 176.13311952442234], "fourier_x": [124.68821451436739, 139.93225778236845, 147.79969441613554, 146.4462575045141, 147.67402241253717, 153.15481844812388, 149.3170192281812, 123.56798330776009, 131.21176240383366, 138.82089578231296, 141.77695098934447, 148.5571853778935, 149.89068511806644, 149.52397649747587, 152.05712143877423, 155.87118116332223, 127.5845571820988, 131.88197041358433, 109.23515059074563, 140.34452966073584, 152.48348421345125, 147.15593479418396, 135.767681629136, 151.6588664134406, 152.06185525541207, 160.4221422207163, 164.86342860199488, 162.9565974492619, 157.10755077874356, 157.6221948385641, 166.5920522446126, 174.20319802416873, 147.77979796315475, 144.68492501800375, 155.72136388705587, 155.5403766967373, 136.1239440369011, 143.3856119033053, 155.78165850111358, 160.32442360270974, 153.33758678066044, 156.3343233621617, 158.88851284680834, 163.6762119052047, 167.82627206267387, 171.78020565248434, 175.83782947767617, 179.2247135103908, 163.09682981393985, 164.40836669634655, 167.7430588854747, 170.841504287839, 170.88647982646563, 168.25240765598306, 167.28763811823904, 170.9129286524153, 165.00775125698837, 165.2434932820398, 162.23534849036955, 157.89674677752623, 157.28409680129548, 163.3393627851354, 169.42890705110725, 170.14594168031397], "fourier_y": [138.55115812556633, 170.38623766454978, 173.58368829317902, 160.37034997810093, 166.19349044321868, 171.8247344301469, 167.41652842025002, 152.94308785632472, 146.55750467024998, 151.34261552399155, 153.1774334161874, 143.54025539406345, 162.86218199170705, 170.7936854574751, 167.64399954913446, 144.0796410226794, 176.26158838249773, 177.3642289170915, 161.9711251288871, 146.48032445050137, 164.20668714974653, 166.67250043416007, 171.69504630052043, 174.77029381251864, 175.11814587773415, 177.05852035748168, 170.22727094997515, 145.24855776892534, 156.04972178653173, 172.14253724444558, 178.77444781651317, 177.7927785151145, 176.8355668008333, 175.86178615192517, 180.39333542156447, 183.24175567413596, 178.18111407816406, 162.26664603970306, 158.212701504214, 176.8914508190605, 180.94274084149336, 176.94682950645387, 162.96442254350225, 147.96570154956675, 165.17404966960967, 161.65589935156612, 165.47842633528236, 178.94920314688974, 141.30866038160787, 161.21302309206297, 159.84600526176652, 173.34239109319608, 186.56100006400575, 186.45146542524947, 169.6435815830091, 178.817028505524, 156.21437237969744, 144.48164795941946, 163.61327261936822, 170.08445345743766, 165.00590814669584, 171.89486681056763, 179.59832843436936, 181.48830889503185], "src_path": "/Users/hagardolev/Documents/Computer-Science/Third_year/sara_guidance/db_3d_models/db/0/m23/m23.off", "name": "m23"}