{"fourier_z": [143.01402915185054, 163.7008577270834, 162.97010118456458, 149.3969772113322, 142.82947106643365, 161.3483085088055, 161.6334310272322, 158.35146898120865, 163.9862897644036, 170.8333980554828, 164.69912610562162, 148.15557586083332, 151.54793679162015, 170.71882651843967, 154.5253972456865, 149.60305205722926, 164.77909548003143, 151.75048692668267, 180.11477385016704, 169.7188015344206, 168.16324675322556, 176.1784701755151, 149.9223489418116, 132.97037550607038, 168.3731318437066, 143.01173327248313, 175.82865834454552, 144.46874293029876, 150.41607816750061, 136.3904467260192, 172.87275303664987, 164.54434474213974, 148.2397310937028, 165.92957009073876, 171.92567239388808, 148.24810516812664, 131.92013426293164, 164.51231211139114, 153.64728006078732, 141.80632167543922, 150.23272872400727, 167.4799519681252, 161.82444450563477, 143.16325011367445, 152.4652446548239, 172.35231707250534, 150.29364584705587, 149.05807317852071, 155.0402919108587, 151.68812539194417, 171.20724615922643, 158.99321300177212, 155.02757624254758, 169.4650331085404, 160.29227330763075, 166.28359424523245, 150.83079813457056, 146.35673999618209, 168.31670314128627, 152.91991811106695, 162.45876726193504, 154.12140498427965, 168.65914450133775, 156.87833098262684], "fourier_x": [138.55115812556633, 150.13540418035626, 166.6485359119167, 153.39467125951313, 153.37913453654116, 153.0500042693063, 171.07015568823238, 125.99833471073552, 142.22137368318846, 144.6130970204774, 164.0982382326021, 154.3762580565389, 154.1143843057996, 126.3468896392273, 170.18919522176145, 136.86541710245112, 148.3487080945139, 142.96275556685336, 160.68846410127117, 154.2768888272608, 155.6324433364321, 137.85994729047002, 167.78038212305987, 143.03448319429884, 153.4163213308275, 148.47548099175282, 158.2040748919314, 152.93607412077918, 156.65318638419615, 155.31270075661448, 163.51272796425445, 147.6454911724495, 157.2814381015534, 154.99027544816352, 159.15401177341062, 149.95610137756782, 156.79616086176804, 163.05485529167476, 156.5665319119626, 151.87593416168303, 160.27045287156193, 159.8258913092552, 162.8445949602742, 144.30681377197988, 156.32103886632612, 167.05317511615888, 145.57836766327873, 155.64431597505475, 162.53190895942953, 163.01732364127412, 166.71167638194802, 133.14798889735113, 156.0188360101485, 168.70070059539177, 139.64006358314128, 158.51454630062688, 164.0350661615418, 164.97949942064594, 169.56936253484542, 117.30455871380742, 156.7528323778205, 168.45613493724665, 150.9180695942437, 160.32101916884417], "fourier_y": [163.6064174954737, 156.80893626319596, 163.70488105179487, 160.93678072175487, 143.03828293313617, 163.34657983470836, 159.07839345270125, 154.94889269933662, 162.72627609482683, 152.64722040982616, 157.41187651994335, 159.77821631775942, 127.57257504023833, 164.47422679252142, 159.87450948988118, 153.83131575667494, 160.27474944564145, 150.103275537106, 149.04340981295877, 161.02233419671563, 104.56369468067344, 164.2050430990544, 158.14465285544992, 154.20128595422176, 157.59255400365782, 153.5548842225339, 139.1680679921888, 163.0496012235368, 108.51608033275099, 162.23361287709702, 153.38311942829043, 154.5654826674722, 158.33741180940538, 159.63277130601455, 134.3621249266733, 164.6058478237469, 126.87615347088547, 158.97543471061508, 148.17048802175646, 155.08149672143213, 163.17328701040964, 164.86438098382624, 141.98965461362752, 165.61705978330482, 139.20561629092177, 156.01274746604906, 151.79595724232027, 156.65237503220095, 168.2586784857699, 168.60151369469688, 151.20588763575563, 166.51658967605385, 145.97450328582494, 154.68306310307122, 158.73283809357366, 158.6534491442109, 171.69346101368916, 170.80435645756484, 158.22161125207361, 167.6835165103303, 148.19883781353562, 153.3428065007204, 162.69122100837248, 159.4062506028939], "src_path": "/Users/hagardolev/Documents/Computer-Science/Third_year/sara_guidance/db_3d_models/db/2/m230/m230.off", "name": "m230"}