{"fourier_z": [138.55115812556636, 157.79548153583013, 154.45507659526265, 78.7197894557514, 147.40262814802293, 164.01290734794054, 145.37149100134482, 159.1134709168382, 151.85524960108634, 143.20748176320805, 142.3279196376666, 151.8476662119166, 150.37917327465246, 161.26052628769565, 141.15843981301776, 157.86801792479469, 156.20304474356035, 129.25588305578003, 142.25496766577498, 139.68439930259754, 158.90716429098208, 129.00363954464868, 150.0439606065351, 161.72948666940786, 140.63622726326687, 154.52975632687497, 167.48227705474872, 159.69864324579066, 157.9327545085316, 137.19173849357992, 120.39546145152738, 119.79038249498794, 154.56915236776373, 158.78000858248757, 155.2109688790278, 145.82921181163815, 158.4588767372592, 162.6801794223449, 170.64026179991163, 169.06216034443355, 161.67850034739888, 157.6121334274371, 138.0944251322203, 130.133284197958, 148.56253554651855, 151.78287610937497, 165.12854674915386, 176.4098644273521, 129.81774327761119, 149.23575255380717, 166.1103349651945, 166.70176561804155, 152.36431621229616, 164.52047769079573, 158.95338969326272, 161.3401544983276, 153.3707145464305, 160.57432559752806, 157.09785652586908, 170.7139772793156, 172.00440635326498, 145.09464964914574, 133.1505150390209, 154.40369123437182], "fourier_x": [168.63270606109182, 156.49867197495612, 156.02899649993998, 164.92815801625082, 158.8468042963977, 170.3466707648044, 137.21780799763292, 155.45908544075945, 167.44364464475836, 166.70835640884448, 162.77157735372955, 167.68049606381408, 156.02586341179193, 165.10301428781548, 131.2203816572623, 121.57740263190662, 163.9952959108109, 173.73931491129142, 167.58271961850156, 166.44554842988993, 151.14977394971612, 160.94819077968484, 149.5084964379519, 128.47544010195926, 158.96464925754034, 176.83037992187653, 167.10636108218566, 161.17533731876426, 156.94991220108227, 162.28555966624398, 156.14495636301316, 127.25922146586274, 155.2505554997881, 176.11735560999975, 163.01727581558316, 154.31348933175894, 164.52915921188702, 168.26751039721685, 157.19364085436678, 140.64768248328957, 157.7035969224277, 171.33700620081143, 160.38055708431096, 155.45170097085014, 167.74968169467158, 174.29131901782839, 153.99868839631972, 154.98372304859987, 163.70789189018592, 161.23489430209898, 161.93182656965928, 160.32273367080262, 167.14261412607897, 178.26719948855623, 147.19226563486296, 161.63593679535285, 168.6228643482319, 140.7400869589534, 162.27521312345516, 162.2968291217951, 163.63868365349137, 179.79458339760797, 143.58710299848562, 164.5402732563829], "fourier_y": [162.12425805239928, 164.03227582826338, 174.12432901158255, 142.89439496058688, 130.96349800187343, 154.6311949834971, 159.90521551853305, 146.13126026170224, 162.30938507371343, 162.21488360254284, 172.27984999002774, 155.06903113456764, 161.41704704226183, 156.47699141836478, 159.49461289915735, 131.80278495632288, 163.56147799856404, 161.9231156396381, 169.2537810934474, 162.8830002969725, 169.27122050257924, 157.77621698155625, 158.27744411172822, 138.27012171521955, 167.19991726144073, 163.29341215320144, 164.9888781032972, 164.56544040505523, 170.4607956580554, 151.3304071423566, 152.19582988269772, 146.3345076996822, 172.21134540621622, 165.42069506162917, 160.05691927075048, 161.86089163724023, 167.72308965594402, 124.52552684755196, 137.66254842061758, 146.20792826695586, 176.20695464834594, 166.99614610277618, 156.49577405698483, 155.77231512776217, 163.32438075564372, 144.1071941305091, 144.78209006306108, 139.80629368824313, 178.1383147519898, 167.21096295155337, 155.86587326590896, 148.30602869133324, 159.9119932294043, 156.2845050511306, 155.53363433759128, 130.9080750621026, 178.18190568767247, 166.08931502240284, 157.29697449914238, 142.1959924564684, 157.62250170200045, 158.52396483682372, 157.92314457154782, 132.40194916875484], "src_path": "/Users/hagardolev/Documents/Computer-Science/Third_year/sara_guidance/db_3d_models/db/2/m232/m232.off", "name": "m232"}