{"fourier_z": [166.27704534796413, 169.77247291533243, 160.57606720475025, 150.65468973107247, 142.97222402681916, 132.50236866059532, 154.27451441767045, 159.6581374082287, 156.9615593423038, 158.91427521530767, 156.6898160720326, 154.06177481307634, 147.7575886294314, 147.21580872341062, 118.93531339431384, 144.55072869106888, 143.475117940682, 158.19954952189596, 142.12719449140778, 143.11236497746637, 154.43508617633145, 145.8567388133107, 143.29432359487714, 136.86785042515268, 149.54692467823082, 139.74706675617148, 149.05871169942645, 157.3851893827821, 157.82431990303698, 153.05739874646088, 139.07516221373342, 152.138435278229, 153.8692317789614, 106.992633095567, 138.43914170599234, 156.19477066004546, 162.90105797995483, 145.67532294934776, 135.75954588444603, 138.71467374744176, 168.91653545559248, 159.16433168718373, 162.42763451733327, 161.6416636329381, 150.26165337013393, 125.130629405393, 146.15035487686646, 141.1396830562104, 155.1562389142157, 159.22667013798448, 162.07544801363747, 165.7556632957058, 165.87525570629322, 138.3252293697537, 140.71447555692643, 141.85530449840027, 157.08292898079958, 163.2704595839776, 155.15900244749832, 148.60471222555967, 167.2948476823009, 160.66128156570574, 133.1183199991171, 153.38195494774104], "fourier_x": [110.82527090316843, 119.80903896150544, 136.1789807700849, 153.1815504478901, 138.09905458647881, 165.79175320731437, 157.90259194606594, 155.4458916085976, 140.39671634416143, 134.41875864060657, 128.01792232612908, 146.585677721155, 138.22550468900783, 165.98017287419157, 159.11658977903937, 154.9812707919775, 151.8247803681572, 150.44504140912554, 119.98232384986729, 135.99070533562738, 130.77807085144855, 163.73258482753494, 161.11642643710633, 152.21410845211582, 156.31142254054305, 158.60805298782373, 131.597336012032, 138.91704792946064, 94.4586168416867, 158.68832487466614, 161.8319690719038, 149.12731631668441, 156.88193926887277, 162.8078273927973, 140.8717782599715, 148.7424594934891, 131.09926358891636, 150.18596618494757, 160.43142906132482, 151.42102127024748, 154.77313379502525, 164.27756777518596, 145.36075213196685, 153.6916235881365, 146.28877957210727, 140.48731229774663, 156.43683069040318, 157.93277868717865, 152.44765649656622, 163.52456919695666, 146.19628427197654, 154.55158601897762, 153.2702516362095, 143.9087138184301, 149.1389212491395, 163.42518615461157, 154.43056926859435, 160.8398381830654, 143.3728802688542, 151.98261407051422, 155.79121895774904, 151.43755274285485, 138.09507681214546, 166.6610983031723], "fourier_y": [138.55115812556633, 150.46183893138686, 165.36992549881734, 165.21878992333433, 149.30372255698964, 144.3822620842932, 142.53207370768675, 158.74158787646462, 139.33995534848296, 148.04902056657414, 159.96429563383396, 160.29779991938454, 146.88610937581467, 119.945430984685, 130.60289706419613, 162.07754262776353, 140.64135795923679, 147.42900788212046, 153.7736637967068, 157.9528195228743, 151.51109946321287, 122.12822643277579, 119.84680526603745, 164.83873881942566, 140.43014070366456, 148.19086489103432, 148.09966813514723, 157.6945323682075, 154.46662345098036, 136.96379410662476, 127.81023201199766, 167.1587614366851, 136.6754063425765, 149.11362508732932, 146.08943406684293, 157.045547908105, 154.67048395617323, 138.49825444049264, 128.86818005552615, 168.98227072204133, 127.20319736981307, 149.30656645425074, 149.0676462066842, 154.58054786975606, 153.86227689219135, 130.52584790305306, 117.04308647542791, 170.35866681745435, 125.64350366449341, 148.5026585623727, 154.31195969864066, 149.76806132720043, 155.21281654512595, 113.25036004668414, 127.51265530192975, 171.5283662530709, 138.6422809356657, 146.6272728023708, 159.7543553173491, 143.26355969953352, 159.2012527164292, 135.71319983110158, 145.43891134559823, 172.67729107426544], "src_path": "/Users/hagardolev/Documents/Computer-Science/Third_year/sara_guidance/db_3d_models/db/2/m234/m234.off", "name": "m234"}