{"fourier_z": [163.6064174954737, 162.30127066285286, 161.69113915623103, 153.22690061852865, 162.0800868755703, 161.96672349040117, 128.05899538484542, 160.21718804928713, 147.99685262889238, 147.99190425826174, 145.2881041652775, 141.33622680288758, 159.73713437074898, 168.26574460986532, 163.5650083676956, 153.47101791354953, 150.8227877696487, 144.5578973318308, 150.0676706856708, 166.39364072731246, 165.27260233165657, 157.14228759809095, 161.55831088834108, 146.00679967517465, 164.05075790350975, 160.99692790913628, 156.9849901535292, 163.0845772545844, 155.2937205488612, 148.23089269138396, 168.02980084057685, 145.9360051298375, 169.9379761506196, 162.8367682337061, 157.4099058233774, 163.63280393971286, 149.16561276972038, 142.7602603529921, 152.77989958687124, 123.24641312521051, 152.087815879318, 144.12633811353737, 141.6968819102348, 150.90550039335122, 155.01459332451464, 157.08792625166632, 166.1153500511943, 163.28376955565034, 163.97178701984967, 156.03866372118287, 137.4428141516413, 163.60152737816807, 168.2234554150374, 168.50824610843847, 176.90804209722498, 169.57036112691637, 166.9378436534163, 162.15985749085948, 134.0499194133575, 162.56357644359605, 157.8368750399485, 150.647148931915, 168.63740078746946, 151.8663065505445], "fourier_x": [149.74347388427478, 124.97291841773688, 160.72145426851378, 158.14158424820639, 152.35373848118616, 155.40384831248224, 166.6954129771291, 152.10555342675963, 150.43284246393011, 140.87794742093112, 163.231997000065, 163.57960627515115, 152.8563468034642, 155.5411872040918, 170.4050433621748, 149.42836669464495, 149.97984219708644, 147.6954817412188, 165.3806722565709, 165.60752067608365, 156.55330044259736, 163.02329122677867, 170.81922549212206, 140.0365452175906, 145.75718031162577, 148.60114399534422, 164.86788406569366, 166.33973224832883, 163.3538083585766, 165.1998714476249, 167.75058746559654, 125.92054322314104, 139.86148894191743, 146.30773220421105, 161.80911643241507, 168.11894788604957, 167.64320752498878, 162.32909352434677, 163.9185783583672, 152.78926546446831, 139.81877135099384, 145.16250183583486, 158.87022427125697, 170.07177148940298, 168.88923517609737, 158.9771268909759, 165.25328596752243, 163.49004089230246, 142.92745334001, 147.1850067543613, 158.02884005239784, 169.96425015825554, 168.691217305696, 161.02221953784027, 167.89517456075313, 166.71787022450167, 147.9263353498894, 150.33615064114898, 156.36371605662364, 167.14548489061232, 169.10001608744017, 162.92731512563236, 166.78976562190329, 165.41706457549182], "fourier_y": [138.55115812556633, 162.49323554198256, 160.42880127788027, 150.4417916068827, 162.6748056504789, 157.81381083378034, 166.55447846574202, 162.82830976492903, 154.88130070934716, 154.18967179434603, 167.27697144251889, 162.3052837854662, 158.13373077583637, 139.2181194249674, 160.92372867877117, 160.07966772781995, 163.04360591496436, 140.5967100588648, 167.15379951440474, 166.61516180138025, 148.0205943658446, 132.81320076621375, 161.11157945108542, 139.19501772613702, 161.56293359225583, 141.08499264552074, 162.860776935492, 164.95286903151407, 147.84942480959788, 147.51174255670944, 161.8823103926701, 149.0912918296706, 148.43871337974812, 149.9957832681995, 165.2838379458075, 164.49296597598305, 149.63361620236225, 148.74152730821498, 159.3588206682698, 163.2186990085184, 144.21447591712828, 155.97120095475844, 170.12855662688543, 171.23994355814457, 157.375577494828, 151.63094710816037, 155.10045726813686, 161.5239178790663, 153.63499283480496, 162.1263342938517, 169.80604538400075, 174.3569834710641, 163.4801679240112, 155.13688598097383, 153.0202933602377, 158.5672382249064, 149.42461604543186, 164.77213624527894, 164.57906221760845, 170.6876702292023, 160.81519451410574, 158.9186318804432, 151.54856259027164, 165.70525434467356], "src_path": "/Users/hagardolev/Documents/Computer-Science/Third_year/sara_guidance/db_3d_models/db/2/m241/m241.off", "name": "m241"}