{"fourier_z": [168.63270606109182, 167.87166220985313, 174.90427968551813, 176.54100625515608, 169.11864461841336, 166.94055208759633, 161.33406333254777, 163.8790859253905, 155.30730127166564, 151.42662425587807, 155.65796898719466, 147.45197957401277, 160.17092005730774, 148.0582255552242, 162.04268422265386, 167.597396880759, 185.9803389624997, 182.82232336017088, 177.85577669422196, 172.1306402990577, 152.31641211115846, 183.64015218338326, 187.22580761954472, 188.57256219124253, 169.81543803080697, 161.2018549356098, 152.72549532285043, 174.58599818877715, 181.17549022675541, 187.18855516356325, 190.29787853915096, 178.96171412028258, 157.9767776658282, 135.45091251878614, 163.1485416981909, 183.84561681554334, 186.10361487602563, 175.551432082042, 168.06200397505785, 177.14816160673882, 154.56706403695227, 158.6302935027499, 173.70027482720374, 166.6927603837257, 160.8055546879714, 176.02281847126878, 177.5057891693332, 181.27368868262585, 150.46519134181534, 141.75521421585935, 150.55818307752685, 150.84829259783584, 168.12256350645654, 175.22470543491184, 171.12585346423046, 117.34065375311067, 177.19429280640213, 165.1673580310701, 160.33024867562918, 184.55720071239006, 184.6010096725454, 176.18750238359058, 158.021001438703, 164.30595654738875], "fourier_x": [169.7140504864973, 175.64588616409978, 171.52163317436546, 173.6937422975781, 166.62775459174557, 179.49061314424966, 152.5519625970159, 156.87685474921443, 171.47945104929943, 173.5604730131252, 170.9406212979633, 176.97823268794787, 161.0812602269402, 178.2977321254398, 155.53113721026594, 172.85591261225062, 173.01019212949262, 172.47947262361973, 171.18531810316426, 180.22180821055554, 168.42162704589256, 179.30064885302414, 158.646511462587, 180.5796934985079, 172.5139500694813, 172.3558655440455, 171.647211735044, 181.17740554599385, 174.44709799542974, 182.2426623849147, 153.3046277379702, 183.42020214933189, 172.34729843892197, 172.46233148247856, 173.8915909735352, 179.2258704252042, 176.86461398387738, 185.89419282151061, 122.85229298842238, 183.34394704070579, 174.16363420433004, 172.33675763672818, 177.8871008880954, 176.0031759775669, 176.55419211487808, 188.57114276500258, 163.5330558192975, 182.50220087549383, 176.42604471307638, 171.62636506040042, 180.19934718663623, 175.22858426508606, 174.03941327031947, 188.86625364573402, 175.04179687343526, 181.72652616643202, 176.2213865362155, 167.38340529338953, 177.89829394610928, 175.08129699882969, 169.6467273757692, 186.12762952217298, 178.80388580253225, 179.61664819670193], "fourier_y": [168.63270606109182, 156.49410621451753, 173.244827835717, 144.76788068959567, 162.68700976962862, 182.09718455819996, 167.50010261145803, 172.14046385470544, 167.3018469383057, 138.39007700199514, 163.35058941028825, 161.76361087270934, 171.0228936178462, 183.36704560035054, 168.20857964135837, 130.69383473022748, 159.32685436530022, 147.26802654725327, 161.65482744517917, 156.08116010055778, 165.0758155290936, 182.70417872837675, 170.8485909696384, 159.1737145176265, 153.93991385448248, 152.43010135535218, 163.60111896169366, 116.24565166504966, 152.55429357085714, 180.12750900521155, 166.27519676230392, 155.49136984591544, 143.205680757405, 148.32722730355633, 146.42464937081718, 141.78130513406722, 153.41194952157505, 170.445413605845, 154.94140704775174, 142.74711629151545, 156.45418595928348, 168.91318186269757, 151.28071241182755, 162.97982446954984, 164.46446002576488, 160.76328043091624, 171.91101559241685, 160.27232197323318, 159.45949848982917, 170.30312187372178, 154.5836700850616, 159.3565534049083, 166.37508111847984, 175.42035163951618, 179.90692619880133, 170.83603826364424, 140.02974725046852, 135.14461110448048, 166.0602316787165, 154.85793668772115, 138.25424491725474, 177.32631137360153, 174.05726918526187, 137.88724065869718], "src_path": "/Users/hagardolev/Documents/Computer-Science/Third_year/sara_guidance/db_3d_models/db/2/m242/m242.off", "name": "m242"}