{"fourier_z": [163.6064174954737, 167.70605025550012, 172.88101952525858, 165.93401526902943, 153.98349889768738, 139.76520719786038, 169.63675990124213, 167.99874778914133, 155.0765041177924, 162.45327987250437, 174.91784063263532, 176.20520162461145, 176.60451498554994, 163.8397237918042, 137.1536834873122, 154.67122917305542, 158.34411462016192, 158.9739908101447, 145.18279184534134, 139.44997569952176, 167.24793807735497, 175.38048338448633, 170.341128788444, 150.43353879194393, 164.97261585226912, 164.51672754115648, 172.23794118059254, 166.23796650713658, 148.38643959773052, 163.42896144923543, 173.6632204257526, 176.7527404116967, 158.988693335341, 175.04626872511764, 174.07905498189447, 165.44028597351624, 159.71937134432073, 144.7659430085326, 165.56651302945824, 171.02198201156114, 145.83163797484949, 174.3654420056147, 174.43511893154914, 170.6807536940196, 174.43362191145866, 172.80607400403744, 163.9683340092242, 168.55724043042713, 174.17403438421897, 172.03985655346713, 152.15130881295295, 147.12462041155322, 165.28604400988954, 171.852869447375, 167.05982058209824, 168.92202887195225, 164.83854922144903, 179.1628656875485, 179.60539566139778, 173.90393390226006, 172.306354546274, 165.1585220004714, 152.61177838974612, 146.72112874309892], "fourier_x": [110.82527090316856, 148.79588328457152, 163.2297061098438, 161.8588033496764, 175.56172668567697, 141.66134662976563, 143.06282581725588, 157.98880608086034, 137.60425884732985, 141.02294772211886, 158.68414100212715, 158.0870926778199, 172.35249940092982, 148.42160860694483, 148.14176331167496, 165.90435357495593, 149.3929543618849, 127.59670560986007, 150.52971144639906, 158.55066378288348, 166.55917784854748, 151.43286225695502, 148.81159783664728, 171.71628016853404, 154.70216041003636, 114.62535839362958, 134.46719932503652, 161.71975263999155, 156.46731945381376, 151.2467886444109, 144.9775909965081, 175.10787941455163, 156.44527189459933, 129.97849641867342, 101.77264455503796, 164.712245134446, 134.53323308582634, 148.82332310403035, 134.28967492298477, 176.31395110000543, 155.41803259718043, 137.94748089775715, 138.0081052464557, 166.54448966540033, 134.48970960247325, 147.47003704690465, 91.39734182050196, 175.38375745955005, 151.78628761802617, 140.01715217777348, 147.85245807909334, 167.03364407203455, 152.57876635480966, 151.701931025862, 130.59967882693033, 172.04655472292393, 145.79132481861336, 136.64991719280985, 152.3864904949022, 166.08471210973207, 159.40773305658993, 158.26057709932792, 143.7532815452338, 165.39932363215624], "fourier_y": [146.66046028772965, 165.50089592742586, 108.60481034830156, 170.4206553534196, 150.94685419086198, 163.28747101511658, 159.02104931411313, 151.47794114648727, 150.94795333057672, 168.51582491222516, 136.35611712446902, 169.90849323365785, 151.67505013461556, 161.03009898351573, 160.7231262913819, 156.27293495944662, 157.59230489419147, 170.04050677846604, 147.87375803809786, 169.45834563408624, 153.16573382447766, 159.54256146126207, 161.10013516195383, 159.67982567050922, 162.5866540894377, 170.35605602474587, 154.66650246399746, 169.1389326050395, 154.29333103647002, 158.9201884918055, 160.66031798850534, 162.00724072161654, 165.76392156831648, 169.64528094111006, 158.88632553174256, 168.72573827317424, 154.22602770901736, 158.9817650326901, 160.1004739533476, 163.34369992255665, 167.37879832210015, 168.05896679479764, 161.19070752887467, 167.8610906875969, 152.69014298164663, 159.48629685228502, 160.07737867974683, 163.6477222606675, 167.57118449834977, 165.782960943057, 161.80176682163324, 166.25826609715637, 149.9015714203602, 160.11409910654623, 160.66837805317547, 162.81447118462196, 166.331092759078, 163.13505175724967, 160.7575683487048, 163.90233787802532, 146.92189965518017, 160.44317271238117, 161.3010443968381, 160.7049923253279], "src_path": "/Users/hagardolev/Documents/Computer-Science/Third_year/sara_guidance/db_3d_models/db/2/m245/m245.off", "name": "m245"}