{"fourier_z": [132.79751667653073, 153.317515619317, 132.4051679327297, 154.0620579047018, 151.74950973182013, 155.5490934622582, 145.45672256059564, 144.81893437802017, 139.01526416479356, 134.54798135070033, 142.88693582152624, 155.6663707687518, 149.56263460949913, 165.76900393613374, 169.15618886736186, 135.35099823551582, 151.3806073240493, 159.8750981517396, 134.7548562151711, 152.92881759814344, 144.2108515604052, 134.34797241510327, 135.62309668533112, 80.06049625548145, 162.84043731969578, 166.97382429779583, 164.55903863728958, 162.03626337176468, 145.47717531498236, 155.02429089358137, 148.44903866845445, 144.2981653778297, 146.33508265094352, 146.85301628427598, 151.93596399834203, 161.58931874426577, 172.5705482409866, 167.95566458420535, 157.72455078707884, 166.04704796543803, 154.1072296318378, 161.43680389715757, 164.36119134365566, 100.42262060397181, 147.34430810992666, 139.29072369076331, 122.6820699802818, 166.03668750997198, 164.4152369685972, 168.1621774657766, 165.4360178768671, 142.79545875255988, 161.40674662987195, 158.34181176937113, 147.42988691412583, 151.2489116224197, 154.94371663288962, 156.37426010558232, 153.0639661781785, 136.47246164509318, 166.91381112534236, 169.21383949600298, 167.0311886098449, 155.1828796625401], "fourier_x": [160.5234038989285, 165.43337393147925, 137.98294491465984, 117.90201333626018, 130.10052214192052, 129.48441809527122, 154.44814529347207, 166.9202036084619, 159.78023811070838, 165.07486957863645, 143.8444060696454, 126.1308927245876, 127.99611659957154, 132.2565442579631, 151.0790927879643, 163.40277337454378, 157.51353319303263, 163.6349071155488, 147.75289667998092, 132.90136369249146, 126.19009538080374, 136.2021236874966, 145.3010347273577, 159.15285619407186, 153.69423400434215, 161.35004642240446, 149.9091109349885, 138.44369071883787, 126.80823911694104, 140.11482491006814, 138.55495062512225, 156.47196409349417, 148.85840644925455, 158.6951040402709, 150.69824527837955, 143.06208341396612, 130.23723783362615, 142.9133723632434, 138.60992057855512, 157.78424098700683, 145.954672774326, 156.40985644141364, 150.29948783998418, 146.97019278616236, 134.8695932036874, 144.00449050781535, 144.81721444479086, 161.2293452260339, 148.5863902408221, 155.05012437310432, 148.71295296357428, 150.25609990886434, 139.45579677497625, 142.89196437575794, 149.75942231134275, 164.23841235930627, 153.6549167016003, 154.32491636175536, 145.87306694514768, 152.89842158364738, 143.44252015941706, 138.6582119730757, 152.32541674033646, 166.01589443955896], "fourier_y": [146.66046028772965, 153.33224381887794, 158.78607440651697, 162.60923065419468, 156.49069953820106, 165.9401611896882, 151.4585367411067, 169.90790962592254, 147.21300115258992, 153.94258633820468, 158.86015774401676, 160.94278094902228, 158.17865836563027, 162.84589419846117, 154.4293594627881, 171.7573791123323, 148.5881963094264, 154.43519398035878, 157.48618185002562, 156.95048979406755, 156.6037410908439, 156.09154984594295, 155.85113194627195, 172.48424039085634, 150.26600237018798, 155.5215351162268, 155.4315522823839, 153.20011177854482, 150.76895180259874, 142.0193211863102, 155.89275828273207, 172.04340907068809, 151.920526648336, 157.39883045290418, 154.52683621933576, 156.02095415437944, 135.64925874394226, 138.44074541773415, 154.98755356164648, 170.34301737568288, 153.47220238332997, 159.56754769729787, 156.60499866489405, 162.64037873018071, 125.65626778681512, 155.95975084710423, 154.06053760066106, 167.18850299990524, 154.9277342397733, 161.3671661665055, 160.704765697153, 167.95155013858093, 150.9926758127255, 165.1850172342186, 154.30239699645858, 162.17520070712098, 156.22785782450768, 162.36464239296998, 164.84949749375502, 171.19339630577036, 161.9579826736064, 170.20392817770713, 155.93221359616467, 154.3806259980781], "src_path": "/Users/hagardolev/Documents/Computer-Science/Third_year/sara_guidance/db_3d_models/db/2/m248/m248.off", "name": "m248"}