{"fourier_z": [138.55115812556636, 174.36558829705302, 171.3785927410238, 173.6796840798478, 152.5664727518342, 177.6239176604539, 147.83605176165952, 161.8658815279028, 170.1390075397599, 176.65831199578466, 172.1743844139758, 168.82081922526353, 159.8547535326827, 174.03271937603984, 143.79161697770712, 172.91574690557508, 168.48716923526095, 174.19701429637198, 175.82579211207002, 173.88433458432496, 167.07765198898107, 133.1158499103881, 135.8216334711884, 174.72638946033814, 149.99626325498372, 176.4844010008402, 165.88473729542588, 168.11093929625878, 176.80221053524832, 165.2795111479766, 149.37253353582832, 181.04509207665984, 146.48901311948336, 184.42262729095245, 141.76277993408033, 159.55143720084752, 174.3897342304706, 174.63309953243535, 163.9572944151668, 171.05917490909692, 153.15200509532124, 185.41493164242576, 123.23000465210747, 175.55037279301592, 156.86358271893513, 174.5331684811527, 168.16471505509253, 168.5794882458245, 150.51224015965056, 179.3102878244767, 143.72938758921632, 184.45390169940072, 158.24310309311105, 169.20729392919242, 179.2610243332159, 145.07617801275705, 140.42144791543, 175.72406653238284, 157.25259494714288, 184.29400290028016, 165.54018383687222, 179.40327057783063, 181.86639498064085, 168.2484438461275], "fourier_x": [-539.1272546717728, 125.49805878452368, 144.18060594252222, 153.70826818051148, 158.63574167048267, 164.3514727248187, 169.54161323801958, 169.5338780193691, 167.81551235370807, 171.29569753845462, 166.93764560789063, 139.031207561017, 163.23255461575513, 174.6774560141322, 174.56116282710977, 173.07358456924518, 155.78957670891862, 172.0780843274369, 174.94024477084506, 170.75867283498957, 165.30500804221708, 163.1616493229112, 160.14544416742726, 155.2868865577631, 157.91497116584733, 147.2314843102278, 148.36128577569977, 170.10181312481666, 173.39260669697876, 164.70620831685227, 151.0625857301128, 165.5774087688186, 168.21604747485324, 157.08520602631413, 155.87883411798228, 164.49828529179592, 164.6252592410229, 167.1449403370035, 167.99140470128185, 161.17313110250683, 157.04575918932287, 153.7634371352814, 135.23229766855133, 143.66369186861587, 156.04623519770195, 158.93652857314726, 140.75957359871103, 152.0675355591234, 162.76113109754618, 170.85634789049425, 169.07368952224994, 152.17880560901762, 163.37088641461315, 173.72045903614776, 170.90719434980915, 155.91612789156713, 165.7115401085038, 166.49024668325166, 162.79711630215016, 155.0535567919804, 146.8802544877864, 146.02267534978648, 149.48294537619267, 155.75376102288396], "fourier_y": [164.98627492521274, 169.92198393978913, 158.87971093303685, 164.5091472797034, 170.76128872072968, 168.906047293647, 162.70634938524066, 163.7860288888943, 175.8073909073239, 164.79641572554436, 157.7491262033798, 177.9750780355149, 181.01226376463933, 174.28003440610547, 145.87969547844148, 147.5055499674658, 170.97903684508282, 154.89693744570187, 173.98340619727952, 177.5857450570175, 176.7616956535899, 169.61967640891766, 129.7375324708602, 155.30507215047598, 171.73384534635377, 164.5772546559175, 171.9943808695314, 171.2960874488147, 162.67048702527913, 145.02309021477427, 161.81175727674614, 168.6762405492185, 157.09237582289123, 160.3184384992412, 163.50347445982737, 170.3354693075252, 163.79308613990895, 167.8874429940027, 175.45050163145902, 179.1563606331104, 168.741332134282, 166.18115339147508, 156.75288487015098, 148.28768592007788, 131.16888639526184, 163.3211596173278, 179.56888574673232, 183.3861978993917, 162.3312511191719, 157.48328178309012, 154.2812161911275, 160.27719789415497, 165.7410188234553, 166.88682129601648, 185.1294053682409, 179.19663201324485, 147.11450820284804, 145.8357911739041, 155.24385771207426, 168.29556014562993, 158.49798659479734, 165.11658238332475, 172.28270480654433, 137.23289023271715], "src_path": "/Users/hagardolev/Documents/Computer-Science/Third_year/sara_guidance/db_3d_models/db/0/m25/m25.off", "name": "m25"}