{"fourier_z": [162.12425805239928, 158.12469339633378, 138.6373428658409, 158.55301454236067, 147.74153617621485, 149.1596144418513, 156.04549296974727, 163.3477047136105, 128.50376007282938, 164.98438643898123, 173.70468475075822, 174.50592003317814, 178.73736582815866, 178.25616461712912, 161.52889129408092, 155.88421469299323, 168.3020760177224, 159.2611472616774, 162.05209275103414, 145.36137427829593, 155.31959416431593, 160.09675412304364, 165.85928520532786, 164.7316860425016, 165.010523568022, 147.22412646031833, 157.54541087701736, 162.16112874376807, 149.69094682689283, 152.1598898603849, 171.80184418640107, 170.21060980278878, 144.23405738602713, 153.72336744701025, 152.78257589728588, 169.57680585955472, 161.76009736139136, 158.2553095680532, 169.29681887521025, 159.99350270958115, 141.19902276206307, 161.7776753578352, 163.01994619510307, 173.54534968032118, 161.5735704688558, 154.96297504944468, 166.66324247927062, 161.56424363412637, 168.71886896692206, 169.5618059282569, 155.24920635824333, 171.35143635233294, 161.85608837390993, 155.64200047938326, 167.28872545891903, 170.01409190970526, 153.4014119716004, 157.33886892524006, 161.78410405223462, 173.8067392238018, 165.277720000048, 168.31349749338827, 162.12994937164254, 147.97027580786616], "fourier_x": [163.6064174954737, 144.2834446105248, 155.54583820682706, 164.9263777830541, 158.5194315815137, 143.89526305236194, 129.17943287271834, 138.2931738307817, 163.08083581268906, 145.53094532454287, 156.66138989911917, 161.09809326969153, 160.50427485523048, 144.60159064155775, 143.82048611549257, 140.23893432272718, 161.51478435414194, 146.42216303045117, 159.04349555978365, 155.2842037112238, 162.17462653647988, 142.23590717547629, 151.5179926467192, 145.21341087417366, 158.98344294933761, 146.65632082813417, 161.85779676869305, 146.37553435319757, 163.4047832389059, 135.76632841979705, 154.67469882434932, 150.42354140113324, 155.80301583975586, 146.08809306306733, 164.4037902109733, 132.9159504420081, 164.14773430915193, 120.04104494231028, 154.68233147550964, 154.7753708907836, 152.9017933373378, 144.6084444123047, 166.34593329828976, 131.65409416735034, 164.40449311114583, 102.50070700661331, 151.60835618797475, 158.16237823929566, 151.81313833135582, 142.0558147326401, 167.56783734565084, 143.26184424953902, 164.2108895231508, 132.6785105995184, 144.35676324631083, 160.7301303961572, 153.04675740705935, 138.09350444757544, 168.0392438613166, 150.24407687630372, 163.63713001985136, 143.54520746033333, 131.50167016603942, 162.67169452710073], "fourier_y": [143.01402915185056, 144.24511798630502, 164.3468700450166, 165.80607072582552, 150.78144865408362, 165.89159155534932, 118.35051635706812, 153.07238947338016, 144.35546414001175, 139.50280220716309, 159.5968592987155, 160.22402422920237, 143.5761555760337, 160.60338314469232, 125.96917928693185, 157.01764540033486, 146.70910996341883, 132.14527855333978, 150.7948441896229, 150.88854034607962, 140.62223597262096, 151.19219656006803, 142.3771351253628, 158.45195001965885, 148.01893552231508, 130.02177223643193, 136.29805031838202, 142.7855442133821, 147.78981700435028, 133.50540625055075, 147.92748566036022, 157.12500987682552, 147.64893762673563, 133.4083790746538, 131.36587222763018, 148.4058542169779, 153.4349493581318, 125.81661140569977, 149.06981028617034, 152.51464191329387, 145.72912737643588, 134.48648314370726, 140.51441318848066, 154.53991103549671, 155.450353036012, 141.34081246009666, 147.6965836159702, 143.54196385101827, 142.67975561408178, 131.76293792558442, 144.049127782544, 157.32631718001144, 154.2664388555076, 147.16059299963445, 145.0615353121725, 132.7819069515096, 138.74842972175608, 124.87731029524205, 143.2437242836701, 157.69750025799937, 150.09249110955983, 148.54011485373206, 141.80588401366094, 139.82366937022613], "src_path": "/Users/hagardolev/Documents/Computer-Science/Third_year/sara_guidance/db_3d_models/db/2/m254/m254.off", "name": "m254"}