{"fourier_z": [149.74347388427478, 145.09436790550896, 136.97823903945311, 148.34716306615792, 153.64885360467255, 146.18284833719537, 160.39278250132793, 168.12419897101026, 163.88587419903723, 148.76408210878145, 134.93539441293277, 147.97405829536186, 153.22578725722897, 143.28905482788974, 151.87362869438837, 157.04743661551362, 130.28615855238849, 156.83094689497327, 160.73160366308895, 123.90902342936924, 164.27342402822316, 157.45374738097664, 154.52478914200242, 158.83724205979448, 157.83919118224085, 141.17038379430642, 132.7097414331809, 160.98285460421636, 145.48119579469, 162.6589927082587, 158.78417927090985, 153.81247692891378, 163.1249973338113, 162.4767172850909, 143.591820143994, 157.3465629391917, 145.3719874258481, 138.57042997683214, 148.07577632157427, 154.02120379231593, 129.9014728887269, 161.49156439211504, 158.7382494611507, 132.30290064539423, 157.93140604993042, 164.11727288666026, 154.61363592175982, 159.40046311316078, 167.6013690341007, 174.4451241433212, 163.17099128551814, 166.88757525601528, 129.92032205389108, 151.93404550737466, 134.15137132419036, 122.56745643620688, 152.56508312664704, 160.8528970065693, 153.63019064141443, 135.66134361131807, 157.77652616176044, 163.6797076519432, 159.0586328740602, 165.03956480943452], "fourier_x": [163.6064174954737, 151.6693891993383, 169.04990477200374, 161.12432026299638, 145.50297694215078, 158.6742553514964, 166.97241399008533, 139.22598223019952, 162.7512427071969, 148.96578759340565, 168.19890855670076, 163.48548441916307, 125.87028325690268, 156.23682330309313, 165.84700998639659, 131.832525471706, 160.08408188917514, 148.79882332961077, 167.02863461467882, 166.0150251959661, 128.15642709478792, 153.2347838211219, 163.95245950886175, 123.4095995670269, 155.28965398124708, 152.40522910757363, 165.54075895692503, 168.42918822073568, 147.02801302924746, 149.50868911972987, 161.24036601687462, 115.03262635327006, 148.0406962583294, 157.57956887698646, 163.78182930200015, 170.49735851974577, 156.38790980936523, 145.16012113782017, 157.61823282201644, 110.62917271576114, 140.88367211744622, 162.32508481740197, 161.9107943588478, 172.05380015883867, 162.16325651442588, 141.7469081390459, 152.88824903435392, 112.51758853145935, 143.5308122879152, 166.0146836106146, 160.26070438570292, 172.98393671101994, 165.95280711431712, 143.00804930869492, 146.5959770163908, 116.69661871644918, 150.5409465182369, 168.54372357080518, 159.26765187570805, 173.2050871627336, 168.39951190284683, 148.56572426167548, 137.57475730431557, 121.21043453596957], "fourier_y": [110.82527090316846, 154.53834158338688, 154.61975075849708, 128.17973277510134, 130.35113312647152, 161.03277371084693, 134.8423976290215, 153.68604219250545, 143.62741568976563, 148.92589124092228, 157.35686927263282, 112.27096830323273, 125.26477238728162, 157.86310022540337, 147.25629626403122, 142.66675985508232, 155.870504168696, 146.25414821327934, 159.1995000578428, 84.93037664889187, 130.8584652334795, 153.23111169351313, 155.12505569769476, 122.1678170479209, 161.60927626315987, 146.38090626698695, 159.85194546178505, 67.39143172844001, 140.50031621092336, 147.50540863307643, 160.1563734011894, 135.5615235000225, 163.91837475349618, 146.3370948836497, 159.18388794306435, 95.5121965838392, 147.64213381738895, 142.03219200458125, 163.00429664477406, 147.3725578568635, 163.59324917320006, 145.2993612086196, 157.12299873208482, 115.95242895168467, 152.24838921825912, 138.50046619017218, 163.88181235708277, 152.48599651747352, 160.63793098929193, 145.60726855119105, 153.6530018020823, 129.09783493790604, 154.73555589257282, 136.01498319852232, 162.68845977888148, 153.76497033490503, 154.3403300418058, 149.94222550795047, 148.99545483544205, 138.20517940814142, 155.28413355129373, 133.0745493378654, 158.88981480625074, 151.83929660947715], "src_path": "/Users/hagardolev/Documents/Computer-Science/Third_year/sara_guidance/db_3d_models/db/2/m255/m255.off", "name": "m255"}