{"fourier_z": [187.8282229373697, 183.58868518142197, 170.62193649761633, 161.594020796365, 168.92032076771994, 176.14273533796788, 178.36504772241253, 173.9598473450067, 176.3519149819642, 166.70460306129937, 169.07846906073925, 175.50615369224664, 177.02462935874863, 172.59112768308339, 162.74560161233853, 164.99055787126372, 162.81288024970826, 173.15113014586098, 178.54983594811617, 170.3250965466366, 130.93405704697184, 170.59893337281545, 172.26432669094447, 155.162633519169, 180.1854444570272, 179.10916700088728, 165.72205637553657, 166.14701731908758, 182.48827323354377, 187.2161998917301, 183.53320297379784, 171.0013867098695, 180.52032041066556, 168.1741259794649, 165.87308158173818, 174.21799641261774, 178.2969130916375, 178.1045646741821, 173.99014592035599, 173.88272523131036, 184.29282775878227, 181.09788915018453, 181.42361935786326, 181.85034557793733, 180.3639972859746, 173.6652984629643, 172.80549203478193, 180.94628465309697, 170.68508972543415, 180.99324778296352, 182.47925841109162, 174.26220606053033, 142.3825941130947, 153.6309309581912, 155.76165639778634, 157.15429570903703, 170.79255091739188, 156.973304061957, 152.87435216796763, 176.00252969031402, 181.2026433676636, 177.42259347281504, 166.91028119143488, 163.77428268826782], "fourier_x": [170.73991637424837, 140.44723888625913, 158.2697674681894, 166.5633662856963, 171.65206304706595, 162.48888533373162, 169.1629708114728, 166.8654291119464, 137.66907365977121, 168.04132294017333, 163.45607381427436, 134.9180900618749, 175.36072351148462, 168.40895819010896, 163.99000493752493, 172.45509018052752, 160.70821476095324, 162.8506897127885, 148.92724472051324, 151.52676674063113, 178.2160640091465, 169.86945278351652, 141.89877373446532, 160.11824243789036, 161.09047996575615, 158.53683885364578, 154.61536002700544, 152.4763050136488, 176.09438465598285, 146.2338361817059, 165.61810936494942, 171.81790086789107, 156.30598230779538, 150.93118148766314, 147.1339746645066, 172.86897735436065, 161.67144002682818, 165.05756712642318, 131.5581500425772, 157.55920265295492, 152.58571167462375, 165.37843852373587, 157.22609569541137, 166.19024487104616, 143.92456307461006, 152.66572827426498, 159.2613203827077, 160.47467414736485, 164.47109648024903, 140.30616533516567, 164.112511064305, 169.75740836347353, 160.1567216293026, 161.3982527701006, 152.0044977781904, 162.45078328970536, 146.68556154119952, 151.38967459485602, 170.61150094405423, 162.6209382462723, 169.08186023555086, 159.98637408689677, 159.91600636598395, 144.2650970691792], "fourier_y": [143.01402915185054, 153.0355651824069, 164.46848425159692, 169.9350710521818, 168.69786829351224, 157.57704079998095, 118.07945251770599, 158.22127304163513, 159.8651237046076, 160.25832384423524, 162.63023144029833, 165.36413684517865, 166.81623587403803, 163.98365064068082, 152.1845321325551, 122.60903247844013, 152.14406826983486, 156.6659876145027, 167.7817276009385, 173.43541572895307, 174.04131197016892, 169.8765312565696, 158.38756417099628, 102.31081870250584, 166.59431116485396, 162.03341774271206, 163.3572652007679, 168.6414098756529, 172.6483383112083, 172.91373905728636, 168.56683615694163, 159.86463787915, 167.33075313443544, 172.99583898670645, 176.28206187641962, 176.0119204210082, 173.22176883656323, 169.29573555244423, 163.5579905633768, 159.8880111249369, 150.72399551658657, 151.47217972873275, 164.2691498075601, 172.5782393252178, 174.74174787646962, 172.09541802151716, 166.95935858023228, 164.6051640389386, 167.48567686684933, 170.05835800284808, 166.76311744258493, 156.23327245213827, 155.99511910970992, 159.73887582186188, 152.91664127323227, 159.69651572652825, 170.56280873024798, 172.12452660943953, 171.83292941814673, 168.36525370173302, 160.4586358413859, 146.80232818256823, 140.68411458454813, 137.78536123637454], "src_path": "/Users/hagardolev/Documents/Computer-Science/Third_year/sara_guidance/db_3d_models/db/2/m257/m257.off", "name": "m257"}