{"fourier_z": [138.55115812556636, 134.02953410798332, 145.27539762020876, 180.70361712589323, 168.83982261590833, 180.23799365432728, 174.94449568522472, 161.86899775489212, 179.7181065537434, 175.43214793428066, 170.09544364607217, 179.8187322262571, 164.16949636704462, 191.61199040398247, 176.77924095328987, 179.02753512410382, 183.78450040333345, 177.26020907224424, 172.54020573045017, 172.6571212837199, 121.99524553385338, 185.9519251988845, 174.06106927411085, 188.971444200013, 172.75343321736702, 157.0815696967987, 169.04216808996526, 166.6634072657617, 171.99889968760144, 158.0656244074562, 147.56907572459784, 186.34698754621272, 160.90506705096033, 158.8779969281504, 172.21673021453083, 173.1280689011393, 176.7112527705564, 180.63000178903124, 165.90112372549453, 171.57091608593646, 169.90610892360996, 170.59669132937958, 175.50340630062772, 177.28618796558243, 164.27811988983134, 186.52926313821837, 175.6372729961243, 170.39490322964792, 169.17769650919587, 173.31124500865906, 169.871413087192, 172.833510956402, 151.08298407718644, 183.58003158041618, 169.92774072633574, 165.62848984555848, 162.38570496074055, 176.28736084140354, 147.37160348859172, 151.8432022270302, 158.9625550773949, 176.21899000178968, 178.62457695500586, 144.9775612588266], "fourier_x": [174.38634751012742, 173.07314305830863, 167.93788698947267, 173.3030033683413, 184.00178080411655, 188.54664739577862, 188.9534804468357, 187.65897623183432, 155.71325770347894, 167.5330769196077, 176.66197921719018, 181.02307341380762, 179.36364601838181, 172.08967122759927, 162.08892396049805, 151.13108131085679, 154.06373098248395, 152.56730451969747, 160.99350868044965, 166.70013844208017, 169.3294162737344, 166.22054751681273, 155.9520966529185, 157.91611185328358, 165.23570262626404, 170.40605958715545, 172.98379806895196, 173.88425044890656, 173.99122896249142, 174.9128912020003, 173.93083339900156, 166.0805979877432, 166.08778609017517, 167.44062784847205, 170.03687171794937, 172.61949630841178, 174.75583209031967, 173.50152107454522, 165.21880178454398, 149.5403448167928, 176.23093078084847, 176.68757053609338, 174.28185551048034, 169.26630027612168, 157.50166053659922, 145.7482085636766, 165.59219615093036, 170.7991025728613, 159.5431150614057, 170.1477105903632, 172.96796884989757, 170.5331185651264, 170.7645443139141, 176.22946141064068, 179.4061059751554, 178.3472017416955, 183.3521187006421, 172.80039061861632, 163.12150835402366, 169.27834721806215, 169.65522985870206, 164.73057739874213, 162.18212588857824, 163.9984496305699], "fourier_y": [149.7434738842748, 143.89665292766776, 182.689097172003, 181.95352900039282, 173.6407633564195, 180.50389680767861, 193.13695346816706, 183.36685363489278, 154.1038403477811, 160.2326406955807, 185.69008437516342, 189.3081747846733, 168.64546691839521, 190.42042477151313, 175.15692096836403, 180.26108885483927, 175.18357666658034, 143.97718318074996, 170.13137873661233, 185.7950791503764, 180.86774150606783, 190.2806759468265, 165.5061069750796, 164.03406400813145, 178.82569447885743, 180.09800366530285, 181.7617585955503, 172.9648822921268, 192.03703968602898, 191.33585876529307, 176.3527056621934, 179.9892042045007, 189.90975524840547, 181.97261862099336, 186.55912617405463, 169.43233097756735, 190.89975168698803, 194.1451911656833, 174.4287419415539, 185.39496207538448, 184.8584589486078, 163.48109824582693, 193.62950453428383, 187.74109394816048, 179.37434778019235, 188.31703836691273, 123.92079455351305, 177.5838206961079, 174.9907264641145, 179.1313190690241, 198.24977020772494, 189.0263077866715, 186.803645214201, 192.5158387975719, 181.7154469278566, 181.5777168865853, 182.8824630815491, 174.56545243603279, 186.05852745415098, 160.1431477847802, 185.42432931301593, 183.57590080881323, 184.3443631585294, 182.34991019890418], "src_path": "/Users/hagardolev/Documents/Computer-Science/Third_year/sara_guidance/db_3d_models/db/0/m26/m26.off", "name": "m26"}