{"fourier_z": [152.41410173676525, 156.75136678267992, 160.6603537238322, 156.41089976641283, 143.10240656639775, 149.1415576999136, 166.34560718196437, 177.96916054504288, 138.10015616861205, 164.27555432959957, 173.3305984717708, 173.8164808984085, 170.3883133452217, 167.0437729043212, 158.6909968631788, 155.66643565642713, 151.32187007410016, 143.62980616011487, 135.93371847215008, 155.248811073155, 173.97977864446904, 180.30122355346276, 178.97700016351902, 176.9806206159944, 176.87913512116413, 167.36770049665378, 145.67562645699635, 141.94121844177974, 161.2197376450702, 166.85662274425988, 159.72674321242522, 164.4731093932562, 152.4631581224116, 162.1785239549015, 177.01051613190674, 178.78015880920793, 178.1782187036164, 181.78527041807757, 181.16730299326747, 173.76977701179527, 149.9261761565267, 152.3514596492547, 165.03768066575648, 163.45330193180786, 166.19760112690722, 176.7189621840281, 175.54722987475878, 157.5671954559623, 162.95571803890724, 163.02754012226646, 168.39976585948136, 166.2684472874526, 137.28943194910568, 169.85390879054034, 175.0167945812024, 164.1223398630947, 178.89473304206862, 175.43273601370757, 166.21498365896102, 158.94986909441957, 147.42585504637677, 172.01474401340076, 177.09449494916458, 167.02573662888608], "fourier_x": [124.68821451436742, 176.26214830014843, 167.07217533045156, 153.69092475074171, 177.0665632924575, 150.31193138728418, 156.08638148379816, 154.48860421097353, 165.51993387179, 180.8726560100552, 173.9088498665651, 145.04041826321406, 179.59181501297525, 159.54442234613032, 146.88466150724514, 167.98577990423314, 176.58627568391574, 184.30563955089968, 176.86054254640356, 149.78929947412047, 179.61315573212528, 160.0492603168894, 140.22010689352186, 168.92609054640644, 179.6848928450763, 185.37458018715301, 177.03318634792925, 154.0013190529063, 176.83672649306385, 150.47374102127972, 137.00490591530962, 160.47532524502853, 177.30092469257627, 183.08813135524932, 175.46132818630784, 147.5229434684231, 171.49664620216353, 115.3830148506089, 140.5837646638581, 146.8865185905304, 168.75369762336084, 175.71108951957197, 172.51360324985149, 129.08609097851186, 164.14906836021785, 159.34309023846936, 154.1975099700996, 164.50436065192466, 147.91006529445247, 155.1819613975331, 166.9457846836055, 155.11946428645354, 156.54863404113237, 170.7240949207323, 165.41552245201297, 173.86237978651874, 135.72326663821727, 156.62545357895345, 154.5053688086474, 164.8624455136853, 153.55425376163788, 174.6319914762979, 172.43307529660729, 176.72254042429603], "fourier_y": [182.49564967229074, 172.22209121956357, 144.33595724516232, 147.23411483782658, 180.383933524993, 185.3485348733081, 167.1030257575901, 159.63632514579558, 176.43051003639312, 147.13765392420027, 167.3018665050444, 169.30258830502646, 180.34013205048262, 187.25998088088681, 160.81655579044568, 162.93123563279735, 158.0129862088097, 163.90757625252252, 165.5689202325826, 175.78792866037014, 189.16960504180224, 188.692776470348, 149.1174060905181, 171.30390031314607, 170.9811310158073, 130.20277188106053, 158.6384634470945, 143.63801408076802, 173.85059774011825, 180.21716642446336, 178.63449785883807, 177.71713734747323, 176.41570733071092, 183.04915509018358, 181.67959639936544, 175.09425829038025, 164.0350929643726, 177.75564858116414, 178.94252806720908, 177.94121342634514, 164.56467012953166, 180.30152836500298, 171.46157541744702, 134.50364731180238, 158.48379453064223, 170.76042468671073, 154.48227058414884, 165.91538894764952, 176.415171321547, 168.41415307360222, 177.18689445680795, 178.75555649693473, 167.8856693430188, 164.47311890750018, 168.74819945889607, 165.2877773359347, 166.4785810561968, 170.4216850490157, 182.98382473697743, 184.0803125571689, 186.16458548040902, 177.1554627935441, 174.06728685446328, 166.72465554521423], "src_path": "/Users/hagardolev/Documents/Computer-Science/Third_year/sara_guidance/db_3d_models/db/2/m260/m260.off", "name": "m260"}