{"fourier_z": [164.98627492521274, 161.91852932723336, 151.57558135727473, 140.29735506206185, 150.41058060627367, 153.97653376215953, 150.03320552172536, 145.2275500413132, 159.7309229746175, 157.98545409132603, 160.02457041455966, 160.47725483368637, 154.2038421870464, 139.40253418240306, 155.4824916799518, 166.10587710277625, 159.27836575132918, 155.52464594641359, 152.36736182896573, 154.6578243799021, 158.40761678427828, 160.19733540281007, 160.08950034938357, 159.25665020574687, 165.15931681507544, 160.8468324864904, 159.88877896115125, 163.81181310807105, 166.659779684264, 167.18501189913383, 165.7077003029205, 161.63493074519917, 162.9437501059712, 144.00034615155863, 157.28011499710794, 165.37611550358193, 165.0131792086312, 158.1461492561738, 148.8562770158505, 150.02308940420428, 159.00360570057632, 154.2547144036454, 148.14995704330184, 141.6006668378795, 143.138766457912, 151.46001931049364, 157.32070649513906, 159.95584294487284, 168.0227222815788, 170.32785384754848, 165.4466171360808, 145.63099359815467, 152.88254066467135, 169.90371481578018, 175.25293090048473, 174.09236775786815, 108.92683776185896, 142.54611343440598, 154.0076045685973, 159.28591882245686, 160.42912417963157, 158.64506168503394, 158.14055540590232, 161.95417302257053], "fourier_x": [152.41410173676525, 177.6256195769301, 169.35756608909668, 162.06561336945728, 162.80856391354834, 154.76301245000735, 166.6566630189449, 179.3222805575384, 174.19013037784538, 176.26126609932737, 171.06575529185812, 176.1048896873849, 108.80755589710587, 167.38673203570988, 176.84733054171022, 172.42106413639482, 173.96469799452942, 163.17164211459175, 174.03857692152545, 180.18380520145965, 169.93091728163222, 168.5010904893551, 178.43867240639767, 114.33376377831351, 150.19689284994251, 159.16899733619428, 180.90404748727312, 173.23959240167864, 179.77533847136414, 152.3671044549937, 170.1632135801991, 175.76100823566176, 170.4056993633694, 157.03982496924834, 178.92569248031793, 167.1097389240708, 179.02981147047737, 173.4959734286208, 169.95191123388335, 180.78519693630685, 177.06979713414023, 145.940840554163, 166.75445696702852, 174.8224442495945, 174.51238746227182, 180.80916785646508, 174.89886124197477, 178.62839896871833, 176.349636301361, 163.40488600983593, 153.10838820032137, 173.43222040642783, 166.2118642334138, 181.11570941921187, 175.5804961482768, 181.0171863537892, 171.50143559159645, 172.4007723256098, 152.63810810419065, 166.66404603203193, 156.11060825198987, 174.14120445340063, 177.26567234594017, 176.19982947442844], "fourier_y": [171.71571965763695, 169.9481232450388, 163.4146033186113, 157.0584380401004, 165.425015344582, 170.0912989891874, 156.90555975378493, 165.6280592658638, 146.77612241064182, 136.29429689157212, 157.75462272851794, 163.58735343766398, 156.14437914077544, 138.52679383471133, 156.25471205522385, 159.072379380429, 166.44968252261566, 157.8900791525685, 154.6997881225251, 151.30675194305357, 169.189723937901, 177.49800001038878, 174.67599558381073, 159.67300209008246, 170.4086486090479, 174.45551696766375, 175.534291735054, 174.16696842789608, 162.10321600388212, 166.2368589464472, 169.51133422209887, 161.60986747776803, 153.13919794168277, 148.76959066247795, 163.10103118060442, 170.14593799230582, 154.9760248423161, 164.88277105438135, 176.11747205329863, 173.55981330158468, 153.80260936464936, 159.544274779438, 163.09026956995285, 169.47406011617915, 173.76675773588704, 175.64707888045436, 171.1436646148308, 161.67389654433947, 162.1932040276259, 170.99299165560925, 174.0872831690339, 174.81422431155934, 166.43263420481276, 133.455296225911, 136.724296672535, 160.61292039318425, 177.76899274751008, 156.06272070763134, 148.89723097152955, 167.04299245383277, 170.49333471488765, 154.0238245608671, 144.5230288209941, 151.71093865407875], "src_path": "/Users/hagardolev/Documents/Computer-Science/Third_year/sara_guidance/db_3d_models/db/2/m263/m263.off", "name": "m263"}