{"fourier_z": [110.8252709031685, 149.2955648918716, 155.7382440977545, 155.071371046383, 137.96988476633814, 120.81990721651452, 149.988859701778, 149.18416621407167, 170.56699911480018, 148.9102016611563, 163.90626619045858, 176.98674452350724, 171.08491989413085, 143.41030288111983, 174.88966060433728, 167.76415128550406, 163.96578735590964, 161.69200066079102, 124.96303340533856, 154.81853265978017, 155.60987802801833, 139.30001417252464, 161.96504751852927, 154.34271616257246, 182.56176127112042, 169.74184057909497, 158.4337917682153, 174.80604117054833, 168.3230296068619, 156.07333270604036, 151.3703053252528, 143.30323815754568, 177.30879594080199, 168.20053026766843, 157.2111722338107, 172.5020005540652, 162.0687735414097, 140.68277684290052, 166.83476405964615, 167.8704792156595, 139.95478169253607, 156.98965699261305, 152.16430383390494, 151.1038293559269, 163.55867653458208, 135.55193363701727, 157.10961178150822, 153.24276246328714, 176.7055298974556, 173.99248888023857, 142.02306738954144, 174.57967450415626, 174.82137787227302, 121.90722682368181, 165.1500497040896, 152.588421065246, 155.37484812718768, 156.6182008913095, 156.9898092012035, 154.51176547613434, 111.70110506334929, 163.1466956307683, 172.12348784299843, 165.12237701145415], "fourier_x": [124.68821451436746, 130.657605708513, 138.62380795870854, 142.77540775335996, 142.8707177661039, 141.81110054468743, 145.10178629198538, 149.5917818065615, 111.21882938166712, 127.53089487844996, 136.24011744943726, 135.6634815580556, 130.01399586168512, 127.58335015860993, 140.53623009994413, 151.18478299438573, 150.19483265263392, 129.52550325932498, 123.94854011119884, 142.40273183350277, 147.5352066531908, 149.6381771838549, 151.76292873280073, 154.491000696492, 151.32429441756943, 144.9922634383915, 130.23690501971217, 126.83248358112762, 135.32262399118852, 137.59535417524697, 139.2866730189875, 143.0122973084843, 151.67205499413603, 140.6383011888432, 123.03655680149811, 142.51952226915174, 149.51597455222844, 149.49124278081678, 148.9996531602582, 151.91068482720334, 150.21714274908754, 146.7566764171035, 139.00345936635188, 124.25105627191164, 136.93765694865743, 142.9548584633079, 137.4457634585862, 114.51731478345552, 145.95563020821783, 126.59745017566547, 140.40319261378554, 145.83835294115283, 141.55783910786135, 127.08330682584577, 126.51348705996355, 139.64979799614807, 150.03265624149168, 149.43261397850978, 151.10342665194088, 152.42315216702647, 149.40978287715996, 140.7648875038039, 140.51576504747422, 149.4549535798421], "fourier_y": [138.5511581255663, 137.10828674788377, 132.47019551711477, 124.8506693784828, 125.42720206104258, 136.38688811505153, 145.00064106748863, 150.73003511888828, 148.36188097658177, 150.4065638788475, 151.38473985149994, 151.33368983285288, 150.3527880064671, 148.51970647480982, 145.8072626166815, 141.93000651206765, 130.7942290352558, 138.90191703048652, 146.17873158030096, 151.84159036532384, 156.18291486361787, 159.3834664716187, 161.48901035491684, 162.45247789435385, 147.0726070184283, 143.1645936818197, 138.2231167877523, 136.29387644702618, 141.80639225253208, 149.11996243385394, 154.87317942871152, 158.8112962061431, 159.36052160806688, 158.06973791367506, 155.69251575125793, 151.99434011669297, 146.86905343926344, 141.2991255052175, 139.29567822061614, 142.40768599558595, 151.37790331454556, 147.38884153985148, 141.04351129251614, 135.5252121107581, 140.91538804099966, 149.75453279823648, 156.28536748715752, 160.57345944459564, 163.63780918642965, 162.89664414444303, 160.85071247732853, 157.18211803555744, 151.23959302010576, 141.5886023998802, 126.66804409309741, 130.58489237391254, 158.7128002120893, 161.40076235690304, 163.22625513129114, 164.2833997000146, 164.5919567731263, 164.1271319240873, 162.81615189760083, 160.5010449522735], "src_path": "/Users/hagardolev/Documents/Computer-Science/Third_year/sara_guidance/db_3d_models/db/2/m268/m268.off", "name": "m268"}