{"fourier_z": [175.20278740053254, 173.65750703365848, 168.73337100832867, 159.36628922548047, 144.06764709669693, 139.60569779689297, 144.7812430788152, 140.33096762213387, 154.190969754584, 151.40534963472768, 153.21009462146543, 162.7079388499941, 170.15508149720617, 174.11792731354538, 175.007148008829, 173.0901159879412, 167.94776151762736, 166.93555091069283, 165.4304890773325, 165.04722863451553, 165.82297277862818, 165.91100212298844, 163.54604218994726, 157.25475418343703, 165.3925596007764, 169.0180170467535, 170.04427249809356, 168.59241519263696, 164.13132356494185, 154.7918397895415, 138.77126282684284, 152.17063625440704, 159.07396971611823, 163.4909526429771, 163.34196883668812, 158.74250379000097, 152.45955662236742, 159.56011078260488, 170.20039876069853, 177.26887537240907, 165.92351881701833, 168.82411753853717, 169.19909746345166, 166.16463342167367, 159.27585943420095, 154.19560732629785, 161.95036250099622, 169.72905682319268, 144.94755416948243, 160.55279777811708, 166.26278027610002, 166.99315490051112, 164.04790390827293, 158.43044409015036, 153.95123277330964, 154.9601572634909, 150.69315774111783, 146.5221920833551, 144.81954501561256, 132.82437920222793, 124.26266780227245, 153.17886068535358, 164.51948536226587, 170.15314329748918], "fourier_x": [138.55115812556633, 157.27747643558044, 93.36428149657694, 147.07325653992328, 167.2702848191452, 174.0841684229464, 154.6880768704513, 156.1883388051138, 143.87248730895158, 162.00839367866973, 130.86465793313394, 159.37712251683848, 163.491148698109, 160.88348709771796, 147.83339611017678, 164.4082779548185, 146.691585982599, 160.30037002718157, 128.5640681849265, 151.8924616359164, 146.01064262399987, 156.27539874646845, 154.14896337374466, 159.0277653826289, 142.04042178200314, 154.80514613431214, 148.58975524524735, 124.80427219621255, 153.94773046156607, 154.00751406504352, 133.10560632675484, 150.9540671321904, 138.45112641086877, 156.58749184190341, 154.95296284262758, 132.37328901583243, 149.61249795714116, 100.10889248397774, 151.91468297105794, 158.9286773605232, 150.4219516194642, 157.34140339611398, 150.0077315105398, 150.92601930761685, 132.08581309963546, 147.35248900251574, 154.54069839706253, 167.9064167215335, 159.193452794449, 148.46160115179208, 155.3214579704458, 159.15755891563745, 133.54625768606576, 153.91233263689023, 151.14685442663054, 169.03023761105356, 160.51840713498692, 147.2058587967919, 162.2384535014026, 154.6776152633777, 141.92918756796996, 158.90986334004953, 147.27999680226662, 160.6757009135262], "fourier_y": [158.78317635913592, 154.7349925377637, 161.73495538336854, 171.96854768981015, 176.94191911514847, 175.65282027256427, 166.21284488344094, 160.76256419393866, 177.75675373571636, 157.56764975300734, 157.6715826061406, 177.59077920804944, 182.53869966466326, 175.9498923375225, 145.74021176849834, 176.57205996320894, 164.46279613637725, 167.91165023262735, 168.782913530298, 164.73802103322274, 135.69046004411015, 160.82216675542114, 170.98885561762228, 168.97268487405142, 179.46650622547526, 178.18468936283008, 164.10218259198706, 167.48480682963842, 179.87521135893468, 178.9656038742333, 167.40607921466082, 135.37385628178407, 179.04444017434508, 166.74150880182995, 151.47363269537368, 139.43933472468592, 133.83704382961116, 144.84225904521256, 160.40480770747223, 165.34440262548858, 173.64773987844706, 174.7008533366614, 176.3631326958053, 177.570681528063, 174.12281166000452, 162.75530365789623, 150.2587686199492, 152.72130038428745, 175.8613335929097, 181.16484967179676, 184.49729368491273, 183.12185176208888, 175.9586482834297, 163.41821473656228, 166.2410233915942, 174.72449993983642, 167.65606983945563, 164.80346239298507, 169.62396974555122, 173.7093756901694, 170.98650981614435, 155.59259785719328, 173.0564755036097, 175.8679482072617], "src_path": "/Users/hagardolev/Documents/Computer-Science/Third_year/sara_guidance/db_3d_models/db/2/m269/m269.off", "name": "m269"}