{"fourier_z": [192.37601978128293, 193.6693967567772, 200.20236647327494, 189.1643171608757, 170.40383976144045, 185.78799547908275, 181.84625222173844, 157.32590041146528, 192.58570263162696, 187.09761124725244, 183.79258191802293, 186.68806634473327, 181.65785240911083, 186.8426819184141, 179.19948133576628, 182.3471188384248, 189.03995482655407, 193.4277412776194, 174.09669532477244, 173.86266049908355, 168.85747131438833, 173.30792228378414, 155.69148315507337, 168.08436956544935, 191.32429531553055, 193.04104880012784, 169.72349284456823, 170.53781927954216, 157.28180070722703, 178.20783652539745, 187.7310322600945, 172.58591449746032, 187.64782234853382, 190.54617454669713, 137.0213440425207, 165.29801317347844, 132.3313594983998, 163.13938175759444, 182.60225919248984, 170.66968702558032, 169.728650609363, 170.55390565349825, 155.98655963583616, 176.7120098811266, 162.76255484851197, 140.088152291262, 177.85859440449394, 180.53441988330087, 178.87768005506854, 169.11025618458623, 178.01500257084342, 169.32591309362505, 187.58734252775025, 186.88482686671935, 183.37529611000932, 171.9660836320375, 179.32263983747814, 176.80929673909216, 191.42776167063738, 176.24044296891273, 169.55756222466846, 183.63594299108559, 175.65785359090205, 179.59286014148967], "fourier_x": [156.87697276304942, 172.92122079924386, 184.65725213821685, 194.2711331725523, 179.95319671558323, 147.3659772227165, 181.42200643765847, 179.8215542522865, 182.60912286476398, 183.81875659524013, 181.72377668982028, 181.9754358527842, 164.60658366239429, 173.8340069532221, 177.51862931791993, 178.91482701247963, 134.69553769165546, 179.12518780173653, 190.7991290661857, 155.9821813979004, 157.99320892051585, 193.06425898664145, 186.65001856782862, 166.76062513567877, 188.23485799432615, 175.16857896857445, 155.78683701645957, 180.35179578317755, 182.77177370133018, 180.50944740680382, 184.16288136762816, 192.7287502395967, 191.18224286426167, 181.4664495743834, 175.76793071314376, 179.7408766547257, 176.1964215272535, 195.8510484043261, 172.7547547897878, 135.3821201052011, 176.07409252824522, 175.0687778484385, 113.26836007157382, 187.54261307489614, 183.12544689166197, 176.1003206871071, 182.9711824270397, 176.5399716622002, 179.56095040029123, 174.31957815271093, 187.40632905024222, 175.90591025488345, 184.5191991885859, 189.06258841550527, 175.9370293272663, 159.19190482475673, 184.88613050054144, 178.0908452693956, 181.08200021354634, 190.43134419344761, 175.3916454477026, 153.7949273890612, 171.62981585385867, 165.5818227959116], "fourier_y": [174.38634751012745, 177.29160646542073, 175.75381555000146, 179.83415906780235, 168.67867335185625, 173.22170137963158, 177.60463329491677, 181.77835117793123, 137.57699963123136, 168.58153887506768, 168.2490551061416, 176.2341764241759, 176.89035034166852, 173.78433576370747, 184.4287323166086, 171.0642997010439, 158.55108925375896, 177.64443297856704, 154.32883706347155, 190.1873537759136, 180.11057043158286, 173.63180731473759, 162.45256736575115, 187.34712349381655, 182.7021567653909, 185.8563047668288, 178.0334732926746, 182.74782869185586, 164.20349097235214, 170.2158371530558, 176.51105538742388, 184.3140621831324, 180.3844238390971, 182.4502955515787, 179.08435258202874, 173.01174293737176, 143.56270187639484, 187.85520585043682, 145.73916969715862, 175.8126613130929, 166.54184914788712, 184.03882128832493, 165.90723525387716, 183.49326524320514, 161.74849668014485, 175.9721965364721, 159.00179450623375, 175.5111062666645, 136.93290516011703, 180.74856869935672, 185.0823330543936, 178.52331096657952, 185.65416379342656, 160.9353606370975, 154.9880710934289, 156.5800805952034, 143.1535319819336, 181.3499117018675, 180.2187057133671, 178.36337492745, 183.60038157878438, 146.92339615573988, 187.596078974468, 158.3844710106813], "src_path": "/Users/hagardolev/Documents/Computer-Science/Third_year/sara_guidance/db_3d_models/db/0/m27/m27.off", "name": "m27"}