{"fourier_z": [162.12425805239923, 158.17525404634208, 156.4710391759939, 130.05616348939787, 157.14141323782536, 172.76450939448625, 175.17762977786705, 164.30701527097165, 157.90769956783447, 157.72527814685662, 164.06078934640095, 159.0050315927722, 137.0750555303, 161.68327714797354, 168.4892416807418, 156.89186462224887, 159.8833336334182, 150.23294769590984, 160.4169256274937, 161.0449919690534, 148.51798037149146, 139.9365881358688, 154.99928069937522, 147.12505195429463, 167.7119052897363, 161.49508048626998, 157.13944231665118, 154.14710698188279, 140.3557900676962, 136.40124596898153, 155.57341810451737, 158.02719011105395, 165.66725681100482, 166.22643992943136, 167.03887843623647, 162.54828779585552, 144.69014528465374, 147.88281547363732, 163.82354201773018, 160.38115633776826, 145.0854448321054, 157.96424630357163, 169.06897088760218, 169.28168878139292, 161.40623807389105, 149.50525022658718, 164.05256301063218, 160.58590214506404, 145.42680289828985, 109.46434068079998, 160.20988124454527, 165.8101158409053, 165.06202634690305, 156.33934328774922, 149.94462393077873, 155.39960178248668, 157.6536866808645, 149.54401351180857, 141.3777785885908, 155.3456348919556, 156.3372216469828, 158.7934451017534, 131.3443920890128, 149.8728725799862], "fourier_x": [146.66046028772962, 167.998841015827, 125.82650462722383, 178.0662703071738, 165.23317860618835, 156.4210664179997, 168.87211788357388, 159.7473771510165, 129.63241764349948, 165.36035342734354, 165.73517906776107, 178.6203659474341, 168.0434072515506, 128.34097377266977, 173.59701901450123, 153.7180007045995, 162.9773735463172, 168.73165141934203, 174.77261052106243, 171.5299511802938, 160.00796814307796, 154.33779729525352, 171.80784851187678, 142.62772120011726, 174.43360144401623, 177.12504628936702, 174.41733935522538, 158.4147343505769, 156.73666429989086, 163.0463561114841, 164.80610304056222, 147.64667605927605, 174.6713524914474, 180.32315753452275, 167.12583076972268, 158.38216523650237, 169.95036320010314, 159.40837925076062, 166.01913643173793, 164.30800575851754, 164.41988414201464, 178.24844752504038, 152.24537186883293, 164.2640561265117, 171.79286298841924, 158.95266223872116, 171.05210240430313, 173.35354568761176, 154.25771086550816, 171.09276610015496, 146.38592539182565, 167.0531450405714, 160.97153733761104, 169.92505619127877, 169.85607116452385, 177.14085115970084, 163.56528605069937, 155.18170192295804, 160.02661811856365, 165.71827332956988, 132.80127052406252, 175.04029732406664, 164.5970750877029, 175.72326385688143], "fourier_y": [146.66046028772962, 139.27929066045832, 139.64232459815457, 143.76119904500015, 144.53105044484275, 148.0515614070752, 151.61472279423006, 147.03005153944122, 146.56126095671746, 131.78374764192637, 126.09593617932774, 142.8547956502852, 146.90689967280235, 147.66793163000287, 146.7931668162748, 136.35410195885908, 146.0184559489767, 121.45793662649447, 96.06090012699853, 145.24139309582702, 148.5282711168794, 146.1887182032882, 141.94071624792176, 120.85092096959185, 144.41958831458555, 115.99312767867482, 124.34779747420068, 148.3080275869457, 148.96416942040395, 143.14243984774896, 140.3536914669321, 133.18002004559781, 140.89938479803106, 121.234907414026, 135.15853599333542, 150.32377499089, 148.01440909723686, 137.76401551394486, 143.7373396547937, 145.72002483320253, 133.97811530772123, 126.2998428003508, 139.77490694427777, 150.85543875136247, 145.78129752158793, 129.3057777725881, 148.60879682514454, 153.34958862971274, 119.12927765766341, 129.91934994682777, 141.26190554337023, 149.9063967219358, 143.36502152572714, 125.71035819099309, 152.73233618357645, 158.3941581270153, 93.53681974830434, 133.19202596254405, 140.69629634447708, 147.68323925624748, 143.7445066779108, 136.46742036857535, 155.73207496787063, 161.78771135414655], "src_path": "/Users/hagardolev/Documents/Computer-Science/Third_year/sara_guidance/db_3d_models/db/2/m271/m271.off", "name": "m271"}