{"fourier_z": [170.73991637424837, 169.27245356029826, 162.28144669982714, 157.15127941861905, 162.7859658311073, 167.2724583636291, 174.7933720787634, 178.7285239313108, 160.7845140685838, 133.87270820641317, 151.19393746899374, 160.28476303842322, 161.15514620522396, 156.7085343032584, 143.00169510280048, 151.06111914785893, 172.19536675416384, 169.42995862130618, 150.7887499909857, 158.84153859839762, 164.86441130114133, 155.91157625186293, 161.37225089822735, 161.342871941344, 150.56098643867048, 147.02458837593048, 132.59719381333608, 170.65432807575777, 178.4953970365151, 174.1902354576909, 157.5988418652194, 118.1485301740726, 162.09746128188883, 162.75743515180818, 160.72531717138526, 151.2976293501037, 152.95017182748802, 166.50326133009588, 167.7607948554159, 162.5859852862148, 149.778695397887, 150.03411832902606, 151.91369510588578, 152.68851406419722, 165.54720224222348, 170.2894241640175, 165.11009304103618, 144.95351665262314, 152.60101184618458, 156.00038832710734, 163.24219070746125, 168.3498774500565, 167.6841816670144, 164.16154703085897, 160.50450512167623, 159.61669560166723, 149.64895799011234, 153.47559094335477, 163.43335851715443, 164.40906986272495, 159.482268545506, 170.375531717804, 174.80795689085468, 165.35553050559167], "fourier_x": [154.7697624498929, 155.66512098654624, 155.4611029506753, 167.1390545902258, 176.08695345484162, 175.86551573128858, 163.80205945948313, 150.01172616574283, 172.84485024999753, 172.11414010933356, 172.37481083715042, 168.04544591155258, 155.31140773710663, 157.81356381586224, 160.83909948727026, 155.80528868634383, 166.54128696480342, 169.10250995246454, 167.86030207578222, 168.95330435785237, 170.47178520662516, 170.50590896363417, 168.1208929313543, 157.00402239951154, 160.7471246655544, 148.0624379384394, 134.06108585012834, 119.40865741593832, 135.52612381759192, 154.86694356745363, 164.77606601315375, 164.98206239344273, 164.77054547679973, 164.0066485293624, 159.7620010405034, 151.40334557779659, 150.56486475798675, 145.02905329668232, 122.92723267365017, 151.61610250389973, 160.045990046237, 156.32657994872807, 162.90847376406805, 162.83801108406055, 160.99540726180032, 162.5660977198983, 158.64983781741932, 138.18407396833865, 176.91471758947185, 168.24005281155087, 144.2172019948099, 156.7629597229784, 163.71751347263793, 164.2250898519528, 164.56480728318823, 162.50557445105488, 172.5678221589155, 173.15888239147807, 164.6087921359805, 137.40552528270177, 151.1997494433422, 157.58155795823004, 153.89369547989662, 147.01780460999254], "fourier_y": [149.74347388427478, 151.4231418048453, 154.78765902217785, 157.67614254794233, 159.207093300561, 159.1223464101244, 157.37784001405024, 154.16337757931834, 131.8543316693911, 121.55199460649301, 132.5215250180543, 141.77709583869745, 146.34301454091553, 147.7317438043239, 147.21175644836532, 146.92503192019086, 130.78455453632154, 118.6493035087889, 127.67695246804638, 138.858921738234, 144.48990942260636, 146.43403438312853, 146.0481383461074, 145.47213847424226, 150.2020634511165, 150.4971040775995, 151.42318932202136, 152.5753839719532, 152.9130577485644, 151.36069589402032, 146.73948541157046, 136.6752108702981, 145.99420017047575, 145.448553518802, 146.7206628848051, 148.79733118980437, 150.10063386360494, 149.66862601080283, 147.2014806448374, 143.68100581656685, 143.57750024792432, 138.27945378524524, 144.382931891796, 151.72867389469937, 156.38288043387436, 158.63586141057024, 158.87313344573587, 157.34780577307595, 149.54631249541288, 145.05714450259842, 147.64265617068008, 153.76770025644686, 158.69618323824616, 161.72784768936637, 163.0226611411533, 162.7805353010694, 161.8711464120668, 156.71944635736162, 149.16972313963836, 139.4437712046941, 136.77004376467943, 143.42626685742832, 148.2415388171237, 149.98294643744237], "src_path": "/Users/hagardolev/Documents/Computer-Science/Third_year/sara_guidance/db_3d_models/db/2/m273/m273.off", "name": "m273"}