{"fourier_z": [163.6064174954737, 137.5252428887798, 148.4960832245955, 173.85448326039764, 176.1917468081965, 138.30357228566555, 156.76141170584918, 169.53799774717692, 156.613964076951, 144.40212266259917, 155.77852381314912, 169.80837146008662, 176.27148851144068, 151.58132745643124, 169.065836814448, 161.5175879123187, 111.43815831723855, 153.27534572102908, 147.16902515371092, 155.40208411591658, 172.81976465017704, 159.6611442268471, 176.01192282538352, 156.5717583868538, 158.71030000605043, 158.34177432805458, 144.49909019283209, 160.39303116763722, 159.00353815507086, 160.83308954927136, 178.36838305534383, 159.84563067000806, 166.31903072006907, 160.44290950704365, 155.57726529574072, 173.755348369928, 148.4786114091687, 155.1850829481329, 176.06800402939376, 162.23441776228526, 161.697847700625, 162.0205628569937, 152.9234396936228, 176.7932801925739, 170.38898437499665, 147.44867828847228, 167.8291038438686, 161.81316416503466, 134.14814799636963, 163.91962698996588, 135.7942794970557, 171.64131866820748, 174.36522606765948, 153.44389090766165, 149.3862726860851, 157.1949387988906, 155.79927999128984, 166.537478214878, 152.50646448614748, 156.81252599445622, 166.52115783219983, 153.59081378138166, 146.80177975999666, 148.52701667598905], "fourier_x": [158.78317635913592, 154.82937513323694, 143.0858098661086, 132.90475913255278, 132.82004648560385, 144.9191512678242, 155.53325999071552, 159.2548411004277, 174.65316008701936, 173.46465917110126, 169.19306550033863, 163.46119111136102, 154.51296891687372, 134.8866434042826, 138.3831312901097, 156.4208436147929, 142.41078166880007, 142.6627221727298, 151.52442928940093, 160.18396291313672, 166.34806465009643, 167.21637444598656, 163.8248473788817, 161.5594179353999, 120.95655901611147, 159.67130103727953, 164.37087958082284, 158.46752238688322, 146.40410577278578, 146.01478141415086, 152.98782830294658, 157.0373389408083, 149.59694870965072, 140.26754789128475, 151.44238672692944, 152.5602574169074, 152.7804088280932, 154.05127901141984, 153.88442351452366, 157.5828168651466, 150.92710260549208, 116.27545689230004, 146.56160732319296, 151.20655184459736, 149.92310515666034, 158.7743191002803, 165.01437936820594, 168.4909537529527, 172.69980625652744, 172.53790342171845, 170.73912497738374, 164.42421540458497, 147.5516442733503, 143.61141062485888, 153.94568181984846, 156.92022896537904, 164.3249040240778, 158.9034345623317, 147.93176246590204, 123.66227311171706, 126.99138043306212, 130.08208776487538, 150.4981349866014, 155.68481201099098], "fourier_y": [-550.054873421672, 172.6129331716764, 157.32598248786957, 180.38492990088014, 163.30292840867207, 169.0806712121912, 179.10650482272558, 173.6069393385822, 165.7311862730353, 152.3770099135329, 169.37348366218683, 153.6467353541505, 177.49408151430595, 161.73217046586583, 173.83914426315334, 185.584995477229, 166.05803320991126, 167.09809318704998, 171.26357812362957, 175.09648061246662, 169.79487728403743, 180.79980808516882, 176.08975404350016, 166.33570309507184, 156.46845424772994, 164.99790486103578, 174.45783063207278, 181.09322888985804, 172.0088062735121, 178.31725628327317, 179.61523859034975, 159.9804770036979, 174.7248396512329, 163.26068925268407, 172.62452853262636, 168.83993607059136, 163.3677728771894, 174.72164767726446, 170.75298719608793, 166.88243266918295, 150.35354982511134, 173.2020649645608, 156.4110934154636, 144.4742412180314, 153.71830043949646, 161.76209773268752, 159.23132583470687, 149.49523470619826, 164.1643745951273, 128.39030097983849, 156.54889573464703, 151.8231603454525, 151.2462023329814, 163.15675604690716, 166.76043435729324, 166.3124026655239, 163.5311322686303, 149.8710975045601, 163.21904305195145, 152.84430122457738, 163.0963054854, 153.37476937314892, 168.48076569791172, 169.45573983800855], "src_path": "/Users/hagardolev/Documents/Computer-Science/Third_year/sara_guidance/db_3d_models/db/2/m274/m274.off", "name": "m274"}