{"fourier_z": [152.41410173676525, 154.09809840801094, 156.38756945222408, 156.2056772172501, 152.55802742855028, 148.7344079151248, 155.05765868779696, 163.95793821681167, 163.4766265504351, 160.96516440846244, 157.66280446830677, 152.74613279270542, 146.06518359590018, 146.57876079231335, 156.38801989848585, 164.32949944684384, 160.8418430122978, 157.48863269164355, 151.85316249954911, 142.5599246833363, 125.55209022652824, 123.94417765130478, 139.59207859618314, 147.19567345952674, 153.44319223682544, 146.452417447705, 139.2242047019379, 136.82000913155724, 136.01661496916958, 129.66557328373875, 98.14057216651429, 127.70822125442115, 149.1369325556288, 143.47222127576774, 147.11009847421434, 152.13153009402993, 153.8347670962873, 151.7388197761952, 144.77543496637549, 128.1097807822492, 144.77394754366688, 143.7157516322704, 146.0959352478355, 149.54521369872106, 152.66010141944514, 155.29396349443562, 157.45950983188067, 158.95148771167067, 142.00975818347607, 136.29889207537232, 132.88035914086853, 140.9914399123901, 150.41695342696383, 157.21241672134403, 161.78951318108545, 164.62152129902162, 159.1407946534771, 161.6169410078115, 162.45509668264688, 161.7906269154881, 159.60180576343916, 155.98838411566527, 152.21534482424056, 152.07539014206716], "fourier_x": [143.0140291518505, 145.26334037759702, 160.13484700910485, 160.39897303324753, 161.17082192405593, 156.77121946146033, 141.39927035469836, 134.24646883820847, 147.98658909503678, 157.6899314797027, 169.48008763814485, 162.4139019960017, 105.46368512108535, 143.27926574986432, 148.93073007901583, 149.4302959049641, 165.60324865684908, 161.8367042568784, 160.11585576714486, 129.85015927325153, 153.91421858434904, 142.37996113378497, 144.92149150021365, 162.88723761718109, 163.98540713417162, 150.44003828625097, 139.0828697032957, 149.11406189866594, 142.82679235065376, 149.76114300595538, 156.3262964199871, 166.3699896375874, 129.4626015376797, 149.4840545691288, 159.12121841130798, 151.3730425175444, 141.14569588568546, 110.88881898767994, 165.93945279823345, 164.79126799910946, 163.69852547594238, 154.32374056856992, 143.28468378820662, 149.02825704076722, 148.7876693744098, 141.84589589887403, 163.19161408590105, 165.93673288219583, 165.1681040759845, 154.4756441176879, 139.96978577972806, 125.55207236076454, 138.0712559137818, 134.69346010487624, 164.3267885524796, 163.27172639568292, 147.3386262767978, 149.96605808722055, 130.1750818207624, 144.6178552459777, 143.93876458039452, 122.22609728691914, 170.49170951725242, 160.77126500433448], "fourier_y": [186.0492732170398, 186.1589977478783, 185.63947862001183, 183.69219896128837, 180.77190214095114, 176.85404662527841, 170.3196873555906, 160.15565308384117, 163.1575922308666, 152.28724689727662, 159.19623667172095, 166.69483905511132, 168.57511729628345, 165.09675929830786, 159.6404034094672, 160.94041392949453, 170.57874949070992, 168.6422929532892, 168.52905564784948, 172.3734835303563, 175.38508443733545, 174.09767833082532, 166.27277445849262, 146.2683505047748, 184.39813358634757, 183.7832340089422, 183.57395385139557, 183.2615912587217, 182.2945910268211, 179.1273672557674, 170.2889625953851, 146.65152585755632, 165.84405821350197, 168.46973982200717, 167.52379068312058, 161.97286558579123, 157.05521784753876, 159.15520332733945, 160.02450680620046, 156.01126784478032, 146.7826390650826, 127.56101419492194, 128.8650658602327, 145.73086583496894, 157.82507824448592, 162.3322099504524, 161.02005136554882, 155.51357111365314, 181.85577979177523, 180.1023049979422, 175.75498479923903, 167.64215400778318, 151.03283265354676, 136.63214582226064, 166.211149923992, 176.69964843762162, 178.82123322666672, 179.02468725440795, 180.19769813659627, 181.06114910434528, 180.47315768937526, 176.2273497756826, 163.27383151688505, 145.69287415071432], "src_path": "/Users/hagardolev/Documents/Computer-Science/Third_year/sara_guidance/db_3d_models/db/2/m275/m275.off", "name": "m275"}