{"fourier_z": [154.7697624498929, 142.06294253498777, 143.4013016435565, 152.64896783442111, 157.6015363358346, 143.5903384447717, 127.51482381893283, 157.25741630775087, 155.297989513787, 135.6883636194059, 146.70817465732705, 154.07484598862905, 157.70863727932567, 135.34682035415756, 124.22432817627444, 155.01862431385211, 156.43370365815218, 133.40612746921593, 147.9421334680686, 153.59712625454245, 156.00701113677735, 122.26675999298413, 133.57207050316885, 151.23768999533414, 157.3740762651263, 136.72290465807416, 147.63385167424875, 151.86080517085423, 151.73927534682002, 115.50057733835811, 142.21721958561994, 145.78158043095277, 157.62475679940076, 140.9503061175967, 146.23357925743878, 150.374883910034, 143.34104513586078, 133.08449038244095, 148.3308454051265, 138.3485955050379, 157.11306875416273, 144.4496822903124, 144.22507785414453, 151.18423442491482, 127.22564878325387, 144.51039822430116, 152.6770174778158, 128.59520221878822, 156.1229179742553, 147.42649585527377, 141.9952615222066, 154.08849401273224, 131.29848878819172, 152.06885423208712, 155.77408810972148, 119.5821074420306, 155.18098333027024, 150.12563027542083, 139.50734382995626, 157.0563325993697, 145.6691487747512, 157.28897085878893, 157.89758019295274, 123.44275969090208], "fourier_x": [175.20278740053254, 174.71897528663163, 173.2575445340348, 170.80229354202135, 167.38485726070456, 163.21535390004826, 158.8764380730993, 155.1940308387383, 103.79409521160441, 128.67887296135734, 139.18349699749655, 146.25029249877716, 152.1395848596487, 157.20947912234016, 161.25085052841155, 164.0320502992043, 167.65062773851992, 164.916635356342, 161.03897594464786, 157.19166228455458, 155.2347263404936, 155.25247813114328, 155.20075812030572, 153.40571240528368, 140.03870537286113, 150.98956373056734, 158.92830028862465, 164.13713707710033, 167.6098298340802, 169.925557648593, 171.40226648711675, 172.19055011984577, 156.13386080696907, 155.63789445077302, 155.89803780513975, 156.3408200967744, 156.29787705479578, 155.09776172894064, 151.90964936249148, 145.13877405539344, 163.14361580277625, 159.18360268359746, 152.93079062980703, 147.78111515179165, 152.12220995731215, 159.51288293298936, 164.8454103771291, 168.05890775252618, 161.90556945162015, 158.1182162507256, 152.76357598194704, 145.53386249517231, 135.92687417851909, 122.7008249968357, 111.35795735165792, 126.77274253241862, 164.51745778927474, 163.63981252240842, 161.9469556465666, 159.5575792734693, 156.70995692506094, 153.91019910379885, 151.9689537517237, 151.58612961592297], "fourier_y": [143.0140291518505, 184.19318469015406, 148.96673559693224, 125.29440950649062, 162.02422249436236, 161.00285871628392, 150.59047541768822, 174.20051071262716, 162.30633536470384, 158.91432846614387, 185.75738016560067, 181.30409867340393, 162.78479481664317, 183.68666348950842, 167.12903280728926, 155.71086774635205, 170.7168000494193, 175.43401053489555, 192.19831352695635, 177.57057647293524, 168.73437737765246, 183.96541546801726, 188.80640725357364, 177.11926370131866, 157.40184079209706, 174.65368826945866, 180.5970490319041, 187.28966568972584, 176.24776224402956, 189.40738316333028, 183.77307665697776, 166.19248755428782, 166.84158407223325, 187.0821858195484, 145.70992270712807, 174.53858069768785, 148.79705394795573, 166.02520317893203, 184.5471102284243, 196.2022809669225, 161.0684912723741, 176.62095358358553, 174.44784703938177, 187.81411092512653, 138.78552681548788, 169.71457375333398, 188.03773744300872, 188.20670123277233, 152.1222408248189, 180.89170700988512, 187.49161823138968, 182.61043706945088, 161.01784385634258, 157.1857184877334, 156.49700253703867, 182.18767282473632, 158.6210725298256, 166.71095298054342, 177.99943806228947, 189.20235986380328, 167.2385782190853, 175.27887807048205, 172.3128127852021, 143.9025817153695], "src_path": "/Users/hagardolev/Documents/Computer-Science/Third_year/sara_guidance/db_3d_models/db/2/m278/m278.off", "name": "m278"}