{"fourier_z": [154.7697624498929, 183.80601838304636, 164.9676571405931, 179.5053379285735, 182.9696132169268, 170.48008376446984, 186.09367947006103, 182.2157530688653, 166.50560242975698, 170.32397205460097, 173.13011120728444, 164.36132339367927, 173.6901561952032, 172.85814765003983, 146.22536248216662, 149.10012779701935, 145.6694369353909, 164.01101649555739, 149.32564114329605, 169.456551250747, 177.47489179120146, 155.91791796552465, 175.2921194592903, 167.74708716360396, 176.5738543683193, 166.83526896042417, 173.71578877080958, 184.54878409139613, 160.86769683870315, 182.57849182913617, 179.8528874617335, 151.91135126605027, 178.94935183550876, 174.9008247603664, 147.86308764044787, 168.42481522667947, 181.05626937890602, 157.37773453652963, 156.34397857078727, 174.98016346430202, 169.19901021410595, 155.28495431550826, 180.62172655241687, 182.64722972760654, 175.45708187440394, 153.01873593758518, 184.26345048989572, 184.23629193978965, 160.19491252306625, 182.98406319230776, 167.60742201553356, 186.30685743022556, 173.9489772247107, 145.25955859169414, 173.26239033223612, 178.87256951743908, 185.24324138105823, 181.56044105972668, 191.0401782723169, 180.36070102682362, 165.1995971223982, 163.07866502119987, 155.5044321037123, 184.0162031535159], "fourier_x": [166.27704534796413, 179.72278425790637, 182.57443830728613, 178.22289480496045, 178.38375606744324, 175.94130170655475, 165.33721455765956, 141.45555924918392, 161.38532250135705, 154.20524705358753, 180.56942463470082, 185.74289416896787, 181.90643721860977, 178.8186843283793, 181.9011034442551, 181.34210175443317, 179.3378689103771, 164.43984620273514, 148.72849888461994, 172.3479633480203, 176.04547929352287, 183.162144603878, 183.96582747266135, 173.25242793143076, 180.99127728385474, 177.58274641682283, 167.48308219845666, 165.459654976101, 178.120083812905, 181.27116898365188, 179.32320414077108, 182.17410723382443, 189.3860380864729, 189.02205438628835, 174.58609860093392, 154.99445009753143, 176.4650275543502, 177.30206435555112, 178.20601936302154, 181.2309934582875, 179.0864032874669, 174.14067768233664, 177.72527593013046, 177.1787265383924, 158.36914815750035, 164.41393213224129, 176.90893731446184, 177.7984316035527, 178.0613151185193, 182.48751022639198, 185.71620268061162, 181.09856450027578, 165.02660616897077, 157.19473145677725, 173.1781208818485, 176.0061710250361, 186.84930685741452, 184.2781670427868, 181.27375497725654, 179.3098390426341, 170.03811853669055, 147.33590495543336, 165.933915824584, 177.8088000438518], "fourier_y": [132.79751667653076, 155.8635884964006, 157.43360774040926, 151.63565386362208, 170.26628459039165, 177.62199697815458, 174.4926045615382, 155.3452846975321, 127.022368986715, 135.18353498156262, 148.3435605040441, 167.89944421854437, 175.07203310194245, 173.12370363666017, 161.30373033623988, 153.1353539685797, 161.13353143442725, 159.01635208371616, 153.8640775290512, 149.18971635479272, 151.62946621408372, 164.90200990772826, 171.05822223752156, 165.38112565632866, 165.546478335622, 165.46315296659216, 172.85860999122565, 174.06253925210353, 167.82280960622268, 161.4709524215203, 163.1898072770143, 156.11438361171142, 169.0089469587606, 167.83502208195617, 164.3025272171975, 159.81646936615516, 152.35804928118964, 146.5935251538951, 147.69649963375844, 138.37090213758134, 160.5839760083918, 168.6078944979763, 172.31907926979687, 172.34877815808522, 167.1876339893656, 149.76538563797615, 136.70148472181484, 153.1630912005149, 163.3859905278359, 171.46535126132352, 172.34490470348453, 170.42528698293796, 164.8006223110424, 152.57772350614854, 159.41668206198725, 161.29052668406524, 166.34608868654453, 174.13400784935465, 173.5012508987845, 169.62773155299016, 166.74434536197722, 165.69526529609328, 163.45556634127658, 152.46117124891433], "src_path": "/Users/hagardolev/Documents/Computer-Science/Third_year/sara_guidance/db_3d_models/db/0/m28/m28.off", "name": "m28"}