{"fourier_z": [186.95852069857492, 185.28732791366303, 159.62478266292717, 178.01755690703408, 177.77447888378475, 147.96052450813943, 154.57788570589193, 172.11940478960318, 178.59000348553752, 180.67894515320094, 182.44722096495968, 178.7744016929864, 147.97188736445673, 159.20228670978784, 176.8436390618639, 185.770890642866, 182.31084962445524, 183.0859650147516, 180.21781408778213, 150.7299729681741, 177.719285407247, 170.6141630543657, 171.6031291949269, 162.24933474522788, 174.87917745765995, 187.77332822850877, 170.3248194948478, 169.39898356316138, 160.1742301792479, 153.9984090958791, 164.2293298149677, 166.24114972538533, 184.0130022311199, 170.8205152795294, 173.78444184028638, 172.817864588413, 174.82516612058956, 162.20416981361237, 177.6757416310835, 180.72077345941892, 156.53508709091423, 174.37723209208374, 160.76096784186916, 181.23447130632582, 138.11478927101675, 168.4711901151135, 173.73451036530793, 177.1908767960085, 174.08151441543203, 161.25262927048723, 159.5471094022706, 162.06966318963106, 158.41893551030236, 167.94366716644745, 183.9170100113695, 178.86228437708348, 164.68553249152927, 184.87226316035873, 145.69034269004794, 170.33350524805667, 161.77552254830107, 129.95825795457327, 170.30815601279545, 160.30439155292427], "fourier_x": [124.68821451436746, 133.21853739753698, 114.51902782798827, 154.27018812311198, 130.42363540081405, 168.16733434983277, 144.18250535324995, 170.16427893018488, 137.10551719116216, 135.9001777718293, 123.3305368789071, 155.68327253830995, 139.9048294964658, 169.14011670684968, 151.5863654030058, 169.3900028730389, 146.9244459122859, 137.10681071352698, 140.85722178619534, 155.91164288084053, 151.9636555777709, 168.89512425603695, 155.29290896507257, 168.19352804834995, 151.69718490884566, 138.3624717814407, 149.5216114499738, 155.6025587004323, 159.01709458519667, 167.6785875641258, 156.6613290077147, 166.64447327689288, 153.53812800103844, 139.08053908410676, 155.43375956484488, 155.34036830923543, 162.97047700690354, 165.81673374271074, 156.5417523574899, 164.80431879056675, 153.71071161881463, 137.9470775788829, 159.86268778467854, 155.43871757610424, 164.8012979303591, 163.6578051791858, 155.86813313210212, 162.84261745792463, 153.20514766573746, 135.5557527094254, 162.9627752418118, 155.71149045528014, 165.0935660339792, 161.43869077636765, 155.62694874323117, 161.00451254085613, 152.5502219706574, 138.1909031212863, 164.62259793537496, 155.62339140329274, 164.34769639641374, 159.26417462953938, 156.09155812697034, 159.38832545115014], "fourier_y": [138.55115812556636, 140.82791264716045, 114.15078711643233, 145.48139089586738, 167.61100107427325, 173.62758563256423, 147.04220228001807, 149.57252613944766, 161.17714565117035, 143.74913350088934, 134.88699791026508, 152.11452920040475, 162.34382581233714, 170.68279630760367, 159.01726367366297, 136.83982849689275, 172.12556912624143, 159.4698621799613, 142.5286348525202, 152.3583093018143, 150.60364561168836, 160.23401657048555, 161.38718742939787, 145.59865846264034, 176.41580260175368, 165.04360927912228, 146.0479896836232, 146.19488891586263, 132.84459886003046, 139.65414947936307, 159.5225001700464, 156.20940425105658, 176.79703384117113, 166.16192514566967, 147.5362091017771, 132.894432415153, 146.9660819672252, 159.10034202622128, 158.81274705725596, 162.26830669421327, 173.9906867561439, 164.8082929757396, 149.89536126472984, 131.31751266720346, 154.67844249692428, 169.12730786235872, 163.43641297921326, 166.07268785690263, 167.83602313988933, 162.41515711103062, 155.8875797085829, 136.02975856347265, 155.51457621830696, 173.10036279762193, 169.40878538817233, 168.73147167435178, 157.63784692971763, 159.93463665125395, 162.30059821298025, 138.67937726692682, 151.4558665994223, 174.5602067768435, 174.4109018917806, 170.43615076170286], "src_path": "/Users/hagardolev/Documents/Computer-Science/Third_year/sara_guidance/db_3d_models/db/2/m280/m280.off", "name": "m280"}