{"fourier_z": [171.715719657637, 153.00676693027177, 177.19136140178054, 180.7737243645386, 181.55961761943448, 172.60660574629486, 173.24639770448823, 186.71250918311515, 165.43702165934883, 132.44565731033842, 177.74187521091932, 185.37882652856692, 162.37746596753004, 173.70454239115435, 183.78290556696172, 189.00548437725195, 179.57455160107514, 189.5704228883435, 195.88329691795212, 184.49902682133256, 164.10978468482085, 171.63710391489963, 186.7838943003522, 183.3345700811036, 183.7345924530975, 180.02354193265592, 172.51482424486412, 185.7955667493476, 160.70180808678091, 192.10481997887445, 175.04821197554338, 169.28544963816768, 185.5394801826892, 142.0038628855614, 194.93296619527075, 199.05667134444556, 187.8836353153971, 177.23722282272877, 172.1017880090347, 173.64126316314494, 190.87998030951812, 185.4895632462559, 175.11159844002205, 191.78627294997995, 189.97427848558118, 182.29297276693467, 180.48644036655435, 158.43760894999906, 183.30699955657894, 179.48588254810917, 174.10473698548236, 183.299015708009, 167.31126293448352, 185.87301481282594, 175.70953842996374, 163.35491778548618, 185.7340141611854, 180.46014384073186, 185.83022968363656, 178.18387390094637, 189.97822130902074, 180.8078934574493, 169.35133015552333, 177.37842616844387], "fourier_x": [187.3980988329504, 162.0201315979173, 186.48696466483972, 164.3036189455596, 151.68652397629177, 183.21122764571493, 184.42875610055697, 191.0174485780027, 193.53969899559638, 176.02124994570124, 193.77760490072473, 150.35703213194216, 185.7875591852332, 187.5841989623012, 189.84496310209354, 165.719813824589, 184.7185499895585, 162.8871051755998, 176.06475358559848, 171.51823808336684, 173.954187431316, 187.595352865917, 177.4545295125496, 188.17343230522837, 168.75646722523277, 187.34361865194035, 176.51128529467147, 172.93386886592134, 181.12583827485673, 168.29807242582095, 182.89478796574758, 186.99472737209095, 189.18963618935723, 190.865989912853, 183.69347330425416, 177.89051898741377, 184.87120800177746, 177.65313502629806, 179.4363241429774, 169.1032469133212, 177.9621664241467, 168.68947932286255, 184.94667580504904, 191.1549288839042, 172.1428391083609, 190.55647481443378, 199.3390683088198, 196.3896042810839, 164.6695231866746, 161.27051034410587, 195.64011424547454, 192.49581352025874, 179.11477862582637, 173.28063172461, 178.99500889265337, 179.36917795206864, 163.1602608807985, 171.910516320191, 181.9934812591022, 163.1262398876035, 168.96656517264958, 183.05774130896413, 172.165791430578, 162.37565495992496], "fourier_y": [180.7554221324981, 176.84748331777243, 182.35194633773955, 158.85498248064883, 169.0718678874258, 138.12156284301489, 174.4930221749867, 177.25106359698475, 175.07394430246381, 173.05383770130993, 185.79408007275575, 148.4724204149743, 175.3114791677905, 166.83030571719343, 189.00300509123946, 197.042019722605, 184.58645387278833, 160.09350279609836, 172.82444390198233, 185.44465316732345, 177.4306842424619, 186.29247863095566, 181.74227248163518, 180.81237213374783, 179.23142458872172, 183.32246946918016, 175.28680241534417, 173.4546902336031, 185.7998956761949, 186.01605502499214, 160.69870130143426, 163.30704078183274, 192.68004342611005, 164.93085599573834, 183.20492148419277, 171.66104074289285, 190.77873546404265, 187.31572747789238, 172.1464244104135, 184.22536898629835, 143.55061388551275, 185.05670779659812, 177.3154973458463, 138.95715659693835, 184.14688653483375, 176.93875437150564, 164.5934547376149, 174.5549293587233, 165.72662249906153, 162.30016055120853, 168.80263306183622, 145.51455573122408, 181.92915099539408, 176.0866164549309, 189.0583010001093, 188.57495851539034, 165.28857693993487, 183.54403547267876, 150.4743476934596, 186.71014756694507, 150.1027429829038, 174.30750608625786, 156.9372579507399, 188.49897768262434], "src_path": "/Users/hagardolev/Documents/Computer-Science/Third_year/sara_guidance/db_3d_models/db/2/m283/m283.off", "name": "m283"}