{"fourier_z": [189.8501452747971, 179.86031401791777, 183.0688604408333, 188.68378139946293, 184.44577601062392, 154.21728416394632, 176.30822327866832, 187.2614520804031, 178.86067873699116, 189.0802018971036, 186.10923473783518, 177.57969123967885, 194.06194596786878, 183.10259857718495, 191.26077916686182, 174.39218036336393, 157.87212608368597, 183.2054062775782, 145.05382514657572, 190.6193753894503, 193.08639153305728, 197.99154616158984, 192.54997880268985, 186.67105059269431, 184.09561943661132, 153.73097384879534, 189.9257460094973, 167.42599030643024, 177.83466088595316, 163.24937121060867, 180.93625145189668, 174.6334639954013, 176.67703945343274, 190.31743600528733, 192.21958098987557, 169.8993291598248, 167.67780427095192, 182.00892190400194, 167.27844111808867, 168.30117938174044, 188.95215716210444, 185.71410032051145, 178.12591143486887, 177.6023322797512, 188.60555821939923, 150.79597496238648, 187.3792090653804, 176.2836204622693, 172.46024657496275, 184.72225795989104, 162.61526445617682, 179.58397255144317, 182.19811583351373, 182.16788116158034, 192.64892522336044, 189.9505806487933, 181.24737764611865, 176.53332653534832, 176.9541521182133, 180.17202101979737, 164.19765869047797, 188.53957797478097, 183.19635532497097, 184.7099773448008], "fourier_x": [174.38634751012745, 194.4308791093816, 196.58700189499112, 180.22663231350205, 182.81918464345424, 179.57353416594088, 165.17464514433897, 181.76289473006142, 184.00486159751338, 193.29017577042072, 194.1377588041666, 167.8744208913926, 195.040050044704, 171.76108280816283, 172.9367744016473, 161.55006387705782, 177.02556682002796, 191.29442069603107, 184.6442941826278, 150.28642861338284, 192.99508010732626, 186.87836523313524, 188.39868631985593, 157.63740647078234, 187.1848375295054, 170.6156537468219, 186.382584977688, 178.47086013369076, 193.2840088052037, 184.41470990510624, 171.386741349572, 173.85400448715686, 192.76309012987966, 177.12960229347556, 200.31182004411596, 174.80849419700712, 192.64894038576145, 138.34629657799158, 157.48691128422647, 171.83130947423177, 184.5460432115597, 175.0154927155246, 180.70109087810232, 167.88045939220027, 185.526686768991, 168.9933657019643, 182.69391040129761, 172.7670889767287, 167.4789437397103, 197.430857080744, 163.60349679115893, 179.41335424789276, 181.66931057129483, 155.45090481204716, 191.00006994344943, 144.47306981371554, 189.12442152154196, 190.4181293676997, 173.21484434199277, 184.25147627064848, 164.02751347608543, 163.3692611915913, 195.22030902450084, 193.14475950606453], "fourier_y": [190.604951834454, 191.41586452525257, 167.9480303964654, 193.66176249977758, 195.47029140721182, 135.12490288308908, 188.46371873987263, 181.85240713634695, 169.57238241742243, 149.02794986946685, 179.5677185725774, 178.61577767963996, 184.26232759294888, 190.2067656666944, 156.38997940014923, 180.48466340203473, 153.3704845539152, 161.5499062144626, 182.7889909154187, 186.069505921541, 188.70439558810023, 151.79896138947723, 190.2200914381596, 196.4761429435492, 189.2402098703351, 165.82851794040405, 170.8011613895911, 180.16758530188326, 167.670387336263, 176.54572783771732, 181.8721436417212, 182.35514782503358, 190.84083375918095, 177.72217935708608, 173.33987074968906, 182.43988320328285, 188.06268511355344, 183.19275772202062, 190.87560818398396, 184.0631281106843, 176.57550200563009, 177.22933639502796, 183.12170041331592, 181.61072005227598, 184.5207333151633, 173.15670713438135, 192.1911583013275, 181.4505397882397, 177.88533821605628, 176.86135039083453, 177.6481274038902, 199.87196978075727, 173.3982702435, 181.00822306259928, 144.7248410549396, 173.00982728453167, 191.1386756386923, 164.5278451396138, 179.26350459808188, 192.12039801533092, 183.02653942403478, 186.70674096361392, 185.53969568006468, 155.33529701711657], "src_path": "/Users/hagardolev/Documents/Computer-Science/Third_year/sara_guidance/db_3d_models/db/2/m285/m285.off", "name": "m285"}