{"fourier_z": [110.82527090316844, 169.59383922708895, 175.5128157616179, 164.4580178251708, 163.67335256821622, 165.53186248682186, 173.8999015704283, 163.0287903223207, 173.83100155978806, 175.75183946909925, 163.76410770015622, 152.70255991370877, 171.6502744749538, 165.28678119985562, 173.23859066655177, 168.2683201937237, 158.6267107913412, 151.87309373582616, 156.3426457108262, 164.23581926878555, 159.0536874999953, 159.36299949188705, 170.7813535115483, 148.61946485497802, 159.78878337776928, 173.1284035110352, 171.6601503856897, 160.25333168232325, 159.5086227663183, 173.51690403696867, 168.57224797522233, 154.07582385449876, 173.78272231000466, 170.2042026034749, 162.33276340020507, 177.50506617375027, 180.2844443089866, 160.22763589728822, 171.44208425949304, 170.13567487076446, 141.80330003040973, 177.30485295575195, 176.16873408301655, 170.98357919052572, 169.47525428247968, 153.2505453314407, 166.34855675444413, 136.21619885055222, 159.79234777785626, 158.2009917613181, 160.19382831443522, 162.28723530158862, 160.93686954563142, 168.89005340801663, 158.5243640314127, 165.06728320284228, 161.13333775822738, 172.55419305309084, 175.0589083059018, 179.93788280754725, 140.0126954345095, 175.02872164063012, 173.82195583422285, 159.87887983097625], "fourier_x": [138.55115812556636, 157.56360635635144, 148.24478456685003, 159.73730002312098, 158.93525544550633, 159.73616138089147, 153.22600335948562, 144.53275540758466, 106.23737321529688, 165.40167722454143, 168.136393598331, 156.23303709979498, 169.67332458982014, 162.85355947613266, 140.76553892972282, 159.7921724107171, 143.46221432130488, 151.1899307557231, 169.5773417862191, 127.29408714503614, 158.20817529964322, 164.07953852215962, 166.76683856611731, 162.95823679338625, 149.3961835292524, 162.68411279060305, 155.16362358087022, 155.70483874019988, 154.58664302454798, 140.3084661870884, 165.96153565712538, 165.1152216314671, 132.60624476627294, 169.6272355355978, 166.3366053078882, 141.7585742958745, 167.19842516506702, 161.9128320934827, 140.48265782788656, 162.18852038237702, 138.0081879723826, 153.01963053608785, 166.96195546860923, 145.2326628286202, 165.46032518471353, 165.0428951814476, 166.9155435243511, 157.53758751254844, 129.8984954210471, 159.761855303187, 121.91342077023448, 152.0454763432549, 164.75635272455412, 149.99264524515206, 171.9060654076442, 168.016833342961, 143.8228325340506, 168.6863363600277, 163.7577376658, 140.03984952558656, 158.47268023826848, 158.6681241458405, 163.77582346019608, 158.96617144192052], "fourier_y": [154.7697624498929, 178.62285989321083, 176.68690346706774, 156.86516896619145, 162.9813684002247, 148.14054646128372, 159.10938904051383, 173.42402439479247, 156.90320520231194, 172.17420995218538, 172.9669946410189, 173.41494985295452, 183.39812248201997, 180.9349174930259, 178.32325989452266, 181.155647082384, 168.69955143437195, 178.87717409051515, 165.22273253251822, 176.54596688260733, 171.52423656763472, 167.29355309254169, 194.23981612606522, 171.4454899339869, 161.5567650343003, 175.6428850952198, 180.46675175874893, 172.11997096892443, 181.42364690258685, 177.91471914855137, 186.96982435520835, 160.27670574765762, 164.41653611839394, 150.48642079253327, 184.12285442246315, 167.5225240020053, 172.3287669739348, 173.63666802455265, 193.21050243203223, 170.29865477577545, 168.37438291209253, 169.15477088846512, 192.56588102984765, 167.6064266832006, 170.75674953553477, 189.21042218414638, 180.9186846579128, 162.4997633045739, 174.08368542666952, 179.86395684930335, 185.68031266826782, 171.9876582842592, 157.60623001511706, 189.90834986598168, 181.07346788926978, 156.74719104545653, 173.44206855643722, 178.79017471612423, 164.7669589513531, 176.49203294319054, 169.94716838712978, 174.2433941648829, 189.6844992949584, 163.3767398288671], "src_path": "/Users/hagardolev/Documents/Computer-Science/Third_year/sara_guidance/db_3d_models/db/2/m291/m291.off", "name": "m291"}