{"fourier_z": [152.41410173676525, 125.205971608095, 142.96046306444975, 140.2717718144479, 150.6792419664285, 141.95520613781176, 147.14596836155957, 135.14980269533973, 151.63403506976604, 152.25486274290478, 155.6791962335436, 138.27987032117287, 132.71530358224882, 133.7022881124329, 153.09885442130616, 133.28677065321526, 128.17687520189565, 148.64799807220513, 144.71160589621437, 118.1815599112902, 141.31439776019752, 138.96798488525317, 153.82715339187865, 134.59780339795512, 126.7073110042534, 153.7821908186448, 148.31645963395425, 137.12106485749422, 150.85163607810438, 145.83339378590327, 160.58177149085483, 131.6951121591347, 144.631455190525, 150.91233933489306, 151.18501189157402, 148.82449319074658, 147.93699317413117, 129.09971430022506, 148.3056737314113, 107.9220205007326, 150.0295465547776, 153.58094693081813, 148.1298265705331, 137.42551882140216, 106.29474482174375, 124.83521171316382, 132.90426548812306, 108.24097222680685, 155.81381724011248, 144.69694924472685, 124.73286795218121, 136.71896212912597, 133.67329891555653, 132.48612465595525, 149.41917067583373, 133.3821788212192, 144.38158087169862, 150.25244218105675, 115.71630530004325, 138.26011712929588, 143.36335117329082, 142.03402343781832, 153.03364276238756, 135.31519475290355], "fourier_x": [168.63270606109182, 155.7372175288796, 183.04463350510855, 127.37555017307172, 167.40381489475882, 186.21752520723308, 174.47219019902468, 165.5904740032457, 176.93851337453316, 172.0578571360502, 161.42624685417346, 159.30223207932644, 179.81945902959382, 184.06550588478208, 176.01830123399023, 181.57338257850117, 164.09758163086474, 150.27676793993732, 179.57745925394693, 150.87178257492093, 172.84678161705864, 181.18435708874983, 172.9345612134851, 170.107427016322, 166.31717561610654, 167.57439187276614, 176.96580012155783, 165.05129109095265, 164.5472678071149, 163.5884544279591, 163.56673955643004, 164.87338055303795, 166.28018610447128, 168.63993721504875, 149.18889358401134, 136.02076251306158, 148.7320483108695, 163.86732129249037, 160.24578620927093, 169.40989754689292, 168.28256489302206, 160.221999489687, 169.0282409346479, 160.21249892267127, 152.80079440557546, 159.21368874165813, 175.04581475987175, 162.96769034638973, 184.38776683956405, 160.84013897438865, 178.67769582806847, 142.76855425364556, 159.57481361786708, 170.85960098594802, 172.63903064811126, 181.63785092179066, 177.56524965382724, 176.44435211292173, 186.0716683043194, 136.56996281677692, 173.0570013040159, 183.45412217217932, 152.14918946802572, 171.73768489717443], "fourier_y": [180.13998895916305, 157.35782000580497, 174.1483539438701, 183.57642173120934, 184.73155173569128, 178.2860968045574, 184.38759976131948, 172.16001504940832, 161.7710261925727, 177.1695079673388, 148.81020234648372, 175.21116230338578, 182.6129211230783, 165.38287764537642, 182.9964954287322, 170.63939679101327, 175.290152856238, 155.87486093669946, 162.82650628310722, 184.83558639332998, 176.75932370006421, 181.59057402861504, 182.26978621098553, 156.65590980803194, 181.46962637377018, 184.3697286637127, 161.5734155635133, 181.7193835357902, 186.06329415399392, 176.19300197891545, 176.82235207589346, 163.98058443311928, 184.49123426936075, 186.9314704035439, 177.2955575800704, 168.50054905084704, 180.4198680317511, 170.04216286262138, 162.26239042574656, 157.70072301787346, 173.85828621932805, 176.25254877933745, 183.46007697015554, 144.2617752954649, 155.5770866992464, 171.7679408986428, 159.63182949224674, 147.9214562364888, 160.89010268726528, 161.40350109655233, 163.919022488936, 181.02026132267437, 172.92426190940722, 137.88770150981964, 156.93393161004565, 171.4532447228676, 173.82493173933813, 174.70420859140134, 162.45576159285704, 181.54508199920758, 148.1197689882149, 170.71378752780498, 146.55481435838277, 180.9064343703457], "src_path": "/Users/hagardolev/Documents/Computer-Science/Third_year/sara_guidance/db_3d_models/db/2/m299/m299.off", "name": "m299"}