{"fourier_z": [162.12425805239923, 173.11850125424098, 145.7259294070158, 163.80612366386845, 151.9992979398358, 159.30812282226907, 171.4781764545123, 164.24534774824173, 170.17775441407935, 152.30450940811394, 143.93057228826956, 167.97281463414976, 151.9013761256394, 179.81360738614194, 167.42183984832343, 163.6233237229362, 155.852798004995, 157.36621733916988, 168.28265873874315, 162.43750996270109, 171.84237313375843, 187.26580863825532, 183.77471708959933, 159.0069204893136, 174.50680590055103, 130.3291254064528, 169.92209388029482, 156.05664390123675, 182.88684548559462, 189.86235163515573, 187.19699293496487, 180.37755567138615, 165.9504045202813, 161.00837595380682, 153.4567076672435, 169.1358914291732, 186.16517081030088, 190.6240578157345, 172.36519179358868, 183.72662798637492, 143.7336916127859, 140.36881650554446, 150.72548251483767, 182.5515702635701, 187.0540653816296, 189.08989404944333, 164.0873141410696, 163.32904582058404, 145.15527632804503, 160.05668603763206, 164.7738042412065, 186.48011825717163, 188.28126299299512, 187.85626874761573, 178.9385403969901, 153.26353160810964, 160.27731157961708, 164.7074426369285, 173.9728662521483, 182.24440916985327, 186.03510190061198, 181.62688584548374, 177.8223497295012, 162.39711316058848], "fourier_x": [193.04274818663475, 190.8221878152058, 184.16849792201648, 177.31864625035928, 178.50615279336284, 179.18751053948012, 176.15865027158748, 172.78149712827062, 181.72579971149594, 180.45798207886128, 182.84335203685868, 185.68465775485737, 186.36815183409487, 184.9990759100649, 180.51973979351746, 172.80978828704252, 186.18209471526453, 188.2818795513322, 183.78812395325113, 175.93593812334262, 171.92228968366368, 171.36498504998423, 170.4806735972731, 170.5676553045261, 177.8110919970802, 176.94373435231157, 174.9391779215677, 174.01934253884764, 174.72444416876994, 182.00765309959695, 183.71960691404266, 173.39468274840294, 157.4492123307005, 168.822522185296, 178.91119286418555, 183.2930434104287, 183.54092961310545, 181.49450290752713, 181.17725434167028, 179.03559409712386, 185.1633341945199, 190.0963344982655, 192.16654504297514, 190.0432986453834, 185.98719274574245, 184.13744379752015, 186.17544829997766, 189.93529394288777, 173.07017426086884, 179.0299239850911, 183.39740461585933, 183.53924067188342, 183.07625081698467, 185.56868743161243, 186.87530381694373, 185.0997886996745, 166.44740465843876, 158.38972358439023, 164.92916928585598, 180.0480652093559, 185.9938188916626, 186.85816559778334, 185.90287242579421, 185.47629265420468], "fourier_y": [167.48953778429285, 154.02123872763124, 185.257303490614, 163.61363770081152, 166.29034865419743, 178.09817165768837, 189.11141197098522, 176.4302115997235, 172.5815693937743, 178.87046675001494, 160.60228398801573, 138.85324006479235, 161.45836795816095, 163.99464116529882, 171.71599898200125, 165.04204448705724, 178.01998147884456, 169.19417007778466, 157.60272260726086, 169.0606983047834, 161.1052118217022, 149.78739422970287, 167.09075637104166, 180.75173606635042, 168.97023447108398, 143.89104958789332, 174.91890939146975, 152.3389641477991, 161.21728539973014, 167.72781341592034, 159.27723266112298, 166.8117607659405, 171.4231897601348, 155.91991646228087, 166.99016137289533, 161.4494059110458, 162.3884153515776, 120.4130693146672, 165.597977790561, 151.83567832984215, 170.78343531671953, 173.84897499662276, 181.39461119911968, 176.93659083868337, 165.39057357277375, 168.54396231880526, 178.5191537430382, 180.12885045675336, 176.61771570027673, 158.9988097414925, 183.5766701559761, 172.4299142904008, 164.4340520065258, 160.6944574126524, 186.94526456104487, 188.83157220708, 183.24916734261703, 180.76691449489766, 185.11311440458235, 147.3267810074832, 161.99453114503672, 166.32567386943003, 179.6260329735647, 176.62442691564732], "src_path": "/Users/hagardolev/Documents/Computer-Science/Third_year/sara_guidance/db_3d_models/db/0/m3/m3.off", "name": "m3"}