{"fourier_z": [180.13998895916305, 159.87718646538235, 180.2567652593006, 167.17329016938174, 172.12735056166966, 172.08905491586395, 158.3802217533067, 173.64645782955054, 172.10696967675875, 180.81066536793867, 172.97048732320098, 166.29065808272813, 165.03628855455446, 167.49898228547164, 171.46916121124457, 174.3765103858092, 177.21056893868217, 164.84926074097172, 175.49936967417273, 168.04644524208751, 179.90912102210683, 172.38663801988596, 179.75538840524902, 151.86493348803052, 165.3568224995783, 165.5166934299769, 169.99163713833295, 162.7696076899052, 164.13249188478957, 165.28908472833547, 178.2531305177016, 152.83510947475622, 172.61441494275425, 164.72940460731996, 185.03095092206473, 163.38162248386598, 175.84734097625486, 151.07516839292614, 175.79410941532808, 155.77933753215217, 165.3759795740142, 155.65479760175552, 162.11240481474962, 165.68918617738933, 171.71866622195336, 167.86373757065496, 182.36318660034115, 147.7417153421332, 170.26825523522174, 142.0714604367636, 177.6225610550259, 169.38119734504969, 188.60219075793822, 159.29029066698104, 183.41812176107138, 156.65583261053789, 178.4377786660983, 171.05061800962, 172.54256085052003, 169.62212183467227, 178.94301767657714, 175.19147981813865, 181.8841065379158, 161.53924329481663], "fourier_x": [110.82527090316837, 121.37646848364271, 162.1279538305825, 153.4376443073674, 137.374322675747, 156.62417710393981, 169.37166507183304, 127.47518693997883, 140.59502114267568, 156.76414982911965, 150.71785241776257, 158.6245496046935, 135.60486426606366, 169.97473748070834, 164.09027449746287, 168.6589178656585, 155.43478803010635, 156.45759399899387, 158.30133989541108, 155.13461704405591, 149.44385409715605, 171.4069289165015, 164.06228174369767, 177.92335977049328, 154.09548942511213, 124.29778761197977, 172.08022417143502, 145.89392521924478, 165.76815429220645, 129.34952136527014, 178.1464339078039, 174.80172390832863, 147.58875058810207, 165.494424418082, 174.52693300221736, 147.81590439492848, 156.70672394303614, 174.06823126723512, 176.09700994739092, 166.1411311230904, 156.15488626204095, 172.64931333025575, 172.0423025961543, 156.2288489343341, 157.58113669901218, 177.98997139045866, 173.39529511722782, 156.31486065429354, 162.2581305204298, 173.20206417032594, 164.9491257580707, 165.0483332753946, 173.49882941789593, 165.2393227984446, 172.1971699527433, 170.757245709921, 150.4111597591051, 173.8307008391658, 160.347056618626, 168.24993467814375, 172.8906018243739, 155.22005954457669, 157.24176553656525, 175.6783265624594], "fourier_y": [124.68821451436746, 164.72574494050946, 169.00297861051118, 168.54891568648273, 153.5042330804358, 157.19025695130986, 159.95855743295255, 168.38423410446558, 147.39466571259598, 161.58502884714864, 163.65972905869023, 153.13067381572833, 165.7331745725452, 157.809370903514, 155.47832048464682, 171.86811485487382, 163.270712996727, 156.73521110443932, 144.59250111773503, 152.8575098415322, 148.4650618390926, 155.05786998299814, 158.56646292361665, 168.12077899080987, 168.2637581823335, 160.16354815585464, 160.23084146702104, 160.90523169755494, 154.58345164832286, 147.07512065089355, 150.2948340425941, 171.9504023577365, 165.4350666821502, 151.15694749736352, 167.36053168146483, 166.54638026289945, 157.74846023076424, 152.71627328256957, 163.31969850961423, 161.81611903224845, 159.27042912045394, 111.47762178193732, 161.66057569648098, 169.65652014454548, 128.50182965570372, 148.99356404923117, 163.41416871663884, 133.88954574183802, 156.76096123877957, 123.2922041255543, 151.64455447858228, 157.25692010862986, 156.58724825363652, 157.0465231441482, 151.74926621515226, 137.5304288323219, 151.7707039213977, 141.4350372232683, 141.4344876377054, 134.82864672655614, 156.20163883755149, 166.89620942347747, 143.01580436795467, 148.14203308786762], "src_path": "/Users/hagardolev/Documents/Computer-Science/Third_year/sara_guidance/db_3d_models/db/3/m300/m300.off", "name": "m300"}