{"fourier_z": [138.5511581255663, 151.67596881534948, 133.87583207831392, 178.04969451291345, 172.2450423242695, 176.4125918726685, 176.4591221907882, 178.38661495609358, 157.66255583439855, 130.3149828789886, 169.57875734028136, 170.846048786463, 145.28283255885268, 179.02277542815813, 170.88788579779077, 159.6021908361717, 174.68908300404968, 170.15410510421538, 159.37889723224785, 146.32981150631417, 165.26836626980202, 157.81880042240533, 161.40931989828465, 147.12579203038146, 167.1710521544624, 181.82265236704484, 177.8424560755765, 169.45033011681818, 174.49412552037958, 166.73152973287355, 174.55545535801542, 168.4385714541875, 160.05303634381573, 146.69649958288582, 165.02927432487198, 166.55323293276734, 155.93957446126024, 156.22441200345395, 134.89307325471128, 155.97875404481658, 182.7134137922636, 169.3975884271711, 151.92928363300564, 171.8699972826964, 169.2274650682062, 168.70231479816638, 164.571494908393, 177.64301979578028, 167.41516304379314, 171.99566150928842, 143.3360177237923, 167.78872022812158, 161.3800649885086, 174.0149578100897, 179.15779982912483, 171.56249484933915, 175.8622625610995, 171.40826927048934, 153.9222866291098, 161.37463931987958, 163.9359982117962, 170.99691772420104, 164.895030240267, 168.34752927349368], "fourier_x": [169.7140504864973, 175.23800867451925, 163.19560001744253, 182.43276258442438, 159.13201331137526, 151.62004910773075, 162.53897451776072, 180.67589808729934, 171.777324486891, 173.13134924535603, 150.57928647134568, 168.84392637484706, 175.51653843802376, 147.53014403107375, 187.55843926502789, 185.6453304094025, 170.467307211493, 184.01459343384676, 167.03037846488596, 167.73772150337658, 170.62852135173682, 125.99588092893605, 189.28915824912588, 180.5531102255814, 133.39268336405053, 157.68874409832458, 168.26576832863134, 184.33379573843166, 163.65660624413565, 151.73261907668132, 175.08622647740185, 178.14385263737748, 173.62584975403712, 183.56628241500266, 166.4978411914225, 166.99117631519644, 173.3442251474616, 157.83921183598687, 194.69905684950206, 171.42910750419222, 178.62238794159765, 176.34834025894514, 159.65017580586863, 184.0726393818075, 157.84088282117648, 183.64414485142473, 180.0258206096277, 158.5196519460444, 146.4775308040499, 166.5775760139368, 180.2902120295458, 183.89330902774506, 175.64516675883837, 177.50681060726453, 177.372030404124, 179.96148564507376, 173.755723250191, 181.0492713914508, 178.11676692993117, 166.77320676609057, 165.68227927377308, 172.94209861156094, 179.8622993582799, 161.41172087703424], "fourier_y": [168.63270606109182, 174.18245750641438, 165.31146248700776, 155.31342136964548, 172.1452664971554, 168.3982788117347, 152.81465502974416, 141.330893475259, 176.64866853969383, 185.438876256946, 192.4177325572968, 186.13332892497792, 171.9750846021331, 172.93037011215472, 163.78583180294189, 166.97250606668104, 167.77173991279767, 182.70200285241114, 145.3300869405448, 165.65838033387917, 176.42828212379, 155.011392534446, 180.08708274872652, 174.33023824396122, 178.89258911963734, 175.6500281043577, 189.92135845495017, 184.39715804798857, 173.6644073546779, 181.45087858984476, 175.52656334260251, 175.9268170800541, 160.11230678690853, 164.58657778623987, 129.4392500757664, 174.9828555734889, 187.38691455863662, 182.95819426651033, 183.35413161657522, 175.29219830438566, 183.071402811148, 135.08616491625648, 174.45180880305145, 157.07105227388544, 185.7355566345171, 179.23338060315632, 164.6240118371985, 179.64621970334946, 179.62541116353165, 190.5169156046766, 161.248251509096, 188.38485152235006, 189.56140452055598, 187.18735491886804, 150.73074926495704, 163.91861930962844, 153.74542607320956, 174.31009637169123, 182.6078273097781, 179.15446043779588, 165.7616372620993, 191.75008226140113, 139.4829409598273, 179.61019477304592], "src_path": "/Users/hagardolev/Documents/Computer-Science/Third_year/sara_guidance/db_3d_models/db/3/m301/m301.off", "name": "m301"}