{"fourier_z": [143.0140291518506, 162.63441251190952, 173.57319208495744, 178.38355677205686, 183.74335959029483, 170.03279966664957, 173.99243460053532, 182.60613104123553, 186.88469213090042, 183.96927152661104, 181.7177009133948, 183.73854707298563, 186.92991316283855, 183.4243391583629, 164.1200544795197, 163.64489564767786, 188.77535224933138, 179.44635670091787, 177.7004840886411, 186.7762604722493, 187.94289963868974, 173.17989401178338, 168.97630061991674, 186.8572453255142, 175.57278246239258, 148.0652472993407, 179.27427272657388, 189.4390102170203, 187.63857235472287, 176.10219226735984, 181.07037711348997, 190.2749253364522, 157.66027575067673, 159.34199479553095, 184.7188346616794, 190.0502777603645, 186.4564092415259, 182.35853757058385, 185.99153666609618, 187.5336131476577, 168.5611784398549, 137.13038947576854, 161.64154454818228, 169.86780468649408, 169.0747957132442, 138.8814665937617, 175.14902970155435, 178.34611636363744, 178.8897505555683, 165.40365128272256, 148.45682979473725, 175.37622528578677, 183.8705992809995, 181.8179211179758, 171.4898240447148, 164.1595249784743, 175.47729385337004, 171.1744786988517, 167.50424862779943, 167.89783041203634, 156.98442151106704, 155.2125358088157, 176.68027430856182, 175.7174322645189], "fourier_x": [152.41410173676525, 162.89965231693492, 171.7687447145764, 183.48635326976964, 152.81685719198646, 149.26804398299956, 161.2233039206868, 184.15731763543687, 156.1199736778161, 154.73381477773836, 169.72995910405098, 183.20043968295562, 154.58390412002916, 152.69676499008798, 162.5899783178952, 185.67385383730098, 162.30488494375226, 160.031423066041, 165.6655326219072, 181.6455143848981, 149.3724113135599, 163.34794503863665, 158.6523523211121, 185.1410467063914, 167.47563722963292, 163.92288579359987, 163.34958393636742, 180.43977149019486, 143.2332553093006, 170.06912462173267, 151.80162633913952, 181.49526302755845, 170.88025747969476, 166.2189039123437, 164.25446644331316, 179.18203633513554, 149.71355733868424, 172.45765800032814, 147.68719521244188, 173.95564759153032, 171.67041262362642, 171.19687850245214, 161.88617957220805, 175.83638276072168, 149.56340771286636, 170.95670362477634, 143.46921861876973, 162.06864052521215, 168.76026834134075, 176.8867002989773, 149.50891187002725, 168.8405220501316, 129.46915613329512, 164.91646938863002, 152.33198173412805, 148.50265018720444, 160.89472431516126, 179.6405334100605, 138.81060108416597, 160.1024619167781, 140.1652450113027, 151.58248587281906, 164.61521054428889, 151.21663925437403], "fourier_y": [143.01402915185054, 139.82361781976414, 131.4188717420143, 134.63231472278238, 144.30739730569388, 149.06842708696252, 150.1333664789819, 149.3604966987135, 142.66852523650158, 136.755806919212, 136.83941925636069, 145.3542501841483, 150.7883294044434, 152.58058054762998, 152.101754249716, 151.04106411182693, 141.74145162767365, 138.75848801066684, 144.75073554037127, 150.87151191541165, 153.65061625557928, 153.8005017603915, 152.71207780376974, 151.75692136421264, 140.43188775973962, 142.33332154034736, 148.78543139816605, 152.84749683352945, 154.02338621304045, 153.3364916872082, 152.21585184873226, 151.53268354943364, 138.79438229352286, 144.1800877381929, 149.87522497883248, 152.62934125892178, 152.9834881347296, 152.16861557549666, 151.5378508114763, 151.39138797981335, 136.84646910614217, 144.28687001269958, 149.43128537423354, 151.63048350819145, 151.88520973179303, 151.54599477268906, 151.698319656678, 152.05905499629452, 135.24445779239497, 144.00758007941414, 149.01132558035644, 151.09201245206606, 151.52045269860997, 151.6922796690676, 152.29507980188848, 152.57347658707207, 135.39160273578221, 144.56037744630873, 149.13470819708107, 150.78448133814848, 151.0420380380109, 151.29304131129788, 151.73390302370015, 151.25322156565764], "src_path": "/Users/hagardolev/Documents/Computer-Science/Third_year/sara_guidance/db_3d_models/db/3/m312/m312.off", "name": "m312"}