{"fourier_z": [180.13998895916305, 104.79167471287838, 182.45559091007425, 170.46273724605106, 124.83765238048312, 162.51120258015993, 173.40785839286508, 177.1873999651171, 174.7393873275958, 175.6219028889491, 169.96708334490899, 156.08381481675664, 166.06857402034035, 169.76450248456086, 155.82264482636043, 178.90727921942866, 177.5177751712857, 150.72266904098558, 172.72051483261606, 168.53280399233608, 154.07533585283136, 176.64481116669032, 175.97254355555953, 178.0621673134924, 181.52972183035277, 157.15255159167992, 160.03474174208174, 133.38559599030538, 157.92256640399836, 165.4291591338656, 149.62798558517773, 173.97844365248966, 181.18889288413268, 177.98631743401984, 156.57422995912498, 151.7429273955044, 173.38631910614848, 173.37350515816016, 173.00403600492302, 177.755046589797, 173.12197155041733, 168.2640563957696, 151.69915347032776, 145.02668154473938, 151.66754239480014, 151.25109419358762, 164.36919219479165, 173.7730030921946, 175.8669240257393, 182.0089169453496, 170.2063271514118, 167.59201976453625, 181.8016585871749, 181.01715098786252, 168.23274323116436, 174.38583960865455, 172.01129333587207, 176.48207214828713, 174.01074303629005, 142.97635891909485, 157.29858967656926, 180.74228593629311, 171.3954242054043, 180.4825959026639], "fourier_x": [176.74200822325508, 172.66988174009643, 172.17112759062618, 166.927099834716, 174.64539861101682, 169.49456467648014, 178.8774713200975, 178.0508928869008, 171.20126681127928, 172.6666705402239, 147.2516588966744, 166.58543104017537, 144.75782141758057, 185.91152560487126, 179.7555709713137, 167.6708234470048, 154.47459326390222, 134.4258278579195, 166.34092234722084, 159.98489530824335, 174.5795876882043, 148.72367594390056, 169.63892067959063, 167.75462354022443, 141.43115551119362, 157.60627010296093, 149.6492518605391, 177.82375637220736, 164.16196134931963, 160.74272410619767, 183.60459278914772, 153.58466788031654, 157.27694389606577, 165.60512823616028, 169.04427214084825, 147.09945955332114, 173.1302121525643, 156.25786281283746, 133.25169808850137, 164.25145358793594, 163.76600850025983, 160.1155699035454, 174.28104663021935, 165.85315010520924, 156.5711095492591, 151.2203428409096, 172.32492997136464, 166.92185022237925, 152.36988520858705, 119.51544206180759, 174.092027010758, 170.27994296961606, 171.82327860527772, 160.45035070259647, 171.73366800189146, 172.5257965866497, 144.58396915818935, 177.68678179636635, 158.36645528318363, 158.97816964103205, 155.2857613914153, 158.0449822356697, 167.66814431776595, 138.89727820100833], "fourier_y": [132.79751667653068, 163.64465940657522, 175.26202910512336, 156.90290742047208, 153.09728037898614, 165.8479597931404, 172.7090283283353, 145.31631737356486, 174.39547017888728, 186.58916359603217, 168.87888286025202, 154.65761189356485, 169.5153721071602, 175.0478470508436, 165.08058020554142, 168.12526631593073, 150.92593319200947, 163.75478573182846, 155.43537692251658, 173.6992918945431, 165.93966441535406, 171.01368775063543, 175.85075006937458, 166.44186792919203, 171.46739215210664, 165.80307820728746, 177.13439396026098, 165.81519175641455, 121.68602709094948, 167.5186287733478, 152.87599041971342, 183.07580791696876, 181.86283443493375, 172.8911153167628, 176.2695505779811, 139.05531734229007, 167.9436717166347, 164.74547742051715, 147.83636981781203, 167.81666394125858, 150.54302492150902, 170.67516765694813, 190.68311087139466, 184.0322130792934, 149.2639980205496, 171.85559710452722, 173.9652042383027, 149.16431806526302, 180.07150131044952, 189.53465702745135, 178.27572256722374, 155.14405944928538, 170.3176019701266, 161.19636052318782, 177.7804757272759, 162.81744058937596, 170.8432559681018, 184.9641776154844, 182.399932398493, 157.13128444619235, 175.55348857461738, 176.5644787214781, 172.01575616710275, 180.8876215799228], "src_path": "/Users/hagardolev/Documents/Computer-Science/Third_year/sara_guidance/db_3d_models/db/3/m317/m317.off", "name": "m317"}