{"fourier_z": [177.4693611066726, 163.30709776361857, 174.42245730949068, 172.33319151594958, 157.53894707715463, 170.74018095682777, 175.32331809937318, 174.41423498180308, 178.9998896946484, 180.4177931946432, 178.7655814045833, 178.96704791544576, 168.95074189664024, 169.68216308843324, 181.91420864092808, 179.91879724462788, 172.26116238135748, 167.62396531067344, 169.1284994106546, 168.56361651542932, 147.2939791107229, 172.1912681476742, 168.04734562711923, 167.6596909730065, 155.5216628595174, 172.89564402603477, 173.22221336421595, 144.33047124648385, 167.53125251693837, 171.00079628275273, 166.80770614114067, 137.5438083243048, 183.49234020062494, 175.36079090762053, 156.47295118575994, 179.31391646992012, 181.30309183947378, 169.95951158657886, 122.35243880939551, 158.36393475878023, 180.4408395931561, 164.54871618550715, 167.11377225885101, 172.53670776419978, 140.89344558016876, 138.04628168984124, 150.82776273987594, 162.31795996671354, 162.84635839082006, 164.88914654164557, 154.71032422534265, 164.65442501064183, 166.8298732349028, 172.2133690767551, 137.52429617221975, 177.1120770457928, 170.26112884017905, 166.31443433767714, 159.18615669477114, 169.57840847402667, 158.27659116086343, 134.63613700500014, 168.50325259324, 176.3589426506656], "fourier_x": [152.41410173676525, 160.10686558664108, 148.334912108887, 166.15898119916264, 152.32779649335808, 173.65954033402258, 142.33277214763322, 164.68360853924833, 166.82153401947653, 171.04884018781712, 141.87076071996853, 157.6768805898356, 156.67375421733703, 170.98436712066382, 157.72321875194197, 112.19627204339888, 172.899349179737, 178.1404313760248, 152.29554234350513, 167.08804951351595, 174.22092763974047, 150.35320799227688, 165.16331698839883, 167.5474005654425, 167.687859440976, 179.23637386890215, 170.54315222012121, 170.9058911709516, 174.6093685814203, 163.41458539174684, 157.82326026595302, 176.21642533927042, 166.5167179102965, 171.37483878014734, 174.68984107806304, 167.01415753845458, 160.2188381468692, 179.83958863332253, 142.93097925446514, 176.47163455617715, 174.84806334130366, 151.46167375148377, 175.3234748841412, 161.89029179080424, 175.6770314433325, 179.1938107508488, 160.0388747156997, 177.4195023565052, 173.54834722213144, 175.69840135785117, 174.20986438318926, 156.24343888131813, 182.3327503934055, 157.5153599891055, 165.60740882804066, 180.10286578952116, 163.378809794509, 179.63045075046443, 170.15666900971425, 139.73480500801668, 179.30705723368925, 169.16754731553948, 165.3692603021214, 179.8194504931428], "fourier_y": [184.60285998544725, 163.44754344447918, 152.1565621949335, 163.20377773327922, 179.48703673479105, 159.61157074817166, 181.97033562403226, 164.4159407606678, 174.8041837997543, 132.05532056193073, 170.86710214863362, 155.1071107032722, 154.8714119746984, 170.29355801979705, 172.8104613610117, 176.4824246005515, 164.96440370221993, 160.68268192163526, 178.72455204703056, 163.10315246016486, 164.06312611556785, 160.95718929293673, 166.7970900864587, 160.67889256123158, 179.68795565497234, 177.89878803741863, 177.96773079125148, 166.255776644155, 167.22265450244788, 157.26379809160707, 167.51883753091892, 161.35040969384966, 177.66225507054426, 173.86497507093696, 160.41423314024962, 157.29302956370813, 141.37395195670803, 157.18714713901565, 166.94713165382214, 169.31700409738727, 153.7171091048511, 155.47242458439032, 130.8582784323736, 158.5476291801003, 172.69974110940296, 163.9304761471412, 175.1013603511336, 180.30737974706517, 169.53487621406816, 148.76030948210717, 165.75335266070368, 173.75623093725756, 177.0359159414009, 161.4925608918456, 178.1118842175186, 182.01277833203505, 174.2134742759291, 162.5962644207769, 182.41235334148053, 168.8694149998733, 147.93358318946756, 168.20225308529876, 180.52038605685053, 128.0317466205831], "src_path": "/Users/hagardolev/Documents/Computer-Science/Third_year/sara_guidance/db_3d_models/db/3/m322/m322.off", "name": "m322"}