{"fourier_z": [138.55115812556633, 164.61294147604582, 158.16760839190002, 168.18735037341332, 163.56697252615842, 171.18505390784713, 169.3572789889326, 134.66584286872663, 172.14582051374262, 158.89052252841552, 159.94079861207769, 158.2832237369247, 163.5383959801602, 150.74218651750436, 169.03858836140896, 171.14269282319555, 165.13871628020254, 164.71853635213336, 168.82323797845956, 170.30422354679808, 163.166920276356, 140.56054140300859, 164.33062645065317, 162.69024421767054, 156.423898048478, 90.31737042209947, 165.49896846693457, 172.35847687834053, 167.9376500176042, 130.05067220861, 165.21452442065305, 180.12669253435905, 172.79983245308296, 161.06520299997294, 135.96323682916847, 159.42262700745584, 165.10746980547904, 156.68185018536235, 169.93980241937365, 167.7406021890052, 164.34357372683638, 161.65090208006632, 139.64863861095282, 160.4552651084693, 153.44263079685715, 165.68113678970616, 137.04618493538877, 171.81880422457223, 179.56407242080815, 157.12861364086646, 177.60253789954646, 158.31171100603987, 164.37447064577964, 168.9373167481833, 143.7590958588112, 165.10677209179272, 156.32370934230264, 177.26346851240837, 170.2087377257723, 163.69876054492497, 117.82682045186294, 162.28055387303323, 166.55104079308003, 147.57559536711122], "fourier_x": [110.82527090316852, 155.85657702310647, 158.94400225562168, 158.57510160846866, 162.97387975849105, 138.37857029875974, 153.3928858636461, 152.57111263362103, 146.96734221000534, 136.75448607872033, 162.7705391395665, 161.866686407907, 149.06317438756088, 148.25424002721797, 161.6002045345172, 143.68160088682814, 154.7599348964013, 149.6679725581515, 164.83223984164724, 170.82668305189316, 155.01993277961876, 141.24150551706484, 164.68009476925914, 157.6307803418437, 150.72723685098154, 151.62887604745194, 163.38740619157545, 177.11219853145693, 159.67691999158146, 131.67357773592903, 161.97014455454564, 165.10763972431275, 141.438068454922, 140.4259691473594, 165.99397020515562, 177.37364206446202, 155.34603783406112, 159.99202857144365, 150.75487463173806, 168.08074413219765, 158.57311402007835, 165.32513108579818, 168.63608064858516, 168.89744070934705, 164.39737246936775, 169.05081765105217, 103.94021553814025, 168.9292908486962, 168.33254797457815, 176.20389314128514, 163.30064711281918, 119.45290830098463, 176.02294831602558, 169.55640479337683, 141.54845949994495, 169.5645410482894, 169.9804106534105, 178.11961582361246, 149.54638433258236, 165.82212012711838, 181.12259481946143, 160.01622399412133, 150.25790999791414, 170.490672063095], "fourier_y": [110.82527090316847, 164.72240267217813, 169.1078370243145, 123.1420927001721, 162.52621419012826, 140.97186630473635, 170.38453327435417, 164.49672360031414, 155.08977815167202, 163.6612751590015, 164.93605792019608, 121.14518564720242, 146.955566386897, 147.26487310036228, 173.73634925032025, 167.3457167449742, 169.78296522366176, 164.56977005438137, 162.31203961207166, 154.9811344349123, 154.9664806470157, 151.80029878981094, 171.37340193351264, 167.01485134758244, 173.92911180802838, 154.16976389906264, 167.42903547011565, 161.7017419160388, 155.64760011726298, 105.61692929305246, 168.12927903014315, 167.33543110745924, 169.27752404364117, 153.319502345781, 168.91264471326684, 151.7358440840606, 155.9604015193828, 153.49956340243298, 167.25230562172527, 170.50306258115245, 161.1438179983932, 166.78564751100703, 156.85207193716414, 160.1162955778562, 168.79938107482448, 160.14439116092703, 163.98226060991743, 175.04833884630128, 165.528641382653, 166.61695833397945, 151.0045009667424, 172.34250112230893, 173.151286113243, 151.35128926128706, 160.30149010345446, 176.16628202902308, 166.81625287943123, 157.7824047843747, 166.44890405158193, 171.66621767637133, 171.90219096667633, 151.47405214520057, 160.11383472610072, 170.40335067318867], "src_path": "/Users/hagardolev/Documents/Computer-Science/Third_year/sara_guidance/db_3d_models/db/3/m329/m329.off", "name": "m329"}