{"fourier_z": [196.9065727672519, 174.49631963910645, 168.97192421178164, 142.4420453986527, 164.5881994887136, 153.96925901043724, 164.95697719709244, 170.06920471403066, 182.96589872046883, 170.71586914722306, 164.5541786152482, 187.6347578232783, 156.51121015907384, 160.94042161252696, 171.5073394979027, 153.60855437710325, 176.62811455942312, 165.8650547851654, 165.8471681605656, 171.4369047845999, 183.05430145009632, 152.57111879229117, 154.94694202470117, 178.91170585847897, 159.15815163188836, 180.1282861014809, 160.48018389245277, 175.71649491014847, 171.2748943638145, 180.7480207316128, 146.0060351930425, 178.14536875420134, 160.656610108473, 172.5068385039404, 184.46286867969803, 163.54262907668732, 183.37415156921523, 164.96961613981358, 157.12035456032328, 182.58883339817925, 172.7186471537043, 156.5335118869117, 172.34075068371777, 152.58593544384158, 177.81545604015037, 167.55553464131611, 170.3095970266983, 149.2508099474615, 180.0279396132814, 178.51605698749538, 184.93420568673403, 155.4412816391035, 182.4859160033717, 171.70134087284305, 136.3573144855366, 176.0414125219347, 163.053254032227, 162.01368859066292, 157.88495641286357, 145.3731377987245, 192.03929001818236, 181.87953665037654, 183.163452762649, 163.07358910677698], "fourier_x": [177.4693611066726, 171.6588068167353, 144.5487230292959, 153.2453522374663, 181.53388868865255, 182.87576144448053, 190.96810492675826, 172.39328491114506, 133.17518393092448, 168.1805955160936, 161.6032179944327, 171.88920504419121, 175.50673800299916, 177.67302638671126, 187.12614453101975, 180.45825739360043, 149.14065738959192, 170.1791229073218, 159.99223088416772, 168.36569612478033, 175.1499580090877, 187.48283888024034, 176.14372222357935, 184.81701997184484, 167.66907545447282, 184.0964361276445, 182.37391372796372, 180.10480393912252, 173.77784804411615, 172.99399339054034, 156.38600184035803, 167.1186116958466, 165.78885284573096, 158.90221113756024, 176.4593176703313, 69.82221418327725, 169.70120097854644, 173.6446795597166, 178.43808840081016, 164.30513072557008, 157.9169411429274, 171.70608235420335, 165.28541348719105, 177.95985448755727, 160.6052594352218, 163.58046849844987, 185.24573874780177, 164.91042536121813, 171.304760992721, 180.08764486355, 159.2540837387176, 182.64014603898238, 146.26526964483423, 162.24459117544023, 181.84849423772715, 169.41231022718955, 179.11992340626443, 160.1052634293708, 148.95378554397507, 178.84576236351631, 165.7516024269668, 182.42137773211118, 142.22493314667338, 167.8776924446869], "fourier_y": [132.7975166765307, 168.38156580757828, 91.00227426603638, 141.86136200930656, 166.9465678544722, 118.87393673810648, 144.86828521722623, 178.05575226148306, 157.16911038050083, 168.3261554063667, 162.0706958928656, 158.65120572504333, 151.21626415640864, 175.14080372146867, 157.49194570025335, 164.4815965429538, 164.88361598314117, 177.5679818159944, 147.52424842929213, 154.1598318528188, 175.62835484018208, 168.24468967157367, 180.59747595153948, 150.62287384740267, 165.36647108914323, 176.81659927328428, 162.03752594602298, 152.94036423752001, 162.53573723992392, 168.92292001471222, 183.97739596320858, 154.30034319523313, 170.16161904426386, 166.36909702232367, 168.382312011078, 166.25298781098124, 182.0842234126173, 167.5149340670454, 184.53687393666738, 127.94708417827877, 174.33599798641058, 157.13670498039096, 162.6451277067551, 176.25499394264546, 184.91207414989714, 156.48318999585055, 158.64294084115565, 162.77627546785448, 136.39745210522395, 123.58875566432695, 167.50305407141695, 168.55398505941542, 174.7868847216637, 160.2574030827932, 167.86382377064373, 162.89777082425078, 146.72076049710262, 147.5352412329929, 172.9918976541288, 150.9150694547598, 160.0009389655935, 163.14790725736717, 143.53316403753112, 159.562079097615], "src_path": "/Users/hagardolev/Documents/Computer-Science/Third_year/sara_guidance/db_3d_models/db/3/m332/m332.off", "name": "m332"}