{"fourier_z": [154.7697624498929, 143.65687204707035, 167.68898088334436, 159.37379775834677, 161.30761115280188, 149.9176331052715, 144.36719266708332, 154.7892875880007, 156.1518336794457, 159.9146469855013, 148.47843374696075, 158.65146672297467, 158.5284451927446, 142.884909766496, 147.91741954956748, 153.75781847250036, 151.38917898175072, 153.72605841099934, 137.7525813844701, 152.33916052463456, 155.25241067255038, 155.6001152488499, 136.81545589863484, 134.71673493282665, 160.5028756395199, 153.1295155050599, 164.5359379120325, 144.35565474219788, 163.462396380596, 161.83136612376515, 132.44964493475092, 148.15165058530863, 154.2927482310276, 155.72480444132776, 152.73678821229865, 149.20006819139508, 160.92231197897829, 165.55166234183844, 154.78473683584423, 147.6409955263451, 164.48343370387644, 152.54411240907032, 141.83752307025858, 154.1602687422353, 155.03313020037317, 165.4698922303728, 149.54598033025457, 152.96641103848663, 157.8767535839006, 166.42820689661033, 164.4561770578532, 140.5880233338012, 160.208771722635, 153.10997926210155, 161.4041116338296, 158.84731112435415, 161.63743975445067, 147.5132405542328, 146.98321355671132, 148.88749944943837, 147.72765451545783, 161.0814127653741, 158.30474533748708, 166.14565957963922], "fourier_x": [149.7434738842748, 143.79230188586024, 151.1479097296326, 162.51438884477253, 160.48466147405327, 151.30452414679306, 157.92888774015555, 171.0190803589721, 149.98701635542454, 146.90673583135057, 146.2775689094283, 157.33243503209113, 138.7812102436614, 155.34836818729002, 169.0662429318134, 168.93742940674713, 152.21675560325968, 144.7858605349504, 116.50147662110643, 142.46340645066962, 141.77071127521648, 154.643064573083, 169.79729528969528, 159.61746939546228, 156.64478883008158, 136.5063850627367, 138.99607177866204, 133.9002259534743, 151.54069863544703, 141.32397384496358, 162.90058317586062, 143.75500882692307, 159.54068719181618, 149.43865801513755, 149.21196255145165, 148.42172827804058, 135.53328728673222, 85.79819137006892, 153.98419141036152, 134.59038942177617, 158.43599306807445, 159.05492425376107, 144.56720250907878, 147.4080190778612, 142.80294879577298, 123.42828599767957, 155.02744516786106, 145.36373284986612, 153.43563355524466, 158.51663767070713, 126.23964818263183, 130.50989801132314, 160.01775050803008, 110.72770784317069, 151.76877386189093, 154.19833849470334, 150.6095408319511, 143.10479690249835, 141.79310931928538, 126.534440712068, 162.44904600721117, 137.3167629801374, 146.73036062497636, 153.364737264556], "fourier_y": [167.48953778429285, 124.50887471519009, 155.57791916222254, 162.87443621292374, 171.11728135494587, 174.55337775072474, 173.38409359179332, 151.77956099701288, 153.93750541507453, 153.84177572453837, 138.96336588593047, 140.4463840259032, 168.88386679440737, 170.8100597786833, 169.9493022438334, 171.50204234921165, 154.54004181798035, 136.80535638716208, 149.82121017201615, 151.37729155966497, 172.21312564639052, 175.2294144258616, 169.6312095725894, 171.75170126222912, 166.0811387443758, 137.31629418809712, 137.32271740413816, 147.2140960159064, 166.9539208099223, 178.1119716424907, 176.6338286366377, 163.68380943219435, 157.6514897476996, 140.43784062054266, 121.36565725943112, 151.2527076941759, 161.68660599420247, 175.2165682398314, 173.5073736382631, 162.58745309134017, 151.08634913202027, 158.08576096358874, 145.0332874426993, 141.82273085863696, 171.3303048527523, 174.39795858611632, 173.99703982465863, 162.51278490969156, 148.0378218769255, 165.25228218493257, 158.45042185795037, 133.31897123470435, 171.97353415585172, 173.57258428638647, 175.3377032672353, 166.57622380344324, 144.35461325490746, 160.53051783815644, 156.84853130396556, 157.3644488566058, 160.94757058148403, 181.34424478426655, 168.66704794178122, 153.99504975887896], "src_path": "/Users/hagardolev/Documents/Computer-Science/Third_year/sara_guidance/db_3d_models/db/3/m334/m334.off", "name": "m334"}