{"fourier_z": [166.27704534796413, 182.35794792792166, 171.7266607420163, 156.14735071855824, 187.28489276125399, 187.7291074325846, 181.64699395543184, 146.56790373374488, 166.24103348293158, 169.09817732662245, 181.09523528197508, 165.0146263291429, 174.86828649832137, 178.11719837262655, 168.21499119029423, 160.58631380355177, 179.59277107556454, 177.82227546737715, 161.8397341336982, 154.0419740792991, 167.93081423076157, 180.38483780988017, 179.21404181238896, 168.63856697011835, 177.9287768632835, 192.20175749132784, 181.00775949819905, 160.13642274319045, 175.62691239896145, 184.57758627343014, 179.64449962338082, 123.72138542607117, 180.46730375503913, 185.1529289391102, 178.13033724830063, 167.16202114503307, 167.88143401311046, 187.5988148499749, 160.47894076745325, 168.28035539825373, 163.2777855434839, 150.72410059251678, 157.78110931769174, 172.87016083457002, 151.66195704603552, 185.37933940652044, 162.36693061094752, 152.72721972463154, 165.5954025856553, 182.50096228803466, 172.6675587886605, 162.20561714855734, 158.00251628134868, 179.6191941415337, 166.59362087741667, 180.6775996037027, 178.8928500690329, 171.99925984958816, 154.89093351041103, 153.1214387207289, 163.23969306701173, 185.0309702402347, 163.24695138715586, 176.64639550246366], "fourier_x": [154.7697624498929, 155.3712089294412, 156.95841853602326, 159.04848990598023, 161.1638883519694, 162.94639502280614, 164.14324412755664, 164.56133125988455, 155.66345942595336, 156.10069543353757, 156.64919995186176, 156.95308661638967, 156.68690093404086, 155.5533072575897, 153.2146344022136, 149.14855072149132, 157.89688475969206, 153.75069167585497, 146.2886792561762, 136.6083067233722, 139.91387339395936, 149.35618369192613, 155.30308705541017, 158.28236739927965, 145.8622056948517, 139.14077379984573, 142.19581813042493, 148.71436538996142, 153.29178594614578, 155.85091722557505, 156.82678782537616, 156.53457119574563, 161.94498010816505, 154.4494854285357, 145.54817179861027, 145.33317083182445, 152.17790419196254, 156.98712720701909, 159.08369645521054, 158.84416279032743, 156.96914004488576, 157.98416544047382, 157.9896914921837, 157.0220908673139, 155.24889223217724, 153.0251814920784, 151.0160522177315, 150.08571731907057, 132.82141068322554, 135.61409967430637, 140.51757341189523, 143.40795363703387, 143.89513770274624, 142.02860394072076, 137.82775939234088, 132.36325666336012, 157.17972677613824, 157.60269785513137, 155.08883024552068, 149.10354805257523, 139.07987067659593, 137.60978155636587, 148.7405830977426, 156.54523033998598], "fourier_y": [138.5511581255663, 138.6858962482471, 140.9606205057484, 145.35813982281238, 148.37788449467854, 147.98972098271955, 142.9212778447214, 131.21916800537872, 146.47584505105795, 131.72513027490712, 128.2978357249866, 149.21710024716538, 157.4354438391862, 159.99651222819185, 158.32178499478454, 152.4681495444989, 134.5115433799014, 121.2559640206548, 142.71795190786438, 152.66269713366836, 155.6860543888484, 152.897770555471, 141.0350495148718, 105.81341668403617, 136.96296634255296, 145.70062090542305, 156.15382899655825, 160.45974504616393, 159.86559680052108, 153.9491205663359, 138.3358693350481, 111.55712736277223, 146.71874432478515, 158.3943078168343, 162.94067307463217, 162.94544126374592, 158.59915801527086, 148.74444924743761, 135.65474674586287, 142.23383626709125, 155.57405594817516, 157.28754337311082, 157.56808481353912, 153.68112696243992, 143.75585303391904, 142.41404699031673, 154.98672835715462, 161.67980894906907, 151.14275939635596, 155.73939009565473, 156.4248076364238, 152.7119702754675, 142.00522805786017, 104.52558898657863, 137.71602033052287, 149.5096966727152, 149.57386076671105, 155.15603576850623, 155.8602978889487, 151.8849010373316, 141.2876169209865, 116.6308463877281, 131.04718075367177, 139.46434727481952], "src_path": "/Users/hagardolev/Documents/Computer-Science/Third_year/sara_guidance/db_3d_models/db/3/m337/m337.off", "name": "m337"}