{"fourier_z": [168.63270606109182, 163.26529690184245, 184.29532945485963, 149.14521358065844, 183.7333544697279, 168.60924648724273, 177.26534213282798, 168.8974058590004, 165.60393300015699, 175.14853362134835, 149.0733189518166, 169.05217189537066, 176.45072626234239, 162.06757480773865, 185.43361755478006, 182.7931873186942, 171.80865466617686, 166.05418774073627, 174.32312141524437, 183.1114411545947, 181.1177819201784, 162.45985464936518, 179.44417675188805, 183.49325881213827, 187.33188543066848, 145.49598815820016, 184.3939555164529, 175.64142712459721, 186.17640641584782, 174.3170481427492, 165.21444829806796, 160.97586091343987, 180.98767294384544, 158.4495961842259, 188.16030088583344, 130.01485004753587, 171.38294650865373, 158.53667006919605, 160.1701066003915, 166.4027566242694, 150.84625465828654, 186.05356416676233, 179.2255654190622, 163.59931814316786, 177.45398813232993, 176.97546106848216, 174.43517858477986, 162.47196528239127, 152.29844424800464, 183.53743728009076, 185.45573340650262, 165.34959857296172, 180.49843017418635, 177.05581613865135, 180.03252855390502, 157.71787561127016, 162.88211368239354, 140.15248697234617, 179.82564462771364, 152.7555221489705, 182.36866180409692, 175.08736069182814, 173.6812629371752, 165.21131500420427], "fourier_x": [143.01402915185054, 150.10630107520754, 156.52319010265526, 156.7049898414775, 149.0278086186749, 126.76696212409186, 136.3426319678124, 144.43567362383047, 164.49335137191974, 158.46700399535553, 148.66779160534676, 139.93992386241297, 137.53451824889447, 133.0183241007881, 147.52082487024538, 157.3659586304609, 156.38241577201194, 150.90918866998382, 150.97659447024444, 153.56677547901774, 150.83329373781888, 133.322538135917, 140.16320004554902, 159.22336019778646, 133.93344931499283, 151.91276674232319, 164.96912602654535, 170.5675894852585, 169.4776925610091, 158.67514008326705, 130.59034607570564, 162.69597465347945, 142.38500465535256, 141.6718115214854, 154.36327942091864, 160.60785873347623, 162.17353953293087, 160.83784621782397, 156.5412950152448, 145.62068906527736, 120.45336828584267, 142.6947993270334, 155.40007440072768, 161.24116714994844, 162.789996740628, 162.14664279573833, 159.20365153776814, 150.95605327342025, 134.2151870083398, 147.15547955722792, 147.08773059278838, 146.20896974254796, 162.5837481386645, 170.66363071791903, 171.49280258814454, 166.38434065483034, 146.08444727468148, 150.53395953785048, 158.65571405220942, 164.47977927918868, 166.01871333083352, 162.55442948192655, 152.21610697670644, 120.45521483597021], "fourier_y": [-554.641655715365, 145.35717977438057, 146.89030403843202, 137.01283686219566, 149.43812793738695, 146.8436573999071, 143.56198484158742, 151.3875643214653, 137.83484101071696, 140.67148287096597, 136.66995343138365, 131.5100237234062, 150.79724413164627, 149.45561433052416, 141.11059289140485, 147.95674129061274, 145.4214478465353, 151.04635055240635, 132.70938995736054, 151.38855502235322, 159.00405383898016, 153.23471152447678, 139.94615959574523, 113.17021115855925, 151.70997088765807, 152.77165105747594, 154.27445184560588, 154.43880505898898, 161.23539724336842, 153.48918806212666, 144.93816062057564, 159.81355105796447, 165.30744119526202, 163.63182036566457, 160.7634335491983, 158.11897741009307, 144.31309684547134, 147.31227164452463, 163.07258353248162, 152.03203171956673, 152.4282838744506, 150.2692525399584, 135.38748856197492, 153.1866918035414, 166.55083024787842, 163.8209920084052, 155.5967791945757, 156.17358539379285, 153.2628680553243, 146.94331046748323, 156.84739888213772, 163.70061133699528, 153.56668720245315, 156.4094287746398, 166.496058509352, 154.4994069932044, 155.70194870885226, 159.46634169372533, 158.13948125770642, 156.42706074724398, 158.28585238267183, 162.2174300936989, 159.16397449383447, 133.49115859890614], "src_path": "/Users/hagardolev/Documents/Computer-Science/Third_year/sara_guidance/db_3d_models/db/3/m338/m338.off", "name": "m338"}