{"fourier_z": [175.98720166359814, 182.35713716683182, 180.13029014939323, 165.03774620324873, 159.57686921725406, 175.8953510062185, 163.7496788094187, 140.92599004295744, 159.8306021350886, 172.05376937489206, 174.4846152478418, 165.2259623381467, 160.145402940401, 164.78930971993907, 182.35528809374773, 170.86639567287162, 139.0106778592087, 173.77156092436826, 181.64914844361778, 155.29930800390576, 174.20208901270442, 160.37435573739975, 167.38245224521663, 167.57519678704608, 185.52601057838928, 166.2094028088668, 173.99282430110833, 165.3100744691514, 165.94773732178353, 161.309186099472, 162.10199650181534, 169.67905233357627, 154.38725220664753, 172.4919689061342, 156.41608957830852, 158.6860672402592, 177.98058142562095, 178.31697139146794, 173.57060343247926, 187.41917254368073, 163.88553134719646, 167.371146610718, 175.4443276227472, 163.50513819789785, 182.25554149750377, 160.96384562612258, 160.52770112927632, 166.83034636715732, 167.14779037748784, 149.7282747206612, 171.50987757032732, 174.42801745717964, 171.85893177649058, 167.71430312216262, 174.096311995157, 178.43634940609448, 180.473322424132, 180.42431439590504, 188.13001834789515, 148.4966894090726, 187.11851611854027, 185.85206016045805, 178.88223712996617, 184.31724902454707], "fourier_x": [190.23110917421096, 172.87285579061958, 182.28552356087476, 180.60861018387473, 161.77754682155214, 179.9183543659292, 162.68221796286173, 184.62324285737782, 170.09557073075047, 169.75541688608337, 170.7855861234271, 184.34133839905374, 168.39245703189366, 186.02647380041236, 172.1546061853957, 175.79038401864665, 164.5763206765906, 183.697087820709, 169.9643375315125, 179.2041254599731, 177.89581581771276, 169.90353289463488, 178.4256585459441, 162.05410711801187, 181.81343011574143, 185.87653524156195, 177.69947579875722, 181.49188195883545, 183.0978068298431, 176.02242222786384, 177.28270486234277, 191.58604527489288, 178.28322065340666, 169.8225881525869, 169.35792895019415, 168.63973111103155, 168.63924212510778, 172.97951934598106, 172.94045875771684, 190.61061637787904, 177.17452565928238, 192.81068825574266, 175.92534268008407, 183.10381664957578, 174.17496831113993, 159.0572303987153, 178.14065850267946, 150.22955638179656, 170.93736007070066, 171.9874890297683, 177.38349108237747, 184.42190416946116, 188.95025826912865, 180.12799290583192, 188.5633239643695, 185.7432414577619, 176.28062930738292, 145.98393423899282, 178.5961889415674, 151.7084573889875, 173.4712265450963, 151.01686175172102, 169.72698846323686, 176.68589564788516], "fourier_y": [180.75542213249815, 170.43909900840828, 183.08324204019135, 142.32680565547392, 194.13095546724276, 172.76221905125354, 167.6297915021399, 164.35052393360695, 170.08157740994125, 171.20096058975895, 186.51975316872455, 175.5435204620307, 192.34818900994708, 150.18793494260842, 187.913851367012, 165.54908393231966, 187.8916957920345, 175.21783089488306, 160.9129642453708, 163.41295911755324, 157.58193027745506, 165.478059874356, 168.4920755867368, 174.66365884511927, 185.901355242205, 180.56592681763814, 178.04943164562962, 165.06825543679793, 170.34638211724018, 175.7555319236228, 156.7945027161598, 146.58989067737485, 188.72735167621943, 182.73383048378108, 167.72464651854878, 184.49016047333717, 165.50482097947253, 169.48261270592812, 167.50256645973533, 174.5226293628583, 147.67280005159898, 180.95543347117714, 161.76515776262474, 172.0879195187602, 142.986898611414, 159.04830662889643, 177.46612122965558, 170.7586358256358, 147.05575920408805, 155.60675699018344, 149.75251452167518, 154.11679943072951, 167.4058987025649, 159.22842334858495, 183.04540662806573, 137.81284412709456, 140.5918226916265, 181.35804947451828, 172.41046496282846, 184.43427117790117, 145.2742410520985, 175.24147150095328, 176.69407660831155, 185.4117008198037], "src_path": "/Users/hagardolev/Documents/Computer-Science/Third_year/sara_guidance/db_3d_models/db/3/m340/m340.off", "name": "m340"}