{"fourier_z": [132.79751667653076, 170.7500920995074, 170.57501486404453, 164.89680165093307, 167.61985648678672, 138.70873656005045, 176.6931269209638, 178.102417423687, 156.40625186029538, 176.85614985199754, 171.27592792571878, 135.32059965350672, 150.99423333466856, 163.09848249370737, 167.07054443688298, 160.51602000311948, 147.98064083552777, 171.06370363802813, 168.5517400734052, 157.55620593384705, 166.2172493747451, 157.34608737473235, 128.05227720815634, 139.02073734655806, 149.4089403385763, 164.35129505883214, 156.06193674058022, 167.71508613024406, 162.64737049302857, 157.95740600064963, 170.07010901151133, 154.13793183694156, 166.7170281401456, 152.10322970858888, 164.47797171431534, 178.43909053613132, 168.64600571890958, 165.58083559386844, 165.33832738420483, 131.9359119606945, 159.09754813379263, 162.67523435022161, 168.35961847001275, 135.22347747458593, 163.371788956122, 153.30222806214329, 164.18249060310484, 162.67240113857287, 148.8506649293587, 167.92454364445513, 161.85578909601753, 162.82184733057588, 167.02144739607888, 165.55402778953817, 171.41578787758954, 158.81089375969265, 150.64722203446462, 163.57323555223212, 140.93680069544817, 179.72471836606206, 172.73836058406945, 178.36013004012986, 177.17444056776645, 159.9564228077639], "fourier_x": [166.27704534796413, 136.51808719967937, 157.43524325603008, 173.08629768927068, 131.28859492476363, 172.94139712924834, 167.7850599340901, 139.36158181566034, 165.10645572149397, 171.04105672799363, 160.75255530784077, 178.1370717243841, 168.56498374639298, 170.67361124406133, 171.44368552002595, 134.35001612114144, 174.8280270430735, 169.18854175169048, 171.4909764924157, 157.0179618141958, 155.4100456844826, 164.48595686453896, 152.2682283928299, 164.85465670434343, 173.838031361547, 158.7227077079149, 164.90113460483605, 177.2754740726755, 135.3987070523146, 168.86249577639117, 167.73212483560886, 156.9871476096864, 163.22832147652923, 176.73867015394652, 158.03715856762966, 178.1712693180176, 159.49788996207818, 127.58324266904224, 166.08413753856053, 152.26392503680535, 149.44605898258618, 178.78227222027422, 134.7387990325548, 169.2821522797501, 163.41334028614736, 143.03250481680695, 166.56110747685372, 147.83819687324777, 174.1592182699007, 151.06453680692195, 158.68594431257276, 165.71104441720192, 159.08402692434245, 154.99377596138262, 160.590743557286, 171.14097908134053, 166.38322754889973, 147.00729222710845, 149.11788445970868, 167.3930184533367, 25.5894824629323, 167.83806538919603, 169.4870321447715, 162.9879927022426], "fourier_y": [160.52340389892856, 144.29335156716172, 171.6333201593447, 168.77115676040458, 169.8515867818671, 167.28234343212, 149.57780831220794, 172.5973114624548, 182.60565017618256, 170.1053576514737, 173.5532871710083, 183.4558216823599, 135.85965019049638, 180.35439434509613, 163.7054799470971, 177.1216603358671, 165.5571901366322, 148.19699265628267, 155.40912359490167, 155.64328996866467, 174.18316875772317, 156.3016433697921, 155.35545650602944, 183.89556579069665, 162.20696128978486, 157.99740824052785, 172.29971356280586, 155.27213557194645, 169.11173207830376, 170.85255227715578, 185.51812292334967, 166.31153359342812, 176.7275445509685, 182.26291189689508, 168.42200464000632, 171.00990101803987, 167.57800617173655, 168.1894383816553, 185.17462954505868, 183.70822671413976, 148.3081165497834, 175.03928099036503, 182.28763359735257, 176.0867737689196, 168.73296649883463, 159.8856462220558, 160.08419039725328, 171.09121295353856, 177.78880654357357, 149.4534361549237, 178.68459327758814, 173.27940387329548, 180.9697113682796, 173.9245232388891, 173.25847398521827, 164.68210198906047, 186.8488209881056, 143.6579300792284, 185.5429198258497, 175.12159531294844, 170.39105724175838, 180.85174331834824, 154.79224742579927, 187.3271160902413], "src_path": "/Users/hagardolev/Documents/Computer-Science/Third_year/sara_guidance/db_3d_models/db/3/m343/m343.off", "name": "m343"}