{"fourier_z": [132.79751667653068, 175.88966809163136, 167.38631692565644, 159.88498061602644, 184.6992088107032, 167.5034380957823, 186.68639310169914, 165.37724565106197, 171.25117882148032, 157.25985881821674, 175.02836281080533, 178.3147340646367, 181.93812365914337, 164.28878370767154, 147.3289342255767, 174.69249252748145, 185.89193439553992, 143.11357331372224, 182.3507388507849, 171.06975692449492, 181.04362155133612, 168.62862003273494, 186.0440713839036, 176.95263678457937, 177.13744134572966, 170.94785596626807, 174.31783732379898, 186.62301286137776, 178.36510315133083, 171.6835614766691, 186.4247652516873, 166.52730349283584, 184.83993294113014, 148.57140657634073, 158.39841618349504, 159.12330339326078, 168.8703699944832, 182.1313951430019, 174.56680372415326, 180.63897542587452, 156.16224337452712, 181.61965937131836, 179.42012732978296, 177.61607531916073, 178.03224107596319, 180.02857611253998, 175.68362641068123, 179.22763931071546, 182.31744597258148, 164.73815878471325, 183.03645280960396, 190.09462504512751, 180.65507223936447, 178.13531742596965, 169.41244022892624, 163.05618195694376, 172.77764507319222, 156.5319609872046, 168.6693217275155, 184.35915885688797, 165.39605147298596, 187.94387058738477, 163.71421042751106, 188.41226421421285], "fourier_x": [143.01402915185056, 176.86660833105876, 155.72806336243718, 165.39796932304716, 156.4579945809494, 175.55875117646283, 165.3637663179332, 164.2438160153099, 185.75464698989913, 177.00234636749167, 185.53825946059786, 174.4623075518099, 175.1973820916644, 159.5304474955061, 176.31402528472825, 171.46910158745317, 172.91363800915627, 143.3316978528293, 160.43441824525854, 163.1139542936228, 174.35748047779637, 177.34213558378258, 160.81445119814472, 177.9334675879731, 180.9970830142409, 142.4755906096587, 166.0578399961782, 177.37500652405993, 184.24345816471399, 174.13675288964725, 167.9872235188188, 160.16455101072663, 148.9651055538319, 167.6798941210706, 182.67852806794465, 138.88890086437874, 157.79252118440291, 180.48170223511852, 166.41742109317426, 157.86850397866593, 173.0063608636702, 157.65003265685246, 179.90275908550672, 161.00694131179623, 163.6437874641908, 179.65612867815872, 153.1504561619936, 159.9892146017027, 184.56729331497345, 161.32580367443535, 171.1023280055319, 183.42973813502337, 167.0199328841532, 172.13207412929822, 161.131595314943, 148.031545190448, 162.77361411992374, 181.3770886687036, 178.50225170263795, 150.85449778184403, 152.24563603398678, 174.31887944758276, 156.07571523626413, 165.94403138568634], "fourier_y": [149.7434738842748, 164.77763607487364, 169.72989339053257, 145.41880747568686, 182.04085063503558, 176.12974348084202, 148.5012866778928, 170.76883727829727, 136.65461479886258, 189.66583763168262, 165.09017620025887, 182.17608383355196, 166.200375007332, 185.11999526048416, 159.0621939685434, 184.74813582010268, 158.44289355752719, 183.6100157146347, 167.59180296224076, 189.02709343050677, 168.23242896756835, 186.4693148763859, 188.46709916877097, 181.87553722664703, 174.06578796926277, 176.63064940011967, 184.21675485970684, 172.16002585732156, 165.87323225565734, 157.98855846950767, 160.59561834761598, 183.6706463182491, 173.84050205607085, 166.15748931438583, 177.56387099229465, 177.9433757882705, 179.94385284872203, 164.18452228152825, 178.503517157624, 179.81547796592565, 174.01062252549107, 170.47683956974706, 160.8066787383592, 174.24631893872643, 177.38968609424504, 165.78028832503065, 168.49133906337173, 172.11271588253078, 177.73937267211716, 173.0741152986456, 129.39141142524446, 186.1553666332442, 187.6408569046241, 175.29065392999087, 165.1108911989105, 181.0030075138657, 157.01984372834528, 145.10141689385577, 177.4537083362607, 166.27260882078423, 170.92410943719003, 177.24962799218912, 179.42284300367177, 147.94686449324897], "src_path": "/Users/hagardolev/Documents/Computer-Science/Third_year/sara_guidance/db_3d_models/db/3/m345/m345.off", "name": "m345"}