{"fourier_z": [156.87697276304942, 175.18643649592968, 195.50333691745482, 188.134773084917, 177.79740840032989, 189.07751828103588, 153.99598951607945, 194.60824370014222, 194.11805906332546, 194.48578431751045, 172.5991777454767, 196.5707794380896, 169.02490838742744, 189.1815685346296, 175.69554896569272, 194.678854112631, 186.46555736996226, 179.2291466556881, 183.3465824805187, 192.7577892431163, 179.7930327500527, 195.97766942618688, 183.6152985014438, 185.53434046919438, 172.78242892208598, 165.8511493769879, 172.45672466318223, 142.2251759566683, 177.2402311618639, 165.52849920419857, 170.76118983866533, 184.83602693424666, 177.7150223790524, 183.60962028630627, 171.84398470786644, 193.56119001422462, 184.70284667316636, 170.0926773451903, 174.77961477583946, 192.8965896669073, 176.5696236339972, 153.72992800663152, 182.5877968738901, 188.1776713553435, 170.03982680232153, 188.773547541575, 182.94987025946907, 187.3470235956596, 181.44969993466435, 170.43518729961846, 170.57465300467766, 185.58726966503463, 180.51697582142958, 179.70937385529191, 174.08171951137456, 178.25811073072845, 179.29618149388364, 164.70226282616053, 173.77176358269946, 183.77375013666594, 174.56475804032476, 174.06886611273592, 187.71522709165657, 188.23382589930492], "fourier_x": [156.87697276304942, 173.5919151234096, 184.56745064024648, 180.2680144523751, 167.01327901114087, 171.9014899628111, 183.58865382568973, 181.53524798064188, 171.8246395334561, 164.80780173165928, 174.5930557107675, 176.98397599472491, 170.79074368693978, 183.27381149650918, 160.4841040711346, 158.79691483804916, 156.2879659790916, 185.75737228589222, 173.7990895472065, 162.68362753794125, 166.36330715410259, 178.5968017385177, 159.07933097236224, 166.8389142945801, 159.88089441460752, 183.7880654658279, 170.75371085717148, 175.46119374610203, 157.2562303177441, 172.0476317082023, 153.80413442960517, 178.1964804762619, 183.66235608290032, 175.90582189653898, 187.7604228732635, 188.88179444103326, 152.20384813742936, 157.64122983366437, 174.5751956503168, 180.8291933848913, 174.83873746904248, 171.23404387435673, 165.4903918362008, 170.74724581956073, 165.47181499973317, 139.91281629636, 173.317988865265, 179.19068691676802, 180.57029693961425, 163.18468481882607, 183.67050579899615, 171.88284002309342, 157.577619318754, 164.9117145548648, 177.57273111157932, 165.4797019927179, 184.23186258487777, 179.31125118005411, 167.86116398033653, 156.33302537476172, 128.43472786966208, 142.84643774360862, 182.39853108804678, 162.73852202030565], "fourier_y": [181.9322321329568, 160.9950720984899, 180.72746660737334, 172.45363765501605, 194.84650058751384, 195.1398677064288, 179.58945323291732, 171.67550305844188, 184.21703121753717, 175.81469171298113, 178.321406002389, 190.39910446388, 197.27496800569523, 192.43579859693347, 180.33829492757212, 167.85220530424326, 188.1470374045253, 183.44412991034872, 182.70908685293196, 172.31551651770448, 186.08494062654376, 166.13577436484644, 171.33370269229363, 149.32830944820213, 176.0117870290385, 189.17862626948252, 183.77556283260546, 194.73397692999208, 196.91882956046737, 197.85415798595992, 202.35963904686923, 195.84992502183547, 178.23444021549813, 179.30351002345054, 190.5796464609694, 190.72887227511856, 193.29996518030003, 184.258296200392, 189.97295183489985, 153.24797993515585, 193.78296834958135, 176.46801807645957, 193.5436024859547, 199.79733987061368, 196.95615966211406, 181.67279067734836, 188.2971688950349, 192.5880649802586, 147.18215000347786, 151.91047101974658, 183.0737690560056, 186.2277959730358, 164.71144541397263, 157.28574709017184, 143.3687229510659, 191.6737020823071, 197.42290700402668, 186.02575118657512, 146.62461537631012, 161.36558542547934, 179.63973336420923, 180.4348551384658, 189.73238162558465, 176.2373025713754], "src_path": "/Users/hagardolev/Documents/Computer-Science/Third_year/sara_guidance/db_3d_models/db/3/m347/m347.off", "name": "m347"}