{"fourier_z": [174.38634751012742, 167.20741214708136, 153.16621991570398, 176.29899736456485, 168.63014973133303, 141.6430118789271, 163.43677304138288, 154.97216355601685, 166.1227415207336, 156.44195661745783, 157.9562483554402, 142.72405929225656, 144.3934570136778, 137.76596928621007, 158.74733286994064, 150.70377487609287, 147.25397625256656, 160.05895984109833, 173.42818791277907, 163.7929306313825, 166.29565547120794, 175.326160978757, 160.35092315170246, 168.163683107017, 173.3167251959429, 169.8274503707016, 173.0325828345374, 164.4486429545123, 171.7866557171086, 170.9771171436468, 164.2732408244592, 178.96109473581436, 173.21851819726376, 158.27807228432016, 159.2125871888676, 160.4807218927689, 156.96872892193522, 140.70396121123787, 164.28871471568584, 171.5761057889826, 152.0390842973238, 150.86934420314884, 168.81108465309876, 166.6838643085867, 90.4622640573503, 162.0525230308839, 163.81070916465268, 158.59693677358524, 148.9449518083559, 167.5888810402893, 172.37957284210103, 145.98527241577335, 173.8386189683364, 173.84779347730856, 136.97836836539506, 163.42128362860188, 160.36231107609274, 146.32985311576908, 165.2329474212368, 162.39758416510108, 168.64562522059788, 158.68181378448085, 152.61616222618935, 162.49554688166648], "fourier_x": [163.6064174954737, 170.991254020787, 177.38829904663788, 168.55342319230704, 159.73774164510058, 148.36372858215367, 163.42057627030772, 178.50488934978773, 168.98468962708205, 166.81726224418867, 162.2793123731841, 158.52301339112043, 152.94965136362012, 157.52398475088964, 161.74994825435502, 158.82220139399345, 163.40069968357454, 143.30288891441091, 160.79316376431512, 147.18718084738956, 158.88976741619666, 162.69761592411115, 170.27296828717508, 141.17720465595983, 155.17662503418444, 155.5890133298073, 133.3432396400966, 151.79635579752426, 138.49798808366867, 146.27607382377323, 151.44771871106514, 164.90684904782458, 154.09004440645472, 134.8047185315277, 142.90558315196643, 135.4131416570701, 162.06646201584934, 165.66749853853673, 162.68373700028576, 156.6661880286951, 164.77534478966973, 157.95388977054438, 162.5035505880768, 169.31447113081092, 174.47093221988405, 166.68540559556737, 166.94158341928127, 166.48508621672892, 134.23979871262847, 166.5960619098431, 173.1977551357743, 171.8642457300656, 177.80225841552618, 180.61959910308053, 176.4328460356628, 164.65316302027045, 170.7316500917204, 171.12026656758118, 165.70605994599487, 157.76315246055043, 176.47445375732073, 179.09214934592697, 169.68670816646784, 168.09510444644448], "fourier_y": [156.87697276304945, 174.32481432179327, 173.80206261221875, 181.390818453777, 156.28020781645668, 163.15387887968993, 174.72659233713193, 157.30425255921168, 179.28972387811933, 180.68750424058868, 177.54073704838953, 182.70252766277758, 183.47183287023995, 171.9180134549185, 146.12276970141886, 178.99703178098144, 185.6371347129902, 186.3795711605647, 174.58744924420333, 163.55217245427852, 167.675954370187, 180.94734444038195, 191.48482707310595, 172.72369152689166, 158.23061810514184, 160.50116001088153, 177.07740730255796, 166.73940945220352, 185.24485854238048, 179.01491419120208, 160.4493599104802, 164.3187471837319, 175.21766903480287, 164.01027031365834, 167.7945332667859, 169.93000653928848, 158.59806424561276, 151.32270355282253, 163.91885671809436, 172.95405348515402, 152.9262875512831, 161.38873210998295, 165.4259917638218, 178.63801883430676, 145.4321962859608, 175.7687749496464, 174.09563647853656, 171.0239702571104, 167.0099784219051, 172.63044265939482, 158.74600953148433, 180.57244082552447, 165.47675202457626, 170.78229907398338, 170.60155404482342, 159.02354980866946, 143.49774012631937, 175.84230835787676, 175.80089158950994, 181.4873675147774, 176.0403832134802, 176.22659209681515, 181.39144172060662, 177.10543593440235], "src_path": "/Users/hagardolev/Documents/Computer-Science/Third_year/sara_guidance/db_3d_models/db/3/m348/m348.off", "name": "m348"}