{"fourier_z": [166.27704534796413, 171.4924403199783, 109.29785747088016, 161.2433577081689, 173.26572409506542, 153.071587698152, 155.34182438744918, 154.224043867229, 165.83428173152447, 163.86303335975413, 153.27989920711207, 143.08564110683707, 176.02378478145968, 173.78660563094158, 150.0686945365697, 167.6578030129461, 163.16618080151784, 165.00896934472647, 154.03618446636602, 159.29791829209347, 145.21218701879218, 170.80718948508692, 155.99377444033632, 168.38628576133445, 172.04872429851656, 165.69780639367028, 164.05899010667494, 158.54984270834066, 165.6360619509162, 162.68801027010386, 169.31685845204328, 161.684669818421, 159.40456041219082, 156.76509171306495, 159.38811676592871, 118.22357046335505, 167.22485477067255, 148.11514851196773, 167.69696696549806, 162.41085054626421, 168.40446173656414, 159.69409410477886, 161.8504804719924, 150.5412157495041, 146.98301392879085, 164.18468662739272, 167.97495513494158, 154.16148571369436, 157.93682613215998, 155.2585378272323, 154.12130965844744, 165.1001836867425, 167.31762537827564, 170.8475276054404, 165.29610517233093, 130.06489019947097, 155.8328528318709, 157.18828201885384, 157.7186713900701, 150.84035607227895, 169.40761067526677, 170.81274589144977, 167.9698090116077, 128.72045479773948], "fourier_x": [143.01402915185054, 161.2565308898001, 159.6462067827601, 161.95155936267963, 156.7782737350388, 145.26017086488136, 154.43055973606872, 150.57743525628516, 160.39276086189335, 166.24401215447187, 138.30717170859495, 167.6135709711312, 174.28452104664132, 169.42882892377474, 164.36718114101265, 155.4420632676406, 154.86224684855304, 152.44623080940127, 169.252432287994, 169.87250844828156, 149.39904079361264, 159.16876850483078, 139.54297999005132, 121.4882305082669, 151.86717574293306, 162.91477684407025, 119.61881080485556, 153.89093729302647, 167.95270448972445, 169.09200683714664, 162.73269953845534, 166.30736606697693, 155.7800953417294, 149.6690368936115, 169.62448808289267, 174.68656538316657, 168.89848520908572, 165.43177050788287, 159.84077191005687, 148.7687747354653, 146.61755305102793, 165.1186446510263, 168.30841213892387, 159.6122868487256, 163.11497506683924, 156.21818086709987, 162.57057931892373, 152.36715410929378, 149.94416094488236, 159.44230568580022, 124.2578017639174, 155.09087157075814, 167.4155828503757, 168.72949302259684, 157.9128557428762, 165.1916954515029, 148.0934350629089, 155.12141652807654, 168.1002729281238, 172.77682857912484, 124.07152424136999, 145.6558630386524, 156.42347001042623, 120.66201286736867], "fourier_y": [167.48953778429285, 159.23300880496265, 170.09825190383918, 164.5986133314024, 185.4017491162479, 171.08565272560898, 181.59072877698563, 190.2630520262706, 162.02760367919007, 171.2087815947567, 149.6968733086251, 163.96178374483867, 175.82775047954362, 161.04552936906384, 181.01616219658126, 185.31712408700525, 159.03163727543088, 181.08876024950035, 178.06532650970456, 167.064509556844, 171.21660010410125, 146.90000079616507, 147.4457071515616, 176.8182533735673, 127.27758407708004, 159.97546869503998, 171.4539957691121, 174.11653789333417, 178.99122004085342, 180.15002247832885, 180.41090618948766, 189.7074903872819, 155.06560694048343, 140.65245336119042, 173.80640026099576, 133.09411340226032, 176.79844798769327, 147.7206843205656, 173.45346417719864, 183.48131997512198, 129.68667722834618, 170.17105209415536, 158.50640148004493, 154.9616783006801, 159.62808931684737, 171.05972459132096, 132.287395414026, 177.64090318639455, 163.41984114123773, 164.44860839654075, 160.4745562796225, 159.04109778062957, 168.61514759176785, 167.2645290780865, 144.5555651443796, 163.94551269629073, 152.20458332827488, 163.98967203125866, 172.00065984292513, 169.23237633966812, 166.46703544223485, 164.7976223516493, 156.01000427915352, 155.40093977632893], "src_path": "/Users/hagardolev/Documents/Computer-Science/Third_year/sara_guidance/db_3d_models/db/3/m352/m352.off", "name": "m352"}