{"fourier_z": [156.87697276304942, 65.84450894465643, 166.63103231682356, 171.63720743814736, 171.0627145613858, 169.69115919579207, 165.83751290644702, 154.62294422872736, 153.6760054140596, 149.84372636027013, 169.4054411337891, 164.3209173981586, 150.97626509750384, 164.12812198083998, 169.7169298691731, 154.40438803267477, 164.68557819422216, 160.69053173058228, 173.34478949251883, 167.60556863244364, 158.08117895839496, 163.35024560764097, 166.63410464171892, 154.04314873375372, 155.56642506685247, 153.44947290828972, 158.4022595431935, 141.56138464557515, 168.80506920918197, 164.95563267838693, 148.45401587367869, 144.84657089675983, 159.62723044740227, 157.71011747663604, 139.40080750041355, 161.66089772858442, 168.94693553539338, 152.80394626813836, 162.10797160820334, 160.10419556165732, 142.6501188419179, 169.4272012484388, 173.94749675172406, 158.210572847339, 163.92859911184357, 152.65356416788143, 159.36375901401507, 173.1572861787277, 163.00634275272375, 132.44187665780422, 164.5959449991015, 163.35174434805515, 152.10739829749096, 165.29472064719923, 167.9100064692255, 147.81199745963318, 163.60054069393368, 170.66028267633703, 173.0247910951369, 165.80521047553847, 122.0824642905227, 152.79359856485803, 146.12022275936107, 155.25418057003262], "fourier_x": [110.82527090316862, 157.99798962947904, 160.12488304073935, 162.8382177915106, 150.1129424342488, 154.6560034953326, 146.76176246021473, 162.25326186055483, 159.65714582686704, 160.3266847548229, 161.62575862021671, 153.19332677005602, 173.89804528675955, 162.7597668809045, 149.2275602996805, 177.01936397097768, 161.5452774583788, 161.4650643428759, 153.58604184845652, 159.21469509442528, 166.39056348278854, 160.09786834511016, 151.33716951899206, 151.27403463038732, 156.60485619374816, 123.11006956964621, 142.02042475598623, 150.98757720508155, 171.9016918089096, 136.17385957288002, 160.43182722560226, 167.05046482446727, 156.10043049510725, 168.40011389222582, 163.7908300699359, 163.27917573745125, 165.1606465516204, 160.34866556258834, 150.7121521390932, 158.17641869546517, 154.36133908696678, 157.2168668837958, 154.90651761893744, 154.261562773102, 160.31956725815076, 168.46052579103426, 155.36721772269576, 161.87202549655024, 160.69213469703828, 160.2454480784289, 130.61010538132493, 139.15059480138262, 146.70177169838806, 162.2534841334849, 156.11057257710033, 156.3796227353956, 169.7319711070407, 165.34781901185372, 167.548253747908, 165.2148449242637, 162.42112624543435, 170.43793092139043, 130.4113953358853, 160.55821769735144], "fourier_y": [178.17118750289802, 170.49961572491966, 156.11313132603055, 163.7983243891364, 172.3159607158284, 168.53433593097895, 138.8943580963814, 139.69617942363337, 150.3791100196136, 158.0456111278538, 183.4596590931725, 168.6982153167906, 179.23277826476738, 180.74327015057003, 152.0381947672899, 155.69822762920825, 181.18299732214587, 175.16401110675716, 176.5255995870519, 181.45325566312914, 173.9166253687691, 164.12200741285915, 166.02109081828533, 158.58358099949425, 184.9314637595059, 180.76241342928148, 172.12811320188902, 172.77985652348838, 146.7981350960511, 152.4724309779421, 165.7773623147379, 162.20324197221302, 160.03942372542286, 175.62861199284154, 170.11511815626366, 178.29571861597276, 179.18865783205146, 159.83688846335266, 170.15325792375017, 165.05962621501712, 177.36290472998988, 187.6198342541879, 167.49425195039913, 176.56894643898022, 184.5910780448875, 177.47594857047545, 174.50387853771696, 162.15868619207956, 170.94398303064693, 151.98899593026854, 173.63739195837553, 183.13249690179293, 177.1752926983716, 163.9157320243152, 169.17464217032267, 152.6667863557381, 154.7786314971312, 172.30862554217316, 171.3357000557919, 177.50173010570478, 181.55311021294082, 160.23128688857994, 181.36828552276097, 169.221205615635], "src_path": "/Users/hagardolev/Documents/Computer-Science/Third_year/sara_guidance/db_3d_models/db/3/m355/m355.off", "name": "m355"}