{"fourier_z": [182.49564967229074, 153.81110154129377, 163.21275819698195, 179.37379971921942, 140.04416314083463, 169.43969349562576, 175.69771714923849, 149.76567246208668, 160.34663104286008, 173.68852792156846, 159.4980585030425, 164.91347662394088, 171.88089068619274, 160.4543588030434, 140.25258278778477, 171.711497431397, 155.77596003600274, 169.7969375158206, 171.66812940487455, 150.44059492270156, 166.85834723084807, 158.6438123926949, 168.53749629561153, 164.25448216449357, 162.03694046694537, 156.56581051469968, 164.24631048866905, 165.52792944573667, 159.79936898657883, 168.45494725837915, 151.68539581715424, 164.24293459710572, 168.59532763443755, 171.64863143593232, 171.11152668695678, 160.4299604379678, 175.7793753853112, 159.6807544576938, 170.1083909655337, 159.31558893391718, 167.44226979888748, 156.78668919585283, 163.16673014331187, 165.50760506429697, 145.129338859882, 177.47253128089537, 146.97120577355258, 170.67567235569004, 164.50245868337905, 163.5174019716066, 163.8497797046061, 167.3100751573422, 163.58578555742162, 159.62433905802965, 167.87396365101597, 143.84663163002858, 136.9417740580236, 178.20700543404945, 174.28779281439807, 164.66438254677604, 169.08900948582777, 160.62862677022252, 178.66036771247832, 161.6926462115265], "fourier_x": [176.74200822325508, 168.10532598548713, 157.61635743390806, 156.3712397351732, 157.5056020737851, 161.46375674191108, 166.61736761699504, 150.21713413776598, 163.6123607870963, 135.86165436207455, 167.7338875697448, 168.21441251228975, 155.56422688779588, 153.790992071976, 154.7319308050156, 159.7872196532254, 159.8399227657216, 165.1349405213818, 170.77630042382003, 155.92254257083857, 159.344185003748, 170.66546546095427, 163.07470615054694, 162.1818863700409, 163.8512962380523, 164.0696583474417, 153.81350061076407, 165.97772325669558, 166.95278543140975, 160.65107951143085, 160.85159703727496, 168.35748808074655, 170.24268288821787, 149.72719008981872, 163.20797756029782, 171.22748444161982, 144.97194983081783, 163.14774251454924, 166.7686083746546, 128.39534575279436, 155.180336443022, 162.74438757767356, 170.56798025501521, 157.08570851477154, 162.27128471922254, 169.16835665856155, 121.79191195609917, 166.78066396694254, 169.66693308672387, 164.06026811784142, 167.46817204313368, 166.65224690998215, 153.74551651630168, 168.45533678364194, 169.71909502784672, 165.2077371720068, 147.1820823633613, 161.28409673167215, 163.1732936648998, 165.29818827312386, 165.76882237625398, 164.0588035034523, 161.93088034180977, 166.30664205112296], "fourier_y": [178.84921853641163, 162.82866948611922, 172.3587845196722, 167.89918867941776, 147.58771731917358, 166.7357013866701, 143.57343311049027, 160.72857797901506, 138.6019045850278, 162.47555711722845, 153.8098679147081, 177.52642259695887, 162.61983933557045, 162.1586636901478, 179.98856639323887, 158.80546817702933, 173.19811237082692, 135.20573382767967, 176.49806702789266, 168.211634399498, 164.08002909089805, 163.00023826803567, 150.7258578107181, 180.2041046125234, 134.03069280028086, 140.55475785459254, 159.15918446635473, 175.7156403306968, 162.48232305472584, 165.1808245024176, 165.76155272237853, 168.92844450715924, 167.31027240835957, 142.6259679577712, 159.12305190437036, 167.33883488791832, 170.58207408715157, 161.73812356226182, 150.38679361867884, 177.131860984134, 160.7102617901697, 161.07776569445457, 157.82552503945843, 171.14018285449163, 166.16973781525533, 167.49107986520994, 144.59054298922405, 143.8685334354743, 159.1765968359493, 160.75229233477222, 139.66457442368483, 162.6153174342641, 164.57006364908995, 168.8689448961897, 155.3826361089929, 157.9329991438268, 166.7126854666452, 169.51635612326362, 147.8316846563241, 155.61275284458867, 165.06889422054516, 167.72086159007222, 166.57660933532355, 137.58821864957912], "src_path": "/Users/hagardolev/Documents/Computer-Science/Third_year/sara_guidance/db_3d_models/db/3/m359/m359.off", "name": "m359"}