{"fourier_z": [164.98627492521274, 166.98370693866067, 184.08809059597033, 181.02914485840486, 181.87365981571298, 180.78744290272536, 168.16201561561218, 180.25095749367327, 135.11694260831575, 177.9998465934332, 178.36907621169146, 181.15739658910246, 167.37718916718387, 160.35417992532498, 187.53758230889432, 199.77570917588417, 162.85105737958605, 172.93244361708543, 183.74772340532988, 174.69548154244333, 164.31415424987975, 160.72188995920513, 200.96806466632896, 195.8350527742826, 142.37010551796334, 171.94399623272744, 168.9750209707036, 174.33383986488042, 176.9994799457238, 191.12166428338293, 198.62987178333256, 179.75070104977414, 156.9841596798835, 149.13814597740847, 178.1031377367994, 184.47760031830828, 178.3070303023615, 196.0156273103495, 188.4996548758514, 185.22080997695264, 156.14074525915535, 175.45840885393864, 185.48926130172887, 176.9178781009934, 192.16874096696375, 191.68489950298394, 175.76638451810507, 183.8294382328022, 165.90882297212931, 182.13178038868966, 185.8446202047536, 184.6922748590078, 187.53597095195965, 178.1618525166172, 184.41612526282483, 183.7765757706532, 182.7196934591242, 187.78798241967908, 188.45923866171705, 158.81166518273693, 192.60970990903985, 187.0608954583857, 171.6494474532572, 165.86816529823014], "fourier_x": [164.98627492521274, 165.00354717697363, 172.34856124500203, 172.4445132541917, 164.40851824150843, 174.45415945447513, 169.87888367586524, 153.22286837958197, 162.5926318142931, 144.09296169383865, 154.74674880678444, 166.0805906670562, 173.20786409309068, 167.75350758853773, 169.02854227662505, 174.60882789293495, 162.08326573971976, 169.75716502013626, 159.66460544340015, 165.0868351464291, 167.15167927082902, 161.5009791627469, 173.80665775475654, 186.25175200987007, 182.02106733655043, 187.54422951871413, 183.44179965784656, 167.9048466350824, 126.53279386066248, 178.79864739272747, 186.3886149183142, 175.27508900608206, 165.83718226806633, 139.48267531121246, 148.56075153953782, 159.72012734946583, 159.77315348854853, 170.2798139259922, 181.26104011933393, 173.74286544360376, 159.2775581614816, 150.75172006980236, 169.55716446576383, 179.89295270192545, 180.752673884821, 177.89681230866, 185.2123394895437, 176.9804966141405, 160.41348869357506, 138.7752932390654, 157.94696761760545, 165.75030667357316, 183.2908268129368, 183.80673977103626, 178.2443782025419, 186.45559289963114, 181.9685036494481, 185.3563542579599, 177.0247719292402, 169.90897477404442, 177.96863513491655, 164.45432561737445, 178.89950359890184, 188.17763024630102], "fourier_y": [200.5979982978113, 188.82526590463513, 180.789451272268, 182.94096037569489, 173.1374038502858, 179.3044733321352, 148.26038451310802, 151.76088174008663, 193.03444716308974, 196.61676522774815, 190.61747869309272, 189.0568703769934, 173.51739458055226, 174.21529347724282, 175.0402676160166, 135.73040981052236, 194.50965053207793, 173.3915247506775, 196.09327821856277, 199.39703613412746, 185.75367350997183, 161.20992860629056, 144.49229266062864, 172.11906035899455, 178.95221864773532, 187.34958501064338, 182.52697600559668, 197.51340792490228, 198.75134363403504, 186.6813438096696, 139.40100099415363, 168.40834241582743, 170.8665417236761, 183.58314791733036, 188.80001691473547, 176.4254089455969, 199.23300640795412, 197.80196159639362, 177.07935160861223, 171.66301844035044, 169.29499136951875, 168.68724728395557, 166.1793519376496, 183.1827879382555, 189.7655468868085, 198.0348383727017, 196.6358240689809, 186.29181540101743, 153.310903409203, 165.3208259978896, 167.99636143270757, 177.5113725126114, 184.79301094005422, 188.2492084633799, 198.63894576739543, 197.0297969897422, 159.04673656750833, 131.74686511738133, 166.98157369728762, 120.56850755844822, 173.29835408296387, 183.96845272414512, 191.10452820959745, 195.73492317627026], "src_path": "/Users/hagardolev/Documents/Computer-Science/Third_year/sara_guidance/db_3d_models/db/0/m36/m36.off", "name": "m36"}