{"fourier_z": [178.84921853641163, 175.792437400932, 178.65593676965833, 179.44707432834775, 175.89956031495814, 174.96672664322108, 178.08377022005956, 175.9335818203711, 175.222601920616, 178.07387094193945, 178.79970856041353, 181.36498649951216, 176.9057100190922, 180.59347135175827, 177.64995281063585, 178.5215203820568, 176.30241699712226, 172.6605934202519, 179.60006766375824, 175.71048058577315, 174.56248523659073, 175.06420001958213, 182.87166314118468, 173.10250764114244, 180.96302087728347, 179.476926653748, 175.2441866619067, 181.6640583664959, 168.66388177720233, 180.39046955815977, 167.5822683629953, 174.5347324665504, 178.35772903195834, 179.3985700620104, 183.19729416587208, 176.6323786804827, 181.23173757430345, 173.6300644837914, 184.3354889590495, 149.83402306677766, 179.25157000578048, 178.8602550984902, 159.73971887880006, 169.61563337714284, 165.3975556202535, 173.46755942292222, 168.96207372555943, 175.63982933439962, 173.82065098647158, 175.30030208672326, 180.50287965281402, 165.4477588081872, 183.7131634081473, 156.9640429161148, 179.6923775553336, 155.24693213355562, 172.25048071197577, 178.2063392618017, 159.7969316437929, 172.03952635429926, 160.44707742607443, 175.85290234969557, 140.12303408075167, 178.46036186159802], "fourier_x": [149.7434738842748, 171.84406408667883, 179.66330448536152, 135.07039524963798, 172.71823145924668, 163.67291545181268, 157.71427432849865, 174.54204250990702, 182.1951404163647, 150.1206665343102, 178.10631771337742, 176.1013569484247, 162.56056267280928, 178.57633863413326, 170.4605079954946, 158.75224974379924, 180.54281550084607, 173.91154897851465, 149.08175552447696, 177.52519524534054, 170.22046240988294, 135.14245212307583, 178.17061455926816, 172.0449503349464, 107.7504935444064, 178.10724014107333, 178.68392813184553, 116.04355019446244, 180.37651105089617, 161.26972185049232, 124.73080523656697, 173.43618782059409, 177.6954315338839, 135.59787539092494, 182.11495313365668, 167.02414944360842, 157.00150583156164, 171.78142819515216, 175.7885904335308, 159.77422649730255, 177.9006965558497, 160.3552170996537, 163.6879837519348, 174.9572358927719, 174.270322777587, 161.52098994302412, 165.40423830480495, 167.51541116658498, 156.63224564829318, 172.36151653133766, 160.48753710458897, 155.9249941108924, 173.17713657374367, 171.06598493866278, 166.70374785839783, 173.3977765941783, 168.05579154989448, 155.35978391298354, 179.00890767973345, 169.50001501445482, 172.12101987237503, 171.21337678680575, 166.4443836277723, 173.80770480753085], "fourier_y": [176.74200822325508, 181.81728843867435, 166.3681963535669, 180.3822386207906, 160.61009563981798, 171.58229781507572, 171.8117018826536, 166.67408049534703, 188.6713216203491, 182.08175593471856, 172.97557717139313, 177.84117950164884, 186.87880730414923, 165.97878311872125, 188.12416263251393, 177.52341887804113, 190.73918025383813, 153.35316123083314, 165.52560464607993, 154.97712332130249, 189.07366985048657, 176.68140497493877, 192.10877984266918, 190.46131795193742, 157.01799999106578, 179.91599301401834, 165.22108895659704, 188.09317038911985, 175.87382124158208, 177.95050688624454, 181.51965516131924, 136.59610452094216, 180.18641664312867, 155.45600909769365, 149.68316384849086, 171.35429005689386, 185.13180761352623, 177.8569774775617, 185.49764610683184, 164.55865540265958, 183.4380044535515, 187.83260964104068, 151.6430152857404, 190.21764907188123, 185.62470980164602, 182.10877784338362, 184.9250762877625, 172.78217029958415, 173.50541484129917, 189.03525647599827, 169.5684886358506, 188.58100656067472, 139.23164623203115, 174.0772925480093, 160.26192582500929, 174.16489777711777, 171.26680508964373, 177.19216650958782, 133.38790127074634, 178.98794987402385, 162.2086648310924, 166.36556707234692, 166.84169341903169, 162.305462279474], "src_path": "/Users/hagardolev/Documents/Computer-Science/Third_year/sara_guidance/db_3d_models/db/3/m362/m362.off", "name": "m362"}