{"fourier_z": [138.5511581255663, 167.93116160681132, 162.79758577970676, 178.79196180575136, 173.76608088800515, 180.94190383283834, 156.7774966112702, 154.46998360467586, 170.24606624858484, 166.57195620202782, 174.03973473909872, 176.4372749955504, 171.32054271727083, 186.31410108458996, 177.315511522659, 178.00185698359286, 182.2844248994026, 179.91531386003646, 168.27728874312442, 157.7321296445408, 160.9619522941223, 144.13763649247858, 159.9695217074804, 162.99209776568077, 159.61851651025108, 168.1853581439108, 144.27776709954802, 169.6806988117585, 155.17392041516968, 158.20591413648398, 161.643689837383, 175.23916089800142, 158.5264875400156, 169.930121792604, 164.20752957379898, 182.0916771749428, 162.86766745182408, 178.09414936494645, 161.10946494913208, 178.9925347627849, 177.27144825496353, 157.45961614641368, 159.25962462036387, 137.11017559430977, 169.57659760892648, 173.86978197121545, 155.2290578297575, 172.4446503050504, 144.29782826462738, 139.89681844188797, 161.37916914554694, 172.0476720152099, 173.07534568468066, 169.31510286957496, 163.69991051406714, 178.21064585934477, 160.43794439507246, 173.58100574021736, 179.70063553382798, 175.8144759653842, 152.2536977768007, 174.61601047049868, 152.16297532493988, 169.7287356067668], "fourier_x": [180.13998895916305, 169.99199873099369, 180.48523182415127, 170.84907534734722, 178.28318578539916, 151.69034942947033, 159.3876151883822, 163.51203894012727, 168.5394611106018, 163.82498502301036, 177.80557245378822, 181.73372201183747, 179.85860027072818, 164.78548113971715, 174.72813419434584, 174.83660521724812, 135.7178792560656, 177.67380870593865, 173.9754498923119, 176.65351176168878, 162.17311301973237, 182.83976809998467, 178.38301505530015, 182.03329974178772, 163.34056706333698, 165.86301531694312, 176.1246708669023, 169.90698689824953, 162.1417559527943, 177.97349115482098, 182.04565131292472, 180.09433154152785, 184.74608092129643, 169.07379519521723, 165.95142752839493, 170.86104239428533, 154.1766498908025, 162.08175010541126, 170.06240561411903, 170.26771826607444, 181.18274760288517, 170.05206086420813, 178.84964925119166, 160.04003498546834, 183.3020715996425, 176.1190611733545, 173.4858026578185, 168.83043749803, 175.11652181825713, 181.53929387349336, 180.34499106953095, 163.79039664217646, 163.66254333685478, 172.3797307126825, 172.558886925751, 170.8897088944966, 147.76368874643535, 187.34195126784329, 169.65512630876373, 187.30516542594742, 157.06188858731815, 179.8664917618001, 176.7535880588523, 176.14599193998527], "fourier_y": [166.27704534796413, 157.35760424679358, 179.20105892170517, 156.8729604314075, 178.4560121360033, 159.41991893066938, 179.97536649201123, 185.7316812793241, 178.55000878494303, 130.77196842845146, 171.84800349193725, 177.725230992033, 140.31703616802847, 182.6297423373316, 178.96611294954215, 142.8894895361447, 180.9337510641398, 171.2044970754299, 154.35134403811762, 175.9735439149074, 171.6612016071305, 162.52970351298717, 182.9356113450254, 174.71705205919275, 155.04968701500783, 167.63331702801682, 175.45778756723718, 133.12508414270494, 168.96541102178657, 154.78571214039485, 154.27104979950698, 164.11786537878663, 153.1661271898498, 142.2927009127451, 156.8392478462803, 171.27310995241282, 153.99492915774698, 167.40120600025273, 170.92581224941762, 179.33029770835986, 159.32199782022548, 167.0383907096655, 170.94537254412128, 179.3254854915512, 170.13104500532077, 131.79463983426726, 148.42868876278874, 163.58965690247356, 151.07706651481226, 151.1339792575202, 170.47171476450336, 173.81372218418971, 179.89106573736902, 161.1831263908697, 159.44111759816758, 132.33376523019632, 172.6243820880237, 163.63812009645076, 184.35553718473003, 178.6785747105152, 175.13398693612083, 181.25859230228951, 169.34052248409637, 177.27294413027235], "src_path": "/Users/hagardolev/Documents/Computer-Science/Third_year/sara_guidance/db_3d_models/db/3/m363/m363.off", "name": "m363"}