{"fourier_z": [167.48953778429285, 153.2959492073906, 171.44948905979277, 184.6705684434723, 185.2310847737016, 179.56737520786385, 174.42777014252033, 175.2282101227234, 190.64720079347973, 180.18471864002098, 169.05342342525134, 174.1497296783155, 173.82287451082232, 181.07842131233048, 172.81620407818153, 183.0175895877219, 182.97584363941814, 184.21516465100763, 182.28466407178763, 188.9232858369399, 192.53980008765691, 188.7869535092057, 182.46538586316873, 189.1059864526876, 195.81437823265955, 185.8330017266098, 165.59121628452291, 174.79209657132333, 179.14143814454434, 160.3680373192995, 178.89040094124476, 188.00193843127292, 165.7617873229577, 163.9092923708782, 172.1128590221142, 173.3798130133333, 184.47096807738257, 190.29206297746373, 182.56191814121138, 188.00793264594347, 195.2798983558679, 195.16705862321263, 188.7278099589368, 183.2067806709479, 185.48389708285814, 189.1053514511873, 185.993523159375, 139.15171244981113, 181.27408944764537, 184.26670707818874, 182.2103789294671, 182.00017232540657, 173.4251461960204, 170.23090913264525, 165.04627047229434, 168.1829995638732, 180.43750609482356, 191.1836976756299, 190.98056516964678, 179.12674115566514, 172.40050245890004, 193.63817342990004, 194.66970111404925, 184.47512839777542], "fourier_x": [180.13998895916305, 185.1847869905181, 186.00185430284938, 165.66306934035163, 188.5124000932632, 156.5363886576155, 167.05695300302338, 181.38307547654264, 175.13554804122873, 191.15553142155989, 190.39374443397884, 192.94344515922262, 200.90655193611315, 173.20701431729728, 179.39922955838878, 175.39067379672272, 117.68320864710326, 187.18064354073027, 179.87824096630078, 200.41108209599662, 197.47073508490755, 178.0219084541775, 183.7479355160276, 154.61205457723366, 143.0340556689585, 185.1474248191558, 140.94740910126046, 194.5031042805928, 176.96282366550054, 181.37964389304415, 174.0105700310248, 180.2885101821698, 184.9844946502821, 185.07472907515063, 168.7820202316554, 182.99259369607685, 160.61884055098218, 171.84859546849748, 150.35786901717182, 187.9264134431171, 183.85987670748932, 160.37239370567974, 158.49531854324204, 183.15317718394584, 170.87639732545432, 132.16998925116383, 176.4380569793259, 182.82843096211647, 185.31744104624158, 190.63532190752966, 171.6914327860459, 182.19921013642653, 148.9905644066049, 177.25773328377852, 180.56002515504554, 177.0554255369463, 197.7953537453736, 183.42330878688657, 175.03910266517522, 181.5118496187988, 184.07122278454236, 194.37893553241219, 182.06432715912686, 188.12452115779274], "fourier_y": [187.3980988329504, 163.3543570558232, 191.17893711104043, 178.2627170180175, 192.66155107568633, 173.7716228996835, 161.10982508744706, 191.02942506103216, 169.05710022086197, 168.92030401630933, 155.86371480898526, 161.87500911779688, 176.72488653464586, 160.61852250400892, 166.5720771267344, 175.6644224961998, 182.10466731269747, 177.86776958167923, 169.77400851385107, 174.32669719060448, 174.97051182968877, 176.821914656248, 174.42757592057518, 172.30067028887947, 181.33264470308347, 179.5015577002329, 185.71626052224175, 182.0076737812353, 170.03674312370572, 177.59989110368096, 181.12581012657938, 145.3322897494169, 174.66338159881278, 176.85640931176638, 177.37533825161464, 187.22958589316121, 154.10246419764454, 178.2329208840773, 185.26822152887462, 167.44069173656996, 171.89812610113646, 176.4422595266082, 171.19436435142842, 179.76923008278902, 172.7400763460247, 175.3856642624812, 178.61729154003547, 178.04948957958203, 182.44644966884323, 171.28769261160042, 186.76133612941595, 190.91224521917198, 179.91270702156282, 152.16610732455823, 162.65446817710412, 178.5864250876854, 187.97541750287505, 146.97069532876517, 168.857181819166, 172.14736740347706, 182.27836427820813, 161.99880535938192, 163.45311798008154, 178.7337153315809], "src_path": "/Users/hagardolev/Documents/Computer-Science/Third_year/sara_guidance/db_3d_models/db/3/m367/m367.off", "name": "m367"}