{"fourier_z": [166.27704534796413, 163.0464924867461, 145.967102317286, 157.34247052458466, 165.72211186218294, 166.5136241031932, 170.79268890820538, 170.6896437717492, 161.96754541866778, 164.01833978400418, 169.1534126426397, 173.48994790363605, 169.60070346636934, 168.94067282383156, 178.92228174769994, 179.37749886807137, 171.39182129106783, 174.43063166539687, 162.43168658588655, 151.5677294155242, 169.88395843237265, 170.16311661973106, 170.0809359327889, 175.8833398720857, 171.6446201175661, 179.6869528745401, 175.97968696926785, 149.0268226917625, 165.8470933379166, 176.52972027379676, 170.00338135887625, 155.39384714851, 151.1983045234594, 153.9387995409868, 167.25217498054403, 168.43218513104614, 159.07723195682132, 143.88873631466754, 162.34302649281472, 149.68472440729352, 150.00167144582392, 179.06803023498836, 182.44890208888512, 171.39417870020947, 166.13611983760592, 169.60499116511417, 174.64222586727504, 172.40495782628142, 165.13828757817237, 155.0739675301191, 163.7842180557265, 129.2816928049786, 160.10516767711368, 134.5190926767575, 165.50173496035242, 172.16802433428668, 154.30489534041104, 149.05924761097202, 156.17210736961206, 170.68910316875548, 172.78710161194962, 144.41109309031026, 176.38054561364655, 182.39454506360147], "fourier_x": [176.74200822325508, 169.7198505307931, 176.2103048572207, 144.29859997484107, 158.30369923811412, 142.49956470388577, 163.3770357351401, 148.61711978144055, 169.36042686948434, 136.74318599674663, 166.2199545867122, 166.37341176308882, 174.15837762486439, 170.82749250397785, 167.2124574846171, 153.32646509378426, 157.28054211594562, 138.9122549686645, 162.20705982291068, 161.58014647832246, 170.9273965723478, 156.37649792782412, 147.4615932837653, 161.58141710599273, 155.42985994116884, 126.51370469157187, 165.23709507147078, 157.63985111433388, 163.25176289374502, 169.49311499399457, 161.36156647776664, 157.80762810327343, 152.25388872069453, 132.44768176464632, 149.09878258570666, 167.87636095953542, 164.05730914489493, 174.16937867382725, 144.42907371976563, 153.66462218118403, 135.80249857900935, 135.69270338710228, 145.8734423856232, 154.63383348531278, 175.27821540208575, 162.92970553480532, 162.5099542793065, 157.4379522069753, 157.57102411949188, 111.25343644098021, 156.47989086718292, 138.0449274292115, 144.4832446227245, 132.76961933615746, 151.3646657145561, 172.37745921248478, 158.41122773525865, 157.10834749492824, 163.46338048049446, 161.44048636945558, 175.47807978528334, 171.9109309107963, 164.08995170393865, 166.1044733217749], "fourier_y": [-548.8050803964022, 163.34076734402186, 154.42500054552903, 174.39666041867542, 187.32395047824522, 129.545948562879, 149.7364981520772, 173.3713584381834, 121.92845990917766, 176.51875100670247, 174.43217478307207, 179.38112627718343, 153.68105496061813, 173.4412270561932, 161.71499221923358, 169.25741191613807, 138.05992123451358, 176.23460877696712, 168.99712201623373, 156.13585156405142, 182.05495491359426, 155.21978326412074, 170.09802288319133, 136.9305024053981, 156.00317568893954, 163.03342674171142, 177.23267189674021, 125.0845792708692, 168.7437917809925, 176.62341129383125, 160.49302245897618, 178.5093169689134, 142.70225370728207, 180.30470726324552, 175.20609368804253, 154.2063457568275, 148.7381998691891, 157.51833361489741, 158.71436256084615, 155.64242763102882, 139.36297169989686, 174.47995729562894, 186.5159360767637, 181.32505092794003, 155.81772463733176, 151.7036840759953, 166.23558730076596, 158.0195574550653, 133.9126732088529, 182.6446038198698, 175.34180925162485, 162.92047545739246, 165.4363177537593, 166.41860048019166, 150.35301347323343, 132.06890470897076, 138.61700329451952, 151.2803830663986, 170.1493296833361, 177.66328016351505, 173.5169467499046, 131.5032990884758, 157.0387958053703, 158.25398848286542], "src_path": "/Users/hagardolev/Documents/Computer-Science/Third_year/sara_guidance/db_3d_models/db/3/m370/m370.off", "name": "m370"}