{"fourier_z": [194.00293257036196, 181.30440148262718, 154.41976914696082, 171.7689737330345, 170.15511078658437, 156.60337477609463, 173.15225393856065, 152.47802096315263, 168.99159871307305, 172.13803548452756, 151.29877052709276, 159.1715920862916, 157.6406668632091, 162.6635100456639, 137.66357850955052, 176.38602707721225, 175.46050963498513, 184.57085433463516, 173.71352032478518, 172.9144260521055, 159.8969655842919, 162.91601262839694, 140.39483659391468, 187.62178275425842, 178.78880240989145, 167.95396229610714, 152.27287943232022, 181.2044892650309, 156.97578579632102, 170.85606776653069, 186.30203700056782, 189.59943543951354, 139.00435223285368, 183.46396501290138, 178.17742866222744, 175.8906800677185, 185.62917842033391, 175.36130663578547, 164.82429405949756, 168.28116210962054, 173.27067846291573, 172.86959315725989, 178.2833662234504, 181.66055642859277, 166.8936387967872, 171.79423707874835, 173.53329471524097, 150.818472906114, 173.2107094238354, 165.46887757039156, 170.22223090435926, 169.3579224566829, 157.14536348552124, 171.8473801452942, 149.2371579842771, 163.5555035954246, 153.06607303439387, 166.1156831712347, 187.7702811131246, 165.51158122876717, 180.94527809606387, 158.86488439211809, 145.63111789559866, 151.87107622192707], "fourier_x": [149.74347388427478, 169.10039283801973, 159.45114397657417, 140.07465036370806, 161.61677178139928, 159.39482866095443, 174.3232735443679, 151.68310750957113, 175.67083714823644, 179.44035902980124, 151.6744156095999, 178.73129203884656, 172.36072640319276, 176.1319071050319, 182.5488297600802, 175.64278173802597, 163.6639429795007, 159.6604060734496, 136.32814177050307, 171.83236996498954, 180.77372674413468, 147.9406222113312, 175.95054470702178, 169.1670085800652, 168.10272726622577, 175.76680892186675, 184.88613526699962, 167.9588447622919, 171.12064251296573, 125.96608138133016, 168.16368584067465, 171.8596849307071, 179.70537824439356, 171.50648855882366, 172.37152100681996, 176.75603745601865, 170.27359788871362, 162.09596022170328, 162.12365170843003, 161.20566478961507, 171.69150502393938, 179.06928301995288, 169.26228719182058, 162.22834292908362, 163.34304714298776, 164.26826181080077, 173.25583718790676, 171.6950751559219, 172.46210679723222, 182.45495018392768, 160.90892869716123, 158.33226127090754, 169.415667827488, 155.00039497235178, 164.28775869924186, 157.81925545117767, 165.71585242280148, 166.7489116788394, 118.00356920985357, 160.78010967602066, 153.3191028644158, 160.89783927715243, 169.1708003164936, 126.23539458325382], "fourier_y": [163.6064174954737, 167.91086346968547, 174.42525711098335, 136.58269309298018, 177.35732637224146, 164.93312976908732, 178.6058208018951, 164.17103780597137, 182.04040592707955, 181.8729926304974, 178.28640754720152, 155.0215764996279, 176.54412487426595, 173.26647644796535, 142.41585916537008, 177.01724457656877, 159.5168349336962, 176.602250967053, 156.46455779148005, 157.47447233349706, 171.90101849868103, 172.89041513087915, 143.32290694575508, 171.4320568667028, 169.7345281365956, 173.95749606955007, 179.54872194658736, 179.88829899375943, 166.73635711637468, 153.1234937247084, 170.21188128700038, 164.8831905121223, 168.7840041074454, 175.80591004065897, 181.91790241186754, 170.73842089841972, 160.14958301455604, 171.95198787778367, 170.3430218808926, 170.48962604446, 178.40555590465647, 182.08549218078704, 169.3757430719757, 167.98767077779053, 173.76628303480965, 172.3600450858542, 163.2210568359699, 145.4416945428393, 172.5986017080842, 176.62155175306995, 181.47543841618017, 165.3609931625739, 168.42233374806685, 172.6447880090802, 148.140580086938, 182.3686125436874, 170.8778254646615, 171.5314520323555, 175.12399215993815, 166.3324789933872, 165.8153101774026, 155.02012298232546, 162.21203551353514, 166.02853845478816], "src_path": "/Users/hagardolev/Documents/Computer-Science/Third_year/sara_guidance/db_3d_models/db/3/m371/m371.off", "name": "m371"}