{"fourier_z": [160.52340389892856, 161.05994009484746, 154.19131461611482, 165.89335132920016, 168.26324248154572, 151.45660845217463, 165.3548727660922, 155.67604530470402, 140.30278809536614, 155.31632172878977, 153.00163095791896, 145.4316906443678, 162.73604224248956, 162.4678820061535, 163.96888722427343, 150.51107391669024, 169.47258721123444, 168.0100484249686, 154.18453788874288, 159.98345931338588, 149.46994545691445, 170.62852445100074, 174.16321411089172, 163.47535706256917, 172.17495676549578, 173.50379658940628, 149.4478991637182, 161.22371562474802, 170.63583738730952, 173.9664046343679, 174.43543826778557, 159.01171117048142, 148.12370254138236, 154.83950963253776, 165.94543547841116, 163.95067704038442, 144.71226094637635, 112.18717670897595, 142.51724226002403, 166.08020236643677, 171.32552952789794, 172.24918655785544, 173.72783479657616, 159.9115372384742, 157.4321175473207, 171.98595537570984, 164.98251432613162, 163.64878794154978, 175.2170886346679, 161.60923080834252, 154.59820240226253, 163.96291984515125, 134.72993083988754, 163.0838798669833, 166.47640639941739, 156.34511947158882, 142.50562731708504, 164.65304721739497, 169.13382007765568, 142.20688109957894, 157.40933931755757, 166.19536164715413, 172.91155816093718, 169.55508825404362], "fourier_x": [167.48953778429282, 174.8021734808898, 154.44126001803312, 172.38368677294102, 168.17343272357954, 162.5553419462236, 142.81617872066806, 153.2104221643244, 170.52138681513415, 178.09961111860127, 167.1456421052093, 174.5732743268506, 171.77860078494592, 177.63715208383758, 154.21395395073455, 125.85650847664658, 172.7044309810869, 170.64185750107413, 173.88791720736958, 164.05383882170025, 166.11023803105758, 179.7075220376841, 145.53097478907785, 151.10889085689428, 167.7024641725808, 156.86438797973756, 175.66647712785735, 147.43662462298985, 150.01783735290536, 173.94315899399328, 150.84039382147813, 158.62288727421648, 154.48293904639127, 163.0805371831869, 171.43243165964677, 164.43641783214105, 154.89692310793902, 167.06777574611658, 168.83643424342014, 155.46680799684134, 167.7569077963081, 163.76833375040658, 158.02221546522512, 165.74319553181024, 156.29236074066895, 167.51409012109505, 171.30832255772145, 147.51096075647206, 174.78388390751087, 152.7576518955651, 160.16117213533806, 169.08453490217977, 142.62593519609777, 164.07527703209283, 158.497275381832, 145.7655639235405, 170.04640194937576, 123.8264272331949, 169.6659936543625, 176.5956583309673, 151.85075215199242, 158.81643781758345, 159.95358307520075, 148.51875026845616], "fourier_y": [172.64611997033484, 183.86481317655256, 183.5491353731174, 183.30108364812415, 164.99062615965133, 164.62886604072725, 160.38873685659848, 179.20709496195775, 163.47295934021088, 165.98527520433495, 169.57709038996128, 164.0031847318619, 168.66565929349503, 150.06104243906447, 157.79910117412572, 177.81974706957274, 180.6257799935221, 172.8121286504982, 185.32644015860566, 169.0478833139696, 168.62435694096675, 144.42741724403243, 168.0939765578059, 180.08946856869017, 176.3419740948674, 182.37700442716687, 189.09362380701106, 171.14036842909243, 172.7059632144191, 169.92042717683006, 158.64387126566865, 159.16031849459375, 183.4820764278275, 153.4988097680635, 165.49331343690176, 158.4960589086138, 162.26500286708375, 175.9632853370783, 175.66534691998683, 175.07268126967517, 172.97399782955725, 182.49706601673833, 181.66398884688815, 184.29005949465036, 178.30098504034677, 174.2247377194784, 166.03570627894743, 177.78615421590615, 172.60056307814006, 166.39325150477856, 173.445520579472, 172.50162392209882, 171.43963033373413, 183.5791197818888, 165.53821014057354, 170.20035631265563, 174.37730332726144, 167.97050801324826, 163.92207006471014, 168.98523741185156, 164.8036689557509, 157.55619441032, 152.67708851117578, 151.98151934941006], "src_path": "/Users/hagardolev/Documents/Computer-Science/Third_year/sara_guidance/db_3d_models/db/3/m372/m372.off", "name": "m372"}