{"fourier_z": [158.78317635913592, 169.00421929881668, 158.0713147449738, 157.19994460692527, 167.1163617450156, 148.13074911979743, 163.70538917677726, 159.70887003293237, 165.2869185077186, 151.06589540019806, 153.63453593148577, 158.40090745067826, 129.10866942790702, 152.49287814097988, 146.87127844615077, 162.62281418639634, 167.06528149897952, 174.12895798519997, 155.2666626063266, 163.91767561803442, 162.70015871130656, 159.863753342477, 166.75273665820293, 160.60750488807162, 162.17492890389335, 112.27876828102808, 156.9310576114912, 141.4605536711534, 169.04306225261575, 168.8286186265603, 138.86332905372464, 167.5245989519507, 163.31646799422379, 159.03892804160628, 168.67596343011974, 164.5411944897688, 158.10234893380914, 160.53378344510065, 157.78467131087214, 171.74966935858623, 164.10377449070208, 162.54519080994783, 169.19988757602096, 150.20445635337907, 168.62738255300357, 161.11157960847734, 151.47678357040346, 164.5832129478406, 161.19453280137498, 160.9757215205171, 168.17146565557442, 149.37113570685253, 154.82067809336715, 160.54535961113007, 136.85085905886044, 170.92853800894267, 153.5415880421176, 164.4085353454292, 154.38328050212883, 161.3678615427962, 172.95530988487297, 161.1234372326943, 154.71394179985833, 159.26890862958854], "fourier_x": [163.6064174954737, 145.05961359159352, 144.88301822563378, 153.0027680446903, 148.58780097329395, 154.20913951399092, 150.27557859860008, 148.77593991364566, 162.39137890109345, 144.74749942999625, 147.5662965946878, 151.84210626438448, 148.48251484240794, 159.07688280731156, 158.47182742229757, 150.32444111673266, 158.7631066767044, 136.20917836216557, 153.10418077313088, 156.16254226583314, 141.64960169657994, 160.90881055457334, 163.37131468571738, 151.3075814416532, 153.76446432967813, 149.40581678172362, 158.87749682844603, 160.02056742680406, 137.95452553418363, 160.92557939846174, 166.14310695857284, 152.53907949442993, 152.74096032677352, 160.9281207360847, 162.96563804219088, 161.83203451054163, 149.31596911865117, 160.42909735415338, 167.0649515696053, 154.2079392624248, 157.41837293891527, 164.96635944360906, 164.82545045781052, 161.42895987493324, 154.71464331721603, 160.70914321019913, 165.66659277275852, 155.7308819925814, 161.28153187980078, 163.1294723208128, 164.40667387710386, 158.78827573326868, 153.37661190760232, 161.56727105812865, 161.73201306424738, 156.11819315660745, 161.6515231013183, 155.2027518208598, 162.01694805883653, 154.0680033234344, 145.87589851732602, 161.37017137087085, 156.94005930099388, 153.97158457873542], "fourier_y": [138.5511581255664, 125.54849525485751, 161.04498089604255, 168.2351485780652, 157.42034739540816, 150.77238868153788, 154.57225727637447, 174.00563586695063, 142.88205910822842, 163.08169448639163, 139.99439844006585, 171.89995063093795, 151.1844166719735, 160.06994157063406, 151.27574587774535, 177.45016135540183, 171.00178757330275, 165.11664988479282, 162.3993036852248, 167.84467210153454, 166.03859199388424, 161.14288659995367, 149.0605472481627, 164.26014585475946, 170.9438103063993, 156.27348851197587, 159.21150012769598, 152.49016150241528, 171.24416985641284, 156.40922704888413, 167.4988980060816, 138.85779842366037, 142.21717020016595, 161.31875188972802, 163.0740110716552, 160.9301966712434, 168.45267599977598, 146.8424308521319, 171.69695095853496, 156.859301636061, 173.76172449612523, 166.8874505020479, 165.34141166314458, 170.8225165939927, 173.73547411043162, 147.79386349580187, 159.84868291487754, 150.28810732765876, 175.25044728449518, 157.0735417791334, 161.22833827751134, 174.8259756745971, 178.11826841352556, 154.44802707313127, 172.94724630211567, 148.73709101112567, 164.91947617207455, 146.20740679710187, 167.5556183681632, 170.88509929081582, 166.32494872610735, 152.65949936199797, 183.0925863096972, 166.1766909795256], "src_path": "/Users/hagardolev/Documents/Computer-Science/Third_year/sara_guidance/db_3d_models/db/3/m374/m374.off", "name": "m374"}