{"fourier_z": [154.7697624498929, 174.68169802899928, 179.95566863650438, 181.4054814390826, 157.9771716568278, 176.61662900599254, 173.0266701822285, 167.6401171273347, 165.9853514783674, 173.17008399691275, 168.34269188179343, 181.06755871188574, 170.14245489376088, 171.2609461994552, 179.84504814121618, 182.6363122329604, 168.60122561171508, 159.38441210710008, 164.1328635341028, 164.83763201912546, 153.121733699214, 168.8390212344437, 162.99252618436444, 178.6200274725152, 154.33584157835054, 186.14991758520333, 168.06420284944008, 151.46271349455097, 169.46789213706046, 175.73254712391696, 189.58353686772136, 185.7297820175687, 178.86364772518832, 167.3811161199489, 174.73095447390352, 177.53728340004616, 154.16293005429645, 180.58054971283568, 171.94046520590786, 174.2094858168196, 175.10914947693402, 187.64653620675577, 178.10357085855065, 156.85367468422527, 167.98495060882425, 167.7336603559469, 173.5962156845737, 175.893009880628, 177.56746895865825, 177.42923328816545, 178.84655392069905, 174.9749512147077, 167.70891640811107, 177.33095003029263, 165.42352433568877, 164.41262433787912, 174.97317259525818, 187.82571386035002, 179.3949340726576, 149.2677730844923, 152.81913226021038, 150.8383211285724, 151.58498040104632, 165.37623559936537], "fourier_x": [143.01402915185054, 172.97368106440342, 181.8972154756293, 166.44747303352645, 170.59740252945892, 180.44705237321438, 180.42277756646246, 180.91183706933958, 154.30866679318413, 181.79239598013538, 177.02146535198185, 169.39540771253684, 167.9056487691413, 180.73117121974732, 160.33386664616086, 147.68448481184194, 168.54049731150067, 177.844326343504, 174.33637457026003, 174.86613897141407, 172.97595229804858, 166.24952375179103, 179.31611786908263, 178.0532442592302, 165.07468030988167, 164.52372099636545, 171.12377027783236, 164.86879536736456, 127.57462333755322, 176.13605095868428, 156.60393174478926, 177.6373920286321, 177.55903568901562, 171.28119209455383, 168.24444336296196, 135.79218574394778, 181.22864545656745, 167.44116774204792, 156.97548881001597, 180.13349148022212, 155.03008686817435, 168.1913936031168, 156.8708254298828, 182.86049799428008, 174.36483401156482, 168.83406368592208, 140.22751010962105, 172.50140601160524, 176.6051034033633, 172.19876495180384, 169.2503968108221, 173.405586589979, 172.5275562783963, 150.56264807981594, 166.48509853710667, 171.0203885247921, 179.27260659574534, 171.6274438677857, 158.6914233580902, 174.71839900893, 160.6975409433773, 162.82992206497602, 168.3924570412987, 181.76357972714413], "fourier_y": [154.7697624498929, 171.98287973331787, 172.42300150256952, 173.26322387255047, 184.31786372634673, 171.99422781919498, 164.78946530826374, 161.63091438787845, 170.4068859943862, 173.62290766386607, 170.22457368851536, 169.67126825784587, 176.67788793439144, 169.52215295938757, 170.6839723184476, 162.7986776001485, 175.7718772832273, 175.96141866415678, 114.81915177882699, 181.1696557335987, 132.45899328731934, 176.8884641295531, 149.60983800848808, 170.09398730783786, 171.7377796838183, 121.59520005135423, 171.25968228377846, 174.16054616689664, 164.4303905114599, 174.03880557366278, 170.88577710617628, 153.45569344929157, 180.34116013100484, 170.45459679172453, 181.5795278514147, 169.32045134037105, 163.93488650773276, 165.9172811551237, 168.2929400427442, 167.59942991250824, 182.93735019334903, 153.27735994588645, 156.44797108283845, 173.7444830474183, 159.95409138841435, 171.41580655966237, 148.11085256336983, 165.3305680235345, 179.5418380670267, 175.13495925670037, 158.1538593522009, 173.9061178787043, 166.719405968641, 168.58859443513597, 169.2880602579819, 168.97867295264405, 157.12886098393244, 182.230432781038, 167.72641190258435, 181.41873071796627, 158.0803466243368, 173.3934459327201, 167.77447822055322, 185.08818400407617], "src_path": "/Users/hagardolev/Documents/Computer-Science/Third_year/sara_guidance/db_3d_models/db/3/m377/m377.off", "name": "m377"}