{"fourier_z": [170.7399163742483, 149.70295823357037, 182.278427047327, 174.4427204014556, 122.605684430731, 167.51197947774318, 162.42815225693596, 170.15696247289398, 171.7076212934088, 156.47137100812233, 181.1356442256103, 184.0895205819528, 172.54843952209112, 159.4965467803402, 167.18697560774913, 159.25241420286304, 154.2812231418409, 152.07720729112887, 178.86957764539477, 166.92367374491272, 170.63141874339, 149.5924666319684, 182.63063736743345, 183.43768308999304, 171.3490372826834, 181.46361516841841, 154.454009860264, 175.40058320079882, 148.55035846404758, 164.27589029146753, 180.49693124618258, 177.92643792831245, 158.2239061185312, 145.28010939187504, 155.35714431612772, 147.1514256885767, 166.94261050390256, 172.59132942904245, 180.1582336676645, 178.57436624365775, 146.84187693837305, 186.01883743854904, 161.66679815236162, 184.33033407546634, 155.10625441429576, 185.0270626876242, 163.5878836843473, 186.38768551044302, 151.56150611888634, 166.68366737778283, 168.4205713111666, 180.07611319895489, 160.92272001913219, 166.09720292548144, 169.1700946993364, 171.55503322878633, 147.1367692851891, 188.77503437368898, 168.79180885192505, 177.13529471538016, 173.79907178469253, 178.65247250135738, 164.46500182245333, 168.6518853949549], "fourier_x": [176.74200822325508, 177.97634024777807, 186.86370963803964, 176.71353941160564, 171.00908765724964, 148.35553548602184, 155.98801567043634, 149.14018297808835, 155.45687333901571, 170.5391631937784, 185.55932393888338, 174.2134314991922, 174.69135197523218, 166.68739641546966, 141.69192580149848, 167.70978001436328, 166.20563558757607, 166.51131686342745, 149.13656442397138, 163.57611009608434, 152.86360407272122, 172.42508378310814, 172.29090874914007, 176.27856730217582, 169.67246384898968, 172.24185892801466, 166.48679502078622, 177.65067507647788, 152.64496846405103, 161.89550792942939, 169.21985098098645, 168.93611390581367, 173.8623283204908, 157.17486644335784, 157.98407027974687, 161.9422158052896, 157.5779565956587, 166.79033726487117, 114.38111573703995, 168.21446512846245, 175.83925703992134, 162.40967707164776, 151.5719095847893, 148.8517112585658, 135.87660563085606, 165.90081532535902, 174.23053833532987, 174.00090017468656, 136.66806409318838, 165.18830924045687, 174.67255981900283, 150.74183078663947, 165.61940391027505, 169.18312397523917, 162.2029290678357, 175.6202438202189, 170.22853303632385, 162.1303113877629, 145.85511136613923, 148.28038483847587, 158.22786444960053, 170.52405312547123, 155.71691512203597, 171.7072794145917], "fourier_y": [175.20278740053254, 161.34280688537063, 149.69991087539623, 154.78844457205557, 172.82858968888308, 182.32026763963464, 177.83511996265167, 151.88751809738227, 129.27985023111242, 160.87287895609276, 168.20270782497624, 147.79689385874116, 170.78559512594794, 178.33760903572636, 168.1284874323394, 141.39305446001902, 161.62349551776498, 165.859370291156, 173.77584604807683, 169.81350647214938, 138.58722472900584, 156.96287205212647, 133.29995071797177, 169.7904795762183, 150.0019506926245, 149.99278619027146, 156.7872028058805, 170.91660666315954, 179.16643169671363, 178.54173264713313, 165.39452011997471, 159.67455242539137, 162.3183148571356, 162.90994174444955, 182.94706761521644, 177.84326504746846, 161.2315859629861, 173.76488779380384, 183.10572044625886, 170.82235761937557, 171.12445101304513, 171.83658380613787, 175.87561349308112, 168.6907435344213, 165.34062129768077, 170.68201384973517, 166.95045517158468, 147.39189813604773, 165.02376727945722, 155.79017884978487, 166.2782036104755, 165.08862371904553, 169.8127772546462, 153.0400325048478, 141.63323282222518, 162.39999020091727, 166.57688857234064, 174.41236669353924, 166.36160716044128, 151.34496103384075, 166.40511306667807, 171.0831419672488, 164.2797890154692, 148.6482933737919], "src_path": "/Users/hagardolev/Documents/Computer-Science/Third_year/sara_guidance/db_3d_models/db/3/m378/m378.off", "name": "m378"}