{"fourier_z": [180.7554221324981, 169.6719042592669, 165.30519375637687, 180.56068345169425, 170.41203573050257, 177.1284195577727, 181.24404138652923, 176.09289372687482, 176.41473119582318, 137.4502218283807, 177.12575564118322, 167.05871447878582, 177.61308521142604, 178.67604804559716, 155.73239201790076, 160.58127644614106, 182.48425408065373, 164.69053486387295, 177.59030945964795, 170.78756139436123, 180.58986184893035, 178.60510522202884, 175.99363447037143, 175.14042964787637, 174.27876699456243, 186.41559095777615, 156.98084617868273, 189.6307257132165, 186.00795608158478, 173.11901304049405, 187.17634104840758, 176.81443260059, 165.77278836808915, 165.9503185311348, 152.76678789435627, 173.5442589299058, 172.60850218679596, 154.7080056098002, 180.51162477530397, 171.3235285033069, 171.10867509140147, 151.64312687718717, 169.06710438350703, 173.07053106050114, 150.77749110088638, 155.72278677753997, 171.59899278737285, 175.86552918355716, 179.09400713875021, 158.54424296733603, 163.89791499972063, 177.64042265489368, 170.73942749097387, 161.2160514568454, 175.25345730551905, 166.1587159154834, 169.98867959636414, 162.08310381847866, 171.2533768548065, 169.90700450138667, 164.86636687488334, 180.00860326143987, 171.02744916575244, 181.27738953884688], "fourier_x": [138.55115812556636, 159.52413272626413, 169.79992230507423, 151.00754878417095, 171.46064290239846, 146.65823631635172, 173.56749138530827, 174.21890593985225, 174.9818481654146, 156.73297704939245, 168.3781947844588, 168.8731623780954, 177.34173371078128, 171.5716220310318, 183.2309211651079, 174.9691865948228, 165.29101443471333, 168.86983307355888, 165.07043434581848, 97.80919760745972, 184.38246922836936, 183.1626700735532, 165.57039253394828, 154.63540523971105, 152.99385700785822, 169.02801260746915, 141.54844644208785, 146.9305534503552, 173.5002904302856, 178.93924520089024, 154.65651962428484, 144.96049442533703, 165.167232555599, 180.15985000630278, 177.56483137161314, 157.0905635696941, 177.50950057219836, 178.3920649731973, 159.1444085036198, 156.33878371700303, 180.3652443046714, 161.76216055203224, 161.1809775618314, 179.24781101946732, 162.19215083788578, 163.13303978441454, 150.78067480240205, 172.5579878420894, 169.93815073386185, 166.80421023298697, 168.80477123782273, 168.1394177906309, 150.40834531331294, 155.31752968967052, 162.2332331825445, 169.05904801887607, 176.3326155629082, 158.62653131867913, 168.32915682214207, 169.76056511771193, 172.20618676076126, 163.85220087225352, 147.80020668830565, 167.55979498868027], "fourier_y": [173.5351552217515, 139.3538478500243, 163.26089075022776, 150.14915303720136, 144.90915563996606, 178.09995870682167, 169.4443569190372, 177.46250074112305, 148.1125889798955, 162.40655664346087, 177.12695290513355, 148.97797756912874, 173.92749171994555, 168.05662583715105, 175.41679059762797, 158.0056454887887, 175.69766847904327, 169.7268489411656, 168.0694860773741, 162.17405442113045, 158.91312234335413, 173.00634159527763, 167.39753371602598, 151.6903018553234, 160.99980232132663, 174.45884419028744, 167.2333406041432, 158.1527295626055, 166.75978538332737, 176.49170626797627, 170.50614972990934, 180.64360147872503, 158.3688699087, 166.073602018288, 179.19454572073474, 146.7831038875698, 178.41710257369957, 166.5890908739399, 185.74051849845864, 177.6714219481768, 167.96521567645257, 147.9989663149657, 165.14414686933497, 164.94562171793945, 168.27101115986744, 170.3554930993492, 155.19077434910935, 165.64489730902838, 153.99241697258816, 180.69499467036434, 177.49408610043727, 154.96600910038734, 181.91971779419077, 168.4146415616757, 157.26057751717025, 172.64971471036677, 155.4415221289721, 180.98279608125637, 164.6035079984312, 150.87472175633653, 143.56916118644796, 183.78395564826894, 188.2991780246524, 177.17335706381675], "src_path": "/Users/hagardolev/Documents/Computer-Science/Third_year/sara_guidance/db_3d_models/db/3/m379/m379.off", "name": "m379"}