{"fourier_z": [170.7399163742483, 178.81368379570247, 193.7986678583004, 128.02581206680884, 191.6094845827806, 182.09324691469772, 183.87627442442735, 185.05497570390054, 163.88786983201126, 151.45860754019847, 188.08180553200532, 177.62902844112222, 191.11669394713556, 184.9395581069175, 158.4679350011417, 171.58882887482977, 185.70275399345155, 168.64714874856915, 172.31395115086318, 161.1769873983869, 184.93191436584542, 179.00103921858482, 180.1288517108145, 143.28344070199765, 188.6595500638329, 178.33071172170372, 175.29889672558653, 185.33188369356492, 172.04782470785605, 173.80917028587186, 162.0100201006268, 173.317183041452, 163.87584737881852, 184.96611457496186, 169.32881611122315, 180.2037411662357, 161.4133112595178, 171.17010231209153, 156.99888613034784, 163.30589386675712, 155.6044901202594, 183.51883471708345, 180.53722548761766, 163.5179111936347, 184.5155173551709, 182.31647216971353, 164.06840124244738, 171.79643293152583, 148.24751655511866, 175.1205736453009, 162.57841770957324, 165.00250333827876, 164.7056455586379, 184.0373106239685, 169.50782412634777, 191.80372837823856, 172.47335749085806, 166.38732675977505, 174.55751674115692, 156.8718961120736, 154.72869247108815, 177.78877250096065, 175.8547833267983, 187.97011809186077], "fourier_x": [177.4693611066726, 175.69602696001485, 175.02355276812065, 187.04509246908216, 166.7603814927759, 173.07459789017688, 186.9764789805517, 185.06717053397648, 179.35316789030549, 168.9273867585203, 179.38412463858646, 164.11729158620759, 174.47513479410216, 167.35018061546, 186.28854375663255, 188.9929687676737, 166.40051474530335, 186.74296356367958, 190.77158889815237, 165.76171254607027, 164.9444892319496, 163.14432671245174, 155.961693730266, 180.19483109127876, 182.88086853074472, 183.60569649937946, 134.2046200043424, 177.72474460427392, 175.74927145946884, 160.05778680056295, 171.15261528998917, 173.40393003444646, 160.06333045739663, 169.55219900079126, 174.9947888043623, 163.69718158609902, 154.71201550898905, 169.81293899381686, 172.8575670755754, 177.62984344739573, 178.0637384470682, 154.64216753101826, 156.192838378289, 152.4825634453273, 169.1774718205244, 169.9866921288413, 177.15191432203, 189.88850467900772, 151.80760729258722, 179.34604537044862, 147.92164165073305, 177.05490215132096, 172.4932634385307, 165.80706068468572, 182.66728750285014, 191.69764879457472, 173.22198481924556, 175.72577450249133, 168.6849382274088, 162.8878604911319, 176.13345667100828, 172.89432704726136, 176.9552770653476, 164.32839194377658], "fourier_y": [138.55115812556642, 186.37886591997778, 192.40126882549436, 193.22640655816554, 180.50931521326444, 151.4878777087571, 176.8662193580409, 187.17912266536146, 180.9931624054285, 185.40781040307053, 179.41258061018036, 182.3382929909437, 182.1470559208362, 178.92453624960086, 161.97711783785567, 177.34158930343625, 197.22904849688575, 196.41108057800216, 193.08332572713013, 188.51759723767327, 188.3910160301205, 192.05779997084204, 156.21363720110685, 196.6745360601779, 191.58368741433634, 182.48079975256678, 176.7806793515009, 170.75994037063265, 172.08027779454457, 149.27115076364456, 181.69941874584293, 188.392156813963, 178.44836963126397, 165.72314757411516, 175.68359119877647, 183.1251092314842, 173.61412515639995, 168.21012077512162, 173.95339081866769, 180.50207377012256, 192.8470503310979, 173.545530461288, 169.38518591452458, 187.91334922193758, 178.5019529706271, 152.11409169105164, 133.8835495647927, 170.91185063709563, 172.61386656331976, 192.1751601097699, 199.7830788748455, 186.5210698139058, 177.18094202323516, 182.19534663886367, 176.50490939326784, 164.80538806920097, 171.0339584380606, 185.03888851092654, 185.26371621715785, 188.25245250101358, 192.794304104186, 183.9591643874308, 180.30276723497977, 183.22415368763643], "src_path": "/Users/hagardolev/Documents/Computer-Science/Third_year/sara_guidance/db_3d_models/db/3/m381/m381.off", "name": "m381"}