{"fourier_z": [110.82527090316853, 132.13266146438346, 133.24299747057103, 141.9610099037806, 134.04876471202263, 123.72980511184302, 132.41426090372184, 139.77716676190394, 122.13672935211157, 137.5112237254165, 117.71710587123349, 128.65006578418058, 135.4953695595667, 135.74628007053684, 146.03093602720145, 124.76587118218524, 126.12982114907489, 144.49381713254513, 140.98209521228267, 140.12327626571653, 130.0570092107385, 147.39123063979176, 145.22300501120765, 118.40021849491463, 120.47294384314748, 136.08597109394353, 150.97397302217104, 147.0121117051794, 134.05531539462942, 141.14256155640834, 133.4336916347258, 146.4538378055942, 122.69152078977578, 133.81390219079958, 146.11303249303228, 130.97894656668842, 133.2726638614562, 144.46215149697503, 150.05847428174232, 142.06331150621128, 130.69483681527217, 154.3466287113941, 135.39306930725058, 144.6339327358785, 126.73905734879315, 133.25320809528088, 144.21045907973652, 123.19844960113934, 130.70861760210653, 132.69963528775756, 144.98044221727844, 124.23689334987972, 128.7320787366914, 149.97346794065697, 146.91806322397596, 121.70472252147, 125.28974165800133, 96.64523630896348, 134.96909515795213, 149.71778049587874, 131.0123882977226, 120.03674332981547, 122.22550603246572, 137.8377979680503], "fourier_x": [124.68821451436744, 130.53234366424417, 127.51076729490484, 95.56667052656306, 111.49345301208345, 91.85718524514733, 110.07270310871179, 130.0833839626086, 140.54824126459462, 142.4475142621888, 96.9687245835044, 148.3384529277741, 145.48278260404183, 128.55660795912334, 142.0881440131698, 138.12570377111496, 130.31722563321904, 127.81957628625264, 133.4546845439815, 131.21616368445513, 123.711053094487, 122.06203384536047, 134.569220426295, 138.2763082093285, 156.02745123279504, 141.61216510581272, 126.06977402544305, 154.49499606828644, 150.32994314588512, 130.79638558324513, 133.3622476535145, 138.1923145727786, 135.59359288138137, 133.120036593787, 121.41364940195416, 138.63927738662593, 120.82039451332258, 121.7585041504215, 142.50798081715905, 113.84201650283222, 155.96368345862226, 140.59140482318097, 130.05783587346565, 150.1629568740419, 154.5804452781059, 129.64751528167926, 134.5976517420794, 148.81129476789417, 132.0211098444776, 123.3463472484331, 120.66698741574515, 129.21621262388123, 134.90132476451913, 133.77643043503647, 142.56030574999247, 141.7164936177804, 143.75685653338823, 134.29007159307028, 129.64163320387013, 140.5835363329178, 150.41215535938898, 148.60572590085545, 147.57065947496247, 138.3767629263949], "fourier_y": [173.5351552217515, 146.77312379704165, 146.95047272322645, 155.67364601103304, 155.3927303244078, 134.88948690209133, 158.26702566881846, 150.86242339215542, 146.0693212569108, 150.7970809094702, 151.1131315659089, 126.3955402056579, 145.02464709657994, 168.42821806892275, 154.31778141610158, 157.64633195247762, 171.0538242533391, 139.68897457891356, 139.40708932596317, 164.09031436393224, 151.5302751996464, 156.47545641193898, 148.03975412328285, 154.8469531600353, 155.79096486317263, 162.40581212874903, 164.3156208354071, 138.23977725441353, 160.80476760533924, 179.35758368382494, 165.9560346664983, 177.8286319749131, 155.13513739654567, 141.0010502699439, 139.0429324620577, 157.76378910497127, 142.24627810379337, 168.72760848982165, 133.4008302149067, 165.6048240839674, 157.82048531298403, 167.49984275486264, 164.4059696112958, 155.20897110660843, 172.55193275114993, 167.16799255175854, 174.43090033749147, 184.79616071333203, 146.4001920741149, 135.2042023098754, 160.51011294139826, 147.7392080610711, 154.25351604175185, 160.1715182531455, 135.06366769436266, 172.4168712996148, 169.86434663099277, 164.32286114767948, 147.53296215489473, 152.53413981886354, 171.79646964698293, 140.6290046611901, 172.73638608911318, 184.40367017476038], "src_path": "/Users/hagardolev/Documents/Computer-Science/Third_year/sara_guidance/db_3d_models/db/3/m382/m382.off", "name": "m382"}