{"fourier_z": [143.01402915185054, 141.5324991204012, 142.85307101253056, 138.15558968269644, 110.537375396922, 151.24670635105898, 162.93056876039682, 166.13929187321236, 141.9478329454134, 149.17994043999852, 149.65938346983958, 146.16026958453878, 133.24853640464855, 150.73578952634261, 162.5301791535824, 167.93569051194515, 139.3541383001667, 152.48011511335682, 153.59311989917433, 151.8975709305816, 147.00429696286992, 149.14091358160994, 161.81224762594246, 167.99339685817137, 141.55980694014693, 153.77389279816447, 154.8313402498324, 155.81934202833395, 153.47810136050018, 144.72366844795462, 160.55446281090218, 166.3616402195672, 150.6553175623062, 155.42003194142262, 154.23567191382398, 158.05544702091663, 155.8721844605792, 132.04887537508733, 158.13541837507714, 162.85617837671214, 158.1022793286946, 157.74864151547845, 152.53446776781183, 158.60283799305566, 155.95471967231362, 103.94767744893309, 153.68406834850896, 156.8570160353523, 161.81414430098124, 159.13951045196202, 150.17101162762472, 157.48785120698568, 155.371458158707, 140.63388758041464, 146.83287970790263, 146.73913189840303, 161.7357635641949, 158.44528373523897, 147.00263647609054, 154.64805187857138, 154.70102416120494, 150.10903992969395, 142.56430224631396, 129.49262402110202], "fourier_x": [152.41410173676525, 154.03774733968416, 157.49044582325737, 159.95970844266859, 158.79163972789127, 150.07960778662908, 131.87193974336137, 156.36229099534015, 155.9513111803491, 149.02264361773211, 160.63176512358754, 163.03720167326017, 156.36391266852507, 139.1073229865923, 145.630556110903, 152.08358939160928, 141.7298693015272, 131.42490947362512, 146.08705865449215, 153.0613437832833, 153.23718620492727, 149.15271172197177, 147.16312366614977, 148.8852816732933, 134.99091258273802, 135.30247560792748, 132.97132375248, 134.6405574253911, 133.66480292485738, 118.61749460996913, 128.01697965598666, 143.84350627098593, 159.89077944238085, 158.62898314707522, 159.0207294488839, 158.1567482984627, 153.48506307606397, 143.39397668430007, 128.26572233344558, 121.04995064020237, 156.1760822082853, 137.43626696433097, 146.39494240636697, 155.10168273209672, 154.53501327364125, 146.77031506712194, 137.70783966851, 144.69505323441552, 151.98525857888518, 155.5324437152696, 151.23285513099728, 134.54916649309789, 128.567379335546, 150.79781564467515, 158.034119455198, 158.75715786570657, 160.9170370306273, 157.55530148149256, 131.569842210807, 152.40528752960483, 167.47476142597048, 171.11714967115347, 167.17224466308494, 153.002903201473], "fourier_y": [183.57699409769623, 159.264552680373, 173.2676975567603, 170.20148984130265, 180.85818011334777, 165.47051635447713, 164.04840701647132, 174.99448088130288, 167.07041466301052, 176.20314602041418, 170.75215802139283, 163.4965073133812, 161.32609986166773, 169.38714973486438, 146.61056631882497, 158.0305198089425, 161.0983303226395, 168.73679279334362, 155.97533446249025, 155.5858081466595, 151.1476426951908, 155.27039630897826, 161.64866402020638, 174.0355661399065, 152.20790355015194, 183.3078437143644, 183.23805548649446, 173.48209698426402, 168.62812372372474, 155.51603594263614, 174.36699371527467, 187.2872276379887, 176.89101619626342, 151.55117858619525, 150.6262784646217, 172.6596312031282, 165.27969347233358, 147.0578792627259, 173.13989854008986, 146.47319035166223, 173.39827388088344, 157.8942868654658, 180.76065348990912, 157.157136063823, 180.23903289229406, 176.42956490069494, 175.25351530573175, 188.68719306297206, 158.25850992254425, 144.14257412895327, 179.3751274739941, 167.41356691117002, 187.69808924574622, 193.3769459276635, 181.89972331480584, 166.41291323818055, 176.41933819847924, 160.60822514051168, 185.1731618661151, 164.64633973176655, 184.03661882713322, 180.62024965932682, 190.33882969981104, 176.92116278441506], "src_path": "/Users/hagardolev/Documents/Computer-Science/Third_year/sara_guidance/db_3d_models/db/3/m384/m384.off", "name": "m384"}