{"fourier_z": [110.82527090316847, 141.2761535726612, 157.91672833929994, 95.36443928985476, 162.6750166715598, 151.40728898993137, 148.7794427840982, 161.1749250394119, 163.59614939822958, 169.44064303058292, 180.29811797105134, 176.0898184129982, 167.13273798816158, 168.48901059333093, 170.5899785129442, 170.18495910043276, 179.0732648021927, 177.82460470648206, 175.61649804310616, 172.14587241203537, 175.89788023764373, 179.01200776119902, 170.4769468608124, 157.19499438982558, 158.58234631168457, 159.1762837307444, 175.21958656105184, 175.2134169872253, 154.97568299201032, 138.95548917503658, 157.9447412938285, 179.52339526915875, 153.7965740018935, 161.84801177797627, 167.49859873109247, 158.3196499602691, 153.14409101781786, 164.57646394150842, 182.69755532616693, 187.91660337690703, 171.9649345269989, 161.1911479751135, 134.8886303093243, 155.9441565286096, 176.7920341633578, 180.97900097553241, 183.6791011822986, 172.37342385638496, 152.50151931455488, 154.48914627195504, 155.58515328286776, 159.4727165280568, 174.15701439002632, 177.76486579397647, 174.67604665362612, 179.23893534090826, 162.47357892704073, 160.18958673525538, 173.86976384955227, 178.15206710347604, 175.33837029525756, 172.0474228706616, 172.2591078642091, 177.2050099427812], "fourier_x": [156.87697276304942, 153.07117988701543, 161.33243734887623, 165.25309902846243, 171.8970498617583, 168.98673585735833, 169.34219247495088, 151.0923239460257, 156.7226700767141, 154.01576087970682, 163.58082964554183, 164.61405901029417, 171.31562483837808, 168.69134652144686, 168.92287806330754, 148.04494900943246, 156.12724894444958, 154.7460356430807, 163.41425338583687, 161.026390758513, 167.57617198553478, 164.39404937510534, 164.93389771720126, 141.23417673702605, 154.80595681318033, 154.79657800257067, 161.8357314848039, 155.3837085844977, 162.0069109552327, 156.75182082176255, 157.93934249356323, 131.03397440195823, 152.47088203989324, 154.8314176881123, 160.99573120119416, 152.57002650375074, 160.1767547956207, 154.16280257442992, 154.60589510922355, 124.7388405530245, 148.71552090663852, 155.41946470435727, 162.29089712711956, 155.4111241233277, 163.46555587213768, 160.11357606199277, 160.11868359423673, 126.72104165638245, 142.39255225075135, 155.78291611298334, 163.91195852629946, 157.92309435158856, 165.5687467140224, 163.79598869996363, 164.9923907246103, 134.33427096902193, 129.17665928473068, 154.4292028589315, 163.61670876553293, 157.54904050893907, 164.04114151392952, 163.1951914165518, 166.66776746862524, 144.76616896433205], "fourier_y": [152.41410173676525, 162.7329421017398, 164.95844307066346, 150.3433312313442, 170.5022569706898, 170.36692371869628, 158.04038176170843, 155.8072568751552, 155.47114625915793, 162.1225596037022, 156.74471933417175, 145.25808669537915, 168.66846981777923, 169.4787128941149, 153.31924262863149, 146.87850184551263, 160.59051097006136, 162.3640439004615, 147.4085732054861, 147.15981465071658, 165.50101220123145, 166.13586367715249, 146.4246766261817, 148.47304501655555, 164.20434728084314, 161.8359446584226, 153.48151133835364, 156.64585384391353, 161.21722672064206, 159.65693072174167, 143.37994899037858, 153.941009020295, 165.52412242652957, 159.49175986804426, 161.3756461547496, 164.16609836161433, 156.25821286870323, 152.25281662427693, 151.62164896248026, 157.23117402028197, 164.38338867509657, 154.826632154067, 165.0190663039886, 168.39377106626628, 151.2107863986812, 155.45327930357195, 160.94682485373755, 158.95835264465305, 161.1112863424044, 147.35771424495243, 165.49499455393692, 169.44392203401384, 146.12897139688175, 162.59436978501793, 167.4190795602722, 160.18367903499347, 158.3685799795565, 135.9340352749145, 164.23890557179632, 167.10326663526263, 140.57810852273371, 166.48495139272768, 170.8614534722744, 161.27093571258388], "src_path": "/Users/hagardolev/Documents/Computer-Science/Third_year/sara_guidance/db_3d_models/db/0/m39/m39.off", "name": "m39"}