{"fourier_z": [110.82527090316856, 150.9230458686414, 151.7923584268885, 163.97409235447896, 156.45028224892027, 136.5091523083453, 153.52158792839248, 167.01059997168088, 148.36414761996554, 156.35508432973933, 149.88382265946422, 166.00109468003396, 158.40303288153137, 164.2825695906733, 148.68545122850543, 160.41841265899131, 130.09332217029248, 148.13053915450308, 134.82224052683816, 161.77636583345645, 148.1114432709201, 152.71474219872513, 164.17654906108456, 158.45097457991687, 140.27622068887223, 149.29841734626615, 139.7861339106426, 164.57294745007204, 106.57036810894044, 164.41484961758093, 162.3526949102751, 143.34003904130333, 145.60858404792432, 155.1335484309149, 138.50932315365637, 157.49483767655676, 151.35975850545668, 161.77985533645023, 154.735785004425, 156.04047721143377, 156.48940293769198, 166.99345150720916, 151.25759248036704, 155.94652050336225, 150.26483056222688, 143.89026060631656, 158.8929820298351, 123.65287168078828, 140.4208840229979, 170.13728881774904, 151.09802080709278, 161.9607594431285, 130.72659958054862, 160.92659096091597, 166.26527574023467, 155.74753442606618, 147.26623198544328, 166.38858840645997, 157.27258359911397, 157.6068580478918, 143.4208720354427, 162.4813747508946, 172.04707782352372, 157.60718137111243], "fourier_x": [110.8252709031685, 159.91437623507497, 144.42919230504492, 125.30521848877316, 169.0511030320418, 154.89710190950112, 162.57414326905692, 161.0442093196768, 129.18953374917717, 152.49305207296362, 159.2342775272625, 149.14656549169837, 165.35603187144557, 158.4225828412575, 156.55023224692957, 159.08827120841175, 162.37055825101507, 162.82635496622405, 173.60246387443894, 160.10356115450702, 173.08537111138602, 173.60138919011152, 167.51062233133058, 161.7612803131363, 162.91011954025433, 112.75798083448315, 139.21641120834582, 156.8215525508755, 154.74098401458815, 151.48900953992558, 126.79320369386014, 164.39655724009225, 121.94649198132196, 132.3455630248041, 148.83006759024622, 154.81697099277295, 157.35764024040893, 154.14959540602115, 161.55104314334477, 136.0516096929086, 154.60912681963345, 152.024478247101, 157.96934087543042, 158.878298621458, 156.05002195712893, 164.61769626950007, 166.17133162660238, 145.1909679083456, 162.04195637102046, 164.84325634463693, 148.44917652083066, 162.75225955921735, 179.09364685480168, 155.59331264499488, 169.03294671349988, 170.71448342054651, 165.76686203376025, 166.2450473248527, 177.5822168185728, 164.97248619235336, 167.32723858453565, 177.77561494322018, 155.06605201637137, 163.10203328364648], "fourier_y": [219.05819194026932, 205.215543503418, 204.9546737778062, 193.60036714704256, 169.44530494716616, 179.21556037670496, 180.737599553332, 179.0528616522035, 223.50973521893994, 210.03979303564208, 205.381319816465, 191.90939365239004, 189.01583423549414, 192.47859261499104, 185.0255280892931, 188.1120265340007, 213.00418172632573, 145.2897857438275, 202.7590215232526, 190.09041242412903, 206.25187104766337, 167.40471766369672, 163.28005228279176, 189.9903021296851, 200.55259488893, 197.1069360746589, 192.09639455302707, 205.7267016150809, 201.50293344453888, 176.32971764969204, 191.47006091217403, 173.42975677402862, 172.91343962262854, 186.04393826341902, 189.5517430649794, 159.68206679071992, 188.8934805947212, 204.5397354143969, 168.6384322154696, 187.46217971033093, 177.3279613018458, 196.2883017698536, 191.0137187633083, 190.9497224625717, 200.36744864211835, 167.03192830015408, 196.66452173657666, 187.03423388897843, 196.3150490029276, 152.957463242498, 160.8221390133216, 194.2962665561888, 191.50779117082618, 204.6437740834287, 199.84122721006656, 191.6728993622791, 191.92130018238188, 177.8213545244034, 173.09876150094115, 164.87826497075162, 177.59116603358217, 191.16459451548315, 193.9856384299537, 203.61663427226875], "src_path": "/Users/hagardolev/Documents/Computer-Science/Third_year/sara_guidance/db_3d_models/db/3/m394/m394.off", "name": "m394"}