{"fourier_z": [110.82527090316853, 155.38647400478123, 157.11609180393242, 155.2582809552322, 148.4210272672119, 158.01157170820116, 125.15670689257061, 148.6031369398157, 109.81554760981845, 153.3815582082597, 154.9588274858715, 158.27870924219843, 142.76887906550667, 160.0704828901817, 136.1585537301592, 151.61311305951696, 123.51459595603919, 156.8149158160426, 157.57333831655214, 155.93510904109388, 141.9227733550652, 158.33724796537297, 140.9761076593975, 156.88424375156015, 137.72255663561566, 161.74985101598796, 160.08417863592388, 148.96165814781128, 144.73695145550246, 152.53633029969225, 140.7930460436468, 161.00073887283338, 146.1825272833525, 163.74183598941073, 158.20941323009035, 150.33891806403523, 144.29707576754294, 145.84398588426365, 136.16242461075345, 162.5742295167987, 149.95358933432303, 161.51070001597074, 149.53762003853998, 156.97663237219135, 148.87206237015988, 146.03759871256517, 127.86490640418977, 161.8823310296873, 149.24720705654178, 153.58539271074403, 123.38028788424666, 157.98387911420792, 158.33042838843664, 147.3561691545126, 118.90797927088364, 160.16422468249522, 143.10041758823732, 138.50645261363104, 129.33566903877286, 151.74609205608715, 164.19655412324576, 144.28575209378985, 121.00138595656574, 159.0261696824988], "fourier_x": [-536.1919298104731, 159.20954330888202, 165.47399379470403, 173.14788941624408, 176.6621855005107, 183.07578432331948, 155.58502534100106, 171.7107858693426, 142.50679556785857, 122.53482828054251, 155.8004703116124, 144.94486849091555, 161.33840038720984, 169.65422221357676, 169.72941427725664, 159.72973519328207, 168.673397209444, 160.2263008220535, 140.16759921882328, 151.0382847295903, 170.4252416350485, 157.4656268188552, 179.11446354492088, 168.15353349907582, 167.29007623183014, 173.1338967709635, 152.5263426198904, 161.23655946073555, 175.11110527191633, 143.86269370930358, 170.05022705978203, 152.01445367812707, 158.542048212914, 168.49780282911252, 170.30394908564824, 167.08259664481136, 178.51434362307242, 170.48141622077276, 175.44547680939206, 172.685653657717, 170.35735056488622, 150.68487468580906, 144.59690679151439, 161.51918955653483, 175.43127904638686, 177.86053701422605, 158.63337149923242, 175.67107470628991, 175.432841423094, 177.08843223696914, 152.46159918937, 143.12387689887294, 160.66350546094316, 168.62510173293856, 162.95157218788154, 158.11356118599915, 172.73537433354772, 178.37508943423873, 166.84709239215476, 162.51902456168858, 165.22096087030732, 157.92881474433455, 159.63914529839184, 162.54421154638155], "fourier_y": [124.68821451436742, 174.8539115430197, 140.41665691960566, 165.1499135269803, 164.56430805610015, 172.81952979911676, 162.4462616048963, 186.04968180874175, 144.70524782169508, 169.79921953983396, 143.95111168585262, 148.3480936168761, 175.9827057174282, 174.32183457512238, 162.80743995521263, 185.98952106079554, 151.16157684502357, 163.40128745017046, 161.9420266636422, 134.0019306905579, 181.75919651474925, 177.16745496866875, 163.3459455929036, 183.434984777286, 148.53206464081822, 158.4290598817132, 168.37940968096973, 145.3231682510487, 183.01690280230957, 177.93548630715628, 165.7882409036073, 177.88663150835131, 146.61881924505397, 153.73601688469196, 170.00602722323325, 141.8195278802911, 180.12407151833582, 175.11931396970792, 169.63572637538192, 169.20494635561286, 150.8735329637403, 144.90596290869001, 169.74936849395812, 149.36235406325113, 173.47066627311864, 167.6755868701551, 172.5203033461807, 158.33910307275895, 152.5413735931673, 132.3095775819168, 169.40161824464764, 161.07145186100752, 167.92320418404682, 153.59991416731634, 173.00360053935236, 149.31772674659842, 151.80826967917076, 141.86670590167762, 168.7309916425624, 165.73985996343964, 170.83520161753032, 136.0731351076575, 170.56579301485863, 140.02913643885003], "src_path": "/Users/hagardolev/Documents/Computer-Science/Third_year/sara_guidance/db_3d_models/db/0/m40/m40.off", "name": "m40"}