{"fourier_z": [181.35248139549176, 152.55553425709508, 171.3304179738123, 184.5914741266306, 163.23068772343717, 174.46481296948042, 177.7255354957752, 151.84160841561936, 175.90437017987708, 169.04139703295473, 175.22004957868245, 181.225521997386, 161.6549488584695, 175.4648047066699, 178.11284472386833, 140.36754185795843, 182.44112050425343, 164.34310709030302, 165.32347112285862, 182.150086566046, 165.95171910817524, 178.49593642970262, 179.6211270689804, 163.0393980162999, 178.16432689318475, 173.1497958639818, 166.17588884614372, 175.49285171263577, 158.36746360939284, 177.2040456679433, 181.05667204659653, 169.9017611775132, 179.63640461081945, 156.99938455001165, 164.88830617988995, 179.86224449842837, 162.61802048894037, 173.7714620067487, 178.9459762130146, 171.7098298708297, 174.60417670610025, 164.173894830342, 166.74086073990338, 174.95312694214232, 160.35797549678347, 170.98857594376398, 177.20078998794713, 172.5365552226491, 179.91534214877586, 157.15040440431244, 159.61895696335426, 175.131200162844, 160.23865680777365, 173.07146684217986, 176.9056492188114, 166.58743535081186, 174.85402205726763, 163.8826372130581, 161.45259188684145, 168.199807601561, 152.87638450190852, 171.10458779718022, 173.44893579016968, 176.64574865994692], "fourier_x": [167.48953778429285, 170.71538594088722, 168.996021199133, 168.25408271366297, 169.51529108975927, 168.45787496918143, 173.35411574359455, 170.93735059121585, 163.55894468079566, 163.51452599986206, 168.68989107753234, 168.985668874765, 172.61887384819917, 176.44016837310994, 179.55818873703538, 180.80743108533173, 147.6329527154273, 153.86818173480077, 130.247748433139, 155.08447703963418, 152.27940411459505, 167.5987996191431, 166.2492332224069, 169.68816312731394, 171.21626919671547, 158.83090666773043, 163.87998739870397, 161.2558206916043, 155.99013532386505, 163.43350336179083, 141.14198395349752, 165.05354626868, 157.41554366403892, 171.78176924947735, 166.24600377151467, 173.70529226251665, 175.7113613065875, 173.37621949977796, 179.29317805292058, 173.9250363987779, 156.61068812562544, 145.47872206479462, 166.39591181219433, 165.61233859019404, 174.64158561564852, 175.55561663536577, 174.60320599883903, 180.0402550068607, 148.13486110688913, 122.02705862554721, 101.70082531538065, 146.7490452136137, 139.62373417443132, 152.57234143953622, 145.7016780313644, 151.31289497584024, 134.8157315323559, 156.17858069682092, 149.55091844426673, 164.14452732819774, 164.08416427803695, 167.38049797021046, 171.09627631719115, 163.75949559612297], "fourier_y": [143.01402915185054, 161.39448966426644, 138.2126809591475, 161.55185289416025, 160.43937063670913, 147.58285986277608, 154.62815982564615, 153.634919831788, 147.6080706811826, 148.03438542232757, 154.62962216468526, 128.6290694473284, 160.56409760228797, 148.5384093041894, 161.13686362523723, 159.93247759651854, 152.913827955082, 135.04348668731978, 158.8179888361081, 138.24651600577212, 167.00740956842634, 173.91243073421012, 159.21053127385858, 160.3217236861873, 171.5832352197786, 166.7937206055463, 135.60919237539085, 161.4090854533347, 138.33649662405426, 157.13099188006078, 167.52854744329608, 145.88469769093547, 166.6650529063111, 168.66041884365572, 153.8452626006942, 138.63040884943732, 133.75701652452852, 169.15683837994223, 172.89397386701168, 138.08850482486798, 155.4137213918992, 164.68128816256092, 139.32924692882938, 165.83066847080715, 160.8799332913976, 175.85835378702092, 173.55626451594213, 159.2028656390303, 164.37100824494152, 159.53542573796742, 144.63255078475035, 134.7199188186146, 153.60261964408576, 155.03699687120212, 152.38804661314094, 153.77359449113274, 131.77365920177212, 104.51681104121997, 129.95357056530906, 138.8159520895646, 168.09960321037696, 175.52233559504117, 167.86864765184188, 137.29377569372514], "src_path": "/Users/hagardolev/Documents/Computer-Science/Third_year/sara_guidance/db_3d_models/db/4/m400/m400.off", "name": "m400"}