{"fourier_z": [132.79751667653068, 157.34886330049034, 152.33876083602323, 129.9519840165095, 164.85347065833867, 174.64983208825635, 155.9205715349774, 161.5558117419923, 135.08276463679792, 154.8638206791033, 155.77369470006778, 145.7493101596287, 157.09248904159145, 174.22314676438322, 162.97100544616836, 163.84282629703026, 141.04155896886456, 154.75153409634805, 157.55775716534538, 155.98815107024438, 141.71381717332804, 171.75593147317326, 165.80368876665676, 166.10918869421153, 147.88905091182255, 156.45667589824427, 157.58634986960507, 161.94904618487615, 104.93240207240802, 167.0809437141969, 166.03326750935946, 167.08373964431232, 153.56723711850972, 158.66737906584322, 155.44596605756232, 165.60836607559838, 145.42571685795798, 159.52331986575888, 164.33175985569588, 166.23656992889244, 157.4698810049661, 160.6983797288671, 150.0025447905345, 167.6434666307853, 156.04262948925648, 146.99335892836996, 161.169425521042, 163.19581882232262, 159.53246761134557, 162.2800165376653, 137.18066946542868, 168.18203023612878, 161.04425559400374, 120.96791759608078, 157.21363439930005, 157.33145707444837, 159.7654239276491, 163.14906014786968, 100.28865032550841, 167.00496647451922, 163.09088171466954, 133.46876114671875, 153.65558108930347, 147.28297108146594], "fourier_x": [154.7697624498929, 154.03385554923466, 151.8170495309773, 148.2244504243572, 144.14727332679263, 142.41869306299964, 144.7924536368976, 148.40310495126297, 161.39404907313772, 160.17917920078543, 157.91497633743904, 154.73834071467712, 150.69548320865724, 145.53091809653748, 138.26307728449723, 127.0076497976502, 110.60825173488885, 125.98956889346057, 132.00672762818803, 133.39844070619276, 130.52276265573752, 122.27674663054196, 121.76454864583492, 136.96460459510516, 156.9250841762416, 160.97802024337992, 161.56409952375128, 158.99769590496632, 152.70933528786472, 140.9473944482597, 131.7225525071403, 143.0611696123921, 164.23059282696596, 162.80475081998088, 160.20985315660934, 155.69046122819222, 147.07787440025265, 123.34304545987685, 134.89126825355382, 154.71661733731557, 166.2765252308759, 162.40523296191373, 153.54444211921066, 135.40264250460103, 146.0472784189395, 160.01963251890433, 167.19872434630855, 170.89276878493973, 151.9734218632286, 151.32144335059547, 150.10218086355115, 149.4529392623011, 151.1548183948289, 154.8786511672256, 158.71945010279802, 161.59897961860852, 152.1319621467062, 156.6260215869217, 159.38659607734635, 160.5451092363089, 160.14508353496038, 158.1532997275689, 154.43060985686242, 148.64158818345504], "fourier_y": [174.38634751012742, 163.8788558947578, 167.99632434953023, 159.90707990280976, 171.58967907743147, 177.1603449815183, 138.61752009020518, 168.48149721845908, 148.46933650643197, 158.36672507833134, 168.32218822061392, 158.5289804127867, 172.02258907229978, 182.07342869420532, 183.61891586777065, 120.43539183167844, 155.13988103986702, 169.18826701599113, 165.00737131502933, 164.0271423469628, 163.46007837548117, 169.05335682236316, 164.36541156022773, 152.5111574745312, 160.12214351847194, 172.5476488435116, 172.3216267043888, 177.04575214238773, 179.77327721825054, 153.5040016499121, 149.45069216600925, 157.53709837441795, 158.48626607227575, 162.44830810757009, 149.00511376379745, 166.55671284201696, 175.42355387558158, 168.24229373396744, 179.6475665077261, 169.9209874900234, 171.09991275140453, 175.4920754798205, 166.83268841385086, 158.43510398054528, 162.9988218833066, 163.28820242328072, 162.58827975175467, 147.01695396974597, 164.2669072596732, 186.40511328851244, 171.56841549497213, 142.80556805785898, 167.6144562871803, 153.74477667203735, 161.18850226617803, 163.63935006975765, 156.63666565076795, 172.67953395136672, 155.3817304561817, 176.39272055624446, 176.21427766147883, 171.7234997713594, 178.35985466629953, 137.7193793878452], "src_path": "/Users/hagardolev/Documents/Computer-Science/Third_year/sara_guidance/db_3d_models/db/4/m401/m401.off", "name": "m401"}