{"fourier_z": [149.74347388427478, 152.4364253915565, 164.09656473892915, 145.56694717224036, 174.7850333490105, 138.77071893339172, 162.6910586896097, 176.39438060084734, 162.7637083090607, 169.00154728336838, 170.4448090023772, 171.23832071438275, 168.92247822691013, 154.32933992200628, 106.38341153563931, 169.35296299141956, 165.28520425327991, 168.94516641536984, 179.65191792178243, 172.53447624188894, 168.21934673708313, 168.22778567425604, 166.66071951678776, 156.403767736135, 157.3443210889428, 165.4873318071841, 181.23385410649018, 158.50412690635744, 174.23889282243354, 168.34928527017425, 173.55983217607385, 159.91965063011466, 146.08052584695065, 169.56674653333747, 176.70425997498867, 161.6408872639737, 170.23963375014722, 145.03636884754354, 164.2773529820456, 148.57172781972656, 150.09659768894812, 164.22789918052177, 174.33803755691918, 145.41227633825662, 151.7699769594867, 149.72502515648304, 135.69814360845626, 121.70872259256103, 158.95227496964023, 155.1093936007647, 167.86013370626222, 159.56526872504787, 135.38160145958867, 152.45706713739014, 161.69755163826096, 149.8646752244687, 156.9496159892903, 147.2749120495237, 159.68900132598563, 159.22550261515335, 168.67268747653523, 143.69785044880723, 157.9604011439525, 160.50755932762985], "fourier_x": [154.7697624498929, 150.04338782991954, 150.3771591131935, 148.9444676643247, 147.76481230652874, 150.00553532952264, 157.56032098653822, 152.5121535474761, 177.32022153382187, 171.62107619896153, 159.68096828736782, 153.298041533043, 135.3623749254586, 170.80905772018096, 174.95932939601386, 166.33893797938788, 188.11075886174143, 185.87972121495397, 179.0529334066184, 157.34983222317982, 137.3785116532635, 166.50316340306134, 180.77339752765286, 181.56287831735023, 182.05014713793577, 166.5962607232047, 167.90056983776958, 171.36543632993062, 161.83574170094246, 173.19418450323755, 168.08132361205315, 156.0925942034063, 160.463866504127, 165.1319578415705, 162.28683088880717, 172.12909706849405, 172.28769441523124, 146.46357244763865, 154.7155661691003, 165.49508231500857, 146.82599066172716, 164.24915056467393, 161.77081005984428, 152.7560792041263, 161.95294476590612, 149.75544117701725, 131.6548084791952, 158.36976749592048, 164.12920839468626, 177.67503218303716, 175.45814937656223, 154.88579327103378, 160.68497651427694, 170.5312408618077, 148.58487943780182, 169.42491954091412, 129.52928330050906, 173.51214015201148, 173.7484703712802, 165.8317320994119, 170.6551428089439, 170.71449297708259, 171.06670417964642, 170.19727702075446], "fourier_y": [-546.3392378573473, 174.86463984664422, 171.81599571558814, 176.94877370957772, 180.5756760201471, 153.00215984642438, 150.9258769632874, 145.4417879852642, 153.071222041092, 204.7312994055846, 183.13023678072142, 195.28576211272738, 189.51422541771353, 147.60315626690473, 186.76597704005755, 171.7912851073346, 166.14038007360537, 185.22764682267447, 187.78664508786795, 165.08703930530885, 187.54838001846846, 174.72767084405845, 184.79281273401904, 181.6282795485677, 164.2235244455121, 189.10900317893947, 174.39814671078062, 188.10803915077358, 178.532567333544, 190.26091287177843, 157.59132005945216, 180.800891600795, 152.98980040607128, 181.5581414911729, 187.11015900731934, 179.15227863470045, 198.31143371352024, 153.20125826350102, 181.85641349510587, 181.83928642080156, 161.95268929509925, 176.90501902494884, 177.21606043878768, 191.71898657925593, 171.77610534918827, 192.0608951047745, 160.18769925074238, 193.00729750519633, 172.2896057841852, 185.7184326302483, 184.18265380575522, 170.66441153059435, 169.51009703622245, 163.40443526243058, 176.70688693007276, 176.88515674411212, 172.2274932373489, 169.5314573955662, 179.13247385707805, 171.75894154978508, 179.38603223475891, 191.8925713176117, 178.58573859154956, 192.1295643852359], "src_path": "/Users/hagardolev/Documents/Computer-Science/Third_year/sara_guidance/db_3d_models/db/4/m403/m403.off", "name": "m403"}