{"fourier_z": [154.7697624498929, 167.6998698621499, 180.35405579080134, 182.11709372468215, 183.32536795234267, 168.03523325036096, 161.41468007096304, 160.0503943929112, 169.76888175321108, 181.71943800990195, 177.07718500496588, 164.97902700215408, 138.59872943750287, 154.58385101670575, 156.2224927614778, 172.1634666658012, 170.0702653247148, 166.13183442132254, 184.40055595207352, 171.84790882127731, 182.47324916721382, 158.99445550393827, 183.86206304878522, 179.7707690724225, 161.98743553373245, 187.63302717766553, 184.411411726423, 186.6555876006383, 174.23927346182015, 177.31437335536287, 178.63187170568017, 170.3567021744088, 162.16054786125932, 176.12180164339264, 183.97589724238333, 176.15280841160458, 169.84172935585022, 181.81779861020843, 166.94566704900964, 134.2914230993558, 166.3853051806066, 183.15042398991014, 172.12051306734702, 171.85584446830066, 133.23643204410538, 177.13235911056194, 182.33487297441127, 183.57862575005637, 151.35371282288838, 174.51875737069156, 184.72263975721904, 176.72064308479088, 168.22157979808793, 182.21198851353216, 170.6740186236566, 177.88724399703875, 156.61137528541246, 188.33836026424348, 172.91428961705503, 161.56613239175115, 169.8182414403268, 179.79316784744256, 182.93396497985285, 169.3359035261558], "fourier_x": [176.74200822325508, 170.23973543629359, 160.88033260065686, 157.0508186561113, 173.93352772597132, 168.74097605381002, 169.3897411820858, 165.84870734029334, 171.02031293702458, 177.7612376304489, 170.58203218813392, 166.82405171731892, 171.90694988641044, 181.3429281992776, 176.31070950149552, 161.2418113064801, 178.26219234850427, 181.15853721629662, 179.59323454049223, 148.86141116432287, 150.2891903470211, 179.05637631117406, 184.35146499840923, 171.9562396534457, 165.25031900781659, 170.37455136264754, 175.84630277508495, 179.98273144033337, 181.14377029864474, 179.85399807182145, 144.82010707555972, 175.5877366275074, 164.17678559269427, 169.62128079800888, 170.42494285335576, 177.89135408724465, 178.8666605340805, 184.47047405340226, 158.29898330581958, 169.40418731926502, 180.4801795744318, 185.76850912145795, 174.52144872141793, 192.20840845353976, 148.24580538548838, 171.72451676399743, 160.291723972613, 179.22949883971785, 187.6032524217317, 170.67021425073972, 180.67916336677467, 171.79928046917928, 152.19439449069955, 175.99136186362048, 176.53095648640124, 174.44715120534113, 160.52105115872575, 186.37724953564756, 182.12662109490012, 162.2797447710833, 190.32697639440016, 174.46998311097093, 183.24632429346497, 179.64984869643555], "fourier_y": [166.2770453479642, 169.66378343851264, 164.88286590016727, 168.4632532626306, 177.31567678622878, 156.11243418847178, 151.60084424326945, 153.0486998592393, 163.76973574650546, 168.68431339183377, 166.88044851103137, 179.6148546681793, 160.02194490826466, 149.84572875427773, 160.17987619002827, 166.1187318408056, 181.15015501960858, 180.3954776731007, 176.2483052449184, 164.1471907484954, 157.36097615140582, 166.4854669652672, 183.4964754640709, 140.65328828311794, 177.24989185793703, 176.62184843054487, 183.52922587980936, 179.78788062632856, 169.05485802595433, 177.35126637917693, 190.19552088858865, 152.87615662915843, 183.46130166100824, 160.95130109248987, 171.2390711315052, 150.9960380465265, 169.46321737226253, 164.5586231984223, 169.7567078123977, 179.048203580698, 145.28259997339796, 189.40898846651024, 173.326479904736, 199.7918380817758, 180.6862014012853, 192.81013866266363, 183.16556827538278, 167.63578202657845, 166.99469831362313, 178.0987739357636, 189.90454001207831, 165.37646653926316, 148.83495928380034, 170.58042537742415, 184.31069924995438, 166.89981739926623, 153.485923912092, 166.37288331549365, 168.41213079646894, 194.9951540991202, 173.41492466923555, 191.29893755067718, 175.49347053891438, 158.05043542001994], "src_path": "/Users/hagardolev/Documents/Computer-Science/Third_year/sara_guidance/db_3d_models/db/4/m405/m405.off", "name": "m405"}