{"fourier_z": [149.74347388427478, 151.92176604136515, 151.31306955022467, 146.53756836137836, 146.21257022028072, 163.24370303914552, 154.60845977262915, 159.7273842761999, 146.045398120165, 154.20166328829495, 147.77693564424135, 151.75763819347623, 149.54472196042977, 156.57393516810203, 152.3587721577255, 152.35493443261316, 139.7665802472099, 156.43643014201987, 146.34407051862686, 155.80529218141538, 148.46563039170422, 151.12726033373212, 143.79307154743972, 137.56768739990218, 145.4164580265738, 144.3107325382378, 132.0299257604877, 121.3491970891838, 145.61989843731484, 162.28679570977084, 150.16574524393826, 132.6742225020432, 148.66245329515652, 161.91807795705438, 146.61026498588785, 155.31992429347451, 149.15920915334354, 134.71742184083905, 146.82440037482283, 154.0875021482161, 143.10609627824937, 137.48298124339573, 140.00417713781854, 135.88606398980505, 138.115646779389, 163.8059916885964, 159.91992154369154, 154.79239230705898, 123.01006634703018, 153.87440606945523, 139.90859374813618, 151.02216970906738, 138.65129687187445, 106.45447060559441, 156.8826753747987, 159.1877763829625, 134.5817063207703, 142.09878934176533, 152.38017963554069, 134.07364183247046, 145.5713463564947, 166.04010692560553, 163.95890516657664, 164.22064057022988], "fourier_x": [162.12425805239928, 143.62353562564502, 157.49386711747644, 142.1843314955157, 155.20509309356413, 151.61508628598196, 128.78479841914316, 132.4941061847572, 141.57817885546496, 132.06969278466875, 127.80694477305832, 120.69717053433925, 143.6507968131115, 150.6000031795504, 151.97886676891977, 141.8424954533685, 159.99918267509875, 127.10707046331521, 147.3044423882365, 117.77327325107427, 118.64226227258189, 142.85126619167522, 155.57073760665273, 152.22594868436462, 123.34631196930505, 129.8012707997925, 117.56720650091991, 146.16882491806797, 145.38846578964547, 139.1006020674404, 128.95818136509638, 152.42190156756462, 159.0855976857729, 150.68950270817083, 145.58783837690967, 147.61746965359072, 140.18133992360913, 141.0871475662247, 144.44323043657556, 144.24923829192628, 143.6346688110401, 152.9330183936921, 147.00606757041243, 143.0534287597221, 155.931685503784, 156.615034739383, 140.66815563012688, 148.25355773966044, 142.87436573478283, 142.68057439497687, 161.06817606744164, 158.2023274314049, 162.92226088549444, 162.20893594158815, 149.94713316216266, 136.7945158421765, 165.82636690801408, 158.42099442741255, 150.76561069928425, 151.81895732643275, 151.48118136908118, 155.00084707174872, 168.1637746090034, 163.1124147083108], "fourier_y": [146.66046028772962, 147.0651839678877, 158.17069702388406, 146.73693664233542, 132.68190413431216, 128.01526650598038, 143.69405870889588, 157.5592280208097, 141.72599068959872, 157.71026982303385, 161.28880742619302, 145.40555502581438, 146.2415243174917, 144.5519464318584, 156.53585757353096, 166.51681817329802, 149.0475705304067, 151.11196154543774, 150.35973381734155, 159.98816505833224, 161.05156890791918, 146.60721643176365, 108.20224602403556, 159.1396400625925, 149.25657835065968, 144.44729248805538, 133.97890940879088, 161.5325784925837, 155.3801013159896, 159.35180684308844, 143.60396879586358, 153.34977548245226, 154.10622787121704, 146.58749571564562, 152.56223423313298, 152.21593418086633, 148.82757655280335, 142.62239378683648, 133.20401763270144, 134.58111945201534, 161.3475248280332, 163.54636706932638, 115.34398841639191, 148.447807401007, 133.41053077595294, 158.86621956381256, 158.6784064696809, 154.00381522828954, 138.9960140869289, 158.4762543675755, 124.48326861767059, 139.81162426529056, 152.19580641012638, 164.68785743963312, 152.76738098408313, 120.5274598936877, 106.45791609478067, 152.63163836777102, 153.02226004225983, 156.88425653332456, 156.62130612946999, 144.3257924420732, 142.13244426618505, 154.65498165264643], "src_path": "/Users/hagardolev/Documents/Computer-Science/Third_year/sara_guidance/db_3d_models/db/4/m407/m407.off", "name": "m407"}