{"fourier_z": [143.0140291518506, 173.59094809667684, 137.25512479767931, 174.93102906822358, 180.3221414911476, 141.719695129804, 156.33765380083813, 148.74497736973075, 146.9155768698077, 139.74232756973035, 185.61337452262126, 162.88507059716, 161.7684662891579, 139.75682846317693, 160.0742871557881, 172.48301362008812, 140.87381367320242, 182.6126177029045, 178.78819200324278, 176.57655658509898, 184.74687318270756, 167.84692361633577, 174.14440054915696, 146.57441958371564, 146.81146300257421, 163.8507946029139, 150.0894507801873, 142.007469120006, 188.10895926881562, 188.18097882393954, 171.4485719270866, 176.20549350410937, 147.37677655733376, 173.0198873199129, 172.9082053824803, 164.0046013324721, 149.84159549470382, 182.29521557634544, 167.86763303228548, 156.28701118042227, 148.17047381693774, 173.69821720508332, 177.62016813102224, 165.51148190951477, 164.63578174733013, 169.20008579962962, 144.34761273821204, 168.97065821280833, 164.2774360012399, 161.91368647153493, 152.6740395975674, 160.78666545282925, 175.9126089941799, 153.71063939623667, 168.60351064140602, 174.17738676891676, 147.07104339675664, 178.3875858754854, 181.40000463571442, 148.84839887116274, 165.32239929415752, 167.72443079661707, 176.39059911887676, 144.48665133978045], "fourier_x": [171.71571965763695, 168.02465324034875, 162.9817066100336, 162.78300590468174, 160.7415486910865, 155.70261592495748, 158.26649584784644, 158.4350365173426, 187.55827456324653, 184.2830906831867, 175.5187733262556, 130.1197037908978, 152.09975511748732, 134.63044710357124, 169.26351383508003, 179.16301788528222, 189.717252776564, 185.958364320886, 159.7369364372568, 160.99055979167383, 174.51461807515977, 169.03877209209998, 153.27370939534, 175.84229168235325, 164.3812809839106, 140.6034387469113, 166.57726460444255, 175.69596355940345, 173.75573928556977, 168.08284131307795, 173.00764014490483, 171.7033808852359, 176.52243094978988, 175.5149598635851, 164.9928893222767, 179.45685037405823, 182.27633254310086, 177.3231713420425, 169.76455013254946, 172.3277544448017, 177.51091284663005, 154.89591569517037, 167.38990449907337, 178.30466548315442, 176.31216768280984, 169.29421984930383, 174.32652837451633, 161.2451930862788, 181.74914560459158, 174.71206471195205, 161.10787677298404, 177.90821222752686, 180.47816717039103, 170.3645573585893, 141.00473596917033, 157.31906122004233, 178.7842202084837, 169.38932218217275, 153.46981166644088, 147.8916830291889, 174.8667156986646, 179.37097763639983, 169.66319396973387, 143.02403528417128], "fourier_y": [164.98627492521274, 166.96971994498477, 168.70959118195262, 150.44087904742457, 151.57182749098442, 144.97812393878058, 161.35142245745757, 153.59401679220971, 155.94738797997303, 169.57212650091762, 163.62973219915858, 141.90724899375857, 150.91559676818557, 179.33024305894781, 181.90665102681433, 176.72431762500122, 174.94632419037328, 165.08053546570727, 146.64265203640912, 182.99703327170084, 186.25037944156077, 175.86681970864092, 176.60766118238485, 173.20765876767433, 137.99483569456055, 175.26628311006337, 175.6727640122294, 158.96371401621138, 173.63802629357966, 185.14026194673443, 183.12121090847705, 168.55133949378506, 163.74147079546373, 163.60155964513112, 175.27429747883502, 185.4275050985152, 179.16626916910215, 172.5241510048176, 172.29640657204163, 133.27120948845854, 166.62320162218327, 176.51151060201482, 173.228882720359, 157.33236160659519, 170.82159896688952, 169.44270275102474, 166.649273338606, 153.53840867776694, 153.73102085554453, 151.17880258663465, 171.35438134637138, 174.60091420011474, 160.403162140865, 177.02626380181866, 186.6649844866612, 166.03530054239928, 161.13948575314572, 168.18895584801317, 179.46743608111208, 169.04051774130383, 158.2096024609532, 167.48967088201033, 175.02174380758632, 171.55650558441127], "src_path": "/Users/hagardolev/Documents/Computer-Science/Third_year/sara_guidance/db_3d_models/db/4/m408/m408.off", "name": "m408"}