{"fourier_z": [138.55115812556636, 136.9474124392832, 128.5854576951252, 115.55476510784464, 143.58942439714892, 140.90438829826937, 108.40953344160451, 129.61996536333874, 138.10978539258673, 136.28355106548088, 125.70656431121442, 114.97980967137886, 143.2574974331552, 142.88921459243397, 100.06952239915637, 126.64307585686993, 136.92262881584537, 136.2821400081919, 123.35070305327015, 117.68962361174033, 142.9443590723053, 144.70519764731804, 100.44808136497537, 124.09070556379349, 135.48756788200927, 136.85209491669656, 121.32725141931353, 121.76278021083331, 142.7205891383266, 146.68948034156173, 110.70123445468461, 123.152763481185, 134.73932326927215, 137.45651173773678, 119.0720244992204, 126.03393238256228, 142.5122022403177, 148.9344802183159, 121.28742499678364, 123.6126071455679, 135.4936341954664, 137.52040854640347, 115.94956757618137, 129.9589654206105, 142.17966372030364, 151.31198938898922, 129.77304243275051, 123.99399590463074, 137.48570989978214, 136.62793284617487, 111.39729324183659, 133.2615321372889, 141.6376136419193, 153.60240268126188, 136.25027235317225, 123.15246213477954, 139.71306860470042, 134.5247493719647, 105.23212696990244, 135.81383736747705, 140.96375850229037, 155.60910297078186, 141.02550961776794, 120.89263911375915], "fourier_x": [124.68821451436746, 133.7081157495226, 139.78439035092498, 138.0131116528299, 125.16638704648356, 107.204060489885, 134.37640356493915, 142.33863865108884, 149.2354325780389, 150.44192891585368, 151.18279819989863, 150.20525290223472, 147.1191213021354, 143.79860439833425, 144.5314115644946, 147.95421242702085, 157.06231161754937, 156.84556157489322, 154.13989435206258, 148.53196393757494, 142.84609171758976, 146.44268770997786, 152.38941794725534, 154.4068765296183, 163.5403148165244, 161.44740187577324, 157.18177918637573, 150.68405187834665, 144.22425742992408, 143.8428722696658, 144.89497228035341, 141.4970893683179, 139.92499135358065, 145.73911291226017, 151.99868657987463, 154.85245852009282, 153.94347985479993, 149.36741237047465, 140.99153205464023, 127.10627951968607, 134.25404161769058, 94.78698858603111, 140.6295102045455, 151.3806153639894, 153.79437631379247, 149.54098632206143, 134.28860949167048, 124.90462321578264, 158.89484052379697, 157.1522955172855, 152.5450264564038, 147.00787489723274, 144.88889364044604, 149.20028399329075, 156.26067636303233, 162.27314893889584, 152.74299544582792, 141.36950924821366, 118.37385288929838, 133.84897602125804, 143.65048444557277, 147.1641744457021, 149.45799048961962, 153.09707613261293], "fourier_y": [180.7554221324981, 135.2087341451727, 170.07202294783048, 171.76062020489047, 136.97287130112153, 167.74430188566436, 164.05871749102164, 137.89562590200023, 179.08154499405532, 163.28279069408507, 172.1125025622359, 175.15498513985338, 134.8016770207363, 168.97217594097597, 155.34820609122204, 149.10268457627961, 174.05549316384423, 175.9828127951925, 175.9497114882365, 174.7063982704425, 165.74153665253806, 170.9689230220181, 111.44784160024783, 163.03419793314345, 166.31236217368016, 182.02108882998414, 177.7979754437918, 168.99302913845287, 174.95802987583096, 174.40396645921766, 146.36626863623252, 169.4716247064466, 160.18698214788964, 182.76708696516545, 175.68473570324485, 158.468911482316, 174.77508290799432, 176.46087755511118, 143.14494735471445, 170.4850051607595, 159.7384777475775, 178.72811035898457, 172.5348622003679, 162.55599197650142, 167.32406977146525, 179.02096273711524, 135.95073507865416, 169.43633161411068, 161.9418003853449, 170.6230652506696, 174.38358849076567, 169.06330265337854, 155.7882070647035, 181.8012645466875, 153.45274565828672, 168.79195807887882, 165.03103679660643, 163.20656198878223, 177.8171933168362, 169.26453788405303, 149.01062079040432, 183.16227313838385, 157.76780279106035, 168.7806610524397], "src_path": "/Users/hagardolev/Documents/Computer-Science/Third_year/sara_guidance/db_3d_models/db/0/m41/m41.off", "name": "m41"}