{"fourier_z": [132.7975166765307, 155.30402366099614, 134.4054986804105, 148.89893474947735, 156.11709607369897, 157.37111547245686, 146.58508877695797, 155.64753194298152, 155.44856503859714, 148.6799594981389, 157.72266828315168, 150.71077728742753, 151.7167580237778, 160.22246066180443, 149.9066808048879, 166.33110025816083, 125.61543797923497, 153.9193646158082, 152.91978828118047, 139.220150253306, 154.6210694444325, 156.54885675189334, 127.78841736372804, 152.33173989127638, 147.3515276304747, 137.0641957915916, 153.86094123799373, 153.18781189718686, 139.13775385726606, 152.01223471955313, 136.13468180959188, 161.65739586678444, 154.31245864892009, 160.64379312755602, 151.52043659115398, 143.61407421803287, 143.1529822083603, 157.01236545228076, 148.40630989205226, 160.2673445048838, 154.50901546287824, 143.05235841287615, 154.77015644039204, 137.3444068302425, 142.91999310178278, 156.26964720921993, 149.22294349120972, 164.48286020973967, 153.66327231874715, 136.93901228356566, 149.01478867597714, 146.02978746825562, 153.46492548275296, 146.99500321399793, 149.324779750157, 167.8385232186339, 141.51899286142236, 125.08239188316202, 153.44135231534625, 144.2687893174816, 159.65660960247914, 138.27799223178394, 150.2064219064075, 159.9809351914018], "fourier_x": [149.74347388427478, 134.93190554293753, 152.5862175478814, 162.1985498106616, 152.71882012786645, 165.63211910558255, 157.59873027367792, 163.36999642548403, 148.21952190302943, 149.5970789890376, 157.33183020795084, 161.5736374063074, 137.42604841906603, 159.14264820894834, 150.49798612269976, 153.1280174451454, 146.00287842002376, 160.12450111639853, 163.9904248177839, 156.02903467574205, 157.0034734907968, 169.89816615767063, 163.88839479873866, 148.96493825533918, 160.1257174964926, 157.41490525245138, 151.80692969764937, 134.77061894876644, 144.3353567188355, 133.4396445403668, 143.58462434290004, 135.56627035286164, 157.03412888591276, 154.8413545802865, 167.43621795719204, 156.64967939726048, 160.0482386216983, 166.93297097229905, 165.92637706684744, 157.86688206474432, 162.90379208523942, 151.78443389952437, 140.34684459498666, 147.87984776837092, 155.86326293479405, 152.8361332392722, 158.6857192514385, 150.1311962604751, 167.57376164548384, 140.93905145240421, 165.76127606751268, 141.49372614721798, 170.19941025979804, 161.48312136781925, 138.64162771977072, 124.73679881574407, 136.78959509771926, 136.4746119995168, 148.58973390639505, 136.26135279008872, 157.5706528860136, 142.82987702393592, 152.3012332449171, 154.03984287572746], "fourier_y": [143.0140291518505, 153.73089198454966, 157.4648654565219, 177.9680356280914, 164.66137452412082, 170.1909653493715, 172.08304324198392, 147.07449663331434, 171.2635269147196, 158.08361343049296, 185.18954660621313, 172.79721024333912, 167.1981059258046, 183.49521983203007, 185.16465013746648, 164.92540335346257, 164.1771390437272, 169.8531790692033, 162.15529930202806, 183.7217848439853, 163.40860563913827, 175.6082733084425, 167.22293080311061, 175.63016096817518, 169.30270548121604, 149.5054965493342, 182.71191553990005, 183.78793934297377, 155.29036504340584, 177.94127449407142, 173.6117296708037, 158.93743582353213, 170.83336406441322, 177.52829828560704, 158.66660340440635, 184.32458921505187, 149.25337185333638, 161.08854726800803, 109.96616806799109, 167.6456963422858, 179.14762181615703, 139.082862392305, 175.74638218161724, 166.8458027194572, 179.04131426623647, 175.97016017916258, 170.00399252736895, 146.30746621710324, 172.4780237995606, 166.9860851193599, 175.0215332241939, 182.55949600043454, 155.44240275135257, 162.04556756908002, 164.60470583663886, 137.38459490563682, 183.6837390157246, 167.75622267192705, 181.2417013581299, 166.1069582611428, 178.05286118722097, 181.44047632935997, 180.63697976061118, 177.96216210199856], "src_path": "/Users/hagardolev/Documents/Computer-Science/Third_year/sara_guidance/db_3d_models/db/4/m413/m413.off", "name": "m413"}