{"fourier_z": [160.5234038989285, 150.55328798421573, 156.9328056377311, 145.30617284148798, 146.85886769765813, 122.22804269917353, 155.22194655860693, 162.81104828978613, 152.32219478316122, 162.61574222604924, 151.9866923322269, 143.55624140204424, 150.38591615652615, 151.97081886327334, 140.96864704246548, 158.27358249237074, 126.88197913803478, 151.81512381708202, 133.6152134757853, 145.2167662469536, 148.12069574238768, 160.0617476794439, 135.09792140819346, 139.50334391923784, 153.45197272405318, 156.98466062210255, 131.51096678220782, 148.44569699482497, 153.4698817791256, 154.7873576372741, 157.5539945516073, 131.798208749498, 153.76599550605485, 135.7286395996288, 159.51531496329267, 151.36378857434184, 147.95474206199805, 142.66073177687434, 152.52429598821013, 155.29233755698988, 132.51191332326124, 156.3812355705193, 154.63394143968745, 145.53682648593247, 117.96861188058797, 141.60348929711242, 147.46009497751206, 152.46545463849733, 147.27343596872745, 153.89628170959858, 153.59157553645548, 131.88981057393826, 133.1766306955716, 157.69829037282835, 146.53587708482294, 139.09872649575132, 152.11385119878182, 123.29081675564524, 137.88250390910144, 141.04241153699314, 151.00958944127873, 162.81031249198705, 141.93484721883115, 146.68554806710512], "fourier_x": [110.82527090316852, 102.79813357784144, 99.85629373211223, 120.89366388229018, 129.3778559996893, 130.9778574612364, 126.68555641781927, 120.35976498779436, 159.29489586758572, 150.5779573521026, 156.72810502975005, 159.4743851084554, 145.61955494460088, 161.6238553030311, 156.73764388348735, 139.23628417317684, 122.79171910583088, 152.10087259101513, 148.13245489382092, 135.50576484813763, 156.06773166497905, 143.01347693037184, 140.29272013227555, 149.56587916475317, 130.49615806591044, 142.4384593317207, 144.1921663389703, 136.38048501305147, 136.55084986409034, 141.79620887658746, 147.65065013165523, 144.63860690803384, 131.8322093597549, 158.83296219204257, 159.02082686633742, 132.45735413396474, 155.10747690540933, 157.85446473544687, 138.57666442563124, 144.48243811201618, 129.51167639443435, 106.79690438720941, 130.33902081551688, 134.99662963261622, 84.65202295365137, 138.53998122382976, 132.96968678277406, 133.32876099696645, 135.23924267560125, 144.56069190249752, 150.09004691394574, 138.06906966612317, 125.6954585935133, 144.26482100842247, 138.51475909521665, 101.1589965440719, 146.53340890789212, 135.60283732562007, 146.68025959504132, 146.78258002857643, 106.19273134888616, 149.4576252650392, 144.6253945782289, 136.23751321756552], "fourier_y": [132.7975166765307, 138.36269233990726, 143.00159016102978, 150.79206072098452, 145.62886625772367, 133.32235973301292, 137.47774579730927, 145.80271966586542, 171.31736392756426, 188.61417414520818, 178.0341707377358, 155.86322952644113, 167.45305941057768, 173.11998682545834, 170.82585692515877, 169.68336058900593, 133.99639695676, 170.43057923764093, 174.50928170538376, 153.71141197050923, 153.91374625960285, 150.27333867680878, 155.09901950737319, 145.78268667066067, 152.39227856808657, 169.19585338163637, 170.08634619856497, 155.72583401747818, 162.80534254724768, 173.02499625129224, 178.4885790775328, 172.9559060830838, 117.38488588106229, 145.24926805730007, 157.55349762586908, 158.69051090214026, 177.04502204423625, 146.90601948244893, 164.40888622391373, 139.18702724785555, 168.78772945635615, 174.64623923121013, 165.2092698335649, 170.2376245734195, 157.37342613808315, 181.59664263644862, 167.43295858922647, 147.26354851140414, 133.79268261468903, 179.8330871260832, 167.82730763634885, 178.09532881972513, 160.87298687704282, 174.24515154328108, 164.29782596288766, 168.99982564412016, 160.04486426069363, 158.26854720040006, 162.15059778785206, 176.02749541314915, 165.81648584388174, 162.89142094145276, 166.76208596283917, 156.34721281886758], "src_path": "/Users/hagardolev/Documents/Computer-Science/Third_year/sara_guidance/db_3d_models/db/4/m415/m415.off", "name": "m415"}