{"fourier_z": [156.87697276304942, 153.7156207869659, 131.68651959039576, 134.95453563432528, 157.9444927234746, 160.80218122880157, 150.4993625591828, 151.8070117605068, 156.7639233419796, 151.03903805282127, 159.13799312509576, 154.46060836688196, 154.4304634913278, 149.07699513109955, 147.23976546751325, 163.2475725104214, 135.43621888506064, 161.77481677031082, 155.82320342343638, 156.05685323368047, 142.69586030375737, 156.47399896427376, 157.01557443211715, 150.83577982045523, 131.76201238561194, 139.29085812908153, 157.57946709278662, 151.5274785181242, 150.02270315018566, 152.64283104535534, 153.80688225839717, 151.58522891914393, 161.12108105908413, 135.99095672410232, 154.20242966337293, 145.37348639210077, 131.48915587766413, 155.82553807182, 158.07485334812208, 175.87225749491392, 128.99733947474047, 147.02837034017205, 150.52685541190422, 140.3265281535175, 153.76274861237266, 125.33453197835419, 152.90784131150463, 169.36342081289834, 129.2524715139458, 148.4806112714804, 156.24155096048486, 142.52406376055495, 149.94198800649497, 156.38504557885892, 162.7832027604622, 172.01010477471402, 115.20194869656063, 151.30703444353915, 138.37593013242613, 157.6715005278752, 114.99365730722005, 142.76200490634224, 157.99024429684783, 165.388330923017], "fourier_x": [138.5511581255663, 150.9472212988191, 154.41625313447085, 143.5705161988637, 134.3761654768147, 149.61287485290413, 149.37150474911397, 141.64329132273625, 169.3376502697589, 174.8443803830096, 175.0633941280486, 170.7276916910667, 162.70652101661034, 152.89926680842223, 163.22121716154427, 171.78597872467478, 148.5784295579683, 150.60465742119843, 151.04725095767253, 164.72697982181847, 170.81466667985865, 168.89791971282304, 159.9273210588489, 137.89552088640124, 140.89792175647855, 141.0860390378478, 130.06037862419856, 148.39045585130367, 156.06081711970631, 149.82221056651312, 124.74398002458881, 147.87008605619886, 158.43728963014806, 140.23955089857336, 144.06619847260774, 160.63666064484863, 161.48226624239598, 151.3166355110581, 122.68549610129119, 148.00409707411941, 153.70804354631247, 137.00939427465002, 143.72489151901704, 155.49470301881186, 148.11565712215722, 124.6076989756728, 138.05013759335424, 139.30228435460205, 150.4953565216321, 134.77176291644918, 148.1993585984653, 153.29953286327142, 138.16533504242054, 138.3551593483139, 150.3095052846689, 149.83246899213904, 141.06812579340797, 132.29164047941072, 146.37680101704802, 147.67536550204068, 149.8096821883105, 153.06133485682835, 145.80847204263813, 136.53208141972203], "fourier_y": [124.68821451436739, 152.76264997996205, 148.73469386917873, 137.04752710305507, 158.36169468033373, 160.75103517269355, 161.21974205485168, 154.52505266022166, 159.49749836071624, 142.4319950528719, 166.7706064279832, 168.1507169775984, 157.19840343289493, 167.4446884120893, 172.39637873695892, 164.89764431290848, 168.21681106908161, 178.77621758255174, 171.7364456704757, 159.3562779833883, 173.2835251316689, 172.48638117050047, 161.36221770417794, 138.52311163447004, 133.6556046976048, 150.1720991644532, 156.03090499784085, 155.86188880893283, 154.7507511943771, 153.5296426369288, 140.93430662257572, 134.38852902274016, 163.47682035887192, 165.01755069585346, 156.30738959349017, 144.8545007595246, 149.995990595852, 156.38077855717373, 154.74419606620978, 149.25103606659724, 100.12490562161648, 154.2340123619351, 163.8827979930227, 154.99604529432838, 157.97958028848748, 170.17035563841517, 162.84134645113068, 134.2305865651523, 116.0713590365695, 160.00439918214187, 169.0098681780154, 162.98861815746892, 117.77127630318341, 157.00319564029823, 150.89961663513324, 132.5010630711388, 161.73669236230523, 168.39399047913773, 162.1162621572633, 149.48485681484013, 152.1811119000038, 152.4416327944539, 150.26857089593835, 136.20242334238523], "src_path": "/Users/hagardolev/Documents/Computer-Science/Third_year/sara_guidance/db_3d_models/db/4/m416/m416.off", "name": "m416"}