{"fourier_z": [132.7975166765307, 136.2773089610458, 125.21863259101879, 137.48675951141, 134.03227407326665, 157.15969442210326, 144.3108362508473, 135.70233479218163, 132.20193060677744, 128.51536743806528, 132.15797750505632, 149.70818475838593, 144.0324162869966, 146.71164125730843, 126.93658309945215, 148.68793712398727, 135.1904003369085, 143.29420830464903, 146.4675129465726, 144.41024943898773, 155.61853051974308, 142.3734712765017, 137.69729326964625, 140.40462594194543, 132.1428919582709, 122.12768954617381, 130.26009043072375, 128.99313392800985, 139.86870691291725, 147.11453854003068, 146.35557242689134, 140.49868551956376, 134.62067370335168, 145.57497768179508, 143.17518329748293, 150.94314548744543, 151.3225913573444, 142.35732783332713, 129.50734058781634, 136.57140876267408, 138.78763640704943, 145.3981575181287, 153.2217164863698, 149.76374102894152, 161.79294128480535, 126.48269093343714, 140.82957658982866, 136.9907605019249, 130.46816829363124, 117.76026734429614, 138.07484855040767, 139.1233081726473, 146.64049535862182, 146.12209551311454, 147.16776108660957, 144.2920115417793, 140.82077597444336, 146.52075188047962, 139.57177291727317, 131.90381975020807, 146.64122342123744, 151.89541566782074, 149.71339841588406, 93.54005455461946], "fourier_x": [110.82527090316856, 110.1861090156658, 113.16978017279982, 105.8245802107335, 115.9310203002477, 105.61763295166949, 114.94876990037854, 114.11761542478507, 156.07221518174498, 142.08857395116047, 153.57515715935992, 137.09726198713537, 147.54029271949037, 125.0097693804023, 135.82357999372044, 101.99633039957902, 157.2204334024537, 129.88912296137298, 155.7650572788085, 125.83580575811519, 151.1481237394761, 112.98958378757234, 142.684758268402, 106.92575092709353, 139.43813992726047, 135.10420046407395, 140.03974639348766, 134.40081021812878, 137.99527449905787, 131.07636259897947, 135.55200259951954, 124.37655513122026, 106.3085028668006, 140.0377702843954, 101.02779765375594, 134.59107148606472, 112.6162021581606, 123.45340603962791, 109.57645860724094, 121.58292840574745, 115.236255258137, 94.4929935946304, 113.069584267135, 113.32001601606834, 131.97592456910283, 132.58784080417206, 136.9013023692511, 142.03050811695977, 116.63055246065328, 129.03160873146027, 118.91130854871665, 133.71058762608095, 130.14523865001567, 138.6258861337778, 135.4422852309854, 142.11481304326907, 145.3450639135917, 98.44504117874598, 146.8293393493743, 124.36232515555633, 147.63296936340294, 137.0377779250765, 147.11359224974825, 143.0672235532864], "fourier_y": [110.82527090316852, 152.80345445607946, 133.99049962361715, 110.68624346949262, 155.43877795672594, 144.21609883922275, 134.65918745055063, 134.78850574994797, 136.3178105586719, 173.1870725395174, 127.4346933860563, 115.44994883511812, 170.75895638529812, 156.74324279347132, 157.38945709113852, 148.0730460312362, 125.50633442001784, 173.50830958675937, 142.76634477263107, 141.10484958459392, 173.45302040156002, 158.58331425814734, 160.24856599291803, 149.68015588906877, 136.1307823635949, 158.05547262189762, 144.36977517594272, 130.28081347676365, 161.96718543721067, 142.91150323110662, 147.98885554791863, 138.1144946115982, 145.12749992070113, 160.3854590921932, 116.14634723167313, 133.5495160035668, 156.98086353293493, 137.85538499103063, 141.55256110376467, 129.74449384420276, 124.12426125174647, 151.062920235427, 143.32724729928873, 141.3667354927615, 147.22556911983145, 150.5593909176888, 135.59578342542733, 146.6855065658712, 139.76273568844346, 146.51490691305546, 150.27858555505136, 112.86942977611743, 148.22755052986113, 152.7750414737017, 145.2260184366475, 156.077293600404, 132.43725917328746, 154.26711009430576, 147.4587549240567, 121.92263150885013, 147.59054686049112, 149.21950072047042, 134.6941803135479, 151.87998853653295], "src_path": "/Users/hagardolev/Documents/Computer-Science/Third_year/sara_guidance/db_3d_models/db/4/m418/m418.off", "name": "m418"}