{"fourier_z": [132.79751667653073, 147.635518820441, 150.26764063066506, 149.62843367179127, 147.44674338870468, 143.17511006345023, 146.0550072727554, 147.7300007771647, 134.06339755811308, 140.62789106090082, 148.52359253545131, 145.38365802739452, 143.7422888982153, 138.23267882975875, 143.63942364373113, 147.895898276108, 135.27896611280335, 127.19621087425183, 143.50171916794883, 139.6645712905297, 140.29484947348672, 135.61092297300834, 142.21942721544653, 148.37022100938387, 132.89111315942696, 122.21920126919157, 136.70451801135337, 138.50017438554787, 140.62850519276674, 134.98895565108182, 140.3339426817998, 147.56468697413288, 122.48361826609431, 135.5844885484555, 137.73951671726192, 143.177349556405, 143.81620810301715, 134.10649053174967, 136.64383462979833, 144.61928321637927, 91.05244601300808, 142.60204630838783, 145.1716787260474, 147.1258060577778, 146.3773489524625, 131.9798129134905, 130.32037054244677, 138.96682859709284, 130.04218845215806, 145.53368087438616, 150.49855042037194, 148.45387694586483, 147.02344677392034, 128.96571974288736, 120.94182331043173, 130.71163824141132, 142.45090487042563, 145.86716409505803, 153.017842270711, 147.15252067655138, 145.60072329976566, 126.0179183545374, 109.58331191183845, 126.13041011225404], "fourier_x": [149.74347388427478, 141.6081688937348, 113.02163700073191, 140.45530997989033, 141.77085144631872, 142.9317716700581, 148.30728467139437, 145.8572380623838, 133.78748489068872, 134.84772264036226, 145.221731747806, 132.05082621736244, 129.06260810191077, 149.02246232616153, 151.7379360028441, 146.25202233726864, 157.54987432486666, 161.47626909206903, 157.30608420432927, 151.11750179511122, 159.1199068188309, 164.140657125684, 161.51049600649196, 151.44072458353324, 153.96271682091896, 161.89657666290594, 165.6981743124258, 160.63992889459527, 156.17301565166773, 164.803898950603, 166.2937761917955, 158.28215378743917, 156.81022804039668, 157.28930983481808, 150.42133786583935, 153.8161795937972, 161.20511156578758, 160.79000059385544, 152.0183672921903, 131.4356964073247, 153.20827972008146, 153.81616112688639, 159.49514407308743, 158.62945911875002, 163.8319887998369, 171.49193174306998, 172.48819794323725, 165.98318029602322, 154.7510384088867, 157.86994810179726, 152.19839906166482, 141.57277671034905, 141.7599292552423, 151.93240593683254, 161.1688194023099, 163.68175308712068, 152.99005730644492, 163.36275756905522, 170.96447793081745, 172.18433211330253, 170.88668619461794, 172.1079476144714, 171.66690567063733, 163.22296028997454], "fourier_y": [132.79751667653076, 154.8160849173823, 161.02987707035248, 139.0327962076752, 153.6481372883778, 158.04036443790616, 139.06203316767642, 167.91891582188794, 136.68907346266766, 152.79992070358972, 165.06986511120513, 142.52372926168638, 160.13589332927964, 151.45601351812167, 157.02590024767466, 167.6198121016324, 138.17086502719707, 154.62762086272295, 165.8825302816863, 157.67138215506432, 163.39459353792762, 144.32702652675707, 163.35019061513225, 162.71602097261777, 138.23142737236023, 157.18574053579678, 163.7086116932137, 162.02524304483785, 163.75632679647978, 137.32726768763436, 164.0829253351239, 149.78509540132615, 146.4025143677866, 157.2556133324963, 160.31342988743359, 161.78148269859378, 162.91948098687723, 133.98303789722922, 163.6636384854377, 135.18799036630435, 158.0341073497089, 154.63932195683606, 158.02184056734447, 156.33406209779392, 161.33579628333493, 137.98369407848213, 164.8514810699817, 149.91875240493448, 166.21445440845778, 153.86185538835767, 159.76340076940278, 144.15069475487778, 159.4749849605817, 140.97850371109433, 167.4836188936743, 160.6311467301391, 170.2073160253286, 158.76374304770053, 162.38499231223324, 137.74294020497183, 158.18070204207646, 137.6580724764559, 169.21729764534857, 165.45924156002957], "src_path": "/Users/hagardolev/Documents/Computer-Science/Third_year/sara_guidance/db_3d_models/db/0/m42/m42.off", "name": "m42"}