{"fourier_z": [132.79751667653076, 144.80195671754532, 131.53024747500172, 130.32307174374432, 160.482248066092, 146.0296512559519, 147.50817487643158, 149.5446700762635, 143.89916936471346, 138.07356062023644, 139.18888543589784, 132.97625577613923, 143.28669230086058, 151.24264181928223, 143.50875725844287, 153.81538959015097, 130.97687857088363, 133.77583288219074, 130.48610290314184, 118.69954289059423, 144.9545003674654, 132.72342638124292, 142.55506028674796, 155.10259181828678, 140.2756093397333, 148.86629484107675, 129.90762623749953, 141.40705260016796, 157.90291618346325, 147.75549391692425, 139.2303234873627, 155.49622192633558, 143.86303687426465, 145.93014393638873, 147.7194141526563, 151.0951771910722, 158.7433402336523, 142.4353220809926, 158.9374551898925, 145.46664862436816, 120.29288735334691, 124.49259029332707, 140.85254401772207, 139.13601197816809, 152.08825259512477, 123.96934722900403, 153.1311156843885, 148.02319862988045, 127.06058353455936, 147.8272230144798, 128.67038405716124, 121.35247319469232, 125.55309684110456, 136.31426048253329, 116.72516480450946, 146.67843036930574, 124.87138633469291, 154.95796613471666, 143.20667127355102, 140.61661560586285, 155.95898811880562, 134.3974989363304, 148.52842675278742, 133.7849727007759], "fourier_x": [138.55115812556636, 137.61782806591026, 135.18722980758523, 132.2773284155452, 129.72734765639447, 127.5434107577556, 126.82433638586218, 129.0242794636201, 135.6044465342516, 134.16819834228414, 136.45497150128318, 137.15559510711367, 133.40930140584382, 131.5919436617282, 120.88533497757962, 119.17214500448019, 148.0210096350965, 140.78467960473589, 139.67322148976922, 142.86049088330878, 147.532972807323, 150.60335003224108, 142.39641185268405, 123.31660734322642, 146.81413202024902, 103.17530167504053, 145.13923539483494, 150.57182402857865, 137.21643689753566, 130.00672931433667, 138.2323853595595, 134.3881404332344, 153.64337169864547, 154.24284118750265, 150.8845658115755, 149.50060931180468, 151.32948476053744, 149.802244939381, 145.84016138399727, 153.64939292736193, 130.20383770846922, 114.29471848365779, 116.8155226551576, 129.3325158880417, 129.9789973999003, 127.41980640562608, 114.66350691750998, 132.50420114744557, 138.6813207577285, 131.42630696939918, 117.25613486813509, 130.8382351013597, 143.32796008174887, 147.5735759799409, 145.94288944353093, 138.82252606066473, 137.48876342226177, 101.9350425356127, 137.76723693685378, 144.0393872236571, 147.76248663119634, 150.56526748062925, 146.74748727574206, 137.7155546489495], "fourier_y": [-555.5021451760888, 151.3051382034734, 146.2726186786878, 144.42177754654534, 146.46337456677594, 127.5791833676549, 126.17239289770525, 143.2013463087428, 153.41157992660928, 127.71399608409217, 141.71165302956462, 143.54605288328798, 129.87378260081687, 128.93816227112495, 138.26869123379285, 126.48980876953894, 158.37856270717666, 164.04287351495424, 159.32871057553365, 158.6220664043684, 164.79662372730724, 137.90237096577627, 146.48506495744124, 145.3201559408633, 170.29777266271134, 125.00067112600382, 161.48961197599291, 142.2749145447777, 171.84621456146755, 139.06417694718473, 163.61596026802647, 134.01075591540365, 165.5264098649236, 171.64617157973998, 159.8085753213567, 173.29402177772113, 159.8129215618128, 144.13034297200159, 166.6461275102064, 133.27550681865338, 156.89118977590536, 162.2457155207373, 135.0603002578206, 149.59621118792393, 132.93136839429445, 137.20541076891095, 144.48156523539794, 162.5668646806368, 140.41541744932883, 145.52295029870916, 160.43348423326182, 158.49115945300562, 161.70706578486693, 169.04928299425893, 162.2483251018935, 153.77635748815047, 160.33706673436183, 162.49534813825125, 159.97090289802657, 169.40564119626725, 172.79643356868684, 150.9362166003206, 147.20139783389146, 137.54324955736914], "src_path": "/Users/hagardolev/Documents/Computer-Science/Third_year/sara_guidance/db_3d_models/db/4/m420/m420.off", "name": "m420"}