{"fourier_z": [-590.159504204086, 115.8197821139693, 128.59094000290776, 134.8247048283626, 137.82124578807966, 138.47214928408442, 136.9366936969924, 132.83308902547014, 122.67095195349549, 108.59012975934361, 121.17073278468305, 117.0001647429601, 136.6425128664316, 130.47798048471844, 134.97712354196113, 135.169513639649, 135.65200640656056, 123.77467482768806, 116.81262890060398, 130.69432523274506, 127.19008780791059, 95.9878136257778, 127.56807907911487, 129.1960096988408, 142.26966686045012, 136.80354571142522, 103.23006610301874, 145.51531382131, 142.78011323752204, 125.64649689647973, 144.0434866603469, 131.0215084004216, 145.8874333936292, 140.67297861521317, 109.22278937603812, 146.67825089357532, 151.34844773284868, 131.59119537820612, 150.48334105539521, 143.05748792991696, 147.51867223815466, 139.10122470678735, 129.35007763812055, 139.07027694097363, 150.9698076876892, 128.63611595149484, 147.45289702713018, 146.68653625518104, 147.5673177203909, 137.59223100848172, 133.275349748996, 138.73814637219508, 142.85151728298345, 126.57718591730261, 136.84405456881723, 141.7172329483066, 146.20089702292498, 139.41091445151838, 126.06176120489596, 145.87238924124253, 139.07361012040764, 126.55287416605987, 141.33029589345293, 127.12780874011146], "fourier_x": [110.82527090316852, 144.16704266387057, 146.69071978361836, 133.31754912245518, 132.50863437217683, 113.44286677725974, 142.12428846478286, 156.58773582657975, 145.2745833617121, 140.6528306261358, 126.97750223933491, 136.0296743351625, 136.98980986863867, 149.7172701781815, 150.66196760654512, 149.5522855846357, 144.13917879026576, 128.09900949882203, 146.7259740004684, 128.67304186464193, 130.04928629198952, 144.04074785615566, 129.56354758397566, 130.76541523179546, 139.54849059069906, 151.00838607765834, 148.0332999071089, 137.5377548556702, 146.85362488760393, 128.69238683050892, 134.86868219710067, 153.8788958156126, 141.7511682330797, 146.53701341025084, 144.11725875030558, 148.11978982816424, 159.1915763099355, 146.38159409802083, 143.11987563268073, 151.80289310598874, 114.46268597063592, 138.5179829892693, 120.96573848721441, 124.21193618811364, 149.5491888399399, 146.974892545203, 141.54010516454855, 151.89414800797078, 134.72004923258456, 124.16169375600944, 146.76746455855834, 147.40616553650082, 123.73265247628711, 120.19466840660488, 134.73127602984215, 146.76230740786292, 149.54773361836973, 146.96436401413183, 144.34252608540294, 136.16890511322498, 139.78403322894027, 124.65236557820984, 136.81791934495695, 148.66452353063752], "fourier_y": [146.66046028772962, 137.17407829091374, 131.39710964516485, 145.43071585292677, 139.61804737116395, 120.17871592748068, 141.51168849790156, 139.26383624764642, 144.52581095559887, 132.61133163870855, 135.4377405396926, 142.01395191673294, 146.02850104679857, 118.06231677772155, 151.20141943726898, 142.44792502359263, 137.45695796037555, 136.7272591658103, 141.62893562283816, 134.71585300315348, 140.4175031380768, 121.94769063339851, 147.68949514894544, 132.21648903602485, 124.4703380405692, 138.69231188179495, 144.8809708100422, 130.70122705775344, 133.1182151219047, 144.47857154709808, 130.87564724036855, 124.63692095968605, 125.78644042134584, 137.56957962205033, 143.706918636697, 133.595260111369, 141.66485423047732, 152.18981583549657, 132.79422403213405, 145.5890302350154, 135.55381972546226, 137.41006257264138, 134.21151469456876, 125.39908017984351, 138.13193875915053, 145.578700258872, 120.3368330823195, 145.15827408478617, 138.99967058735857, 137.5105130665409, 99.72849805937209, 138.93829346933512, 139.57002510387562, 72.18350331114598, 135.04272958817393, 133.64062958830377, 137.32386528463172, 132.64005241826732, 103.76591251838195, 146.03998770159708, 145.79864270842467, 137.9810870232893, 148.6883049704342, 135.7979467403415], "src_path": "/Users/hagardolev/Documents/Computer-Science/Third_year/sara_guidance/db_3d_models/db/4/m423/m423.off", "name": "m423"}