{"fourier_z": [154.7697624498929, 163.0646219263429, 129.70404274980461, 143.36846098565402, 159.82498482788833, 149.89845723157106, 135.694908635577, 147.62882473867347, 154.64215561072874, 161.2677585150198, 146.6018151190357, 137.93146203696284, 157.05205423423536, 147.92760280047847, 145.33199184012238, 152.24999389862472, 154.26241095465383, 158.76567695338701, 153.8032153298699, 135.18193667267582, 153.47069054020577, 149.4555880282959, 148.3819105795825, 156.87489090844213, 153.63747546776122, 157.2895650798427, 156.738533465189, 139.90392953696468, 153.5029403854477, 148.39937300101636, 147.53501124220998, 159.70119256721884, 152.77243300938568, 157.86107422425687, 157.05374671228728, 149.10848311804773, 157.37356917183118, 143.0159928898213, 146.8114560379417, 160.56467034958024, 151.66421022262716, 159.00130079821477, 156.0201897427366, 157.17137754332742, 160.73666621402705, 136.0380421271562, 150.9423726464151, 159.8701030699565, 150.29774569003473, 159.05608514297955, 155.1947089429345, 162.42108060050154, 161.85304483856655, 135.1473564609754, 156.2754248586389, 158.7712146742309, 148.6446224502923, 157.47808485358306, 155.50204590863433, 164.79365186905383, 160.45813413884332, 138.08748513000546, 159.2648721181002, 158.87942244844464], "fourier_x": [138.55115812556636, 146.6868616827545, 156.43049006874082, 159.867924952452, 158.49653450783907, 153.8097993345915, 149.79376722410234, 141.69465828944837, 143.66505335689246, 147.2049605979934, 154.78667160235833, 159.0038688142418, 160.0453552626006, 157.10290435707572, 152.20270381701306, 152.88390884531697, 155.7934630966305, 157.52031411894876, 150.2096539567971, 142.18737480948337, 156.2890554842004, 163.3767066639098, 159.4839669164478, 153.59669091017676, 139.75914679295553, 140.44493532333615, 143.31310383938035, 142.52125950502585, 144.04318018042065, 149.04573739400394, 140.79627344882854, 145.078324544533, 136.24977330792728, 107.87970739414975, 140.1040888104688, 152.448531215064, 160.94389300581503, 160.8382802580275, 145.96343630551075, 152.86518783799153, 125.50412703478658, 141.46453927380202, 147.74597530618757, 153.77083760962395, 163.39590597837633, 169.02608131180972, 163.75469195320017, 163.49598643972928, 136.16199108936019, 126.08843723437154, 129.40532995054983, 145.58928545805603, 157.14560449561918, 158.1352867369947, 127.46243337331222, 156.85244561912455, 158.57013386748557, 149.40403809672733, 151.0620566438572, 156.7538432265479, 160.23071733286275, 143.38800922656125, 150.22555677818818, 159.99380224284647], "fourier_y": [110.82527090316847, 175.42938058600342, 164.55526095003717, 179.44409807566447, 147.40628838064077, 170.6352247547257, 166.39613026693064, 178.1091468466677, 146.5558772631904, 176.26781541950396, 152.12184918448065, 181.08255074152123, 132.70836213457778, 182.20798604516713, 171.33299716113208, 175.2910662546493, 149.07109685410563, 173.14041272640236, 135.68578387859682, 180.30033951734438, 156.83791723970614, 188.8842019877709, 166.11718408570613, 169.98935618336822, 111.72609853456723, 160.65781925436883, 148.29477691543244, 173.91997085088462, 169.3437808748793, 185.52168726666827, 146.57818806345958, 171.4888837721381, 156.28972626570987, 122.49647655662613, 159.6079162294463, 152.54231738528588, 168.85832020558493, 166.20047458614619, 153.3229922168464, 172.64976645104684, 169.282653580965, 148.59930892580496, 162.4086369083766, 155.4528507000808, 159.64314348238824, 169.2560988172673, 162.5807483063193, 167.80161860516844, 171.86878812991728, 156.4037592562126, 156.81192937143334, 169.12753296491206, 161.83256543798245, 186.47853165849597, 159.2239036127331, 155.14130661625146, 167.1363634959048, 158.21296914899094, 143.91960042077537, 168.13753058795265, 169.90898182694193, 190.99535622630646, 149.82380687097753, 140.48763221040116], "src_path": "/Users/hagardolev/Documents/Computer-Science/Third_year/sara_guidance/db_3d_models/db/4/m424/m424.off", "name": "m424"}