{"fourier_z": [138.5511581255663, 148.37398276021423, 140.5414941934721, 135.56486283267745, 136.74535279605965, 69.40539300445948, 153.27394210326477, 142.7021350576416, 138.42590730607122, 147.8462948878667, 156.94227559381136, 141.523277193005, 144.88261475173712, 136.96749351717028, 135.9831750100755, 136.4463948292374, 119.21130727882583, 143.20248547769964, 158.30640969813456, 142.94174061515605, 139.429812769558, 136.88026861254994, 139.26035169747476, 134.78364589321913, 141.08324911677246, 141.91134183593772, 150.02749151455237, 138.85538529101296, 140.36653512174766, 142.13140626032367, 147.791216672994, 132.4398404824453, 150.5254480180185, 134.6751464797742, 127.02053108181482, 141.39757681231947, 134.9312354399521, 141.09826860037901, 147.3970268717074, 140.87810030768202, 145.21608202408044, 126.60561691575484, 116.1342808896997, 139.38227895160446, 134.83122014582355, 117.00121829507965, 153.01117672727906, 153.39583618046146, 141.49054989262135, 143.97551464595142, 117.07881330396675, 122.53307782916643, 144.67558796586968, 152.0948714682998, 153.1757166290872, 153.5956940974539, 142.5897497584333, 157.53647256626613, 135.42155146599166, 148.01574531000017, 142.62959519322723, 156.57127915592673, 144.15835425279937, 147.00247361652353], "fourier_x": [138.55115812556633, 130.908017459739, 138.00617275705176, 147.59634708058252, 150.52133994286953, 150.91354108640434, 149.16548469748358, 143.81738239630116, 152.32636744379133, 135.06855846782483, 155.96506964156634, 157.49009683442898, 138.04590154115485, 145.4389143768405, 142.75389940730858, 138.37903394018338, 156.5995035167429, 165.48509369780237, 168.71704153681875, 156.67088219676467, 147.63516846896704, 149.07599758912735, 140.8247565431278, 143.08799570317984, 114.98942178777526, 138.37285912631904, 159.76202175830227, 155.63392754560223, 149.68687420565473, 156.02346804507584, 159.44197942577455, 133.10327159831883, 147.2078605216626, 157.8265480889552, 162.063851961605, 143.1154145213401, 135.90963442515064, 143.87781707562655, 142.6932010674518, 151.85023167216755, 166.40043664593054, 161.1378570354135, 156.46791349475902, 154.96705686664922, 169.13158362818677, 168.21284756573147, 151.67176611112356, 156.86806762652705, 158.76228752547618, 153.7568893828355, 163.40282160055548, 131.8280279716982, 154.59320969649957, 138.01803084449872, 144.6018901690641, 133.6429104684387, 127.14410076141007, 142.55073912698344, 147.60417852694263, 159.25604141492497, 155.4459883437703, 136.26784529555187, 157.25186356155837, 156.83100794493762], "fourier_y": [132.7975166765307, 176.762840778473, 187.08113529964345, 175.6304227583607, 158.99792822775507, 169.95093317699104, 176.68297970968445, 181.95209195957943, 178.05412140472086, 142.04313913971615, 183.41524012823504, 185.46804644898225, 178.1412254287366, 149.13276002543458, 180.83511562959023, 176.38147096140375, 188.68986103192046, 182.7066278782797, 174.51858801841104, 185.5081192926072, 179.7860328947459, 177.31692369103442, 173.27267224727143, 160.14309947661386, 189.55686626749124, 189.33367878529987, 174.3310348966472, 170.46609741045165, 177.7853286254773, 181.6962224360259, 159.34581309402253, 158.16329167405246, 182.7494043342171, 186.64693617882435, 190.1658128131467, 178.18357713463678, 165.09415949033416, 180.24375614582618, 180.35913529024305, 169.78598385882393, 166.91964733381556, 181.72305078760695, 190.76482372187616, 188.32160275750402, 166.29593737968662, 174.882595979208, 180.78308632575354, 177.0185925875019, 154.9291981545546, 169.62960567607215, 185.61384078816167, 190.57452217009433, 183.56745666175428, 153.1624458124096, 173.73114745250092, 179.3943656444698, 174.15136694812554, 166.70410529587167, 171.74868961033343, 187.62577035067608, 185.90304497612306, 172.4079875146703, 155.46302019414128, 177.94998952980708], "src_path": "/Users/hagardolev/Documents/Computer-Science/Third_year/sara_guidance/db_3d_models/db/4/m430/m430.off", "name": "m430"}