{"fourier_z": [149.74347388427478, 141.65305277993664, 142.15738884016002, 140.44573720886223, 142.29524574374057, 149.0020506106268, 131.0177637556011, 156.27626836455957, 149.2549478374864, 143.3036184459632, 144.2923481430508, 136.10850779806995, 138.79481034128543, 142.71189903955963, 140.09661082773977, 154.84179298943099, 147.7579905358515, 141.47261870598484, 146.8214908909928, 122.5703090617551, 137.116692337814, 135.38703180998115, 146.10831921308642, 149.88267692978079, 145.12569530287, 137.10616380614934, 148.07602406015525, 107.02947809311544, 143.78959075377793, 131.88604185186594, 147.1798064501917, 141.62807973431373, 141.01806767582056, 135.14736586908114, 146.82400362143886, 131.45923655431477, 149.9526580508272, 134.97495767415614, 143.6787856265811, 135.1567327599506, 134.60778283979442, 139.4394157875293, 142.0597181758324, 139.26829176512683, 152.3052606689534, 141.1669368858373, 134.63938880556438, 137.63113662353516, 124.29519316983523, 144.06783752936735, 133.22462173040157, 140.27536149466482, 150.58744864970632, 147.19366928756673, 117.73214869585937, 140.96449589512255, 118.13289052652301, 146.66695619067679, 131.7991347290702, 135.71316459891247, 143.80319436296867, 151.5095465264471, 118.76467856575111, 142.89386199257854], "fourier_x": [138.55115812556633, 137.3965312292879, 134.38201834562534, 130.48587528376987, 124.8243054677273, 108.72236487218429, 109.07225757103355, 134.31838370516473, 111.4581237581871, 100.61965144129778, 107.66132066693793, 119.3454978710888, 124.0489769425123, 123.18046332717515, 117.20008972667095, 113.71552117689255, 133.42016561662354, 128.8218776182006, 128.1650934555808, 132.1564463532614, 136.02488197133988, 138.8292108962203, 140.70343942128932, 141.32626383565685, 146.50290244991595, 144.99049247154434, 143.1289775170664, 141.8633865724686, 142.30473659442816, 144.6586263712231, 147.91023690250057, 150.79875537938437, 141.5855859344551, 132.75647956814578, 127.82125954920444, 133.82033761434786, 140.0466149435172, 144.30340219863754, 147.01658163347446, 148.16563840175778, 132.55888589759468, 116.22536065924709, 118.16209683012858, 127.02422828422229, 136.79431514197316, 146.76262995015742, 154.08789311701048, 158.37118933300624, 147.41784022294124, 150.54046980855802, 149.70535521364837, 144.60161961307105, 132.73654306425135, 88.5937162651224, 124.72751974761067, 136.69040755679, 148.01272929761035, 146.73258111597116, 142.86311678501204, 136.8615631061018, 132.2006431441558, 132.3229569006434, 132.63698595662595, 129.94456675275808], "fourier_y": [124.68821451436744, 146.414580867745, 147.0294663768686, 86.2786428461903, 131.23940794965952, 152.28519500157984, 158.1617128957201, 136.6416253693708, 131.39541428682978, 141.18738995249336, 106.50086937205843, 135.4215000694835, 129.21060859385662, 154.1588812935587, 145.03261346602363, 149.94556376522988, 140.98821540357983, 132.63438436433165, 125.84138482748806, 129.50082361267908, 143.04639867151303, 143.60361971962737, 145.77612047467215, 140.65104210602397, 138.90310906002586, 146.44098039715982, 121.43551253887068, 125.43668073088625, 132.8220488459519, 138.93646388198974, 148.99949011069555, 132.98856220597833, 115.61473016977763, 130.41048413595914, 133.37208203739573, 120.51648850110215, 152.10875444551272, 140.4300022534678, 138.41755061515866, 129.8939807745665, 122.73608861362794, 126.6203855602428, 148.5766268775176, 138.94649286679743, 128.64223352755369, 139.9023380288833, 150.70224433463653, 128.3931895137919, 121.52836543829464, 134.30048396706556, 117.50806016156662, 148.3062741293897, 139.6804143264755, 142.49750454473195, 126.5446203656575, 153.2471983456638, 132.27927658240876, 128.8870736793428, 138.76342262053953, 145.96639498570096, 100.13660037998007, 155.53479684547858, 132.2083432590383, 125.60507129602003], "src_path": "/Users/hagardolev/Documents/Computer-Science/Third_year/sara_guidance/db_3d_models/db/4/m433/m433.off", "name": "m433"}