{"fourier_z": [124.68821451436742, 124.6866353361003, 124.6818973024593, 124.67399891629526, 124.66293768025619, 124.64871009362646, 124.63131164788975, 124.61073682100351, 124.6866353361003, 125.63968278099304, 123.251348461219, 126.99626047079106, 121.6565597356539, 128.09144632128366, 120.0028056605008, 128.9301908078675, 124.6818973024593, 125.32783467174349, 122.37474256334701, 127.27541381054391, 119.4572469608611, 128.80328044833888, 115.76591657060857, 129.9656340518573, 124.67399891629526, 126.07961666915031, 122.57895064746286, 127.56652935953917, 120.04843251075101, 128.76343486132805, 116.99948506528138, 129.6971645791908, 124.66293768025619, 124.99915260992098, 123.84881543254843, 125.55295328649949, 123.11311426177384, 125.97963443865237, 122.4541761581515, 126.31513045721016, 124.64871009362646, 123.34914151809322, 125.56993757583791, 122.20911692478126, 126.58622560167929, 120.76864337974342, 127.56943862785222, 119.13342621526601, 124.63131164788975, 125.35192030940354, 126.79070807535393, 123.4404352446112, 128.7662427842541, 120.82993720026288, 130.48148510313374, 117.32445650164776, 124.61073682100351, 122.38827773437912, 127.04270381590814, 120.04238788663399, 129.10709746761938, 116.83459927412109, 130.82563032585693, 112.40087514436566], "fourier_x": [163.6064174954737, 176.95825520280565, 185.15240264185712, 186.249619488881, 181.6590712140087, 170.85456275347494, 155.6553716036201, 156.1240829904994, 175.21245201009012, 165.25999361952097, 177.53496816743595, 184.39724220746837, 186.44195037072095, 182.76502194916404, 170.6978518395597, 148.7539551220406, 184.84136119528125, 176.48278677400435, 162.13195503956638, 177.87346543768786, 185.36519803105077, 185.34365954201647, 180.18488060658376, 170.22222659796904, 186.04938586488416, 185.2161023603578, 176.8021978461694, 162.55664667502205, 179.37615903473042, 186.02212303568075, 185.36042578286524, 179.94930917756244, 183.89561046983445, 187.0084520094823, 183.5194436510876, 173.50118057330604, 164.59189641209693, 176.54854012096476, 184.58366465882813, 185.61838851190606, 173.59720043381657, 183.75111031774563, 187.08142014109566, 184.38882545342668, 174.8686306630381, 166.72258221105923, 179.61812117015842, 185.96496238044548, 162.52063380716942, 173.63686066576884, 182.38262508808174, 186.51345753369145, 184.17990997013365, 171.317302428083, 163.60236663707605, 178.9649938782647, 160.7407111491443, 160.10097027645102, 175.08206223624708, 184.56996517029157, 187.46287695630033, 184.04371565215015, 172.20965360612007, 169.27422488681086], "fourier_y": [-581.8981078552874, 113.70979549160339, 123.51423386301148, 123.91397323261492, 115.37408058968113, 69.32919091810658, 111.80772565033934, 123.02562186074034, 114.52212625785972, 112.01275780730471, 97.61677640169086, 85.35870145131717, 109.85184560678037, 116.0864803285055, 113.96285770037844, 100.57086953446715, 131.55744082931946, 123.6479311436002, 96.69607228217095, 116.79151789646612, 127.79508359395665, 128.73365463413126, 121.48880659312542, 101.13995955629336, 130.7092426969099, 136.92347700711673, 134.5891701333307, 120.24885554115446, 104.62982930051464, 131.62014670044132, 137.92771768591848, 135.6673360815775, 142.12623800182973, 135.23866705096685, 114.51190061275462, 129.3717578791417, 140.4144435937058, 141.83230622893402, 134.88600032153846, 111.1614648832674, 131.86778649812257, 130.40421600178678, 119.2107383821788, 102.80789102656912, 127.1687910994337, 135.02781066092444, 134.62950287270442, 124.62848552018386, 144.88921512546514, 141.4779760716724, 129.35895580129562, 128.66588511010863, 141.22679634657408, 145.0445797984514, 141.58792263159344, 129.44535143298756, 136.45289037256734, 130.00367662824127, 112.18916788716368, 121.09425493573438, 132.36440890089534, 134.43498248413144, 129.47321057631217, 116.57006704570546], "src_path": "/Users/hagardolev/Documents/Computer-Science/Third_year/sara_guidance/db_3d_models/db/4/m438/m438.off", "name": "m438"}