{"fourier_z": [183.04362915605304, 180.7631210749672, 164.33469811363318, 173.0768870695326, 182.04574004006372, 168.15699981066902, 140.1325388420535, 165.41004395400108, 186.95659639643088, 183.559050613576, 140.5466107527518, 177.09945045029605, 162.5128302033825, 158.8658755143541, 148.30993660286455, 158.5434319966784, 174.6591419063611, 161.12527573695618, 164.49720841547762, 165.183990677303, 153.82625636747494, 163.23538758002803, 138.7078922695266, 149.5761079251868, 152.4680572953519, 162.5276759803738, 153.12420200723298, 166.74288049081167, 172.9334364924706, 164.69961476633011, 162.43697886005262, 166.7547952606609, 153.3561264392201, 165.4902025467483, 152.35706432069568, 166.7871158138396, 173.0678132327513, 166.33233197684362, 171.1712170192413, 169.44809099488594, 177.8613440469549, 172.59427853150186, 162.46777583021142, 160.21377124487412, 148.73954410201497, 131.35117906304745, 154.17065637384536, 166.28982594630577, 170.34839620179594, 156.0468704278535, 165.46894190135077, 140.2681582752988, 154.6939724857416, 150.75815356372402, 159.83514068786144, 156.98897012708596, 144.5159378619733, 161.13302592771038, 151.3176759516885, 151.66866439557612, 147.21592108207435, 123.28237331990145, 138.85198587033628, 157.85842870890372], "fourier_x": [138.55115812556627, 148.13552660254066, 170.3350286193712, 163.81432938228355, 180.0577542538066, 172.76426247422614, 171.2272407309651, 150.6805668228116, 169.48099420400254, 168.50413578453936, 159.08004118509868, 174.12451656643407, 163.73008182440907, 164.04661676606008, 161.41811108923986, 149.38473723474493, 164.3513241752402, 171.93414554506873, 174.65243977686856, 176.6835135505642, 179.96499889320634, 171.4481679240349, 137.39985278796698, 172.68029360656445, 187.7722219261193, 178.51110674316692, 173.75587014805467, 181.97054019502983, 178.7671281320924, 154.90541935886088, 162.74491506249427, 176.90421005436562, 149.84723627611694, 180.9415334810211, 167.8728980581538, 174.78398661431766, 164.0593733199523, 136.33970482040672, 159.31292676072232, 173.2433817592843, 175.34445577102287, 158.41952792186729, 169.47660877452546, 165.7389752920434, 169.24751621054295, 173.9796522194898, 164.04551973933388, 180.5202141060882, 177.53364877266142, 182.73003068402275, 176.36316271677973, 176.53022225045567, 189.84025912280654, 173.9125893119715, 177.72434097673556, 173.408588780501, 173.93451393453714, 180.55635903772028, 181.27552105688102, 170.59015693643875, 166.40124317977737, 163.83454226124516, 171.02596006344757, 160.59762306632405], "fourier_y": [178.84921853641163, 176.64284455005426, 180.89516611299297, 184.61361185905943, 189.1849930069726, 186.92609355836998, 184.6799070544089, 175.3057832164902, 144.8120434259916, 168.07519565492342, 183.80858495472353, 184.08761743599914, 168.01854705778902, 161.0442922134088, 174.9889007060875, 179.11406621997145, 141.97871008876513, 183.96644427795437, 186.91469988276341, 175.2111198823911, 157.6518568452128, 163.27347050711668, 179.4007876225446, 186.56977274894575, 177.60819980370707, 183.9092857522499, 183.83123437086041, 174.72454231359222, 152.1384862467885, 181.16251820099305, 188.37527714401293, 187.66616809957026, 173.18537946849392, 184.71010256619635, 182.12581924762912, 170.95075425591486, 171.40592429711913, 182.8101626993288, 180.64538048730017, 178.85885967804032, 181.93584350945736, 187.29673953585274, 186.02949310728786, 183.8765757206227, 184.29935941911467, 181.86126273405594, 182.49975658118043, 171.08856329194214, 167.59109007721094, 165.8613770282871, 169.71912020660125, 171.68096564267, 180.2212755449059, 165.03333139636223, 164.64506340403122, 174.85066418988796, 156.70655149555034, 153.71724811450667, 170.18578106636764, 169.41819111106966, 173.5732381530757, 164.8356188896889, 154.5313389278057, 163.22313723214737], "src_path": "/Users/hagardolev/Documents/Computer-Science/Third_year/sara_guidance/db_3d_models/db/4/m448/m448.off", "name": "m448"}