{"fourier_z": [132.7975166765307, 167.98415000243466, 154.7659474065404, 158.998692824503, 152.03266538051503, 148.42608823781237, 167.09401210132182, 164.1081478728034, 171.78837717150387, 159.19774025491677, 148.90437345880565, 136.62021473534773, 133.3061104768994, 156.09153551268835, 174.12417293651015, 169.68289033797186, 154.86086595702145, 162.30987687301794, 166.05143788270078, 161.31249725616834, 151.8094226953431, 146.67293257896597, 168.98090752514335, 167.77182121009812, 163.83493423456812, 137.57994432511106, 115.06619002051985, 147.90694142451468, 146.35825570873513, 153.08048330270094, 171.6676384708204, 156.01958763282187, 156.67780936038082, 147.25674829862146, 157.04211541163943, 162.77991984431426, 149.8346842154974, 159.49808808449447, 143.8037321958821, 161.92732398470864, 126.85396285186143, 132.96937655898415, 166.63401113897945, 144.2830464054595, 150.1617689128148, 134.96434608943724, 160.1161471886665, 153.83451887246392, 139.63389637912218, 153.13608992933212, 160.30659054658418, 159.3696242844693, 148.52419132915142, 138.56374111274252, 161.97655689589664, 156.61282313267594, 161.68910257237715, 157.22685666558047, 171.9452627876737, 152.25602442403138, 143.15653078506816, 153.8857096664154, 151.43414669062534, 160.51246572508884], "fourier_x": [152.41410173676525, 164.39014351690616, 158.42367706756664, 153.3313179481137, 151.49915515293804, 148.68646187918625, 170.3657638366006, 152.1032363709803, 138.9223859581101, 151.7315137225626, 139.8957620097349, 132.88774618133968, 155.16103522401178, 148.67263487157862, 140.29780552952514, 153.0954751804944, 159.46600837908323, 171.9490081629206, 155.2988899731269, 145.59434416736428, 169.00913044825035, 164.8540323150465, 159.49083136233685, 173.30441385439727, 121.14255942849788, 169.2317596601191, 163.6929529008038, 170.79733305848822, 165.20192220359803, 176.257936603575, 157.199540641416, 180.09553929253832, 166.28337398488407, 157.3975947747368, 129.38813496223645, 142.8601358669169, 152.90792289027974, 149.25119278587357, 150.42324472717937, 136.62202128101126, 148.03917663381162, 141.88973912488197, 162.3020498735466, 171.79411085546678, 173.61517811470333, 172.81404973566123, 144.11685929747114, 169.71194143473596, 153.81740037689988, 160.3445609508881, 154.8081031651426, 158.7358892265869, 141.41386444973688, 148.19949025786735, 172.14601185467856, 168.98042759160654, 124.32029107278971, 136.77446608913655, 129.2373040276219, 167.3876943699155, 154.944488613085, 150.29162071195736, 163.14310442671717, 162.83087609582108], "fourier_y": [132.7975166765309, 156.35325484688184, 147.53085951879382, 159.50147536297206, 164.96829152382927, 158.89179906865576, 162.55717623865502, 153.38880384515153, 160.39453082536582, 160.76446061477566, 163.56700855571023, 162.26839619849588, 155.44962280882342, 163.59241250194498, 172.42012367671092, 139.19386483155756, 147.10469921551655, 136.03788410551323, 167.43078044417484, 150.10267975186133, 143.13203260514487, 149.61430537339186, 159.49939877179386, 143.5005199355467, 146.7669534539274, 154.07411490605512, 170.186580037377, 155.75143089769094, 154.7397772530613, 142.20843344736278, 135.41158645344456, 163.21785675525007, 143.29779651845269, 158.1369376881729, 168.65747637862071, 136.44742205697253, 143.63023981816968, 128.1727579489712, 166.86709720430952, 166.44986208673262, 107.96258595559314, 160.93070354168782, 157.44410728599217, 152.25073534214116, 161.7703834053951, 150.49032642368206, 167.47105129817066, 155.81134135165715, 149.06488293366, 160.16126309142044, 150.15466076767498, 157.49813051429618, 147.949443300036, 160.33782451115755, 159.09011308679834, 163.10578130897468, 172.2930004451254, 165.959399519998, 166.44502816915826, 157.0593141502614, 143.0842153505663, 147.56486102893564, 140.24044990211297, 160.46345366485642], "src_path": "/Users/hagardolev/Documents/Computer-Science/Third_year/sara_guidance/db_3d_models/db/4/m452/m452.off", "name": "m452"}