{"fourier_z": [110.8252709031685, 129.2288523411564, 120.6402337379102, 125.1976340712311, 122.24191709548467, 108.9299645570726, 114.49410225813969, 123.07932074916624, 109.5223105935272, 123.56251622390197, 139.50618790806718, 147.07171889499554, 128.04083501312687, 145.94965740903723, 141.080553220658, 131.86314539531818, 105.25058926007246, 118.3787875054201, 136.4111276294309, 147.07049954771583, 134.24212494600323, 129.06363856623028, 133.02639717424316, 139.40416638763415, 96.61867040744262, 123.89892843400008, 146.27287332243304, 142.96719483895208, 132.6503589651905, 142.67813225888477, 140.99961516371235, 134.11185804220509, 83.96199410188339, 137.47378872305933, 124.59102006608063, 138.38730992702037, 123.63765783309287, 119.53713857345251, 142.5776420208592, 136.94696282785895, 93.68086912577867, 128.51785004191638, 121.07974853520051, 129.95504025794312, 121.14032499983864, 138.33850623435157, 140.71631268878258, 115.87415375839467, 105.52410918489572, 139.33969926452818, 137.37333142521678, 128.41159466766476, 147.03759397313075, 102.26329240574086, 144.83255666847066, 148.74205408133201, 112.44461189724605, 141.5582154150184, 142.11379712827335, 140.06217445316585, 131.6731061185038, 135.25268987156696, 135.8920495368761, 139.17087931637258], "fourier_x": [-559.0243511119822, 99.8652164026066, 117.38389266632721, 119.24461325064598, 132.62892601279154, 137.08800873685232, 131.30526406730385, 138.84126355557552, 134.22284417825426, 139.1602136662492, 128.57428914743363, 130.88497011456255, 138.11648920827463, 134.6787812378393, 136.77341560137143, 143.79276475073493, 150.9608409247537, 148.20021952587194, 142.61270080842436, 145.3397654832399, 129.58739848181477, 112.53122846327366, 139.09915469932184, 137.9503435599069, 154.92188093798643, 146.53000477961643, 150.42956008887106, 145.28043397115783, 116.02408717518526, 129.1199064560893, 133.5367178279103, 115.06139155599195, 151.73880524816522, 139.23160735425935, 148.14720108384466, 129.01124873824153, 123.55563573122754, 118.50378206447581, 132.55100143987633, 118.8414952236036, 138.50032785143404, 131.69601421815014, 136.15383299962022, 125.9896909445491, 123.07866290111095, 138.37454210110764, 141.25048318546095, 136.30197598173257, 113.65813874207645, 134.68119901102222, 72.7075625203793, 136.20289818639057, 125.23327405408475, 144.4432867775473, 142.45072359578722, 146.8365924925175, 137.321414153823, 131.0444786140652, 130.8315300756949, 138.26398226810642, 129.06781314959125, 138.95214013169544, 133.77711508805876, 142.4462161060833], "fourier_y": [186.04927321703974, 178.75014949167968, 179.9143556689269, 172.17758839607083, 163.2957723289095, 153.3776885917755, 137.86492449749855, 144.86592524984542, 184.28058701553255, 181.96305864881055, 181.34041983654515, 173.21156688027682, 162.6139451903, 154.16773403502287, 155.06160421984347, 144.38517893594027, 182.10561575418615, 179.8963007192511, 178.50161994990037, 168.72525343821263, 163.22068850218398, 158.33500220208768, 137.78672742234073, 142.57900738157485, 182.45313740505694, 175.72587905521627, 177.07065871457945, 170.58452622001016, 167.942773560087, 166.3268260721976, 158.5028385583823, 160.30370091150874, 181.32002801055975, 177.71918297516223, 176.4863697208345, 167.92354107274093, 173.1641871050641, 165.47443480348292, 158.31599462950248, 157.88045403719724, 177.36231846559423, 174.99639604203222, 173.72716410713366, 167.22173433143644, 167.76651179088034, 165.2363250203099, 159.86326117667713, 160.58035084077568, 174.9307792820166, 175.50580399802038, 174.39994549096008, 169.8352731232846, 166.8778718033201, 168.19403195525376, 167.24445332221208, 165.5586778779701, 172.86159475362294, 172.88756324032167, 172.42025206314284, 163.1883993344942, 170.0420676957687, 161.57930503290282, 153.45209513903384, 166.29956573852252], "src_path": "/Users/hagardolev/Documents/Computer-Science/Third_year/sara_guidance/db_3d_models/db/4/m455/m455.off", "name": "m455"}