{"fourier_z": [162.12425805239928, 145.99163263735636, 145.7517869587219, 126.81901245120537, 149.09820449448645, 147.55493940291038, 143.5327125869261, 125.57363251200273, 152.62189959352983, 139.22210446066987, 120.1267215704139, 150.0495912839212, 142.21912417810142, 132.3070583101955, 146.2857247393577, 134.2713525251858, 148.55615545592053, 155.58135109765612, 96.23645032232047, 163.46201369425327, 151.84737131798255, 133.37609651594096, 119.76450870740277, 141.64168701975888, 151.5676177227719, 158.03485900394938, 158.71368067524364, 150.93737602791646, 154.7831151736547, 123.39626143424915, 126.7713354600809, 157.9424594364293, 151.88443243599357, 155.03123596917675, 152.16474314007658, 139.61590388804694, 143.86647019565712, 147.64627179293518, 142.34724572300573, 146.76971392829714, 131.49340331462992, 139.81316066190675, 155.82459278016844, 161.7800763378777, 160.63222336782135, 147.29366045708798, 145.67695739721637, 136.65925146639518, 149.10574668080477, 163.01116461680934, 154.76888831646815, 155.57892564539242, 155.59906161553724, 139.3247432743824, 130.28202233614084, 132.52595200912714, 152.31257683995128, 132.903087100343, 158.89918754488988, 152.450839453728, 142.51975236992803, 142.20290291915924, 137.22516039750684, 101.34482294711135], "fourier_x": [132.7975166765307, 108.40121937385274, 134.7237350280477, 138.2117554464591, 125.8882629296767, 130.30045019111463, 134.60800095889837, 157.0667227598586, 133.495180485835, 140.06062786317014, 152.80127142420548, 145.82284700563588, 132.8428079111614, 153.9205367497798, 143.42209952422456, 145.52922606576462, 155.86046096082313, 159.27869434117116, 149.7381793374381, 155.58245382976222, 156.37418498430526, 144.13917851325283, 153.41995191999092, 151.51637533833295, 140.41025781234714, 142.62360088580374, 148.98119064769597, 152.5833994708587, 149.80899731316387, 147.88691133398726, 155.60205642509115, 162.51465996312558, 135.43938080104053, 92.27174925647046, 140.76679997169418, 134.97534925572765, 146.43514411450892, 154.70683063482755, 143.5937359351264, 113.33518198065522, 140.97739918520392, 142.09857902215242, 147.7129147180816, 152.25883128805447, 150.46350091304117, 150.53701059882616, 149.05945586931995, 130.71183279662588, 154.23022296769682, 153.995380224023, 154.58300572389427, 158.33428418319278, 156.25930265664965, 134.61093295642766, 141.02925296930127, 151.20355892560417, 147.54836874248593, 149.48951757030963, 150.4589632932541, 159.20068843996114, 166.13226785993584, 164.16172860981624, 149.73208655946715, 137.75956259733618], "fourier_y": [158.78317635913592, 149.6960747703813, 155.498363784213, 148.68973021419788, 150.1342897790479, 150.3869021385003, 151.24942697347637, 155.8979266298456, 147.61151554473716, 152.51005675359747, 140.99965857759685, 134.68119824114464, 151.8398482047293, 137.93571619125598, 136.69661521727863, 146.32963096937058, 132.4455540375453, 141.8998463655309, 157.24802525169747, 153.78988350882906, 145.95354157154273, 156.42554903996373, 145.19232552812673, 164.17347210404222, 123.85626578334175, 148.8607203011728, 158.404851994326, 153.1030691420333, 152.55167868713667, 155.30212068026825, 131.9494641132284, 163.11201623613883, 130.1771581303844, 140.69745216967732, 163.5420141073304, 161.8873442046366, 131.18556949196253, 154.44710748217966, 135.74064092980075, 158.04870088074858, 142.95198550009897, 152.56360062144057, 161.9419650098237, 143.09426084590413, 144.39232740350084, 144.96893620571694, 135.68008050214988, 151.13048652765917, 153.33689711222343, 149.10498114190653, 167.8428412983952, 160.0894753488639, 155.44050773644113, 152.8108046835028, 142.5042740599925, 142.11918823336123, 127.90386360417446, 148.8559993268714, 134.31018120928556, 56.83961463636508, 130.94980326012325, 118.8010283979412, 150.07447430409735, 135.04951950212347], "src_path": "/Users/hagardolev/Documents/Computer-Science/Third_year/sara_guidance/db_3d_models/db/4/m457/m457.off", "name": "m457"}