{"fourier_z": [138.55115812556636, 144.23504361333323, 143.07160752766802, 148.86902428379133, 129.0727336964767, 150.8778219371516, 141.17565413339472, 148.52266306420947, 138.37776574320094, 152.4957212591915, 130.92585531955777, 140.6828940947404, 124.66549481969454, 156.63189808586648, 125.38399325188779, 147.85685169655983, 137.53454902701216, 155.9928013851751, 99.97915765097765, 142.8113476892696, 127.47423898556862, 156.65851565871807, 104.14189574535457, 146.05858824212797, 135.55473210002015, 155.0300644937471, 122.48284337842225, 148.1517285054557, 136.25230383089695, 151.04075897794445, 87.4904309299135, 142.5583401337317, 133.49954718346712, 150.49950041523826, 128.6916790187434, 148.9920670060501, 142.32880018944107, 139.08893048686824, 128.79967378875907, 139.98091452359495, 135.15042426875937, 147.73505823830573, 132.48764114328986, 147.2227913898684, 145.1881789816139, 134.14658278471512, 142.7930642527114, 145.176641120927, 139.85867996750804, 151.40774151446385, 138.86837406792858, 147.9458949527375, 145.05542525460987, 139.58459235931375, 147.67274555802837, 152.21257861583464, 143.05222567253617, 154.45817015481097, 142.39290105036514, 150.92067101341283, 141.48031422839847, 136.53633023955098, 145.05128610534985, 156.13465270686564], "fourier_x": [132.79751667653076, 125.70966756847986, 122.66939381400546, 127.9587789966263, 134.35011006151257, 143.1266705506653, 148.79662666616846, 151.09140867109645, 143.67879523793334, 150.96052748684602, 153.16557943296164, 150.58226189450156, 149.33967607588667, 146.3392488726103, 138.17659782262794, 141.34729382473228, 153.03323613624715, 137.33279030681237, 130.261899764411, 146.3729255980429, 144.9130098638235, 140.1200382503065, 146.53942288289787, 157.23280916929485, 151.98161059123757, 153.0935978007693, 155.65876482647414, 155.05659877407902, 149.9870337754113, 135.00863001817837, 128.65187369625775, 139.98842533988432, 138.34517628105996, 123.03284262303997, 123.1506026693026, 142.77755022250065, 145.61538775815814, 132.0921301201987, 125.92705445351605, 143.53933715375302, 139.9120566772861, 141.06828976440252, 138.1382447897049, 132.09623126217056, 133.40104539436075, 140.00269865654394, 141.00112418782643, 134.47744548550398, 150.38203742218857, 157.98354018123828, 152.0600146763295, 122.89520301529481, 140.22129206875252, 147.12132776014516, 146.44716026177815, 149.2717377883198, 153.46366939726204, 139.85661962035513, 150.3997389861395, 152.74810021529117, 152.13203322807038, 156.56739145592024, 154.78530468746922, 146.19745634524315], "fourier_y": [138.55115812556642, 157.06772682758452, 154.36906519742618, 145.88943566706752, 168.2627567027109, 168.00300583124894, 162.8686356829636, 166.33812354956456, 167.31333106545236, 145.22306606907483, 166.51689164174604, 136.24223961300277, 160.0261854772576, 162.67900005887594, 174.27547934480748, 168.46066335618988, 165.88736118786218, 170.0692776262444, 167.39886060799085, 172.35395082275332, 162.17170650283782, 157.8886022313087, 171.89396146044686, 168.50586460158178, 144.09010622539296, 170.4956950391856, 155.18404630881417, 176.51187804678872, 161.02156780951253, 175.7938345054561, 155.11676313140447, 161.79607107400835, 173.10864820790923, 144.65799150265119, 171.7739585183972, 161.84222286327, 167.6048021510313, 176.75779850641632, 172.87374474742057, 129.39510188794787, 175.39741006420866, 167.63278864475058, 173.67291919109877, 145.46535938577745, 175.48400823000063, 165.5620868931831, 174.52529088437427, 162.3679442388902, 172.51075961377794, 173.747842131433, 160.7633941376917, 167.9255017818379, 166.47041037084762, 167.81308188671687, 166.95254737881586, 167.75970824780984, 164.3166882949315, 170.49334531515797, 148.95990069315653, 176.6961344581664, 145.14623036968058, 171.3181876493526, 164.1767490722086, 145.07555788477768], "src_path": "/Users/hagardolev/Documents/Computer-Science/Third_year/sara_guidance/db_3d_models/db/4/m458/m458.off", "name": "m458"}