{"fourier_z": [124.68821451436744, 147.51248913123393, 142.05400698709386, 148.66606783637212, 157.4067820783353, 163.78348253146382, 151.1472944747127, 156.7124451738961, 138.19146884642814, 128.95853162858975, 164.92655037338272, 151.50266558732636, 158.80506638952562, 162.76570876204488, 158.3084456059051, 145.31002051687938, 154.94094670709927, 156.0293408399981, 140.58620485972074, 149.41765923895878, 163.31781996341275, 133.37040948880505, 140.0555484355815, 146.37789018844745, 160.22637381426225, 161.3348606319508, 153.04186737330818, 151.83720055306173, 143.57027304811965, 130.91808606061397, 145.12638067518645, 156.71605421948726, 151.62530486265464, 165.55214526855767, 158.06450041818667, 136.7478002624094, 132.85913858889967, 156.84783255267843, 153.10167655625517, 152.89534986870342, 152.03669440477088, 156.04931684290202, 170.41297821739175, 161.5469490896811, 170.52406848555398, 167.45145720288946, 156.04640762626988, 136.35227408146105, 154.0346184069865, 156.96131782602043, 162.0719224947547, 156.8943534691668, 159.38402196970918, 162.25428319599143, 150.21595772371688, 152.86533682201275, 129.46790215260893, 142.90709946073687, 144.74931209727757, 128.66690388121816, 160.94070501888757, 161.73638920520636, 134.01786332319762, 136.99854305336208], "fourier_x": [110.82527090316847, 156.42949816460055, 126.14567273726193, 143.17044119311754, 144.81946159236557, 152.1128348109632, 138.77865571474675, 162.10710641647722, 147.72551537956156, 143.1139222188677, 132.12013962557253, 153.85352763688053, 147.13969305985395, 127.52685232081701, 149.7884583230092, 135.52603909492473, 159.5347402500828, 121.50021572587512, 142.170081783854, 154.3809826878169, 143.9700535276183, 134.86495900910376, 163.3704808141243, 155.5597837410022, 152.03456541338582, 144.03681681351193, 130.95942819817645, 157.6337195336132, 144.13044790004244, 151.6264559170222, 160.63655181446256, 149.6569434044058, 119.79766565757508, 153.9479163213851, 140.7351529673977, 157.99308863464688, 154.84907870433167, 148.77731756536366, 152.52321784096074, 125.76049141315545, 145.95721045863291, 136.1046944962413, 148.55012368708526, 121.15542283175662, 151.12487468293568, 140.98621183134782, 139.92976553393822, 107.14636324743691, 144.27732916422178, 148.24206737608267, 162.16610208657858, 150.7219580087935, 152.1676264230034, 160.81744870264384, 133.82843137493668, 139.73251130876122, 122.91952077187553, 156.1628143682372, 156.46133514538602, 132.03797059081765, 123.1987077953262, 157.78205638968356, 126.36298534084312, 156.33848773932655], "fourier_y": [168.63270606109182, 175.80633685034329, 177.04040966689513, 153.96395954457398, 159.77434757873695, 155.45677674434958, 180.61623273077643, 174.23539386844251, 165.86258890882252, 176.48326611946655, 172.02365765847478, 150.3751999703366, 140.60232664349778, 155.1288002054899, 165.7742268092972, 166.38902709509327, 169.49252246031634, 169.2464417236513, 156.2441363489462, 147.68098032194044, 156.38329662518183, 142.79733538012812, 156.23253873966635, 148.81228588461622, 172.10184291440655, 150.82128216836912, 128.44240733606955, 139.01407434666748, 132.96029739955148, 131.63810762377156, 162.87592473122425, 169.97267144416764, 149.46673369039507, 156.4279171090399, 142.9542765145622, 146.15418118039136, 173.39205042011145, 153.84771405251726, 143.8677920763032, 158.75248668378075, 136.980070962585, 157.07960195523773, 159.3498723091251, 162.52287237020442, 175.93522058125032, 169.52203233438848, 148.36943590557271, 130.37318756897702, 141.7785298757876, 149.85814431892743, 172.40428457370462, 169.29716441451578, 168.21382735436583, 169.0969009609111, 155.39141056754448, 159.51111236393245, 162.92221213578136, 156.0161628905248, 156.98650911164583, 171.03673453006937, 166.60406396557306, 161.0424757942761, 176.28866426073412, 162.24321547478627], "src_path": "/Users/hagardolev/Documents/Computer-Science/Third_year/sara_guidance/db_3d_models/db/4/m463/m463.off", "name": "m463"}