{"fourier_z": [-551.4439027859364, 149.60482683324284, 160.06003171612238, 158.0759418601313, 141.8139602153643, 146.0672686759916, 154.55899315319198, 138.86943833731064, 149.02707256005618, 152.38300236221062, 148.8050673993318, 124.78982557600352, 149.991265892217, 149.9631042999012, 147.10739219217334, 144.34879068303962, 140.9469699978818, 152.8717379963785, 145.0678091659109, 147.36824079898807, 151.14685396673724, 157.3968776750471, 153.08804698639597, 149.79385744454436, 163.02895256375993, 169.79725448893973, 161.72757621905336, 153.88603158797716, 143.09644790383663, 151.0088053020757, 166.44772088090863, 158.94719179665773, 165.81041499474372, 152.3762804006479, 157.02521696503135, 156.24735276900816, 157.46013223966008, 140.21611377280027, 136.62896697657158, 146.85845526145636, 153.67710913914897, 158.91666893727373, 157.1459670923932, 159.51684384296618, 157.0146331011208, 146.69889759511193, 129.9907990343632, 157.8496599967366, 152.34288363810913, 137.89265781066885, 150.2720193738072, 148.6035002720208, 142.76362611510075, 149.23276948468614, 145.8568370720246, 157.91136742283496, 147.06460062559162, 154.8261306162281, 151.01704845238604, 132.2242769218219, 150.73121788932343, 146.0180171434376, 78.22239735753993, 153.10207554463614], "fourier_x": [132.79751667653073, 149.09026338822108, 160.5003029723613, 161.69150512719978, 157.580027415575, 154.23386423471314, 154.51791151961737, 127.30474362286104, 120.50574739553099, 127.8770616618691, 157.5312695452808, 151.59261863698185, 154.0061981835464, 156.32034869580315, 154.1536754393621, 146.90892309996747, 93.92118740489714, 136.30340730617513, 154.16303310901935, 107.15297437466874, 142.54344628891528, 162.14066906223135, 145.18366264959246, 159.67141721764787, 140.27977385619818, 140.17777129177057, 157.23859393640913, 136.1370787003482, 155.69941831956962, 162.28025084832063, 147.26688326843964, 157.1580881639358, 149.32399190293407, 162.30554609074036, 155.97479091505483, 138.1112325545322, 167.73661141585063, 161.9648299864858, 144.2785849246685, 158.00183074742978, 148.18258928715395, 162.28434054647406, 158.03240468116445, 143.91517656264742, 157.04530240140622, 166.80518808291095, 152.60386693792088, 163.26665904842037, 151.3077725889178, 152.8125368141931, 154.5117084569158, 149.4856432483799, 147.00925167084, 166.99274099343938, 154.54576771364972, 165.6139606218845, 143.65259007046086, 155.420928865455, 140.6377850563798, 142.09431229576154, 161.21748281915134, 162.41756792492458, 157.7771923588801, 163.8874561869544], "fourier_y": [162.12425805239928, 165.83555138918823, 139.68507503937423, 173.33068176770763, 174.28337126735437, 155.5166427894094, 182.41396114517016, 184.05818007239327, 162.20943222492136, 166.24964625978112, 170.99129987469485, 179.220830062456, 181.34500532666888, 135.54826801012786, 173.71732860276768, 178.14652689775502, 158.24969257495755, 170.72993379358832, 162.07638639654814, 176.73420890621796, 169.88187925643376, 151.34161449843236, 171.75510542219868, 163.75808265668522, 145.56239167789727, 154.86306024289016, 163.30974527274014, 159.29398717018256, 153.12832052127072, 166.8440491560553, 139.44805781726407, 166.44581609092072, 162.12191912440883, 167.60861015298087, 168.78454316482507, 159.119097050597, 152.16065793299867, 169.5817826327413, 178.401990022547, 168.79182942526432, 179.27946990123843, 173.40046441571548, 154.46220475050112, 123.08045350797963, 165.2106717362257, 182.5452783587036, 181.4082707345488, 169.1371362511649, 165.36943154803294, 176.29526392169592, 164.34438294542818, 147.7541021511183, 159.3129254144015, 180.6578070443584, 180.90453676696325, 162.4370787221788, 160.20319691187592, 178.23087152267536, 163.15161016623793, 163.76599976740835, 174.33966172079312, 171.86257236847908, 166.85017995211734, 162.2527428491765], "src_path": "/Users/hagardolev/Documents/Computer-Science/Third_year/sara_guidance/db_3d_models/db/4/m466/m466.off", "name": "m466"}