{"fourier_z": [124.6882145143674, 171.58474244070555, 181.5695354393586, 184.3522750831204, 185.93601157889825, 187.51592246256845, 187.20685988927843, 184.74335415699608, 158.7115234222478, 167.13960396009236, 176.7966963707714, 183.93707487765437, 187.66124495632712, 188.61389109311634, 187.2707594176218, 183.91561264779432, 154.58241806930076, 152.9196616700693, 170.57159643820097, 178.79135650310286, 183.06300419433785, 184.51278575360885, 184.04909959176052, 182.08454873733206, 154.94248454469022, 163.00079035945333, 177.17788270500589, 185.22228999866311, 188.52917589990585, 188.25849860178224, 186.76559463609578, 185.17021653528212, 147.2450786658258, 165.35128003349308, 176.72359611584227, 179.47223392364631, 182.0346778211881, 184.11383776860816, 182.84191284371886, 178.22561561806748, 143.70493980628345, 158.00948066646328, 176.428810218139, 183.4966458842506, 185.81203158074254, 185.61589596706767, 183.96063129594842, 180.86789938723211, 160.9810569310543, 151.60440332542618, 171.37364764422742, 176.96447646234304, 178.1293698942821, 175.38193304572175, 172.98893355249933, 175.96308206042926, 127.94064685492285, 166.44495904953334, 176.4334843298916, 180.21322180822963, 182.51579638615766, 183.26263476776444, 181.74368446264532, 178.76025865280283], "fourier_x": [132.79751667653068, 180.81188695767077, 178.1857424804553, 169.61371811294367, 172.43340602919426, 168.42260707295313, 166.2242838205704, 168.33704298908188, 176.25642432000387, 173.88778725516514, 172.19637645892033, 176.90035318646324, 166.239921288947, 169.94979852571225, 170.95484767179, 173.93939952895676, 179.43889151857607, 174.0162179358265, 184.44634502953735, 170.13712780309575, 181.14893181207816, 178.38615674291734, 178.95604011534607, 172.4834753681351, 182.6421248246804, 181.1293874806054, 182.98375234293763, 182.9530776303414, 183.09507970226582, 183.611160107578, 181.86683404867395, 181.47511240259033, 188.70268034874152, 179.50756594207067, 187.82464678166338, 187.6660889870244, 182.52299365237877, 187.879152036563, 183.46548683078058, 180.35828555092957, 185.73489247459005, 183.04647174170438, 189.73092833690123, 180.71491070165493, 189.53699063225852, 184.86559573999432, 183.2317571019388, 180.68797945485892, 182.29417060442523, 186.81929409709713, 185.67965253736202, 181.95571965093256, 187.82800520767037, 181.97645372775312, 183.22711712509715, 180.13499577260046, 184.01579839044743, 183.16444765101602, 182.30573554841078, 182.8759662782894, 183.36120586323264, 173.62772615976667, 185.71104510566133, 181.431210349927], "fourier_y": [187.3980988329504, 185.19879313833093, 177.45255999017743, 156.8397605800571, 156.00432776483524, 172.98539927835753, 176.28270634673996, 172.8083570690343, 180.75493375007187, 181.85896478019038, 178.8504864297697, 156.60671625384873, 170.6200224959588, 175.78940482960718, 171.9362079068584, 173.9549452113319, 177.58408108906121, 177.0742064379638, 173.57470848209556, 160.1000969027948, 156.38078910681318, 169.75577854452996, 171.3122396346851, 170.33952545611757, 153.65478315926146, 153.80249268212611, 152.99433896155773, 144.227525817012, 157.184586312446, 152.8134284224305, 158.15828912454552, 168.1013591517168, 164.25430448537531, 152.0808465850975, 149.51585929406238, 136.91823747675477, 141.23030142785083, 144.81941018326626, 140.18918316870736, 124.692307366593, 161.21744105075638, 167.62101431823714, 168.65398612399895, 151.26745972912295, 148.57470378435562, 158.14087605784243, 146.3928604086316, 137.454894594409, 176.49504692120058, 175.18022576823765, 172.86301446748718, 163.78899521897083, 150.8258058948098, 151.6098090114549, 166.79849197965322, 163.44913748311927, 165.68823155314413, 172.57644801584792, 176.48701165275313, 171.5857623708936, 153.35851318755516, 153.53389804627545, 165.88656766858588, 171.48809289605154], "src_path": "/Users/hagardolev/Documents/Computer-Science/Third_year/sara_guidance/db_3d_models/db/4/m469/m469.off", "name": "m469"}