{"fourier_z": [152.41410173676525, 154.2437538409541, 157.95216146348503, 161.05089804155818, 162.35016561360624, 161.464413482025, 158.370170677606, 153.2713773900618, 157.13076520102476, 158.9814593571217, 158.18117654078327, 155.0975434371693, 149.3592030967798, 138.80559392321726, 116.58306351701222, 127.9536815137981, 156.6026113011389, 157.76654906625276, 156.30561689354107, 152.5166837966817, 146.6402820011575, 139.14289862535924, 132.28097655761863, 129.29987805040216, 159.54518925469785, 159.2943474522034, 157.64055626567998, 155.9432569585093, 154.6816673378756, 152.81627553387767, 148.89122410376532, 141.44215058943703, 155.699898221026, 150.63959696316795, 143.31295658137287, 135.98162113287842, 135.5115426974422, 143.20279189478785, 152.04298475726006, 158.83706964358942, 122.8486778902179, 141.9903539561754, 152.86525905677624, 158.76803503269272, 161.01395105123945, 160.00111508696253, 155.61480654727134, 147.01351927614013, 133.5703160149977, 134.32416742235202, 144.1855563802011, 152.72895130710634, 156.66032961859716, 156.44907005805197, 152.3542260747214, 144.3294385535226, 139.52142455385828, 118.5977227686751, 126.70892676147156, 143.5301425817351, 149.15767105692652, 149.53130097601525, 147.22697093925265, 145.79933489194752], "fourier_x": [124.68821451436737, 145.40558780413693, 156.31131099334468, 142.9862096197595, 136.47046270729936, 139.4692965304259, 147.4633535820323, 136.58336975493668, 141.4015836348929, 139.2170229023405, 154.45177947325365, 149.88366908973794, 132.91210628291893, 146.87883533526195, 154.81667278284976, 139.84498577093353, 148.19505261126525, 148.33062791920634, 140.55121065031125, 145.90538059924336, 131.00450725047622, 143.0426639737279, 156.72798841476214, 141.84900859364646, 147.05967715924623, 152.6894015907145, 132.32394054405717, 122.7605953006894, 125.69376133274159, 143.6922667264253, 154.0384607906584, 118.48786619297606, 143.47934400953702, 153.5908684606947, 137.45958508396222, 137.00924226658537, 125.72035652875206, 140.46443052858865, 151.188125587704, 111.30929753070355, 143.6126601685201, 153.54969370998452, 139.58284710857646, 146.44157238327483, 130.6400003037681, 130.74177773496513, 149.83618637042503, 126.87414914489894, 148.18508180735324, 154.5582465981708, 143.93056659819908, 152.94416654893413, 114.60410802126076, 109.61848489576465, 143.89899573127076, 118.51920294020054, 151.61553129141183, 153.23477940818515, 141.7640846063407, 152.3905435779685, 120.3431650138543, 126.56385866483839, 138.77114923276653, 130.69956739474097], "fourier_y": [110.82527090316847, 126.56141386952112, 136.75714146623602, 140.9489272423641, 141.6572359876341, 141.5789579388143, 145.4921982704111, 153.023631257504, 118.68939867700203, 105.94129818395187, 117.90540918725817, 122.45282297534658, 122.68077143975397, 131.18772019219034, 144.14503434570682, 154.2346730450365, 128.35156277482938, 117.14083318802463, 127.37253175987588, 134.76299152823213, 137.56831174631697, 138.46381398511087, 141.3446533466765, 147.69248677780826, 110.68171153941617, 126.41689535628352, 131.70135861982357, 131.1067181658237, 123.15818119936753, 98.3242439501462, 129.7456245893913, 145.23668670509676, 121.77381759609852, 125.5395933501218, 128.40430878495602, 128.44716436482605, 127.55213240731393, 130.46205880140417, 137.88444040445825, 145.52784396009622, 136.21569702322697, 131.90289809249344, 124.87774444982362, 117.18886976374682, 126.89423107254251, 138.42133626809445, 146.13419320890972, 151.32662509642168, 133.93492728958913, 135.43964088132813, 141.52983548879786, 147.86204880952124, 153.00899292453207, 156.77083609977356, 159.17617195465974, 160.28150524169803, 146.19344993928135, 145.84859665256917, 148.64750666030633, 152.49182284740388, 155.8421888473954, 158.1470537079248, 159.2199472736475, 158.94912754991702], "src_path": "/Users/hagardolev/Documents/Computer-Science/Third_year/sara_guidance/db_3d_models/db/4/m470/m470.off", "name": "m470"}