{"fourier_z": [149.74347388427478, 163.43838433036254, 171.96575828385303, 164.75975427734608, 149.39537550013006, 165.95055886283973, 167.75694909578783, 169.38232152994334, 151.2736710791696, 152.85841240876866, 161.76853541841342, 133.19724131245584, 157.40996471799352, 163.5126813905963, 158.81725950779332, 169.08119959112156, 145.58622048120841, 151.99776118261607, 165.03203312676874, 148.55288669552965, 159.27418401166338, 160.55285665996368, 162.91906276000023, 170.10564955039897, 156.75438078973602, 148.58594021955474, 162.50884860555843, 152.68359933086765, 168.01503594854668, 162.29508132626108, 158.13880814748094, 168.4620502767943, 150.99575056635894, 157.05133755521447, 171.2398231027434, 163.43092072453786, 164.74896871239696, 152.314342386365, 166.85563198744796, 171.36617341317907, 140.57157137647621, 167.63548798082292, 172.2068355528313, 146.59046751460164, 167.814893590556, 166.93016433422736, 165.28715069671196, 155.63163238293973, 154.08653572416338, 161.4944710188214, 164.3863418030814, 160.77506596796835, 174.5168814508688, 164.04748294689193, 144.79865418721695, 161.61158832896305, 146.0043533712624, 169.3902674224193, 170.56385319808058, 157.7814016925995, 165.2580877054532, 143.64605917940065, 166.4196540154036, 167.55853099269535], "fourier_x": [132.79751667653068, 159.87162309414666, 157.7893610457617, 157.30230678887816, 153.34202951054127, 148.67285084457416, 155.2328076321219, 143.53583196445533, 161.01566739029198, 156.92469234259744, 152.8339482415188, 159.54300484473373, 166.33501438413492, 173.32767714969876, 169.01540727654108, 176.48773837573057, 177.43098867394707, 169.0120086542368, 170.65521227271248, 169.8175092736696, 174.5693380812728, 174.2527599573571, 167.964028810071, 172.71014861347894, 175.28711388467545, 158.7169961618231, 157.71271024042272, 156.0186142773959, 165.41035693374005, 153.25976279660037, 165.49578088617818, 157.8325918088721, 151.21348862785854, 163.29212081177346, 166.48426531603047, 173.34751459567624, 170.47652706472303, 172.53473077075796, 175.55003108704966, 167.2349334161018, 164.6049217008465, 170.88198109328974, 171.2517920458703, 173.39627737722694, 165.56249444190672, 170.32265816338088, 164.4279274584082, 154.27511688522114, 170.34984473408167, 163.1894541007009, 164.499534778499, 156.22073937656995, 165.85424605828732, 162.61551663618744, 159.8258519388017, 169.11522176308566, 173.90915356628486, 173.036223326479, 174.60820539289114, 173.2743767454433, 177.40515253670503, 170.3340208197223, 171.99301851812112, 172.57147776510752], "fourier_y": [172.64611997033484, 169.65412092393177, 143.4893496677974, 167.8484008891533, 180.05118254845442, 175.2362079487557, 140.2702557790222, 163.45541215847973, 168.59220187168194, 173.68312963314872, 170.32656991465305, 110.0825922242065, 169.25171473459875, 178.81282272650336, 169.63701453720773, 144.40175690135231, 133.28854833103964, 172.11065482946276, 174.01483111398863, 170.04026689713157, 121.49352226731645, 164.1014205112018, 178.21887955038758, 173.59302052561907, 168.99639093261726, 146.18204434337673, 174.75247106910118, 174.87505548358482, 170.6211815511644, 127.52377547139793, 166.16688117767615, 177.66501269884472, 178.76449797620123, 165.50112184705782, 154.8805196465489, 174.21699085093974, 173.6187859697339, 168.6914967950686, 144.28745815397485, 161.69834110870073, 171.67960281550663, 179.71581844733652, 169.47022226592202, 152.36256263513482, 171.04710831870406, 176.1086165986201, 170.66590659241808, 152.77343933016166, 136.68890020378652, 174.55506741783984, 183.20479392324376, 173.684952987442, 153.4700548960396, 175.38808776899347, 177.61658461562934, 163.59093769468643, 158.42362011489945, 149.4410232582466, 176.1272188126556, 180.29160657144297, 166.7726429976831, 164.41788374300586, 171.99111775100877, 171.36707255494713], "src_path": "/Users/hagardolev/Documents/Computer-Science/Third_year/sara_guidance/db_3d_models/db/4/m475/m475.off", "name": "m475"}