{"fourier_z": [110.82527090316857, 178.42687859769796, 170.41125539143297, 155.2743435118364, 186.2989120803783, 168.4020268081386, 163.4425337981199, 171.6914855550524, 134.19138309286458, 176.66828835729092, 175.79019490983282, 158.34210356447235, 179.38777437637597, 176.12533483397755, 174.9284309455136, 179.36504806367626, 166.9956645524785, 176.18530937493784, 173.41714624568482, 135.37059092692778, 180.1190865711486, 148.7482535164229, 173.35507625456185, 163.62424404028678, 168.8327360746082, 176.53167998977477, 178.3454968259451, 172.89301736724417, 175.28643842594406, 159.36768987517522, 163.08015802240644, 179.60021940353724, 111.42624362502183, 168.04874549985738, 174.19022651278488, 170.26540683376837, 157.4647430995288, 166.56529222442688, 169.95867705706902, 168.24631909013698, 160.08819003600567, 167.40143723639818, 177.9992246673328, 127.2590279705993, 175.88920374479886, 160.52190748734336, 166.99572090608115, 170.41085270545358, 161.16680496788723, 158.38043594502227, 174.2391433199077, 156.6741328537346, 161.85046534696866, 173.87368972607834, 176.90442802163614, 174.99857041275985, 151.83917713185213, 175.7852043245881, 168.79689597097862, 176.0548123754302, 173.13807631480836, 167.29931053377075, 172.68753721688887, 148.84136317384772], "fourier_x": [110.8252709031686, 131.8191934042201, 149.6852486560533, 156.97708543760572, 156.71015849201262, 152.11633640421584, 145.7402109280876, 144.65908482346842, 151.96245430684516, 156.36718347610298, 164.43799413206332, 163.26162870585674, 152.6857622698298, 142.05477009106912, 134.25049008005757, 131.8096536072188, 150.24291812487985, 154.96666452198463, 170.020889000554, 168.72140505495267, 153.98238188990112, 137.6885676299459, 144.38679535803738, 137.61846105019976, 149.02601085730655, 167.5607927832922, 172.18814422205486, 168.25724580075837, 156.49081018103243, 137.05605747748044, 145.5292891738387, 152.15289414261247, 153.16836119072397, 152.94104710228777, 159.2480699562461, 155.71728709017563, 132.64592139216487, 147.38452405848415, 159.7163799515269, 151.54138984773618, 148.62753096740173, 142.8727642629298, 165.68515102613785, 172.57767277861402, 169.82470701187242, 152.96419190676988, 139.62986173495364, 141.77634368448284, 146.66878546487862, 138.1901735630364, 166.04095537017736, 173.55059820847345, 167.02564872014545, 128.08028321587466, 161.8250269744106, 160.8608213015583, 154.5026891070923, 137.23080533350412, 153.73758445095905, 167.5824945248358, 163.29460009974926, 130.41620185699176, 154.80738336019152, 151.83291909901047], "fourier_y": [171.71571965763695, 169.9013071395433, 166.03820297484617, 164.15742403730553, 164.5110418083075, 163.5175874150305, 164.02143297966663, 169.13588115605955, 91.96019357441588, 106.11737519500048, 126.39864969270243, 133.24785396894902, 150.26169725234303, 156.6397787467777, 163.71624600713017, 175.90568689666298, 161.89393358023028, 163.63222969575375, 163.93420555136825, 156.30646533495064, 139.52042927493315, 166.567879274657, 173.59767436507826, 171.78364233936293, 168.0585255540397, 161.30709540385703, 153.99711903099148, 156.28541707837053, 157.4473339600732, 156.9986926510376, 165.40564632664828, 173.92729527391413, 169.98062332333296, 171.5988184826553, 166.64930552199235, 139.5874807115708, 158.8834377704282, 172.59586196586787, 174.3541797060071, 169.55789554866493, 167.59750487773331, 162.93331440531577, 151.62116298233653, 141.91982515372655, 157.206547983367, 166.01292371848874, 169.3752645614808, 170.2002893872616, 181.2050260450458, 183.6421232630305, 179.06163720384717, 164.1177184776964, 151.2403629403178, 165.81459335454946, 169.57097600958065, 168.44475553103968, 164.96826210704754, 173.45707147276465, 173.7289078929461, 169.85370087115044, 168.826037254933, 168.40850562918436, 160.45209593400875, 130.46094423880555], "src_path": "/Users/hagardolev/Documents/Computer-Science/Third_year/sara_guidance/db_3d_models/db/0/m48/m48.off", "name": "m48"}