{"fourier_z": [162.12425805239928, 158.16916267660432, 141.4442668610448, 131.16227965025195, 153.32310938547613, 156.95338756794837, 150.08143831418985, 121.88704859067701, 152.9138876007189, 136.75377326698725, 150.58682862375855, 152.82648182401456, 144.25499698765236, 149.530758091282, 160.64472112813772, 162.55340598491176, 158.02954335191237, 161.34241497534668, 157.16060791572738, 150.8484617052998, 160.40315559340218, 167.76927690591222, 168.1862545512456, 159.87955149341985, 152.68702346820885, 144.68304040489613, 144.10891450221553, 145.92793710301405, 136.4437771697322, 128.92073520541035, 150.3868796692804, 157.01493160194102, 147.4114974325213, 154.11223633501282, 154.624046023081, 142.78623458402666, 140.36369046417465, 159.49706810778332, 164.92217177939767, 160.9128064438981, 153.046674272585, 150.83175976621936, 137.65386107344943, 131.48222379480677, 148.71969312254592, 152.936931175419, 147.96729376769238, 126.55229476154935, 152.41929403651693, 145.48880019083248, 159.28900967052647, 161.74203650523808, 154.21380543740983, 118.77280240770949, 144.19667286492574, 153.03867974211255, 162.39381114391387, 159.176336986328, 151.58360452195188, 155.78232298648038, 166.59600658454949, 171.7752693901231, 171.18483736728768, 163.01373256643856], "fourier_x": [181.35248139549176, 147.60015924877007, 171.75811791094873, 177.14962859531386, 146.2113084351856, 182.60723722359273, 157.634449649486, 174.12368652656835, 178.28497885246645, 147.06183198015518, 167.57054938359684, 174.3716279536058, 145.47318576988994, 178.8358235782331, 156.08920068083586, 170.72974172759365, 166.83774885197005, 143.76664980756294, 152.2536932289467, 163.25022147765452, 134.9050784169051, 166.3462997958179, 143.26431914666418, 160.26113360295756, 119.51867233899932, 142.48698524573751, 143.14490091101857, 107.35577904481842, 113.7997285236495, 143.56110016618095, 123.83588875959893, 147.62085430163881, 163.12819326611728, 144.9529315860815, 162.58547134695758, 159.4019166949366, 136.71031500344347, 167.45476299945895, 153.40175069798164, 158.48606894193824, 171.93420007089912, 148.80353563490462, 167.34832640130134, 169.17077244900645, 145.0490098071906, 174.59542675225384, 161.30945585844555, 164.10087720724482, 171.81601121570654, 152.44329226997058, 164.62435567795575, 170.39710703791914, 146.46387556276855, 174.1143310958709, 161.3678662613967, 163.96795355666725, 164.75480985027536, 154.64397444733274, 155.00863274077312, 165.98375211366348, 142.85859985865628, 167.45538731623557, 153.48972123317273, 160.7584096810723], "fourier_y": [215.66021120436136, 208.8762637338074, 204.8230208972712, 202.1102607114476, 165.35963084455028, 145.30944980478017, 175.2281409641924, 180.09982461499249, 202.76173544028848, 196.46719133520762, 189.56107699081753, 159.36148476509982, 188.79193839743772, 152.58530891294183, 190.15785532121797, 162.8216934116878, 206.314652522227, 173.22148335997247, 200.89914215142107, 192.37363378757084, 185.58734723270905, 180.77519753436104, 148.15683513831857, 174.72279138776867, 198.27598302343512, 192.66401884923818, 190.3947202403617, 182.75824189122483, 185.6527952223905, 185.4469994938359, 166.19664730873666, 179.43246661192154, 161.84888109799545, 186.65543684697548, 187.0281663794945, 195.7382447120423, 204.63949890341758, 179.14129139522936, 190.78610932915916, 139.9064399342308, 148.47558130059264, 127.45252962696945, 170.1880929660736, 181.0846984667384, 166.86089317401095, 200.88944947427137, 187.72096103869845, 194.03235690786948, 179.9571088502265, 182.4712858295639, 145.9326444334406, 166.88114527861126, 196.5868344423614, 190.9746525716539, 184.3477683520214, 198.9875765853245, 159.35199912447732, 158.80058606189527, 140.17725898305292, 174.87817825848484, 154.8504102000169, 187.22480734231686, 195.74932168063845, 174.310817639057], "src_path": "/Users/hagardolev/Documents/Computer-Science/Third_year/sara_guidance/db_3d_models/db/4/m482/m482.off", "name": "m482"}