{"fourier_z": [166.27704534796413, 166.57735619402487, 168.6094577241356, 172.7444410852611, 176.77541250426384, 178.98153565805814, 178.68436676964475, 175.43464435261112, 160.47782572825997, 147.79816019262358, 160.4842490388549, 167.65278997372081, 167.9526602623307, 161.59339012896893, 141.88704925498544, 136.91359809077207, 166.38655776641838, 159.37370835896115, 155.99090097303613, 159.1055025339099, 158.82989084647636, 150.77572684331838, 129.35616459367984, 150.48419050837524, 147.46692464143342, 168.18965811918517, 179.65139057341955, 184.67298438701224, 186.0577931510814, 184.8086739187865, 181.26520256797698, 174.98957712149598, 165.55055799455818, 165.62299803541106, 163.27247782730026, 158.8624561392296, 151.08262953600945, 139.570681123628, 142.27448164969093, 149.64208273564668, 148.2919526295188, 156.45002728332244, 163.8702580328715, 165.65309906809165, 162.11048080576654, 154.43586668190835, 156.7899970234262, 165.5894568354961, 165.75833863505355, 154.80090606693264, 148.42245398489052, 158.3692667130188, 161.92816913481778, 158.83586830018774, 149.83113923535336, 149.26999849740906, 153.55909638454975, 171.4025771949902, 179.90134865193713, 183.16228332542377, 182.76435223995765, 179.35832924427234, 173.87836778981347, 169.0507341528452], "fourier_x": [152.41410173676525, 166.48082737803836, 150.71661146913843, 164.52709911608616, 155.6106766319324, 163.32229903792972, 128.8955491261766, 167.58828709249178, 151.13479227099498, 161.40067406046398, 149.33495292694982, 170.41533653218866, 152.5983787950767, 162.6489137181107, 133.38076295333067, 173.85720209050817, 154.07011410946473, 154.5421114594598, 154.96758389243152, 172.16881759026143, 160.0627685603486, 157.57130092192958, 149.7665841174211, 175.28319547755865, 162.14236964312437, 147.6810706577357, 158.95605775842867, 170.60924415680486, 166.4918601739812, 146.67380637230644, 155.4111274072133, 173.08741671275666, 167.17614628260435, 147.9669031557483, 158.71967667754777, 166.73880452935043, 169.14557761930067, 130.25287252643412, 155.03075649510427, 167.58600733439806, 167.492620303783, 151.9365837940943, 153.6286205854247, 162.65222510739366, 168.1833417711681, 137.32872716854, 149.86411791496553, 159.82430367240525, 162.21183086094598, 152.2496085250833, 142.51277122140152, 159.7032519600736, 162.96807197553562, 148.09565734600486, 142.7241880286829, 156.9793530244573, 146.7257460165971, 149.53928752219096, 136.24055101498993, 155.15768020926373, 149.76012140554963, 156.3019208649974, 141.87964030263956, 161.11587513500143], "fourier_y": [175.20278740053254, 189.3790579564579, 194.78564833296116, 182.18657965694265, 186.0902282640556, 194.3256308603131, 177.04001157245787, 172.1542574427911, 208.25443134250105, 181.1409450738014, 176.24507444671107, 199.04333167726526, 190.83002855767262, 193.97998991463666, 187.41885922422028, 169.33388792301915, 184.91055480427514, 204.23240066927326, 182.08810983586093, 187.7498214110035, 202.5208041677256, 188.1005469559486, 192.70571611412495, 179.42542394834945, 203.7271177900032, 192.72517786119175, 174.1501630936989, 192.28207061722588, 187.72754101960228, 179.01376339521357, 178.9927889684591, 182.3838791533189, 184.49064182792154, 184.05106994687412, 184.389210173356, 169.44683081998573, 188.7348994673933, 195.240785967888, 180.4513441537295, 195.9881865327996, 196.9173842444589, 192.57608682276378, 194.6394268520365, 174.45539281199177, 165.83907529215426, 203.59149911478323, 204.154733658072, 190.41298368129986, 185.59703979587084, 203.16775671321113, 202.46010389669024, 190.26034519986266, 156.30317367092343, 195.2766880728035, 179.8405003271717, 187.32246222903936, 189.66693415218123, 180.6804192564319, 191.44810770202878, 183.8062458774433, 191.91605779926195, 197.71576709737388, 186.55252906022315, 202.74843766097464], "src_path": "/Users/hagardolev/Documents/Computer-Science/Third_year/sara_guidance/db_3d_models/db/4/m484/m484.off", "name": "m484"}