{"fourier_z": [166.27704534796413, 162.87524393318733, 151.37886633029422, 147.1429749123188, 159.04105066839168, 162.55513099274978, 158.40214464029384, 144.30554133900523, 148.45094121550898, 116.45548743444687, 136.979207436046, 137.8312642007951, 135.9630787310769, 155.108722155877, 163.6171789989501, 163.64671577128675, 161.40008280617877, 160.8183222053375, 149.71858613571084, 142.74739946807205, 164.13328037175717, 172.11795628269354, 172.8611252611899, 166.07008456292425, 158.56451983701749, 150.871323031855, 128.91551059417654, 122.95521649609586, 139.36029116336348, 147.5452271890942, 153.6585493857354, 154.67937068760799, 138.83444277206158, 149.40196186708636, 147.5137219402384, 131.57389326005932, 153.94019226760417, 166.3685152061541, 169.77596701642852, 165.07857165165206, 158.01457282582172, 153.61676724428463, 134.64173428180524, 140.0563785774849, 157.04471716412496, 161.74489360871118, 159.19987595936794, 146.88232851393187, 156.77552724495698, 148.49664016173253, 152.93580674768737, 153.05281969421694, 139.7243566121433, 132.5843271871833, 153.2507881777305, 156.5498817650431, 161.9928084953773, 157.02664613760018, 146.9271853252552, 158.85211992478116, 170.80311283613287, 176.01396730075803, 175.67891380739917, 168.3113400390141], "fourier_x": [167.48953778429285, 152.79439024995216, 165.51919100675252, 165.22966708081387, 140.7399020053637, 159.31312580627747, 163.49866798744958, 160.28312855248362, 164.56336547416785, 131.42572662147313, 166.07400267187091, 159.30858176590758, 152.12978643895408, 156.74588972414756, 158.0868503985546, 157.46992330016735, 155.1821398095857, 144.08472222568105, 158.66438578340924, 147.3688814808663, 150.24935376197118, 146.11467250538755, 159.03024151568823, 142.68088662278512, 147.57020729468888, 150.3898898056961, 135.95549224805313, 135.48258979660045, 128.60787798793066, 138.2555689999499, 159.03976309746494, 146.17760766096868, 155.97110173929855, 148.73939514531597, 159.0068548281869, 136.74234572810474, 151.91803720137912, 152.09107645765533, 151.14043044727117, 165.71530818613414, 159.22772851915647, 152.1708975696547, 170.34029800664908, 144.38068441627738, 165.90752829834716, 157.25040382674527, 114.64750802225409, 173.4486895609811, 154.99921319610428, 158.5600373360173, 173.02178326655581, 152.33037670168773, 169.83203630731816, 154.85222919105306, 142.28821152364495, 174.7830973002235, 144.27900737127226, 159.0703436858999, 168.82179870134095, 154.85513203970913, 165.70421883335595, 143.2710081155475, 152.00378006350218, 169.59307376407847], "fourier_y": [166.27704534796413, 161.21714262985472, 153.74004894206072, 155.454139892584, 161.70668524293598, 166.86843366246305, 170.66857242990028, 168.15961157720383, 164.5502975482819, 210.1439442897647, 204.25820974538593, 153.92724548677128, 185.23422142792703, 168.16980122989509, 169.37348016115007, 179.79608945028912, 157.47867217289578, 204.74665794656397, 182.89144252480568, 203.2968832809874, 186.47834590968912, 178.4651825286071, 169.4684782068303, 167.1913935817709, 147.52897496876497, 147.97808565700447, 203.49374605049258, 202.48676598966128, 170.2026894339954, 197.94678871920803, 181.9583813623356, 176.36049381793464, 167.36202518426043, 185.56466394270302, 187.16671419586845, 168.48971229685617, 199.08040839364406, 194.2659998129135, 184.76813608165966, 194.79113479885672, 164.93040154788386, 166.26854397332772, 180.29821396802046, 197.52808779177641, 193.40431999913477, 193.47715316694433, 202.99057966979808, 167.9756935096002, 170.5642481445845, 168.47660879828598, 171.60151992590244, 181.42327827001085, 185.53512714567586, 202.53268826985578, 173.07011913198045, 197.72484059261657, 172.5331820090844, 180.98015940771342, 164.20683632579536, 179.2509741071407, 194.73366609734177, 161.45140785632617, 198.75529275259174, 200.71300411493962], "src_path": "/Users/hagardolev/Documents/Computer-Science/Third_year/sara_guidance/db_3d_models/db/4/m485/m485.off", "name": "m485"}