{"fourier_z": [132.7975166765307, 134.9535296185512, 139.015905408571, 144.48510833673194, 147.2174547878672, 143.61624664498035, 133.92451224846957, 123.04385862470207, 151.86733361210258, 164.31160756297388, 166.4549346542432, 155.15918615519166, 147.34421066412565, 160.11884149673028, 161.6189367780947, 164.693513867887, 154.27693097460394, 168.842102425331, 171.8681030735468, 166.22902914317547, 155.9645875235014, 161.9656393915319, 168.41322665161158, 171.93823679744622, 129.56152051731127, 160.54719394862792, 165.83351355033332, 164.13506569164124, 150.45329072880796, 147.28338279358255, 166.12625837097573, 169.4961669378888, 158.54289001497372, 152.41381477517604, 144.79351408402368, 148.15002893460468, 154.20472045875388, 156.0123577403532, 157.43940946743305, 155.11561532743795, 171.89482262487175, 169.2669293219271, 156.44324733542257, 146.7091709594251, 165.9265927298065, 169.92805496260704, 163.14552515481665, 140.44116847009005, 174.17051973687975, 173.50367051039044, 163.12419475618918, 157.00443857577736, 167.9884847762209, 171.88707450218104, 170.31096097393555, 161.54782212262853, 166.64607944879432, 167.2568629148194, 157.1113872508955, 148.1589051068693, 157.68385454936632, 163.73064674058446, 168.11047317133958, 162.56469699614374], "fourier_x": [124.68821451436744, 133.41967898524706, 139.18540059525475, 143.74822431138148, 132.9959597006003, 133.62114060968764, 135.75238951299758, 135.83745384105038, 141.0679402623635, 149.0432839135053, 154.61298397894902, 92.9934708518867, 146.7130377903653, 127.04286881604098, 144.15538287716944, 155.07030010339687, 134.97540927725507, 155.97677044311473, 155.7449880203845, 145.42515122177838, 129.3435219197671, 153.15229297483324, 154.1225962058796, 147.96118721010194, 120.92820786043896, 147.20920450384628, 147.52495011480005, 133.89130602257575, 140.30766584765024, 150.34502779443434, 143.81739946788304, 144.37405160278658, 129.43200873707622, 131.94185173008543, 132.90858628471847, 138.22235100609757, 136.64478655779834, 143.08789892519277, 146.8500658155007, 100.00146645022063, 139.98166409520428, 151.91810280501358, 136.86276951682316, 147.89542756389605, 143.30501070947014, 140.45446474383948, 145.61205756344413, 144.48582189041727, 130.7862055374344, 126.35193067869152, 145.58284207287625, 164.28138190109053, 142.75295276222045, 142.16436055277296, 162.95854480585, 158.50217758796822, 136.10942676046014, 151.42234379371908, 128.82492043050593, 149.8499275562978, 140.83501687213015, 127.81580410409134, 159.85605786779908, 143.25982769494317], "fourier_y": [146.66046028772962, 143.92400311807583, 133.15684974651822, 126.8932195425348, 144.22626683637213, 150.38245995996195, 148.31355235317528, 136.9151927774696, 154.85129108753716, 152.57180118639863, 162.4448924378095, 164.2544759950226, 163.46631623359073, 154.92098741999368, 140.67584511086, 162.97565621776712, 156.52398997721886, 163.6523974376824, 171.82946847242548, 171.764422633552, 168.45481285662444, 159.3527855713237, 160.73459882460597, 173.02829883503267, 136.1680049048101, 158.2704262725629, 168.88141711253937, 169.31530455236273, 161.23887413462003, 144.49638193262416, 163.30646249042442, 171.92040606449407, 152.60339194912464, 155.78384073031106, 156.55476427342688, 153.6219858375606, 147.9799639756186, 153.1017549283877, 159.79423992755352, 160.3053714593417, 169.8159616406209, 168.04039061447799, 157.68130442801134, 143.59212795502404, 166.53163472257722, 169.9014527528718, 161.65269630805437, 135.78944779981342, 173.94377956893408, 170.35690024839596, 161.48457955235676, 162.96847437068973, 172.1531612292892, 172.96618000638637, 165.5877438983116, 154.13080076273025, 168.640508733829, 160.84953063489198, 150.587824856209, 163.49324346583487, 167.5719797632023, 165.7196993000718, 161.17001624433817, 153.24298779943535], "src_path": "/Users/hagardolev/Documents/Computer-Science/Third_year/sara_guidance/db_3d_models/db/4/m488/m488.off", "name": "m488"}