{"fourier_z": [110.82527090316847, 150.91922222454895, 140.3913208354164, 131.46699358414304, 127.44279577581182, 144.13011694738776, 150.94322373424404, 138.3064438766093, 129.897500629075, 128.6122468226583, 127.32876845608337, 133.20250280441627, 146.03175780447916, 155.61801923650032, 140.13599578875431, 152.8493307584594, 139.81505891284644, 148.6194278491578, 136.6504608663959, 147.9291780750385, 155.84511397675783, 152.031121404975, 148.0963214185006, 154.25878349173428, 152.6578440596423, 150.2556327222684, 134.31859056295292, 157.1587989426664, 151.7986552418451, 144.77974617459327, 154.29157204314038, 151.54498414863335, 145.09290013980035, 139.91854420859644, 122.7727808502356, 146.31537351421161, 143.59467226383822, 147.61227559524178, 138.51844497812266, 130.26772727383255, 144.0668698927997, 124.06174701130254, 129.21928791110778, 137.99326564018625, 147.43354632367067, 144.07490171899784, 134.61362984825521, 157.98034577198345, 148.10196887870802, 137.98665600916235, 118.44858141087407, 140.5439386624209, 139.38232987581824, 131.60203921834983, 142.44497002647384, 153.42752697553647, 140.89547318198697, 150.77111771262935, 133.78355623959402, 136.1568538049627, 145.40352723758434, 141.99255285282126, 137.27130335565917, 138.56320897313316], "fourier_x": [124.6882145143674, 123.59607651591713, 136.2497656953293, 117.24178233501773, 132.405736507602, 130.32481631639791, 139.9899037283043, 119.99159566744906, 87.41369629172456, 133.33901066461547, 135.459567103959, 148.78257348164607, 136.0882808271332, 127.39608561668112, 134.54232643975925, 127.21459617601822, 138.3998571205451, 148.0533551701909, 156.15984698165212, 154.48540225345508, 152.06153581814, 147.78569801366734, 139.68864841564422, 123.46105339683578, 150.97447007994242, 148.19627779439648, 157.8431834402626, 153.95248838050958, 157.52980905460439, 153.63162306187175, 159.45589337144054, 132.54833767879464, 149.42975273902513, 136.51765080754782, 150.2720825838514, 152.77083486243194, 161.03033295632878, 157.04349650513873, 158.49332270379085, 151.26224012741545, 138.2830234889683, 117.32978078619536, 140.09297883988233, 149.46774772676036, 156.61531565573011, 156.762993472133, 134.87475708821793, 155.1593021175881, 144.92239745827112, 122.76594530774295, 132.74824078412297, 143.1983801119949, 130.3715389967127, 143.61954076698802, 149.51451800132423, 142.27080161882424, 139.9204953007626, 136.987633301714, 132.11978603840765, 140.58704331085036, 135.9745781333942, 127.81715861682981, 152.75091050822726, 144.75785162463518], "fourier_y": [189.06573101173143, 191.69770379811894, 178.48383710728757, 190.53278508231926, 175.01236917550514, 197.9854699578621, 193.9138929954844, 182.7847410091395, 182.17791425003966, 187.84332590352793, 176.36470049115263, 168.50143898921627, 165.44934152570332, 194.2288408120125, 192.10707812828156, 181.67309495206368, 170.36270535396818, 177.2145593485249, 150.03282291345363, 161.3410742855369, 160.80923169139936, 168.30239841169464, 187.586450844353, 187.20039265503257, 170.6101381095205, 148.14688491385192, 182.38626921787218, 171.1736374042852, 180.61003008348095, 179.88592319240595, 152.0533496673985, 175.21066385570685, 148.27832044570619, 164.24829393635406, 186.27033034443966, 148.72816988481551, 187.8024039190223, 170.0687958300027, 185.68161105543135, 181.0899666076042, 177.1797254110416, 180.1830987873256, 182.2391718838641, 171.66421933548793, 191.91523460250824, 193.46519606323486, 191.85174780100652, 186.05014624716767, 176.54623238060924, 181.48271322728985, 174.97219837391157, 147.29297886750183, 183.68470907338457, 198.1408412734944, 190.39735082082044, 188.18780626105826, 184.89563139119207, 168.9622272658619, 172.86982115223805, 152.75199721572812, 172.0846279862192, 183.27143483742492, 164.47744733368802, 190.0824328106934], "src_path": "/Users/hagardolev/Documents/Computer-Science/Third_year/sara_guidance/db_3d_models/db/4/m491/m491.off", "name": "m491"}