{"fourier_z": [149.74347388427478, 146.0680196966776, 137.62786996324445, 135.7988896607904, 125.99035489060591, 147.7170566735581, 148.94198836453688, 137.73031540888388, 140.94857246655857, 156.90069373420795, 129.35928541327675, 155.24111892923875, 149.40947423608566, 156.88945004192723, 139.98412100185786, 124.53182384708006, 113.82678694512512, 147.9396525726262, 147.15078028427567, 144.22588316015356, 152.90020031822667, 148.73642418790985, 139.10496406772995, 133.46459771566484, 125.24881600682491, 158.70962339081598, 131.4916063253556, 149.4047465543919, 122.68886337675588, 143.01613903601265, 146.89069692622928, 141.74898693267514, 144.01438900459357, 164.0388093382914, 126.42724813638597, 154.53938392140265, 148.30220182568038, 134.48377698439867, 156.61609298890704, 122.29278976363767, 150.7817457427225, 138.63084142735678, 128.75725657202622, 146.71410301179858, 130.2844494521447, 136.268986824983, 119.32688401617673, 98.54634459625728, 140.31623573348585, 152.76318908671396, 143.1997835899921, 155.4700331808726, 148.75067852871976, 147.63499885717098, 150.65499310535313, 119.94283246468157, 140.22146546519818, 147.4647917233555, 143.57395657152028, 133.88858230854112, 147.90224317727962, 129.48322220394607, 134.7482267004128, 138.5579716350969], "fourier_x": [146.66046028772965, 139.37016436667446, 133.5496852313783, 133.1524684917167, 113.80175572393894, 149.00756511520842, 154.69245944307386, 145.59510381873042, 142.0425321664539, 134.25329673107666, 146.51871140103063, 107.70217297501867, 149.97278910598396, 157.6408435463905, 150.05105744980622, 138.96486084407186, 123.28928393195731, 150.86809657777843, 150.75626728471195, 127.74976229761094, 158.48032024239086, 158.2245162599424, 131.23411585447758, 149.27955300531588, 126.05560568726429, 153.90823760414753, 147.67081052049673, 142.31027809650493, 158.28085156992333, 150.36480596305006, 132.49242336742356, 153.77923180003876, 139.7498980463805, 147.50533802202094, 142.84231025652562, 147.44949196680597, 148.0135764033597, 118.07900284193259, 147.97988294308234, 150.88899698296746, 142.34374387719524, 135.4621376826521, 150.16013574965228, 146.81947876805162, 133.382826008688, 148.58880379093557, 150.28774766173166, 150.22778169780634, 138.44619236969373, 146.80955904075475, 156.05346636044484, 137.9937739788339, 155.8255983764621, 159.54497633049232, 148.35634191573814, 157.98217648116147, 122.46097585447451, 152.5569277259877, 154.48468700607376, 123.9586404888258, 162.13736841735295, 160.19536416863676, 149.53996620758977, 160.5102072722894], "fourier_y": [175.98720166359814, 162.4390463073221, 153.1616026170122, 169.98931450961487, 171.33382004438255, 164.02260297528372, 174.71929649134637, 141.28080602271157, 165.04467579770693, 165.60024031671023, 160.9018188864768, 177.1556296366229, 177.229112319329, 163.92095227163165, 175.3739890738151, 149.34965695203806, 159.43800290208185, 157.05668851789784, 175.89659788188638, 170.54841250221858, 178.30484654228908, 162.7310689962519, 169.84952957233844, 155.46247325627843, 180.54476107024414, 139.2308791481957, 184.61248829366423, 180.04151025210933, 173.18051616757123, 176.87061212913073, 169.1094149062257, 149.23117307383703, 183.63537961163158, 147.19341459741264, 184.40194548902906, 184.74694149256888, 162.40182618668018, 174.61047434827225, 166.16985691608016, 151.3400899816424, 176.63026473764342, 169.92004688286326, 177.01301797457202, 178.2101886661937, 153.35040009215496, 144.43098827565967, 138.78059519570206, 167.72349603878024, 159.44114753252285, 181.67226672816452, 172.71659012502707, 161.05774419223408, 155.35951494307352, 172.92644575505204, 148.248379514767, 173.1366416666768, 166.2863320687821, 182.9756444299895, 173.22632129378232, 158.40475761654025, 151.8420841719711, 179.3697796829959, 150.83380077349085, 173.0581771715871], "src_path": "/Users/hagardolev/Documents/Computer-Science/Third_year/sara_guidance/db_3d_models/db/4/m493/m493.off", "name": "m493"}