{"fourier_z": [124.6882145143674, 155.091025143561, 137.40041167308354, 140.2317091628098, 166.44775438024084, 165.22935855768606, 110.57288603321517, 152.93499252174254, 147.3496524359557, 163.13617552265134, 147.2721759325669, 148.3781995902746, 166.16469764373872, 154.9314546302266, 168.44681100414445, 163.51301114813364, 145.46390323634904, 161.65708274310137, 167.1401981902139, 148.38020850985944, 155.82198744073577, 156.74713266285912, 134.72661661348172, 153.39192752502524, 145.848164133682, 155.37628027841657, 148.48620043645244, 144.36447044724912, 160.3093827898801, 160.9512373353006, 161.14512553089742, 165.53611990170157, 166.6227396957276, 134.38238379480023, 168.70193390092638, 162.46482427263112, 153.32762893522397, 115.75925466494388, 144.4219645997523, 158.56663174123162, 158.0559211779657, 153.87550030211216, 128.0108116634171, 140.98530106066175, 136.916646906974, 159.00913711540468, 139.78159727019857, 154.48415986081142, 157.37217878688912, 149.84505188150374, 153.15371631663567, 162.54120259139927, 168.75005537827167, 150.6198833246339, 165.724407439377, 165.08916881606666, 156.4628608361875, 151.56898136130076, 162.92727128771043, 168.40433556141178, 160.44515947230067, 154.50493333355527, 152.11923772160935, 137.37655141410573], "fourier_x": [164.98627492521274, 161.6473305401186, 136.42259925652542, 159.32864496315113, 157.4865583749041, 156.1573833827875, 158.76596634624377, 145.44078727251735, 163.17383701619494, 165.98986225034884, 170.49747346062856, 166.70063796668813, 153.5132796754672, 168.46849754722024, 142.64582525197338, 168.63587578029606, 174.55242371379194, 131.34177962540437, 177.46133451247613, 160.4232304249287, 170.62630242943104, 169.5344889570613, 146.00280074091157, 171.03329406135458, 173.4469540626219, 160.15543852358988, 169.85976778919607, 151.2719393933785, 168.084911492459, 168.59750502739706, 156.50115221479368, 160.27954772712746, 119.16469524954638, 165.08513696631326, 141.1510685214108, 145.21907313527595, 145.5776429869792, 160.09483356895075, 147.4933161196614, 166.928442318684, 176.05075363302146, 142.78996400283702, 162.9424514984973, 152.44051475983736, 162.59233968339092, 142.95021239529666, 157.54804900422042, 166.7820654323359, 177.77572827648316, 165.4835295481285, 159.09477425362778, 166.33855737968577, 162.61536514425373, 160.2432268820583, 167.40935389092436, 154.74393913311877, 161.9297950869823, 160.3743590860438, 159.24985433116447, 164.2545390815299, 137.95478561763812, 147.02438458678552, 156.54943633477376, 153.29493931272307], "fourier_y": [160.5234038989285, 180.4448024829156, 169.79223292985662, 128.35598294032576, 157.93661076787342, 160.71451231849107, 151.11781647189787, 164.5008799914616, 153.99123120096905, 172.0909261717577, 180.66739903012234, 128.0119485297507, 172.37107533966787, 188.00750597552457, 172.57840786834646, 166.20822698494078, 169.99145804157, 163.43110674080307, 181.908522775935, 171.6695340936528, 167.60690910852566, 182.35226026942405, 179.17418546021804, 172.52048654806822, 178.42661050950565, 161.7580480823388, 148.7847348794841, 140.48112940274456, 164.1536766378792, 170.31607775317508, 172.10321962304084, 192.24153951312175, 175.65979843055132, 163.83496911577248, 159.097899718053, 159.15207387579736, 173.26851009094077, 149.6763689830355, 161.51938827879752, 186.04929924258002, 165.0161770946492, 150.84413865782903, 168.4583449962004, 146.0416387949809, 151.63201078491892, 173.73431872421864, 163.8795462927439, 171.96545366622536, 181.4689287914435, 159.63640034359497, 173.17073140944768, 173.270423570636, 178.4370487567552, 172.57685733465183, 151.00516646920593, 144.8001709027011, 160.05416218962097, 118.85775137460047, 158.57006099224589, 163.99236272808153, 138.84622770666567, 145.4288556017537, 163.052044889942, 144.41336713177554], "src_path": "/Users/hagardolev/Documents/Computer-Science/Third_year/sara_guidance/db_3d_models/db/4/m496/m496.off", "name": "m496"}