{"fourier_z": [188.66167686538105, 181.525893390569, 180.47517107009236, 176.78351285856814, 162.43966810599397, 174.72721798955865, 174.57395535384777, 173.72082816110554, 184.2157891194894, 200.8498303314446, 191.83852436722333, 174.0141601035236, 184.99550419503078, 187.5709693416473, 170.48371517338464, 169.8776655508806, 175.588062274779, 193.63672637579495, 193.68829481510502, 170.82851724831315, 194.9797181775314, 193.25039576001012, 161.88954575428542, 183.0901382163463, 175.29313963441265, 167.42156110367506, 172.12677484173525, 149.88131007095328, 176.28985861691487, 149.23003324099307, 164.0589666094557, 168.22181888024286, 167.7523958817696, 183.7718266397918, 194.73546095801325, 172.04342293136907, 146.93570614794712, 183.56672584599906, 160.83033237483812, 192.134053355282, 176.0087095049753, 187.98391583436472, 192.92015387652305, 112.16431124785461, 185.31598940800674, 144.10834687541046, 182.90920335044848, 186.60988404396025, 167.35191393537343, 164.2830132577279, 164.68047595273015, 143.4338941108916, 158.90319387899484, 186.35712061869464, 181.15997006510042, 169.31304474531018, 159.80158033216412, 175.9463854119554, 185.25533347606338, 163.31561578357292, 191.54663412675873, 187.5571926442747, 170.4974302619199, 152.3389109994214], "fourier_x": [162.12425805239923, 177.221573817299, 170.23928733682393, 145.76833100391633, 159.15188005128653, 162.12548808529436, 146.20738868315667, 166.33129461658166, 163.04361264020204, 175.99300729027945, 175.287224820575, 169.19178529444028, 160.9470212535939, 159.7809216909525, 120.30903172751695, 169.12836829634702, 163.98107555743917, 171.0764853770304, 176.45818615356018, 166.06191474219685, 163.27365781022326, 173.1690321535824, 148.93097313576664, 164.8663141741688, 150.7476323582753, 168.22675969027696, 178.72073054444235, 170.80046761275185, 163.67914001003356, 176.4095418434082, 151.44407726747315, 170.13901778700438, 140.8903483262971, 168.09950268290353, 180.58185751892222, 177.10769242466114, 157.3860412395106, 173.98785583585453, 156.33320472020048, 169.66460774445508, 161.77996334916017, 161.74558175743664, 175.55807875712262, 166.59876829640478, 162.8774216527519, 177.46695162347373, 164.81250710182218, 161.80732077731852, 159.13702288386793, 164.0781719953802, 173.60372190080923, 158.61094811123297, 163.89950163942183, 170.58351997982047, 169.16622231027418, 166.63447556663192, 155.49270106785778, 169.8663952103097, 174.45651151020215, 167.15678098541022, 147.65304601479795, 142.36248953214127, 169.618138454091, 155.26013928835712], "fourier_y": [158.78317635913592, 178.25885406297044, 170.23477427326083, 132.80609684857123, 159.63898000140279, 160.82805896040693, 152.76277806392233, 170.12306289054195, 162.2952350348763, 173.4301187433266, 168.17222846485606, 133.79832896222536, 161.80394351011552, 157.40617335104722, 150.3370148548288, 162.66495708554055, 159.4292979522997, 168.98256514536064, 167.7016602536611, 125.1987734551752, 167.46624394302773, 147.79003506047184, 164.3526252513456, 168.53997861912472, 147.76319444778653, 162.48572673017648, 166.12573600566003, 153.52462282492084, 163.36937784215496, 119.19906216069755, 172.86261263163777, 174.63672117289602, 140.43413925272725, 159.6079177229702, 157.42313659372638, 160.8755447335824, 167.86786266527787, 153.48504638804482, 165.64777170683303, 168.13576201496124, 151.7427729271325, 159.14937560435942, 145.81628489091878, 161.9751365197382, 169.43097496874753, 155.8815850441979, 162.5125574441859, 162.50623438775793, 153.3515342787366, 160.45776968395393, 158.20378558910608, 157.4470085143525, 161.58670999019958, 146.0566048485917, 179.1990967978752, 175.0022028449178, 148.08401169704922, 165.97945662730925, 163.8949202916649, 166.70816469832374, 167.5979960831614, 171.5176061682006, 179.726154321605, 160.5553060789249], "src_path": "/Users/hagardolev/Documents/Computer-Science/Third_year/sara_guidance/db_3d_models/db/4/m499/m499.off", "name": "m499"}