{"fourier_z": [162.12425805239928, 160.72653862740822, 154.67249853445202, 140.02849369541389, 154.487956362882, 166.85326981111675, 170.29007287000218, 165.75731685353315, 164.87339157115235, 156.34333730776075, 149.04651125355826, 149.89305415487667, 158.08971890467458, 160.71231207999955, 155.89155867786315, 145.2908658459903, 163.16830121454487, 158.71802293750497, 149.1849607162971, 153.04743419737827, 162.3300152852209, 159.73296648231783, 143.85906849881312, 151.9387107603737, 136.47406641072607, 162.62753081328106, 175.1106607316962, 176.18523777365706, 166.90458429968774, 134.15972724327474, 147.58673744897501, 152.27764562099244, 167.77210067370896, 169.55147610962743, 171.35725378367212, 168.07977800188002, 156.41272546271006, 139.37746103602214, 132.05494136260015, 134.48631395764627, 163.74861201797233, 144.9619304663297, 156.73468021019423, 145.92676038185903, 145.52316737025453, 163.39521570570577, 167.8669660712186, 167.62733495148026, 166.5020345431996, 176.6952322340573, 178.82649623960123, 172.01323614707408, 146.01425338962127, 151.97734133888193, 164.75349972444906, 167.99793846083247, 167.4404364942041, 167.70188439128572, 168.2511338529291, 166.86646336324054, 161.90775862379542, 157.42327469162626, 163.63935440626113, 171.81656713044185], "fourier_x": [168.63270606109182, 168.37811507650318, 167.24064615525754, 164.1764579962462, 156.97157418749595, 137.49109908380905, 137.94127772384223, 157.02087542344773, 163.23561731046334, 157.60690865027732, 155.4526190889733, 159.24671580690662, 161.02714784165335, 162.40058293631813, 167.52099150949508, 172.3301115221999, 138.75827980719322, 152.27164717471607, 163.72463692261618, 169.16083516383014, 168.80550724781145, 161.26207754488638, 138.12278133115737, 150.40822580619323, 173.36417482810148, 176.99768088263727, 176.35873921870336, 172.27919860837272, 164.35812048266604, 150.8032392180663, 142.79228685101205, 153.30786300062078, 154.61204520960064, 146.7941446805555, 142.10393889910088, 143.2410975108651, 143.7834400296022, 141.71349151131707, 134.24986046171878, 133.19931709055393, 153.1902109980505, 157.84165107805396, 163.62321977508122, 165.24166635653137, 162.9496035484277, 157.84472562374253, 149.8611336670702, 129.69549451957397, 158.060052434976, 135.8919279448151, 160.12476391296707, 165.42994141393046, 162.04327996856415, 153.73163493897016, 156.75247687130934, 163.63472352944018, 154.0070318908398, 127.83110808382358, 147.42061197108268, 161.74215544076952, 168.33428371861453, 169.51251418414262, 163.40954708785978, 135.91018196633408], "fourier_y": [138.55115812556636, 138.30028883048018, 137.496849279751, 136.01497983539036, 133.74930351466594, 130.88641162683354, 128.59144196081223, 129.188951547597, 129.06208479674225, 133.81664369879428, 136.4412490242398, 137.18491643065633, 135.96426798325433, 132.310647014926, 124.85352841947378, 108.0407153972148, 95.87958956968178, 130.17390698766744, 141.89342545307042, 148.23774365277905, 151.7641461544159, 153.295001033378, 153.12666951245293, 151.28894894610434, 163.61289719688966, 161.3960154446515, 158.04203728954252, 153.56437055619804, 148.13612219790596, 142.42955387432914, 137.99286326510276, 136.33532393855705, 157.20621197723065, 157.9990153787283, 157.6024903746014, 156.28061263216668, 154.46921069584764, 152.7737250916257, 151.66085337566645, 150.99411080656017, 125.02804727732422, 135.68970013277894, 139.43806692689927, 139.10198649673916, 135.3469670406089, 130.38381404733593, 133.58505219582744, 142.30190755871465, 131.57877327454787, 137.2392619793668, 142.88632740093595, 147.58119586230103, 151.26107425067357, 154.03678739537074, 156.01715806045144, 157.27927828569068, 162.42479240485022, 163.0298431142865, 163.09281877224237, 162.33037951170826, 160.5458256194933, 157.63027810863827, 153.71669073034076, 149.76130023264568], "src_path": "/Users/hagardolev/Documents/Computer-Science/Third_year/sara_guidance/db_3d_models/db/0/m53/m53.off", "name": "m53"}