{"fourier_z": [160.5234038989285, 166.82452902662138, 168.5191597041358, 170.63428407787234, 173.80788450921173, 172.19843167245156, 172.84373102777835, 168.39988112777212, 165.62262358321811, 166.6759165550411, 159.95732417473673, 148.5607577198674, 162.52685318032204, 175.99378264945318, 181.57857251149375, 176.4470298938466, 167.15818536340365, 165.91170418229936, 159.72079936755085, 138.04154689391643, 157.36633103380132, 164.13128107008734, 164.6528974497177, 158.85105384513008, 153.2505342179349, 136.5519928192485, 146.44407873299232, 125.5399286993624, 131.05443099690942, 103.95962610520235, 146.40843485234717, 146.4947523685106, 140.75551781922465, 155.40160406131722, 152.1008197268837, 145.2320042264757, 168.74314595715782, 176.92565291613965, 178.4417412114004, 174.5495515943844, 162.14369271267233, 169.26806395848445, 168.15920251729034, 148.30359876492105, 147.8476418975784, 160.36588925875063, 160.3266988474522, 155.6141194312021, 171.3774537476422, 168.10739979748573, 169.80493166255303, 174.3147313155148, 176.6508873970426, 176.42777141995407, 177.10385830004077, 178.22746631002505, 168.61477738947147, 168.1884094352824, 156.75534549146795, 155.7039203835389, 172.68661242576707, 178.2721753029486, 177.49115771970185, 171.12611587181715], "fourier_x": [138.5511581255663, 155.95750233074787, 168.94407031538233, 173.11653458614978, 168.72400157338086, 157.9597559085853, 162.36608827391382, 164.1059490747992, 165.42555774542507, 152.72906713672987, 137.6564537120396, 161.04564685582292, 164.12298405261697, 162.60800398036483, 160.77319388654234, 153.83962789471946, 167.1398838033071, 169.25202075819146, 163.01531908387602, 148.51028028547023, 129.56573756558004, 157.61472242313755, 163.24423313939099, 152.4230534374507, 148.4093402454704, 157.2027657765727, 162.6661168662683, 162.5928360279409, 151.62120363178732, 155.0289776640464, 164.3905693398202, 158.83399407621408, 170.28125252553286, 165.02182607984474, 141.11915690648766, 148.6064154152587, 160.17215860094944, 161.62342981780284, 157.02970077825796, 154.4091464458432, 168.12579975149555, 160.45506887058534, 136.67518019194443, 163.29185338109494, 167.23129306795056, 161.4402104374325, 149.41177264071203, 132.98217158606985, 168.51908294784045, 158.85887575061452, 154.47927076126427, 165.4703083652208, 162.51770756977095, 142.5497460863055, 159.68822129136637, 168.80704229122927, 155.43215060163632, 137.30069347575113, 158.55386733861653, 171.92197629977588, 173.18106927674535, 165.03368458952554, 139.3901010625999, 147.50505973689206], "fourier_y": [149.74347388427478, 152.84483298570345, 158.36336505155225, 162.98778465727344, 166.1454384807395, 167.87252435621494, 168.2154886071589, 167.1443848363927, 131.95203636413703, 136.55217879774474, 138.05006388716592, 137.3378498007758, 134.92245879325122, 132.69321117578156, 135.3468347229472, 142.29485808179956, 141.28512140808647, 141.62811712965845, 142.9959062172661, 143.7832267388005, 143.61505865089143, 142.59158872215008, 140.86889527309796, 138.48559417831436, 162.7128060272102, 161.57367282026118, 158.79124359994296, 154.05565606827227, 146.5345640578042, 133.51856133044436, 94.25213662862475, 127.01296095579642, 152.62295798232176, 154.86105954026624, 155.74552057972667, 155.26068934915082, 153.6128342150838, 151.43566573857856, 150.1442453355021, 151.1951960183072, 162.92218666591845, 161.0689480558301, 157.1730449731615, 152.39693937317622, 151.67487834850272, 156.63940219486793, 161.89707872220464, 165.3806280797266, 155.17788944340228, 150.9003384466593, 144.47489146244556, 137.7716834111087, 138.038091826846, 143.27453963528438, 147.08937401451954, 148.5063318031496, 160.0051569176658, 161.2500002461366, 161.26030291762316, 160.50263069890232, 159.67475733193598, 159.50765142437973, 160.1842321357447, 161.17764448922497], "src_path": "/Users/hagardolev/Documents/Computer-Science/Third_year/sara_guidance/db_3d_models/db/0/m55/m55.off", "name": "m55"}