{"fourier_z": [179.50501499287145, 154.82073120916556, 155.91474603930462, 174.80828382188247, 139.00500143032565, 170.71281415092042, 149.4600702338738, 159.92058075940483, 166.5197324017767, 167.4183295660342, 171.8583264837854, 176.098252489099, 161.5438830289395, 178.76075623978647, 175.5543789711802, 148.07211897149818, 169.26555098551108, 155.34054185010126, 163.51858334202208, 165.66161703566308, 145.88607880547733, 142.54482284113215, 177.6599015801904, 162.24897902671105, 157.00959042997366, 168.26993212843644, 162.2731068901353, 174.75265428648578, 161.41675251567102, 166.8172810565154, 179.04103377916798, 165.03075314283006, 157.57079054048853, 163.55262084005446, 149.57736171490876, 176.01616913419505, 170.7832773120915, 141.87604153065183, 164.30046727584914, 149.88885263745368, 166.1023009118912, 168.27556926356658, 143.5822831673909, 147.7907278032112, 173.15784114125577, 157.53716120993988, 176.38135065019327, 166.55015967018372, 166.10331440706796, 174.36228980025302, 152.6141279973186, 154.8419758923677, 171.60432958992607, 138.7898920589685, 167.82401034183772, 163.82890196160983, 121.35873481053872, 180.39581051010387, 170.45107841878428, 158.56146434150588, 154.16544120178466, 144.63706191962723, 177.23719019439457, 131.9338416788436], "fourier_x": [164.98627492521274, 173.6393656396277, 172.70864426043434, 154.64636525920395, 150.11038731789571, 169.77199070437948, 176.7469812041328, 173.20175382361495, 136.3724219717506, 164.1352504941878, 158.23496174595957, 164.89839828556555, 161.20685727485977, 163.24413439426365, 168.6999844659182, 151.434282750389, 98.52138564099575, 163.47085815064162, 162.8831250761462, 154.2867117270086, 160.0382144777316, 147.40492094903777, 146.9810115812642, 164.80094661750897, 160.7829771353357, 169.77878023593146, 175.25446000173304, 173.11939219554898, 170.28035219830198, 171.17423511812962, 172.25041910984032, 175.19571292374053, 174.3649275194507, 177.8539814000418, 176.54848117527482, 172.84527203112413, 169.24969086996245, 169.23526901753513, 175.01959333299712, 181.15447485940632, 164.3981704363428, 157.21314100615302, 112.57861120206348, 140.17237368046148, 164.3748986514019, 176.8522606187775, 178.49887289025168, 172.5928407814666, 155.3588960417523, 166.2785431137645, 172.2531867733055, 174.80526048601143, 173.08530989797458, 160.656544891041, 142.8416730179799, 150.6190737872174, 162.12786801369248, 175.4649364992216, 173.8772757341208, 162.65059210078465, 148.0701244570945, 164.93570016712883, 174.3468661010989, 163.41246918329], "fourier_y": [132.7975166765307, 155.33442750619304, 156.63833776921817, 151.42628848697473, 164.31212105837818, 152.11489730152942, 156.47517230049607, 162.9410005969123, 151.83436828866672, 128.6390173313096, 132.46914869320335, 142.04075401853038, 162.5101740163653, 154.91410202757848, 135.37919334905152, 157.73741825622886, 145.83120864792338, 156.59808395046127, 168.35163924209138, 167.52130924317788, 156.0450971886819, 150.82043933503127, 167.11506028440513, 164.03960890925646, 143.90962137774883, 143.6797964175067, 109.85460718869066, 144.55581794476694, 160.2849897542204, 152.80569416455305, 153.15689720632997, 159.88278718492776, 116.81330400453805, 145.59670174677086, 149.9014127641307, 95.8525755682422, 157.0371767114613, 157.2568304459931, 147.02809705243294, 159.49472597754536, 142.20953431410777, 151.61015838252305, 157.64679162797205, 150.50251528526567, 148.57587034764185, 165.31251044278292, 169.77517597294974, 162.24412302911745, 153.48337319655528, 154.5458322822501, 153.27485803624728, 165.47706135235074, 166.73984188870492, 151.49940983472618, 144.81970838399099, 153.78045053132408, 129.39402488856447, 141.36062403906126, 126.36200294414812, 156.5052737303025, 167.57113621719796, 162.16596670700625, 126.06456279245504, 159.93272263367942], "src_path": "/Users/hagardolev/Documents/Computer-Science/Third_year/sara_guidance/db_3d_models/db/0/m58/m58.off", "name": "m58"}