{"fourier_z": [158.78317635913595, 160.89857724280478, 162.779383032659, 163.1657202594241, 166.82583179023726, 165.28790679624922, 166.67437012784657, 165.2586006753807, 169.28788957821396, 170.85256555620407, 170.64882821618653, 165.7212662648284, 167.16340170108722, 160.48541512852518, 163.37600882838535, 162.6880599890672, 148.12687421068216, 153.88341506849656, 157.22277810036837, 165.1539740104964, 165.66547610968288, 171.14403003892218, 170.281071492272, 170.45788641570735, 139.76898841805956, 149.3974443194224, 135.93494257718905, 131.42034345370246, 122.78990279244896, 146.72565211397415, 135.11797601933054, 157.9530647968542, 117.12620040059514, 133.04774864112818, 126.40019223949871, 142.90211941461803, 122.74986406935156, 155.7436507655401, 132.75848425047766, 151.8468386065722, 145.2381946335846, 139.10356526579355, 143.403490150371, 155.62873680669537, 144.06231097214706, 158.82370179792696, 147.85362642681088, 146.9896388907288, 117.91831507314404, 144.62910760613204, 118.25476591233284, 124.27766621887173, 131.62148888197387, 141.74538671094047, 133.15111442189001, 148.43186660946157, 136.4528524644914, 132.3318056081433, 134.50282596778612, 146.33892188907507, 134.3309124684345, 149.656728508682, 138.72069320182823, 134.46828928211744], "fourier_x": [152.41410173676525, 152.49254219922196, 152.77230683162145, 153.2507791369772, 153.68245204408254, 153.63631472173904, 152.75067519598568, 151.01774645867195, 151.84056035106505, 151.21674850931615, 151.31567233561168, 151.16015557788904, 149.6341050388551, 145.98307845960292, 140.14141583982936, 135.699561673321, 153.18743831237077, 154.0709855349698, 154.8433645897588, 154.19735989820185, 151.50981768571677, 146.72392011675433, 141.50768138000257, 140.63722871930312, 142.13291088532958, 142.39286314768012, 141.69863840817914, 139.38893689996777, 134.770038499203, 126.39452836922311, 110.130706309915, 108.20027860481203, 144.21866028999287, 139.52667383316853, 136.53663301320017, 136.25765078284667, 136.0411353386144, 133.7084806849757, 128.1685533648584, 118.96605249269675, 130.29395880949227, 124.56906675308716, 121.0083044294126, 122.34990431511054, 126.67444680416213, 131.05952161409962, 133.89859955438683, 134.20741685736922, 119.0481311708038, 118.58860061379546, 115.70732257549147, 113.59351659530547, 116.0628340541409, 120.45815315630584, 123.41904551047195, 124.07674757631567, 122.45502494784324, 127.29372776187178, 132.112574427157, 133.1126842392625, 130.3173879377663, 126.31444273386187, 129.19402584613658, 135.96618757873648], "fourier_y": [138.55115812556636, 141.3343815339101, 145.46918290001284, 147.43883833553963, 146.6591158728923, 143.2166668579189, 137.97789717201658, 134.43789733801597, 139.60698473393995, 130.8392075567862, 124.35964868183413, 122.26138941985252, 123.06514112701022, 129.0141989231196, 136.5447455050131, 142.14436525185604, 139.90056515944244, 142.94756303900851, 143.49038762920048, 141.5161747857302, 136.89004652801222, 129.7328090031702, 123.73701113321562, 128.25073820194098, 126.36891174384297, 127.49789061288298, 126.12388187523987, 126.17800890193502, 132.46505722024335, 139.53650596058762, 144.0492709173101, 145.83917948776576, 140.0598334251981, 140.06158205745444, 137.0981762678536, 131.44276336701822, 128.6818204199813, 134.72662341690457, 140.83531027677063, 143.8365138886134, 145.2772943151012, 143.08979526331862, 138.73144235426824, 132.13792960762535, 127.25335209325031, 131.3100026715872, 137.2703669134092, 140.72512182130683, 138.46492840417733, 138.48532880032838, 135.2419506267248, 128.01825881513167, 113.69567168683093, 103.69251220017355, 120.72077889653316, 128.65930007596583, 120.82967451715623, 111.34213647009629, 81.61262123083148, 99.20173673753006, 114.00159228302569, 119.22508686313017, 120.08826216600455, 118.12983713192537], "src_path": "/Users/hagardolev/Documents/Computer-Science/Third_year/sara_guidance/db_3d_models/db/0/m59/m59.off", "name": "m59"}