{"fourier_z": [152.41410173676525, 150.4029374226391, 148.74660335464108, 148.3720367636222, 146.53276321739125, 145.36402012837436, 147.4422597304151, 150.55271807544534, 149.52386267375826, 132.03697230556338, 139.7306214173487, 159.5903574652811, 165.70809930653851, 165.72382876019475, 161.99770412160024, 155.58552501301662, 167.7681161320044, 165.42268159024258, 157.27393525187853, 158.29916387559476, 165.60513384427873, 167.19582732856134, 166.80633138668736, 164.3651854047472, 169.26809879571292, 168.01195055467082, 162.7116565960754, 144.1834417764096, 155.28543280725722, 163.68984403901436, 164.87059419309975, 165.47068298827423, 158.5118229805898, 164.18114701646738, 161.5632609827014, 144.13101835782308, 145.85831764735224, 155.29163990420318, 161.92035324087044, 166.9598191981181, 156.5241263207277, 160.53314621304085, 163.20271270343798, 156.12107300335293, 111.18103440575919, 137.19144331242737, 143.86584578857781, 155.12845685894547, 118.10088436145898, 145.18849615151024, 155.1727490674615, 154.1672765032521, 154.76504339168127, 155.867031381955, 147.66924042352062, 142.26310203791732, 162.83326739550353, 159.24322460587115, 138.8326410494702, 158.50199481511967, 162.3105730476217, 161.85744464641067, 165.1209350857492, 161.8326077399324], "fourier_x": [156.87697276304942, 146.98984872715675, 151.7116250254568, 149.92888016978026, 155.11600652973794, 171.6350817826589, 165.4441060238702, 173.6527304492243, 175.49552075825787, 166.77658302710324, 174.4245694884697, 154.6065182859132, 168.01333488473682, 165.91131932702808, 172.45032129264345, 170.27035053719146, 158.78359336897427, 172.5251350227559, 162.51816990830326, 166.72559848142197, 147.1140162926037, 159.575211578238, 162.63199789833155, 134.44733089928894, 147.0783367459841, 139.1697674586724, 146.54510684304142, 157.7981263299335, 155.17654656599765, 149.78778696906485, 155.6096266971899, 161.97091413796153, 140.99633197997775, 144.80839293597307, 156.90746152234905, 142.56448477735898, 164.5345016696086, 156.7073547088809, 169.63654563023053, 159.59277032732592, 169.58836919891635, 173.40311652755526, 157.6364995441263, 159.1968345252462, 168.1199793282734, 168.02619903453805, 176.59422583307452, 171.03988787189735, 170.72087993920144, 170.45849681452222, 154.62069413296584, 161.45451266029426, 148.11937005811268, 165.20996456212924, 157.26320363381197, 170.58477850154733, 170.48518676488285, 159.01229346542212, 161.9624452552518, 149.38841767024266, 151.32530338752792, 174.69535048728966, 161.53307512871817, 177.2949893890039], "fourier_y": [146.66046028772962, 147.54674834450037, 142.3584947573441, 155.98092618536103, 156.8465951702053, 168.1838124113348, 156.04812181262392, 163.66838697908705, 156.9865457287627, 153.2877133262832, 171.3182866446458, 152.88268353435902, 164.63225227052146, 159.66484552547564, 152.71463299409746, 151.50231125409627, 161.7582275819497, 158.386950212358, 176.77198169207003, 164.01205042934032, 156.9903298604832, 147.01110931303123, 170.63616671536158, 171.36441039471012, 144.89776702929407, 151.47495621091747, 161.33204095223653, 144.9390869254066, 138.38391490250967, 153.94748356906828, 170.37970762031807, 170.510567969048, 148.78853076065909, 151.13951843024887, 128.11347936707188, 134.30836314080813, 156.64291079894616, 168.41630579210045, 160.3045473216882, 130.55579512579624, 159.1757573837616, 149.299162051808, 148.94580759039064, 163.30779625987913, 158.43734746234682, 170.75911109476505, 169.77421759283888, 161.3362289254147, 141.89175983198987, 161.78396340110885, 152.21419320394284, 176.36358154960806, 165.75881093429706, 162.06730138146312, 174.75668287189447, 163.87103183780144, 152.71372810459368, 167.53863917834, 156.67785638963633, 163.9035440392026, 169.51568492042003, 151.7757111226352, 163.3537952316469, 155.91746256540424], "src_path": "/Users/hagardolev/Documents/Computer-Science/Third_year/sara_guidance/db_3d_models/db/6/m603/m603.off", "name": "m603"}