{"fourier_z": [230.19942210287584, 223.0465694121764, 195.46892302137596, 180.65626782367264, 167.2987095839902, 190.02888186673744, 169.50683203443185, 187.74896419739468, 215.00556347979165, 211.9439528007954, 202.3665713368487, 187.66907280118238, 177.27280194325292, 186.94593165002533, 174.7026308420706, 167.7184061500674, 188.3952113009761, 213.08605314854134, 210.97419415493195, 206.01288250116949, 197.33185974011468, 171.26181175160238, 191.2751902278784, 173.68015081712886, 194.33676490296594, 195.89175019995793, 204.70731520875427, 207.59545710662866, 208.0934109225095, 196.68677006859406, 134.90011313824738, 173.94733476882834, 185.53059477926067, 180.3472287776766, 194.89652513744966, 205.34985812221362, 211.52643335887117, 204.74362786856466, 181.85899860490662, 168.35265286381994, 191.434675387613, 183.48119728700874, 130.26255673311783, 184.40775694268234, 206.64028494192246, 211.48266803596843, 205.55359801346867, 191.26293963631758, 152.2962974291194, 175.0819927648589, 173.30367333838154, 167.02606160793877, 194.32839836852114, 204.5591216907273, 206.1191254098453, 205.35507718385622, 158.31099385170344, 171.1985005549131, 171.36486478300844, 189.60336320888257, 161.5221448292374, 195.1317877802121, 204.94862833241586, 208.3446742874264], "fourier_x": [124.68821451436742, 124.62624577154477, 127.56942092771517, 133.10495832771932, 136.30976088807483, 135.04953926277102, 127.4734155063606, 113.42718068680526, 128.6423651457242, 126.10995744358993, 114.8051144895436, 121.68255252582702, 137.3191294048616, 135.11005816286306, 130.89227830504677, 121.41527608850961, 134.6565113574278, 125.12654234082824, 55.863019225436254, 85.79424516872115, 135.61773740426565, 135.94926654535635, 131.2218620793387, 125.02754046051166, 138.7481350601363, 121.97462169275985, 116.19406169022652, 118.88032476838231, 130.4577756519049, 137.23737233237267, 128.7447257708199, 126.33693545185203, 140.56904301628657, 117.22441097228409, 127.78343934321157, 131.893307830968, 119.11110340862984, 138.7006935781742, 123.10094693623822, 126.62861932166533, 140.11988048519572, 112.8901070517907, 132.45794068241534, 137.68512864107413, 102.10684241909686, 140.28230271415143, 114.52692817304026, 127.14670393116344, 137.11179086773717, 111.78641079421139, 132.90502801764654, 139.72353795839777, 123.17157644343263, 142.03602911685542, 113.84868156250607, 128.7340606963195, 130.98506953681513, 112.6132120535611, 128.91380380654846, 138.8641761305495, 135.03385231422754, 143.94917930706387, 123.47932718535132, 131.20993651912562], "fourier_y": [143.01402915185054, 141.87255770759097, 157.29507488339647, 161.28333515971858, 149.67895278051168, 157.1598348604768, 159.70973353612456, 134.68362133790401, 143.0295207798329, 150.16103913203912, 162.4719636593895, 164.1147091135504, 150.989372403, 151.51631601077904, 153.96059039092427, 122.6310950039549, 143.40501157625042, 155.43830527373058, 165.09448573722727, 165.43310858110243, 152.67431639937413, 141.63309883340725, 143.2789276233867, 125.97865829189496, 144.51128080501792, 158.47256818351556, 165.58946065478497, 165.16993307704018, 153.67716469859522, 126.6002821046544, 117.77251512913918, 130.79078563822557, 145.8926477979458, 159.65230693644236, 164.0509713774404, 163.06667504674834, 153.74751313317662, 131.70292516881614, 123.87236920130093, 130.4270746411046, 146.6830853637648, 159.06393079435313, 160.2619532434, 158.56802091723537, 153.33013275272296, 142.10196816547852, 139.17079856089327, 124.20301849325648, 146.52565726311008, 156.537405487885, 153.49188252545463, 150.50052249552022, 153.1706262216884, 147.5222371844851, 143.41604617592589, 105.03617008014837, 146.12358837552193, 151.62253023405458, 141.59901818309717, 136.9382856843912, 153.45031806431146, 150.35875514220533, 142.60230386046564, 105.57471635395015], "src_path": "/Users/hagardolev/Documents/Computer-Science/Third_year/sara_guidance/db_3d_models/db/6/m604/m604.off", "name": "m604"}