{"fourier_z": [-563.5256099013382, 124.92431622120769, 138.22756876295574, 144.81222869422913, 147.3803080081898, 146.125643440529, 140.15120724036754, 126.68626512485496, 140.34894811002067, 133.0845016994242, 138.24247615874438, 144.19520231063314, 148.07022701585635, 151.3205745115187, 154.05197877687573, 155.36361384998918, 148.9392836550079, 152.46017336102193, 152.0052203808844, 145.4963537746394, 130.66264580143869, 140.31626775321448, 150.87438870013355, 153.16341847197677, 144.5307641974193, 152.13013554987802, 156.14548168624322, 155.2035456700653, 150.3262655211871, 148.32736041471657, 153.34674397743152, 156.66082593791845, 153.33714387476346, 142.63946164477778, 131.04050412797625, 131.01428457958764, 135.65287318561806, 141.21307352659758, 144.70208718173484, 143.06518522342841, 141.92432968793256, 141.98636039162926, 138.44839821038283, 126.92157579069413, 100.80161527171434, 134.42455867904624, 144.9005944723772, 148.05183405496587, 143.642634056414, 148.27319639547082, 150.84843694952448, 151.4538874913619, 150.0611176653107, 147.0146420204519, 144.43931937376857, 145.09293289526258, 138.83208395032202, 140.45584278182605, 142.8023505888112, 140.1213045299599, 129.78069871816052, 114.29291917526866, 127.78316286434362, 132.8742462111482], "fourier_x": [162.12425805239923, 143.0433379875525, 158.73727776440998, 148.37666817137278, 158.11334100576647, 155.69695425719266, 167.65675484455284, 126.58234812234058, 147.46880418411695, 153.47428673389754, 156.68728808872947, 144.98442139035222, 143.2534816185176, 168.27379672580534, 146.12009433942598, 160.2321189715418, 149.41745405421028, 156.97688797010784, 129.33181495197576, 144.94705910006178, 156.36636523212084, 137.5764724875725, 162.49004869485432, 150.83970601302076, 159.87136937268025, 132.514380848871, 149.79934290254712, 139.9408837844715, 136.0417121711772, 150.51529564842247, 127.50450506935707, 144.79280285851993, 152.80983873564224, 159.9486391640254, 143.18717588162662, 145.13502510938096, 151.97010504875124, 144.7435965932839, 151.37716214526276, 125.64231673754105, 154.02427062870908, 158.88622710184, 159.39081100083, 159.94588374397142, 139.45130374579807, 162.4223431814247, 130.91644915542082, 153.7479682213543, 144.91112525403625, 135.12493019866116, 162.57682134599904, 157.9495491965005, 168.77930963219242, 109.04898516478735, 161.6404052879358, 128.85905210262106, 143.91855712460847, 153.6506731978648, 160.58992666509664, 146.73784600899282, 156.53438700697512, 170.19045372303108, 143.46491774243955, 163.66138350800748], "fourier_y": [143.01402915185054, 145.78113389534832, 149.85159850239035, 151.53914000451178, 149.7420262242357, 142.89375695441413, 125.69434822317388, 132.38503183152255, 135.47291765083702, 109.16258433347367, 140.24861627628783, 149.86742485996294, 153.12881402156768, 152.24561460158276, 147.64790865216196, 141.7364393467336, 131.1040225074504, 149.7773635920946, 159.27420622005263, 164.51717094211247, 166.87857708006956, 166.77622016546246, 164.14106867582532, 158.3364801330176, 145.59127553199056, 148.61444249843996, 155.25890489440667, 160.4854286086058, 163.2281258835053, 163.4362401434987, 160.8861873946508, 154.67982101216123, 149.06115385238127, 140.8971978633486, 142.3453564006767, 151.30799440706917, 157.29793463491075, 160.08322035983878, 160.18064165252616, 157.69374272349413, 151.49870609200153, 150.69012384191268, 148.567460658406, 145.92215986158382, 143.443838575352, 140.90666192380093, 137.00644817985713, 129.63522463552667, 156.7609763229439, 156.5451937316195, 154.48538243155426, 150.79181831638226, 146.69094543765317, 145.6746825824772, 148.9223380466801, 152.88821624626524, 139.8422279588988, 140.56415370819843, 139.83439680506405, 135.39805828988443, 123.24667008471009, 92.69512205480376, 129.94447112399325, 142.2428754526774], "src_path": "/Users/hagardolev/Documents/Computer-Science/Third_year/sara_guidance/db_3d_models/db/6/m609/m609.off", "name": "m609"}