{"fourier_z": [162.12425805239928, 168.2021855223353, 159.1138287858188, 171.5506432206646, 182.7079457716653, 152.21070550310196, 172.62666554249375, 139.16451454174543, 177.83998565912526, 167.78393541764825, 177.55510790643459, 182.16091823972454, 168.64587798022004, 181.0464616163908, 141.70084576071608, 178.57766467807886, 157.92487136410966, 175.69912676556805, 172.25885964268232, 168.83934541300528, 176.60322818347626, 155.48739801915548, 162.2988456345689, 170.24608130942931, 180.142673947701, 175.1167100051143, 170.56215061164107, 171.56271171516707, 159.94826981010075, 150.52358075278852, 177.89020785673165, 176.48929398470062, 148.77097124807509, 177.26080624099754, 156.60182348429248, 171.1189769734945, 144.93651896765513, 175.2180485475516, 150.82600538291854, 170.12305375597055, 168.79531465026366, 168.52873659197402, 161.35500984152753, 175.28850507660363, 170.75837289711674, 162.5393256998296, 164.57610563568895, 170.70548902092958, 165.01366590452756, 157.1411092986932, 179.66191675075999, 151.0308626137125, 172.67539073420582, 151.76052169153056, 175.2350692591503, 162.1416625788295, 166.73921674950753, 176.64536554122608, 161.0928244442054, 179.40659261342876, 153.89534891366367, 184.63770128851718, 175.66355753327062, 163.1800169700178], "fourier_x": [110.82527090316847, 154.2598690634609, 166.69345275605332, 172.83990122566837, 144.31264950450387, 166.91272100270413, 161.15346694312277, 174.21425776216867, 151.19533653403397, 149.0505170200725, 177.23254147666805, 175.845945705114, 169.77132412170423, 164.5332404977933, 175.71986532408334, 170.19802934396404, 150.66984639134117, 152.8607306914492, 170.87529790510715, 177.40220131511353, 179.2123251211205, 146.71716458140386, 174.53209482902656, 169.034001066445, 133.2785355181103, 109.48724247752288, 160.69612129225175, 175.14544558746616, 175.08698640545109, 164.53802079063934, 151.07865651762384, 174.85574855390718, 149.01753542915841, 162.48887936508967, 168.64312355363143, 150.46077417544421, 165.62467035069278, 177.97619299974633, 178.26664285655045, 174.4375334316598, 115.27065001434883, 162.78879767741856, 172.21501637843122, 174.72060520416642, 162.74890247928664, 172.54985794012697, 179.52710084596777, 187.34385564297384, 141.71769052136847, 157.65126273774985, 178.40376785883166, 176.17780764791777, 163.54482040825573, 169.92869225026573, 181.93479276944413, 190.12711106411587, 141.18694305744398, 163.31597419070678, 169.52285441376114, 179.07126909162739, 177.59853149774673, 180.99993014202693, 176.6803065108371, 181.24679698223053], "fourier_y": [124.6882145143674, 158.13552409081385, 130.9878925662246, 157.89784860655595, 154.28596315575263, 163.72283974510532, 167.9707485091629, 161.73433861440512, 166.6750033682831, 152.54410541854378, 139.70267870527027, 119.59320046742023, 170.3267535410842, 176.8259333885141, 173.80345091645412, 172.4597802957437, 146.78654762698076, 161.98265255670788, 164.51292159898395, 168.75301548856243, 139.47957659106441, 177.52308426392358, 182.13602821148996, 179.41033852037876, 154.6337569280077, 131.77166597340167, 140.17638333884983, 172.6886877320212, 174.0664453578981, 155.0000255543632, 178.38183649019197, 176.66453009499276, 149.6321431034559, 156.94177171091195, 165.37109745840985, 152.8161805072085, 175.3913598060953, 171.02242940068106, 164.67234180836465, 169.5868486176521, 154.47815072243435, 135.92007198666468, 153.19553124752585, 173.09215470017253, 169.50325536116316, 170.8795148973093, 163.98913393911118, 169.2953651335788, 159.3243837715839, 159.0370787416851, 120.09868492012544, 154.8117687706709, 170.75668556991107, 172.409034700161, 161.77522020917337, 154.15699011995147, 173.27728655927126, 164.94741073142188, 166.6933734125796, 147.4027873780456, 158.10463967781976, 160.14496886218046, 172.28078501016762, 159.79641491950582], "src_path": "/Users/hagardolev/Documents/Computer-Science/Third_year/sara_guidance/db_3d_models/db/6/m615/m615.off", "name": "m615"}