{"fourier_z": [110.82527090316856, 109.59223625401091, 106.57475839104215, 106.02880283896626, 112.36938018114313, 120.45014904823256, 127.12893205824815, 132.2511733392586, 121.86214766378079, 122.18149683492804, 122.94095006693976, 124.566898443399, 126.75810332876989, 128.89473110827342, 130.51144754320683, 131.3783679230736, 143.36740990667886, 140.48651407352511, 137.12487036679255, 133.61505617442006, 130.58911101568387, 128.83979259264999, 128.71502165818404, 129.78554458113874, 130.44000899849354, 127.65412377910738, 126.07283327940081, 125.0478572014585, 123.51962660304416, 120.56231017174169, 115.31255779696806, 107.26353471175045, 141.53450124524727, 143.82094029264243, 144.9677400683571, 145.17260098688925, 144.55276034252176, 143.19078369992172, 141.1671045297464, 138.59299415216694, 144.3119907618004, 143.8517194069268, 142.5843741675254, 140.56814288379792, 137.843481523366, 134.44436510731967, 130.4041169842244, 125.75870591767973, 141.42713087833013, 138.62587623821608, 135.38778681305178, 131.93007685783147, 128.56082035339713, 125.72251968758297, 124.1427383421427, 124.76791864360092, 103.60040892531634, 108.77457901901535, 118.44747540551074, 124.58070507831066, 128.60167599817078, 131.659320030554, 134.53314222470408, 137.6261688569772], "fourier_x": [132.79751667653073, 138.21093148244518, 140.1066949445713, 143.53950786606927, 144.1318512371952, 132.3617970266748, 141.496842423209, 156.90623230915585, 132.67542601492482, 137.6663113957059, 136.99590787832062, 142.2099364256885, 146.80535282102502, 133.42911572551554, 138.6479700590555, 155.87900564809954, 132.32635894293924, 138.35319389534766, 138.04334358408235, 142.3679523242763, 148.9221775337058, 133.21179804070565, 134.66977501898845, 154.87911463101216, 131.80201091495974, 140.23878452366728, 142.27735630871902, 143.5358097012131, 150.27617631071055, 131.61795548980348, 130.5069478988038, 153.9706559135915, 131.1889407038076, 142.75179594048006, 146.77623605757634, 144.8315024703946, 150.8050001965489, 128.63611375532653, 128.99347751479337, 153.10398035004832, 130.60985061430048, 145.31406389874385, 150.42754920414208, 145.62919270717555, 150.48007351818842, 124.66502315927569, 131.85171353716444, 152.1260755542785, 130.2259932629413, 147.59639531037374, 153.10639825907958, 145.6047095807789, 149.26061191431546, 121.7776183015323, 136.37500068802052, 150.82930995185447, 130.23479747352036, 149.47208428439288, 154.90659007111242, 144.5698127677222, 147.06942512398297, 123.42015305787122, 140.39979029035808, 148.99952611031242], "fourier_y": [186.95852069857492, 161.07065043837235, 144.11674172587885, 162.51827190551037, 168.5046260190867, 170.50492055732843, 178.81408763606825, 182.6188518172822, 170.43245875254073, 173.75099829623412, 168.14462956029573, 162.95174092169378, 173.46395789173022, 174.4592444506478, 167.07244676343043, 183.9506546019757, 153.4220703857172, 163.84142587153661, 180.66455893645156, 173.94228083947843, 175.91322278782252, 158.860091951442, 156.0469633159126, 178.09520149145382, 178.63663616837403, 180.80356888513558, 172.77803688675138, 178.13939927226713, 154.88343541393155, 180.4029513821705, 161.9834487162838, 177.6148941993149, 178.44286308188998, 180.53902939563383, 178.8519648626411, 170.50847177599377, 168.7674909104604, 177.81979851721584, 142.06519196753015, 168.61948817527022, 179.97254906106147, 172.8775800310068, 155.76669891602614, 165.36027970196426, 169.20477005445292, 182.43016035943, 169.06491792380407, 167.10788134257402, 183.6630812563202, 183.22213830918017, 154.74985785532792, 138.8166651498248, 170.88975501863004, 183.32509773326524, 172.1292852473745, 162.1732953811913, 188.7070510845063, 178.02191238561915, 142.42261184071845, 159.4242396283695, 119.67484586766908, 157.84520059733134, 146.05185987881663, 146.37604459327795], "src_path": "/Users/hagardolev/Documents/Computer-Science/Third_year/sara_guidance/db_3d_models/db/6/m618/m618.off", "name": "m618"}