{"fourier_z": [138.55115812556633, 137.79334314407447, 135.5105033540359, 131.8081774538422, 127.6014267592499, 125.83074438899172, 128.24944987713644, 131.82489227619752, 142.71881082285165, 143.03776692213492, 141.9278685722112, 139.28886326989985, 135.0600574146268, 129.83952449217063, 126.67059909648019, 128.5846090554396, 149.94998014517938, 150.41587396640932, 149.711490385078, 147.66058482335745, 143.95242453230577, 138.04322789843346, 129.1329026537569, 119.116884540797, 154.95329771449343, 155.1685943979467, 154.470311674641, 152.66864712100198, 149.46081993162142, 144.31459496083272, 136.0920594379226, 121.26686032963276, 156.23488364837254, 155.96581957232647, 155.01395784185365, 153.19549507342361, 150.233598453382, 145.73768583505264, 139.184155147709, 130.36481124612197, 153.37388823969542, 152.16901769497892, 150.52619957438174, 148.31819197213778, 145.2787325454514, 141.14032091377877, 136.09372717866427, 132.11673246031336, 146.11547121346314, 142.6649390370873, 138.86090805107023, 135.06858643300612, 131.12434586560695, 126.6429699458985, 123.30887526708938, 125.90275024424906, 135.46092449524735, 125.99822979146992, 109.95302791049644, 97.34136084459968, 106.8305646879922, 105.50413561807554, 80.12368646522191, 105.49685853597053], "fourier_x": [132.7975166765307, 138.08825245635427, 145.340150392549, 149.37862086479493, 149.5502319450698, 145.65947618505356, 137.8715458535955, 128.05928199246858, 131.75199074499915, 140.1130418900832, 147.83902274314025, 151.46573953306708, 150.52997128800354, 144.1748159003765, 129.80795958792552, 104.05648738209342, 128.6117248153621, 140.251549779217, 148.75648096861735, 152.4559939363932, 151.17655084472915, 143.76066156055012, 125.33622179364829, 108.50827050375116, 123.93923418306161, 138.67577339057863, 148.12825345052596, 152.1700874474269, 150.98397923872793, 143.6336819745858, 128.1322462620955, 125.72169476055197, 121.57951993947334, 135.5917206790418, 145.8625560940739, 150.4047687169496, 149.53201085551453, 142.69305141603323, 130.73541317037632, 131.35506969170743, 125.91831258707825, 131.92012096742857, 141.75257856085818, 146.82476255377617, 146.38878638737114, 140.09081057378953, 130.06892329458717, 131.73000225370959, 132.1020606655586, 130.35803018097585, 135.6631937265227, 140.7663672307166, 140.90043987153334, 135.12390883340862, 125.38413461924647, 127.37957577854105, 136.74006417359274, 132.66280027967917, 129.00726716557693, 130.68126651194814, 131.69314037660666, 127.38278541755791, 117.009004340684, 116.75198058825865], "fourier_y": [166.27704534796413, 126.67150101645004, 165.9616534181859, 157.75263662434145, 164.38141844903342, 174.26362524581498, 160.70586657492652, 165.23816267152466, 145.05260223743466, 167.9743492723682, 146.78589989613744, 161.41193183223731, 149.89769884031767, 136.79687932065843, 153.50360134370342, 166.53187478924522, 167.76193097799342, 154.074336701358, 173.28872564951644, 153.03327837009488, 146.16683090157198, 157.07989492777287, 164.02747467036863, 159.72405078360163, 159.10070229229152, 163.0928183093514, 157.50663030124136, 165.73473037259078, 151.95410740290066, 169.4171491673946, 157.41713244285526, 132.21945951428725, 168.33839895628296, 141.75728071985895, 153.1656796172725, 154.80337636425142, 149.4055359301905, 164.41722633261855, 171.13853881079095, 126.13993414620454, 174.2541193333815, 151.6200018317033, 160.2015510849297, 166.24299022950368, 162.13371742101538, 167.75251553930377, 145.4082196760625, 167.1145982666735, 158.88418608625383, 149.1596227663164, 165.02646013625048, 157.8489676540127, 169.09971733476215, 144.96117728079727, 163.44611857786046, 166.5740714753282, 164.16199257383707, 161.70594876655218, 160.89621073597777, 130.7752204807212, 120.1732839241235, 165.62429365339213, 167.51032825223052, 169.39668705037036], "src_path": "/Users/hagardolev/Documents/Computer-Science/Third_year/sara_guidance/db_3d_models/db/6/m619/m619.off", "name": "m619"}