{"fourier_z": [124.6882145143674, 125.54375150617433, 127.88638070581983, 131.1951191275655, 134.91881636243914, 138.62391132337575, 142.01296016137297, 144.89093117052843, 141.9216944046482, 142.71883567613057, 143.255044137733, 143.76770247757034, 144.44455388544804, 145.3751003499295, 146.51394679681385, 147.6969705818195, 138.66664768663188, 138.46353087235627, 137.57868738043177, 135.86948994684252, 133.10159213031275, 129.01047225332763, 123.696467692207, 119.50985680317126, 128.37908751965642, 135.9850760251328, 140.94723837565778, 144.12982376280712, 145.92387011611868, 146.52181417693959, 146.00886906107428, 144.39466355192943, 124.83196049768293, 131.09163505310283, 137.35080526349662, 141.98808157853517, 145.0986735830373, 146.91095209699705, 147.57068869221166, 147.12836842494494, 140.0257905939767, 135.36908913843303, 129.14047457694846, 121.55104008462033, 116.16923038508793, 118.39290174434907, 123.10621588939826, 126.25476490117902, 145.92820988187572, 145.62609112111292, 144.69043740311304, 143.0330754705893, 140.52121888486045, 136.97171769677124, 132.1797908173094, 126.14287995117898, 126.72481041681291, 134.01394080507157, 138.62972314834747, 141.32372803925102, 142.42841789517718, 142.0495654809543, 140.1226675238629, 136.38910159032994], "fourier_x": [-573.8434621251724, 122.10283952781279, 127.00100262468919, 113.48888564813291, 135.61439298445694, 144.85878278749072, 140.064826661341, 117.9438754506185, 105.53783388475053, 110.6430991893809, 121.3670156185359, 118.32333844712652, 132.92587964163457, 142.47469407465556, 141.31680774156027, 129.90487490430135, 118.51924644982566, 79.41084660645731, 115.02514860219893, 122.9308189329563, 130.3097800450057, 139.47667570449892, 142.5336245393062, 136.99756401850271, 125.17904771057343, 105.63870172017467, 113.27189890891923, 126.95715776580201, 128.87447011617195, 135.84712909385365, 143.35312789075493, 141.3969344362583, 128.95619959940402, 120.9822992849354, 119.54291190194428, 130.42007158054224, 129.34417165923605, 131.50079185888006, 143.50395650866693, 143.95313110574688, 130.9965361683496, 129.562000831107, 127.07097897094314, 133.447732454829, 131.22445430466175, 126.3344427490538, 142.80231381118418, 145.03844611694544, 131.91543951922608, 135.39627902313285, 133.2531087501367, 136.1494162770197, 133.5325260567659, 120.63606157633376, 141.11730568498186, 144.8066591757418, 132.17235039360352, 139.64364966566185, 138.06058200195002, 138.5514562715738, 135.6420769036519, 116.51917177381455, 138.3635251393194, 143.27657334773312], "fourier_y": [176.74200822325508, 175.81321912600288, 185.20679925296204, 180.1406988014303, 166.68252359259264, 192.80053654188737, 192.25177840794947, 183.93515506074337, 169.681821978293, 173.43198659971154, 169.2143081451459, 154.47398675290486, 166.4036975276519, 179.6291985705699, 186.21278637660868, 182.43816884500677, 160.4178529339691, 147.02666630042268, 157.31393737123378, 175.09162139198776, 167.85806300632538, 140.84512836240208, 156.87855825779064, 169.17069857157105, 163.06658100528313, 176.56878552559084, 180.38250869256458, 176.0717008491723, 169.244127634277, 136.26569393606457, 171.71775164728584, 163.3147563975677, 171.93208232898638, 188.6317873152022, 182.52138894296854, 164.41673745355868, 162.54845036319412, 153.6336118573642, 173.33736338370437, 183.84760349519328, 179.47544984593634, 180.1367995133803, 177.0367492742557, 164.83075294220075, 158.91998603192184, 155.88855288587087, 169.47404534609618, 179.3762305285821, 178.50080511769292, 172.79560629541933, 86.3094330440807, 162.95549308347682, 144.44771726594948, 174.61113246676769, 171.73818551793232, 163.7736608867517, 166.75508543181303, 178.94529429901215, 180.90934267230804, 164.74382876267728, 158.0804282940196, 169.7640495840215, 175.17708376451193, 125.86148686232043], "src_path": "/Users/hagardolev/Documents/Computer-Science/Third_year/sara_guidance/db_3d_models/db/6/m621/m621.off", "name": "m621"}