{"fourier_z": [-581.6373854521897, 140.61130582911358, 153.1547718835396, 158.68589806267184, 160.00210769534613, 157.0567173098429, 147.43022563331704, 112.67833458995307, 139.1351194887965, 147.29967195937297, 155.36419821109888, 159.75718989776703, 160.80798478636268, 158.32976878072233, 151.17537704110467, 137.73157122109885, 151.9455189880633, 153.5425344625931, 154.45982224559344, 153.62437184828855, 150.5058057655597, 144.82873998156154, 136.75331916668438, 130.38768920916178, 149.1792510528906, 155.5596483148615, 158.2205368846422, 157.43632965034487, 153.18503010529955, 145.02414792244187, 131.7760636857628, 110.5553242718861, 147.894075195841, 157.11451425651336, 161.38275281550187, 162.00565142152607, 159.5706759394839, 154.30214865364417, 146.21480543772026, 135.70461848339613, 143.63292367483365, 154.89456614097793, 160.7950122765844, 162.60736454614056, 161.35044649680378, 157.51940895665157, 151.3117321641257, 143.2209271267721, 138.36835662556783, 149.2534653510775, 155.4866234663333, 157.2446780883423, 155.48005530293065, 150.1804992043809, 139.54901017624664, 116.19042109825816, 141.57513368630393, 144.93452726914165, 149.49713380594787, 152.31313851159345, 152.521375041669, 149.03442475744765, 138.75679483857832, 123.08776052821423], "fourier_x": [124.68821451436739, 146.96927497399193, 128.81637654865702, 144.18292803108076, 144.77662544161288, 124.49583640707466, 143.325279795498, 120.92628331020053, 120.62643699129232, 147.84126290110441, 133.0067812300308, 145.27263762893446, 148.0402949639963, 115.30669928297266, 146.80036328077307, 123.43124934287314, 101.3843807343816, 145.84258357861694, 133.40017062223384, 143.53982874498348, 148.66612254503204, 114.94799771802847, 147.87448457411207, 132.98596851631487, 107.2913072335389, 140.97538045694048, 134.10801240939082, 138.52836599989934, 147.15656173727788, 116.50354238834868, 146.36197608195002, 136.65045469747582, 127.99323682888132, 134.2115029141329, 137.6506143795868, 129.46580022015846, 143.7292929212679, 116.10791761410138, 141.65774589874115, 135.68623087778053, 136.7948270608237, 130.89621250979138, 141.4932713912742, 120.10440432712988, 138.52966739508022, 118.66944808115227, 133.15795896982746, 130.2422549085981, 140.86040664072078, 133.17522857846348, 143.19331483643361, 127.16517813761747, 132.28687317811313, 125.88844203813736, 129.111830687055, 119.64762308660497, 141.67413282822463, 134.29857227780997, 141.78996675361498, 136.0917102402253, 128.2308103562787, 132.13228311330113, 138.1281787941753, 112.08853788749258], "fourier_y": [152.41410173676525, 156.45370121451185, 167.09809265530106, 125.93349989801156, 174.2691751899094, 178.5951621015498, 169.97681765984453, 119.10133786038357, 164.8303756345593, 144.19468469898607, 145.06899933377585, 162.04742487791373, 170.7491596509028, 166.0501699817035, 129.91781395706403, 164.57301127474517, 150.48337761319036, 157.80261085911516, 133.853646772242, 136.86339399976228, 137.5410233861147, 148.297905393165, 156.27005322499562, 156.1803768860082, 172.7666204617788, 167.59907461549076, 160.01535276483617, 168.53529841333878, 168.58653263402604, 157.4673486722602, 129.31664298925878, 165.10605603950148, 160.24052750638515, 156.57093626829143, 165.64857501250972, 163.72201242525435, 167.12308915362343, 162.69756253036618, 162.14416738833114, 167.3195349610479, 171.53282815942435, 161.9915890963502, 167.02003981102393, 149.05457082234122, 175.09841925249083, 175.81105493403498, 167.68496170791764, 145.6359502686287, 169.14735283193744, 162.31459539470353, 162.48856530367266, 161.44255463441826, 175.48258372853195, 172.136522429805, 159.88801892235472, 157.99031935341785, 149.38840999980476, 145.02722078280453, 142.55699904766036, 144.3196486054875, 145.12548049442026, 134.5094914258816, 128.58546282390745, 140.8236795347072], "src_path": "/Users/hagardolev/Documents/Computer-Science/Third_year/sara_guidance/db_3d_models/db/6/m623/m623.off", "name": "m623"}