{"fourier_z": [138.55115812556636, 138.121147762065, 136.80083334982803, 134.49372502383153, 131.02359865480204, 126.14989925095985, 119.90566163639748, 114.78186746198676, 138.0896943672347, 138.13794469467024, 137.43670079367757, 135.98150476063685, 133.68944655111417, 130.37503298298617, 125.68093798751815, 118.88571935538803, 136.66095621467872, 138.29715725217306, 138.88800789412574, 138.36766982322527, 136.58976595579904, 133.2988691604025, 128.07103598787424, 120.37850548167651, 134.1132078067331, 137.03255770413278, 138.49073257376108, 138.45309965224143, 136.77474458201578, 133.14413709672286, 127.04666420464832, 118.68985713191026, 130.1118419294719, 131.54375613669922, 132.7323412495487, 132.89603850900116, 131.4867303858345, 128.00394021716397, 121.88330249654292, 114.00977370078998, 123.90520680195766, 116.86663205062837, 114.60802846059258, 117.53995809050275, 119.5803066988686, 118.82710436816139, 115.01592860039692, 108.69449398846149, 113.39028499141915, 90.50833356062688, 110.6848834815078, 120.66656491318659, 124.08981634139687, 123.39728552085718, 118.77889323656322, 108.7220594511918, 86.75529594387108, 113.94804796812582, 126.07605142505915, 131.24747754602117, 132.53305899937533, 130.53826332402053, 124.7008311071758, 112.10462502253887], "fourier_x": [-609.9695188927519, 37.15306749243862, 51.01443192537002, 59.121102012909255, 64.8710583246609, 69.32919091810639, 72.96983002603598, 76.04599763321352, 112.22911993443178, 109.17085041115072, 110.1248405673343, 111.07730375365777, 105.7682259269011, 93.28255438949338, 103.47343661625901, 111.90751322549102, 125.64455119549578, 126.40423589137822, 126.2903296743674, 119.8992842009507, 101.30742595762406, 116.53690929680783, 127.29370930426505, 129.66250557932483, 133.00090888665557, 134.07872671026087, 128.72253082078066, 104.73945694880582, 117.41711313525434, 132.69911189713466, 136.08827019033532, 134.7738847358978, 137.68500603111076, 135.6796991944586, 123.93197372020532, 115.55293488453081, 131.57924042346346, 135.79197011972332, 132.57848049325224, 129.0367535369433, 140.74494290707062, 137.06391682639324, 131.285500358963, 131.58222962640914, 132.18590620450829, 125.08478439852247, 105.45697989656405, 120.85238409204236, 142.6312405640541, 140.67545409638853, 137.6338267061047, 132.43088996053507, 119.5951821888456, 95.76675098720989, 123.55276262279028, 129.4024846233303, 143.56386246189024, 142.2659600397517, 137.4221147834564, 126.28505786793534, 108.0950329082012, 123.25120559102211, 129.85271871614796, 127.9716099969494], "fourier_y": [166.27704534796413, 158.24807776647287, 135.73176053675218, 159.70665218296386, 158.4581691750413, 135.819978405375, 150.5554036748123, 143.53914141812618, 154.3117431946792, 152.18745650247877, 133.45171181097214, 160.2403715465907, 160.38575293057238, 147.32494123723276, 161.18074415108705, 159.74623856962407, 145.78387803925705, 150.82920728878847, 90.79473875235539, 153.45147845474415, 156.45427070387845, 145.74384344918093, 161.62222081466527, 163.98331590677537, 141.60422726565574, 142.72148238148677, 138.44011386007617, 148.48582616722632, 155.10733639588278, 150.592269169503, 144.67595949674998, 148.8701950250894, 136.40585521726683, 152.07709006966337, 161.26620030187425, 154.08491144285532, 99.46234595123832, 148.650484280515, 141.42602355640673, 139.30800010174158, 157.66920413767204, 120.57204014983837, 152.0519271727425, 153.55082065885404, 129.30687069269942, 152.09657939102237, 154.55861776564421, 142.98593789109736, 160.92633994156742, 151.01120636393208, 155.44870610601797, 156.32065989632227, 130.1813510734895, 149.2872154419398, 156.7716046825801, 150.0764693153947, 151.09352777937283, 128.1500106500838, 148.49973334367195, 154.79131662284465, 142.3901256442274, 128.5158684408814, 140.54400943605899, 117.2779455324676], "src_path": "/Users/hagardolev/Documents/Computer-Science/Third_year/sara_guidance/db_3d_models/db/6/m624/m624.off", "name": "m624"}