{"fourier_z": [138.55115812556636, 166.3633608157715, 163.8470206569107, 157.77432774806837, 177.624163201768, 178.6475708539715, 160.06477189548607, 152.6021849617946, 145.05290343340494, 162.7482962184181, 154.2528529352266, 168.1831266071011, 182.45775091425898, 179.30864666506477, 171.25253270208742, 169.59105848525587, 147.9620185485544, 164.06382245784908, 152.84607269887158, 172.22251642211552, 182.53332260914976, 174.6934128105268, 172.6347294906418, 177.26201112785628, 143.11296700140497, 164.182479967039, 161.03847014838686, 174.0556611548732, 179.2153102803623, 167.84298042371597, 168.83416703339154, 179.6215083148894, 141.61785556361673, 167.28760458624942, 166.14066345127503, 174.07292664053432, 175.01941791735965, 167.2950811716721, 163.64152652069308, 177.4438513681257, 153.72177813869195, 172.9928813461147, 168.85870958030495, 168.71837944183278, 171.0011984043635, 166.84399214187528, 162.28962577878008, 171.6408171602957, 164.30972946793293, 174.780184695406, 168.90205704243758, 145.2842520904713, 164.0526291735139, 158.74538116653585, 161.76609015748366, 169.01349316638994, 169.98351846553217, 171.1450219631261, 164.54010544571156, 157.1368794641208, 159.6296889032212, 137.2825493359818, 155.3408639115557, 174.25246636391424], "fourier_x": [138.55115812556633, 160.7266780665641, 144.03813599895392, 163.29801050915285, 141.70263782788916, 174.0499304380472, 144.94157391319357, 166.66800023113822, 141.02824778191913, 161.72030260173193, 150.44787390873404, 165.194636790896, 140.77878957842046, 172.95849977805116, 142.31890869156334, 161.58858418070423, 143.6858562277103, 160.3947555345923, 158.07884201554037, 165.79205178049133, 137.8260906117063, 168.9749022519484, 135.55974974765985, 153.77319160296457, 143.3678413603628, 156.9078692814249, 163.5710798363843, 164.66254748648527, 133.97300434768778, 161.62448269708915, 129.31563426137234, 143.18703284165505, 143.4703020289907, 152.23804091287855, 166.1402139472399, 161.87053986403612, 137.3460817830147, 148.8558078199174, 141.43997886683434, 147.55889767644493, 148.88418295384835, 152.21552355236102, 165.7380384197786, 158.72867608440114, 146.05724245044698, 113.32918779908645, 151.4707904858712, 159.43512802402142, 154.5430863116742, 159.33756207172937, 162.38018802147522, 158.6529298331517, 152.80717764551991, 139.90565426729216, 156.61829137321863, 166.9292243588487, 156.3665158829256, 166.50028895248866, 156.92603435677074, 162.40588817407314, 156.76166079427148, 155.97946216236872, 158.03466436303611, 170.93701050971384], "fourier_y": [110.82527090316852, 130.09271260395028, 136.31919210923232, 148.72409876436046, 150.12518618765893, 143.1540890232054, 126.23242879973841, 139.2804351244198, 116.79896808831293, 134.28022769284715, 135.98229720176658, 150.26005566352148, 150.90005609182265, 145.55085932328916, 131.01510394565724, 141.24641220889185, 125.26685696201376, 137.4020810766226, 135.9702845691278, 151.3753248507531, 151.74072471831965, 147.6913202668204, 134.1938242107393, 142.8983637215, 131.82634565173873, 139.80515306078365, 136.12026970689325, 152.1044700634986, 152.6413507912614, 149.51181391529585, 136.2299952386411, 144.24936516538085, 136.80473251886667, 141.69586945803078, 136.2308218629406, 152.47013796179058, 153.57035251705892, 150.98096880591706, 137.3505103601346, 145.32946031859834, 140.6811310887087, 143.20955349330728, 136.1117388620163, 152.48582430447908, 154.47936694155933, 152.08297638387552, 137.67001952667286, 146.1760504470311, 143.75419263643815, 144.44008980305784, 135.59936570733493, 152.15731828064852, 155.31382501562143, 152.80778628066952, 137.24066929986634, 146.83007577436223, 146.20254911527906, 145.4537703161217, 134.54635779027296, 151.48317339925407, 156.02141172778326, 153.14550805993133, 136.07955462018126, 147.33439691119298], "src_path": "/Users/hagardolev/Documents/Computer-Science/Third_year/sara_guidance/db_3d_models/db/6/m625/m625.off", "name": "m625"}