{"fourier_z": [168.63270606109182, 168.73919737456168, 167.42197942350504, 163.45343373088076, 157.0561158538947, 145.06558833578487, 119.38553761620852, 115.2174499167726, 165.89080011425384, 166.1803341454902, 155.77282095807837, 123.07057636168302, 145.50012960392988, 137.72127440412632, 146.752278648271, 157.35116502197397, 176.85642309794756, 172.87992179684824, 159.90454257665905, 83.49869966091532, 152.11307040060635, 160.34844585291566, 166.59696289357555, 166.6354475835766, 163.9403321242994, 163.72675722709891, 159.12489083131354, 152.71275880022682, 149.8786286767481, 144.13858379126316, 152.46777072738337, 155.5327317218879, 143.49957630090023, 131.29175945868784, 148.91569489082565, 158.46583280906327, 161.75905319146895, 152.6969200487858, 141.95727719338063, 163.33057141925485, 167.81574996299884, 166.7526982038894, 168.91659706737238, 172.5352833279884, 173.8664259266202, 171.10608132755232, 165.81942426658202, 163.80957558297737, 164.65393719457836, 162.43265773585819, 155.13894042463437, 140.47999631114394, 117.89876929131148, 129.30745468701792, 131.2151342757156, 135.2285185724578, 162.5897540233947, 164.2892500180289, 168.38955108798467, 174.80118209814225, 178.24392952315236, 176.65188161739877, 168.6403771597369, 151.89118717279894], "fourier_x": [132.79751667653076, 143.50287458984454, 144.99985462740182, 155.6195822350669, 156.11332226879105, 148.47756209010612, 160.78641016528027, 135.20924874566467, 132.66952767038572, 142.66958932367743, 145.4870072078508, 153.9416953358965, 156.9707931792771, 148.62939838149137, 160.75507413506483, 137.95398684647876, 132.33376178308762, 142.173288888992, 146.22496888079164, 151.471188874165, 157.87282621772673, 148.38169744317858, 160.45310959708837, 141.09678482494087, 131.9375804230958, 142.10134546935004, 146.9474033545368, 147.94779645772084, 158.74863954160307, 147.79531618163523, 159.87894909891085, 144.39141487060408, 131.7189214719475, 142.4587370571934, 147.43307216687842, 142.90908764289526, 159.530432262589, 146.95776488198342, 159.02922122151415, 147.60558800341818, 131.94338237238975, 143.162780191465, 147.5282181520431, 135.41685870719687, 160.15671909586837, 145.98502718698006, 157.8993015418887, 150.5710243097805, 132.77195363825587, 144.0790946002198, 147.1376106708753, 123.45720924039168, 160.572969320196, 145.01719046018675, 156.48416116900253, 153.18627809673973, 134.15369738948945, 145.0694113656231, 146.21684628686063, 113.4622395955062, 160.73029751870095, 144.20048784004018, 154.77965547622148, 155.3989073316639], "fourier_y": [132.79751667653073, 131.21992909300297, 154.7842662168009, 136.98715986303895, 149.21369825149785, 158.91589294588667, 157.74513867684055, 168.63201182131485, 132.13992330316108, 108.68798469110271, 152.60116095728583, 136.93293427671247, 154.108464157668, 157.50073746600054, 154.86927737923392, 169.66471378427138, 129.67174652276827, 138.4891960436624, 147.50820733104882, 130.73682410195528, 159.4742250465911, 155.48735556135836, 148.64765356350605, 168.5042442652312, 123.5111956856239, 147.58472225673444, 139.48434371669114, 89.1064592722719, 160.86767326252567, 152.471208215783, 133.00979921363472, 166.13285538852796, 108.90108159807761, 150.53678834643424, 135.37101391418506, 132.02166407878548, 158.86490890034958, 147.5854776539656, 122.87858663548099, 164.98661023742272, 119.17444689559682, 149.5828314032963, 141.22821472448368, 146.34222612382925, 155.18364035326843, 138.73706204823537, 144.1285150535359, 166.7997775100833, 136.9597346710342, 145.2427964496743, 147.30986626525666, 151.95767801128594, 153.34932034178541, 122.26677077797578, 150.2734194881766, 169.38900789041395, 147.46056273838525, 137.71422808719865, 151.77226434959906, 153.0165118600043, 153.64212822999573, 129.9240501416729, 149.14673098712254, 170.49726812111615], "src_path": "/Users/hagardolev/Documents/Computer-Science/Third_year/sara_guidance/db_3d_models/db/6/m630/m630.off", "name": "m630"}