{"fourier_z": [110.82527090316847, 135.17008733213888, 160.69262723114505, 145.77863999028165, 157.79364784215568, 161.66988818895732, 130.629572962988, 154.98587380681323, 154.9825577915373, 149.3763904219427, 123.28666932063116, 133.47604799654374, 167.3669790160332, 166.23953857006188, 144.01083297117074, 162.44418267961203, 159.18017801948073, 156.5499562819697, 136.70987114593427, 149.06568154239727, 168.77728663688177, 165.14279970907592, 152.29129786774462, 163.6444561271672, 140.27702231547926, 136.49547041384983, 97.15137110132353, 142.35406074956697, 163.70665580639215, 156.19985645827904, 150.81019075248457, 162.46245159476243, 154.28822892275636, 151.8098634501836, 148.89165641512167, 129.97265371780338, 152.90339327390126, 146.5224414625089, 148.5985654894603, 161.45492250529034, 170.06719521173108, 167.48860120165685, 159.7637197661362, 138.292146997193, 145.99150747068845, 156.05939662533785, 146.07364882680764, 162.14583900417432, 172.67638652772692, 169.104275406711, 156.32260027889396, 135.778893754953, 153.00433567924563, 160.54708033391873, 138.3464857619026, 164.61042349591958, 166.05703745097824, 159.85609045066485, 137.81191024569074, 154.15709515864438, 160.44765331867706, 159.02078749580386, 143.21559668706513, 166.86075488087704], "fourier_x": [124.6882145143675, 163.42258537025955, 150.6169946099293, 167.5504836319248, 142.29735874049106, 157.26001389102737, 156.00255125655627, 154.88731234462958, 132.68700351507906, 159.53264537632978, 140.9484858628957, 160.36555528226666, 144.09938402953844, 156.50384855962088, 156.954345612946, 139.4335057535838, 140.13650261121063, 161.9821892207134, 147.95637485569023, 155.82666358406308, 147.3421871311658, 148.97966370644113, 156.27508567958355, 149.25374413887107, 145.6421605606152, 165.9987983278754, 166.3799701450494, 155.97705717005985, 145.59290446024528, 136.60750203875804, 154.1534988358623, 159.2747727706475, 150.54558975555292, 165.03119936828082, 174.2985047475082, 156.63040478930887, 125.10107413702443, 153.05630487653397, 162.5260611955393, 161.43524447031226, 151.12445330290734, 159.36876238552858, 175.54257639966707, 153.6251424040149, 141.16071012700178, 153.39992403160971, 172.62930063592108, 157.81886406749612, 141.76112797713284, 158.0736643654254, 170.0185437542471, 143.64251036480334, 157.3251099747153, 144.25140045432298, 176.70853933030446, 149.98198202098018, 123.15756484717414, 159.52787853997117, 152.88631910054644, 129.11077225894738, 158.81648887387138, 162.28967433095158, 174.40075308936463, 142.06965859589104], "fourier_y": [149.74347388427478, 125.80540613925021, 149.04614886655287, 118.27955650882436, 139.11324988040246, 106.06196597999917, 107.07870718261033, 127.15498209200716, 150.0367277655636, 128.45757706447134, 149.11529938604198, 121.39553796789235, 135.8560912536009, 105.8628494148235, 119.44417357152179, 133.0880974557319, 150.7990976723456, 129.77223876117225, 149.21367818547174, 126.84818539343092, 130.3064142498482, 127.6858012398815, 137.60650209121164, 141.00683548581176, 151.76008753464058, 129.5644814793119, 149.59490216989644, 132.63540045542808, 121.17565356752141, 137.45957715555232, 146.22638560526207, 147.3408417762411, 152.6414792234132, 127.60931453696293, 150.4227929190688, 137.66183420983364, 111.12093601062438, 143.47890362821457, 151.36431498405338, 152.05218970670947, 153.23559951354213, 123.35425479348561, 151.68893527408903, 141.67275869784302, 120.45645324539333, 147.5677969625694, 154.5037455711714, 155.4506088569669, 153.40882289106884, 115.28933846736999, 153.22963512834673, 144.68540919862994, 131.47887606476758, 150.45731680278476, 156.2140001970437, 157.75860161685375, 153.07673725155044, 98.21262632956127, 154.82487502684384, 146.76605548951989, 138.84141245455484, 152.52607024161094, 156.73690504884794, 159.11076245870706], "src_path": "/Users/hagardolev/Documents/Computer-Science/Third_year/sara_guidance/db_3d_models/db/6/m631/m631.off", "name": "m631"}