{"fourier_z": [167.48953778429285, 158.40326477314906, 150.7131304314967, 163.41141904179148, 159.32606648863066, 146.29641753183984, 152.8360620348506, 151.4779430137609, 167.04982718641872, 160.77006561046215, 135.33695136074326, 163.8709488291591, 161.8606242405188, 141.3978845863441, 143.20048577738416, 139.59252114979316, 165.75336936795293, 161.76622122558075, 115.737110392638, 164.74807412839849, 162.038790013229, 138.90273116834385, 129.77212177254037, 118.14026166939996, 163.69247318788067, 161.0216370357303, 129.26504902602048, 164.94482279381774, 159.33250791912687, 132.1057423356806, 125.81584058539377, 132.85649643340096, 161.09420659155333, 158.4111537431484, 134.5444032804118, 163.72795957620116, 152.40406836670243, 97.7029873606145, 138.5333554729695, 143.06848091010744, 158.36650445398476, 153.89952788729633, 136.567193755854, 160.6531767548285, 135.79865967841994, 134.39307132051167, 148.8768143111158, 146.89945106059687, 155.96191078743402, 147.40280269766816, 140.52526281871494, 155.16256475890577, 119.88011649525237, 150.9064723664456, 156.3579339689852, 147.79063982991536, 154.03234888750228, 138.1546852109418, 145.63493097037954, 145.78488928236987, 147.5916923910846, 159.42989847974366, 161.486116166344, 148.13634535354248], "fourier_x": [110.82527090316853, 111.55081483780106, 113.52123011779014, 116.28704120187173, 119.42500416841702, 122.64761127695266, 125.78719932871897, 128.75277063159962, 146.84912998801695, 147.1160563752182, 147.2291115367199, 147.19905290218327, 147.03592969301172, 146.74867332048132, 146.34465151592923, 145.829228624956, 150.26845755236417, 150.18638353578905, 149.78718997302303, 149.06354300386698, 148.0058466984493, 146.60722800103932, 144.8746934324854, 142.85372938265868, 142.5366311148282, 141.6852737954987, 140.67047734511635, 139.50177461509855, 138.1950958533196, 136.77476370523016, 135.27581471148875, 133.74628906894011, 134.8620017486893, 133.90816997216496, 132.6187674321861, 131.02494448548688, 129.19953026412972, 127.28638620532267, 125.52575448808993, 124.22932765524608, 117.27248632544476, 109.76022884911983, 113.31796740757127, 121.71165045795817, 128.34484241338325, 133.22415266860227, 136.8673686339836, 139.6212529190768, 141.22840625284093, 142.15281020026828, 142.59959573419326, 142.5937756607774, 142.14410988030073, 141.24547656149662, 139.8797795453526, 138.0163332152598, 150.34098970030007, 149.6494322019925, 148.63080645601886, 147.26465246133918, 145.5242350659488, 143.37587770143256, 140.77974103544398, 137.69544759409112], "fourier_y": [146.66046028772962, 153.22230128051555, 155.9259204680862, 148.26293682629486, 142.03872392913576, 152.48584801707034, 150.485030326419, 125.97552245725794, 153.65833223033204, 125.24340964029298, 146.46735503477657, 148.34880816672967, 150.62672301942052, 155.3360556496164, 157.20899779777685, 163.0047440537368, 160.33279610053444, 167.1327539149214, 166.7138348083233, 159.40533707124277, 142.55230551238708, 138.5860646876398, 145.98372763909947, 150.31823223580122, 178.0920652193813, 176.55391996488365, 168.1051707434051, 147.05580303879393, 145.5967571929895, 160.0168257116095, 162.18681339499184, 156.7608238856366, 156.65861081320125, 149.5862325468917, 146.73191867541516, 158.65450352273936, 158.90594228922922, 152.0920685291141, 151.9075335300183, 153.38089110802312, 156.46196077608926, 161.51584998179237, 168.43985433708522, 169.2646520117865, 160.2194919086779, 147.96782280991803, 162.61651476807054, 164.8781791612025, 166.41977994723447, 149.3007741522135, 147.45072859068546, 155.34138978189915, 154.9330025253086, 162.01595403928712, 164.57907575827636, 150.0963587536517, 145.43896113624245, 138.53400503528317, 160.6155394495934, 163.94953998046992, 158.63747109514685, 157.53448660062398, 161.92983904146922, 166.18668841716033], "src_path": "/Users/hagardolev/Documents/Computer-Science/Third_year/sara_guidance/db_3d_models/db/6/m636/m636.off", "name": "m636"}