{"fourier_z": [158.78317635913595, 148.54412555276764, 157.08337573942336, 155.22760790536648, 157.85188234368584, 150.58530828393808, 159.4471264710927, 140.5712134186729, 158.6925353159814, 147.41715457809383, 157.17325910077642, 155.08620983850707, 158.13933127414595, 150.5454678884387, 160.27196273903397, 136.60702773407832, 158.4229836903485, 145.9253722076195, 156.93665164044089, 154.60105289948433, 158.13789564463858, 150.29397351070375, 160.79727509415812, 131.45591810595047, 157.98215434733135, 144.0769075213587, 156.37078182330518, 153.77107047425446, 157.84996208747788, 149.81480586357895, 161.04322003328005, 124.89934834244131, 157.38453281795424, 141.931741950467, 155.4664988448808, 152.59595245424566, 157.27100472580875, 149.08956512507376, 161.02392521932362, 118.70332178636727, 156.65418056421944, 139.675848747468, 154.20969953144765, 151.08668170195264, 156.38920571596185, 148.09690223962298, 160.74939327051163, 120.11673443590679, 155.82848712463536, 137.73839843214046, 152.58486628646074, 149.28818848251075, 155.18437503938355, 146.81232187414827, 160.22721954088638, 127.55842582952675, 154.96227621229002, 136.82060299314472, 150.5843176346529, 147.32527682021114, 153.62598357392096, 145.20905384924905, 159.46452755000465, 134.55996624310413], "fourier_x": [138.55115812556636, 136.39699696654824, 128.8945858488657, 109.55464218533845, 108.7134457259606, 126.52481874395961, 132.23833536421915, 132.10532558852924, 165.02268100074815, 163.86212079148135, 162.00527363879613, 159.6510661466471, 157.1167669423893, 154.82607302493926, 153.2012556432616, 152.5009684949938, 149.45322739763301, 155.7654145145298, 159.40767172905868, 160.78530066800286, 160.19296362200308, 157.84510778907833, 154.09519457911162, 149.89226939303484, 97.36722295032865, 132.09668852899534, 139.97260142694518, 140.90584538769053, 137.37208565165184, 134.6215228286121, 141.4819471365527, 149.69541380303713, 155.25956375583172, 157.3249477300896, 156.8541923085833, 153.6758650108933, 147.03647645153472, 135.1793383531933, 124.56437447243204, 134.8805674181122, 125.67215636691066, 100.35701593100046, 123.7977294013396, 124.36404914354594, 101.49907864443378, 126.97696715018402, 145.79143990334697, 155.6911367292996, 135.85694503437824, 142.84632577894138, 145.06162227731298, 144.62955093809205, 144.80728842378005, 148.6501574855037, 153.89745226722744, 157.81986241673206, 148.89418560481076, 155.24800701941274, 158.70071435812918, 159.80446730183897, 158.93170611812667, 156.35351121760374, 152.40502534668127, 147.68831719371482], "fourier_y": [163.60641749547372, 161.26097269005476, 142.6620887903221, 155.07122135212265, 147.97714069815675, 150.81035565902144, 155.91381443370648, 150.1959586026839, 162.12340949652963, 157.73310998106177, 137.49308181116047, 159.0921169285643, 146.04906299831836, 139.972907532806, 152.74412875855288, 157.0206614064688, 158.39494917870812, 152.84773603440482, 132.20314700932062, 161.78503368939562, 148.41956018589084, 139.4885165837942, 153.92601609246586, 160.28110817277206, 154.25081541976672, 153.14005700572548, 128.39874065954834, 162.05155697342707, 151.02434958631986, 151.71284817308174, 154.2959284633977, 157.89558215107584, 149.44048378599746, 158.01579305948368, 132.32087716439597, 158.55761550887132, 151.53052849318033, 158.78531052749446, 148.65014196842753, 149.5454867616271, 139.4028973856337, 162.46471809994182, 145.9467236641697, 149.80817818635808, 153.7530331901431, 163.57721993126103, 138.01283432559688, 150.7820586985554, 126.0876484308138, 165.94127099222789, 156.48728187496434, 133.14619322728052, 157.58426963240422, 166.7191029192642, 146.81686235410467, 160.70767291828585, 137.23807422403428, 167.95284143929246, 162.25063335824785, 108.50815208004298, 158.39022728559348, 167.1347897704609, 154.07155072789737, 164.84182018506323], "src_path": "/Users/hagardolev/Documents/Computer-Science/Third_year/sara_guidance/db_3d_models/db/6/m637/m637.off", "name": "m637"}