{"fourier_z": [164.98627492521274, 167.15566343319082, 139.88353308774973, 122.80583138012318, 158.98204975999272, 154.87806598669638, 166.6246594670243, 164.21462646788254, 165.51264801213864, 169.43328976972467, 151.56051437449338, 147.47782023079222, 161.56221175028932, 151.93284399722228, 162.8407751891533, 167.7713113359464, 166.47450578615857, 167.49592139419167, 153.13361505704472, 151.00053831769466, 160.7320612599754, 147.95371745110472, 145.95376652039698, 164.80774805655085, 166.9829821122825, 161.47238445752234, 146.1271914633087, 144.3064486303297, 155.58678051560807, 151.93644062366926, 143.40816771063254, 164.17947919292519, 166.63986076776655, 153.7684929088332, 130.4006371816867, 128.80489256730309, 145.38516410773346, 157.80991455600548, 159.75626062816002, 168.00321598733572, 165.35928401475445, 154.1733165172562, 109.9844569499335, 134.3951974890253, 121.65301813827415, 160.44380804540828, 160.37916225960984, 167.1547178999077, 163.11432441066552, 160.8934136998153, 135.46141800613816, 151.56495371887803, 139.5892233109706, 160.04211396670064, 146.1510832498224, 157.04513285098741, 159.0771563296537, 165.3387785956367, 150.06298287529293, 162.5510122021527, 155.55460428468945, 157.60617054441488, 141.42867390500106, 145.63805970926808], "fourier_x": [152.41410173676525, 151.44986096618445, 148.48474474450336, 148.06229678860245, 148.93457536112808, 138.17496572888237, 147.59238674149185, 164.7555393416579, 150.0590078793224, 147.51199902782008, 154.92929413306027, 152.83695571945154, 157.97936110301657, 142.93926253375412, 117.89343647153707, 165.21297125181115, 137.8326368151505, 126.65666155504138, 151.3874535748913, 148.4789524437305, 160.45763945924793, 148.606996827569, 133.87918263892666, 158.284904079971, 126.50545665446654, 117.83693403323512, 133.07074133255696, 141.36940781739594, 152.80554010483513, 153.97384127969912, 142.66078568215286, 134.81776376283938, 146.34648426443164, 135.6471014253727, 148.41644422675176, 139.07163601915985, 146.63591894860397, 149.20621442365461, 147.96914616949098, 144.73167750908317, 145.1968237970153, 142.98830849760543, 154.5870662206497, 151.0919692416339, 152.46313932707386, 124.04529926087562, 150.96317226810635, 149.8358575747918, 139.19661323354927, 143.0861846797796, 149.84282845849677, 156.65894499910695, 155.56267356897823, 139.99377746811498, 143.16013773513677, 148.3842231063551, 153.5484693661493, 145.08926765411127, 144.68655801503752, 153.42937708261744, 160.6103303315467, 145.12320640535117, 121.08724885957693, 149.53536336941949], "fourier_y": [124.68821451436746, 148.52492292301812, 145.077970056187, 144.59940045116932, 137.69038557436306, 155.00073686463153, 130.3541411721493, 132.41581486732554, 130.08151181524045, 146.21325656444498, 144.9519605918272, 137.5177991246815, 138.3660075227672, 154.14583472223913, 135.86558354370166, 115.90226958559168, 136.9847102125803, 142.6660648582463, 142.4894756885742, 129.3469387370021, 139.2819757383342, 152.5289335437314, 138.34521838182025, 98.09134250444725, 140.89715203213314, 138.00985452761455, 137.17962249052093, 122.39090526087496, 140.343437654238, 150.68282175400626, 138.26652540599486, 119.0879469606162, 141.87973407611318, 132.82273192094115, 128.45144622188587, 118.53604343195407, 141.08122753403805, 149.3327818385809, 135.45277673804515, 125.33662666813085, 139.90296786361182, 128.79765220974105, 123.2654354924869, 114.45257120468577, 140.91349286050803, 148.8964969822337, 128.8351365684407, 124.90920552781543, 134.06146022141985, 128.04133868241627, 131.945026794026, 104.54348597986936, 139.266349625747, 149.0127255218264, 115.64023069356124, 119.17314965922816, 120.45065097640429, 130.0815568858281, 139.89250607479542, 54.79325756601722, 135.41410689672117, 148.90677331121674, 115.1953699326779, 116.24474480022384], "src_path": "/Users/hagardolev/Documents/Computer-Science/Third_year/sara_guidance/db_3d_models/db/6/m639/m639.off", "name": "m639"}