{"fourier_z": [168.63270606109182, 160.64755857260377, 166.92988015784647, 152.06145823706572, 165.81126683467116, 164.6079357533984, 170.9521840916052, 161.6593160747972, 173.0571160261208, 158.89559220258502, 140.97710393189692, 167.81445370062045, 161.67417392470668, 136.06903930869566, 173.1159989181985, 141.80722134626035, 166.9847884433202, 171.09899672897564, 179.69028878012273, 168.4510420178756, 163.55741068867317, 155.5016291951628, 169.19459181415408, 158.9154193689662, 132.81398338221962, 171.12928072668223, 188.92179560967722, 165.52066305696982, 165.7079736262578, 167.01280818677535, 141.20715383940453, 150.36138546137298, 134.18173552453288, 142.65625932651335, 186.62325039424678, 167.62882278903962, 164.2363221106817, 171.59114780643313, 160.56893493499524, 145.9985473310383, 153.38291562548244, 173.79117196902592, 176.64785786105537, 171.4472866813304, 156.11224536659208, 171.09910243110414, 172.70771820524067, 157.5718927327519, 145.4216997709622, 180.75382100541333, 155.29024784457692, 164.75485203240186, 126.64923175073083, 157.30593517785218, 173.97018085429636, 168.47215348885754, 170.59584092088247, 174.26904542743156, 161.1633276913305, 128.2787550706607, 151.36163183021034, 162.76006211256689, 168.96049968305726, 170.85070500642706], "fourier_x": [168.63270606109182, 165.802144457532, 160.9802846294028, 146.49220396198655, 142.83543639147263, 100.25826529101744, 139.33865072204816, 135.834739377618, 166.93392100384472, 163.7165554637646, 161.23508917394378, 157.00459185237267, 146.34680419716423, 138.9274766691557, 146.17463775146805, 141.43412976871002, 162.01358496092237, 157.6751412798308, 159.60421692985148, 162.38516712631946, 153.4553928913501, 148.52266087218328, 147.23176567558997, 149.59637326287353, 156.25642097868277, 147.40870467501372, 156.52252855954282, 164.19082136821854, 155.79991203271177, 149.86617378583102, 143.0451771959971, 156.6353433314373, 156.97230895675628, 140.9512154913276, 151.27377495333468, 162.96958004372766, 153.5841617744968, 144.62854628624785, 130.91320170794467, 160.90000763653734, 162.19462135178588, 150.76172647717212, 144.23853338581497, 159.0877077990314, 146.68259229429594, 125.46079203556287, 98.42074876044003, 162.3211503684808, 166.66368266952884, 160.65562358526097, 147.34069465313618, 153.65762022665814, 135.19729155801187, 129.7073079746024, 140.02865313920017, 161.51175641735978, 170.1284936418278, 168.10977157543508, 157.52063095761395, 150.30128504060323, 135.18394216712272, 151.99679079180456, 153.94847931368918, 159.87662313046653], "fourier_y": [146.66046028772962, 145.87585466158495, 138.73566752500273, 108.73676755966454, 147.83350504298735, 125.16223725121151, 140.28039800131717, 117.58887264522875, 146.4014446238396, 145.257390025566, 139.44517964430392, 98.8761624125331, 142.42726429279938, 128.78545112711552, 142.1467471093785, 129.6258887467753, 145.60748781390114, 144.1725632004651, 139.06156829268267, 120.81258938455163, 133.88562133980744, 130.26594157640747, 142.2818890955769, 137.94528885325232, 144.21509275575096, 142.2430913062146, 137.73004119978444, 132.28904165973037, 119.28083942025502, 129.87265899303873, 140.6985710155548, 143.45493363820535, 142.0758663476501, 139.08354778915086, 135.70258404386283, 139.31209965877028, 108.54231387445735, 128.2345374990836, 137.10394888027048, 147.0370096183989, 138.88505677328726, 134.43709839553165, 133.35452290431556, 143.7880283487741, 124.68579993160078, 126.43846270163733, 130.75659726386365, 149.1700035614197, 134.02559113417018, 129.07728785946767, 131.0308849762324, 146.40351342760204, 133.60009106201335, 126.00255048286684, 120.6942501034224, 150.14358383600506, 126.06728905150581, 127.57346557638655, 128.7157781301054, 147.43140857361982, 138.6644705440248, 127.35850605896617, 116.22152666326757, 150.1679492059677], "src_path": "/Users/hagardolev/Documents/Computer-Science/Third_year/sara_guidance/db_3d_models/db/0/m64/m64.off", "name": "m64"}