{"fourier_z": [156.87697276304942, 160.02826453168558, 160.8964436227424, 150.1647168698492, 153.93383941918646, 144.3145020353803, 138.08594242943317, 159.21307711157073, 145.97027385777233, 124.70414959388967, 161.10063233810024, 155.7520879412523, 141.83124375539856, 155.24509924476212, 141.47124691707842, 161.85530424780367, 137.54554254400674, 146.80538732090452, 117.70346688969863, 125.74367300145948, 142.27602556469355, 144.95696579719782, 154.0045256905342, 139.1198852343384, 134.69225051243487, 141.44713555519604, 153.43038131623786, 152.01417333774606, 159.83368614810382, 151.55742382961105, 147.52694866494937, 166.2945407223145, 149.43399515573515, 135.70744638032502, 154.37430026023222, 128.6791281343396, 148.2821252531796, 159.06706510948868, 147.2755261711181, 162.72253329299969, 115.6925086369919, 150.611966709241, 139.50318881263274, 152.74652734963772, 158.80850539587755, 121.10218863063531, 157.06382326081115, 137.73341745469588, 156.24216348534696, 155.03356087159847, 155.22891253665443, 133.453413018193, 149.91395229148847, 150.28231238592141, 152.47678857098654, 163.53308098912422, 135.2853255149611, 152.28283989285669, 155.42521242272514, 141.6874007547624, 148.35600650644295, 160.55374644272558, 150.64357390006842, 159.72736585957887], "fourier_x": [152.41410173676525, 156.55636337953086, 153.75998697706817, 170.45721973857604, 161.4215710806522, 158.58640826667673, 152.5905773823593, 171.3531388095106, 165.39604724095707, 156.71951610835544, 161.20964626000136, 165.64868009744595, 166.01233244210778, 146.90324349860984, 144.65180866706962, 153.10549506800174, 159.79109301882247, 154.404787173221, 159.13999288220677, 144.07672830516066, 171.1826074031776, 169.34917013695275, 152.567057718503, 140.79319382477598, 157.24727406204556, 164.74479630289633, 152.61028934993965, 159.67494414148808, 135.02570755101948, 160.918801692832, 155.18207158530674, 162.65175253490284, 159.8133985151741, 150.11302561584924, 155.70889593367576, 174.74088462174518, 170.14564124302066, 150.3107124790611, 149.12499890074776, 161.528726722785, 161.2061041568282, 136.09871594982152, 136.67603516539236, 159.78024096415743, 170.3409118924663, 163.55208724779453, 144.53785791221682, 147.07291854557872, 157.06751917805906, 164.66279553581913, 158.22615258743906, 155.69935156286036, 166.26912173233814, 162.97635895785592, 102.52706074621555, 143.21641467234775, 155.76976820670654, 159.9092981951984, 125.08775050579219, 150.7631752312559, 152.20829199824612, 159.74592539350377, 153.40870234817254, 162.56662672731937], "fourier_y": [176.74200822325508, 181.43771407349445, 174.8868894012556, 181.86677359328309, 175.05531806522987, 173.6038328479238, 169.30296103611525, 144.79322653025963, 179.1504483062242, 169.6382393207493, 179.2770229649194, 173.903247827061, 177.84734555247013, 175.2012580751962, 157.1787458521087, 149.36113611379307, 175.90545704169796, 179.8483734840626, 169.64209054991417, 165.15341822449858, 156.97826558134608, 167.9307296999394, 166.12542066747255, 137.8050119105875, 176.45634434961198, 173.35317178520677, 178.91516146623712, 172.70127458822805, 161.5335740240195, 145.30566618216577, 156.55516637658405, 137.66879808445105, 170.84590516935347, 176.39531674429563, 170.40422855238882, 163.56917338074766, 158.72037205804497, 162.29173488808152, 126.64334944272022, 158.68387502339885, 170.74281027903305, 158.39692810343092, 137.89770524287303, 138.9651571661008, 160.8028205662821, 168.98585818892604, 159.61307695567453, 146.79670796120485, 155.12765657498863, 167.34572906429486, 163.96935601719522, 128.24572247642686, 152.27733569599448, 161.0978861299535, 132.70834039072616, 165.2485642749551, 164.18207325649135, 159.42744396186453, 150.85086631785128, 152.89306704155837, 166.4073760251891, 147.78354459132902, 154.1060324285916, 141.39908850034604], "src_path": "/Users/hagardolev/Documents/Computer-Science/Third_year/sara_guidance/db_3d_models/db/6/m646/m646.off", "name": "m646"}