{"fourier_z": [174.38634751012742, 175.6157983087162, 173.3041705951713, 159.37232007710207, 137.84428789911487, 157.46895851799533, 174.60953079793228, 178.32806174364222, 161.24313027407598, 170.70628864838864, 171.37343147827877, 160.16503492442524, 138.24223000380758, 149.15691250019358, 173.55826442575193, 176.3928226103567, 152.46802011230076, 167.33694299281095, 171.83291771330505, 166.80206266458723, 162.84231742103395, 155.03405065104494, 160.85239157820482, 167.9577228287535, 152.9699837914119, 163.10725452395943, 171.59313809650212, 173.499438760023, 175.49882224971094, 170.9684176935915, 157.1695568030228, 157.10713459757653, 157.64782663224847, 103.55309219116802, 150.4602226089447, 165.15195217076158, 175.5185191772366, 175.69444616108967, 171.0371629075932, 165.74762421453912, 130.03431129313077, 151.59182920630846, 156.4810183233544, 162.3692928612452, 172.66050417001523, 176.24115556026194, 179.63943235730625, 178.77545302100643, 144.13137404947452, 154.2905626824882, 143.0436499984614, 146.78684454191395, 163.69555478078257, 168.49249540768523, 178.24893316630732, 181.49981550833147, 167.61651227507622, 157.47246664409516, 131.97566210556025, 151.26301271124885, 156.16358239226446, 148.5143042965002, 168.02431991697034, 175.50499101171468], "fourier_x": [124.68821451436742, 135.15867873190717, 145.12631152715656, 149.45732303414206, 148.69837930710685, 143.5323074354672, 136.63748042068104, 134.07106380194148, 131.5309722105081, 140.50887696666774, 146.5170488773488, 152.4345044210523, 152.43585420899385, 143.88013044924358, 135.7519695619351, 127.43301195754302, 139.35442007022252, 142.71293494749864, 147.4303950747477, 154.44649901597313, 154.82766962040517, 143.57047137598968, 133.00954825272592, 111.03756986121043, 143.80144270126675, 142.24010668790459, 147.6674518377908, 155.28523878005913, 156.27119762595188, 143.13626934624435, 128.72971931576782, 123.01066427290473, 145.85066484794055, 139.34889079827354, 147.13416073201228, 155.03322168012767, 157.01357018086892, 143.08547681286424, 125.12742441308379, 137.12253863348425, 146.62672692673874, 134.25563733715362, 145.8009429039288, 153.86661138192764, 157.18971761577453, 143.82598165230186, 126.41461013104534, 144.09344205972275, 147.21755148768068, 127.72156767518652, 143.69341886306384, 151.963234313264, 156.91967992249238, 145.66167669136246, 131.06248565397425, 147.10057814753495, 148.23907253732222, 122.1218424168639, 140.9151441815801, 149.4215124033485, 156.46531226807843, 148.5246039394733, 135.27286092864543, 147.18545033325543], "fourier_y": [132.7975166765307, 119.8017737192502, 142.89038824421021, 110.12012327032471, 146.66169820944876, 141.55744590236384, 146.74629932427555, 152.41490918779394, 133.12180533208226, 110.59126180532515, 141.89648234956397, 104.2845264076065, 147.67807148671747, 141.7218365771217, 148.7503147072257, 154.072494984452, 134.01846532747535, 94.43555544870378, 140.72715849446183, 102.35938947937714, 147.77260917047695, 140.95604029667354, 150.4007518888537, 155.2171038838482, 135.30417614947336, 69.89211660109859, 139.49892182633133, 106.12748650066273, 146.96653907882754, 139.3893479149413, 151.61119728844005, 155.8364860663192, 136.77659649089327, 97.05973723841991, 138.4152051004965, 112.86698602600046, 145.23112042960182, 137.1232064519324, 152.31143674445906, 155.93779937262244, 138.27353937739966, 106.7359825456503, 137.79029302749225, 119.97309883675078, 142.47242759215172, 134.24424850160483, 152.44447161091773, 155.54520401541427, 139.68713990586625, 111.24112823197025, 137.96858067927133, 126.42887728488817, 138.49805037291375, 130.83300055566727, 151.9635492161544, 154.70427864604366, 140.95395151775875, 113.20566613431853, 139.10514308027126, 131.95809317424317, 132.9516589902926, 127.02200869681859, 150.8347055096397, 153.49219237419226], "src_path": "/Users/hagardolev/Documents/Computer-Science/Third_year/sara_guidance/db_3d_models/db/6/m648/m648.off", "name": "m648"}