{"fourier_z": [152.41410173676522, 161.59433395740348, 129.72347363278834, 143.4349246701741, 177.07105962634668, 168.9122505989025, 150.43802563998474, 172.65078326744091, 163.99957963575116, 157.97063425129906, 155.69308541028235, 157.05598569338443, 160.31937069640352, 149.09116610329818, 154.87421113016563, 162.75036539632467, 170.25065479938297, 140.69685748314754, 138.49162845929627, 153.0737762681213, 162.25179185615173, 149.63130424018087, 156.90680646303807, 165.65095813475367, 166.4870060627874, 160.50673939593165, 144.8539399569577, 161.35705516518516, 126.50422344149696, 154.73595974751373, 167.87929110171166, 139.90816935451303, 157.67924572508065, 156.28751428736467, 157.65920641436298, 163.86571756177332, 140.94746641650946, 170.59664188774516, 178.2792574708982, 155.164703414862, 158.21260387454632, 157.12065902774108, 156.0457073933357, 152.3747703643864, 156.29277701928967, 166.9934940412598, 173.95837066891892, 171.34060741376712, 168.50465953652605, 172.19304004541587, 162.61609581893742, 153.04423045938628, 159.01791416808825, 177.87971579409486, 170.70845005559954, 153.43404925502077, 160.9481831115712, 149.37072236949336, 147.372473584641, 135.58930253181606, 149.31821467240343, 165.1948106730523, 170.35618935455275, 151.07127629520474], "fourier_x": [-526.1856110073941, 145.96704744008792, 144.348439136843, 147.0166768315861, 106.27476605891138, 146.1836596941947, 148.4842889731963, 159.6824932352582, 153.69404624107153, 131.02289098242755, 150.64244471422344, 133.93564257566703, 85.64438344603515, 143.0971697862191, 149.5313916969535, 160.40627200571734, 165.839987070169, 154.70956371207814, 151.17277650371284, 132.6097507976798, 103.46210418293356, 136.3260813149042, 147.21367933284014, 157.3780100904263, 170.9675612149669, 165.3446071854437, 148.1861802429946, 143.24513454471528, 123.42919704412273, 126.54145375653378, 142.54904994669846, 150.391374900203, 172.26819138068686, 169.95825225740697, 145.7517242220055, 146.97712855566414, 133.32613864603275, 123.16540876303158, 140.15215830331692, 139.9575104502472, 170.45233213086834, 170.40512605872468, 148.6255093347973, 144.51262223184213, 138.59635944407765, 128.10144586282215, 143.18642801878894, 136.92509564800613, 165.4211289425907, 166.55977334467372, 152.40608757078124, 134.19919843886277, 140.48197358305748, 130.4657713682838, 146.2058925977802, 141.68498521448004, 156.9609875274126, 155.9196551604477, 152.9575257469165, 124.64424420362528, 139.1227691250256, 128.88603069790878, 146.71551699671193, 142.07233208002773], "fourier_y": [146.66046028772965, 144.08471287386033, 149.09924988426997, 147.89703739859485, 145.80277124344636, 160.46283346733742, 154.36921801786815, 141.33464803035903, 147.16011410433734, 146.75098539711726, 143.55783069920864, 143.99629442256727, 149.42015523483445, 158.31826184546247, 156.85164529537926, 139.71361501876027, 148.0813024594596, 148.9322156314124, 134.54820239959244, 135.78669771620514, 151.06782545075993, 154.5540950530198, 157.55072423698323, 137.25549561645676, 148.33047634718372, 150.60849585888207, 117.88908739873642, 118.81785876417686, 151.21153168229273, 148.72628640101033, 156.54648959065793, 133.92681349995655, 146.9546623697893, 151.65662167793434, 107.96271634185021, 121.21562639309838, 150.24396523698147, 140.65730720414925, 153.7098456232214, 129.62665226037316, 142.9544550510689, 151.90938041123593, 126.76290078112055, 137.01142858605178, 148.7271206193448, 135.39966534021198, 148.64019930386206, 124.347387855922, 134.60642700780596, 151.176942833201, 135.15674390540931, 144.7411913548135, 147.59896596468212, 141.27377787018304, 140.50028198454, 118.91920950369054, 123.84235768023943, 149.2210430054214, 139.39592741436573, 148.52266593116357, 147.85431053613357, 148.6392199606445, 128.82442964095281, 116.26986027578258], "src_path": "/Users/hagardolev/Documents/Computer-Science/Third_year/sara_guidance/db_3d_models/db/6/m650/m650.off", "name": "m650"}