{"fourier_z": [143.01402915185054, 172.21435066691143, 156.52032519693512, 168.20267874668602, 156.77306974354633, 153.9059838465716, 142.78522174117734, 166.6709235072716, 154.96489104172872, 176.76504529393299, 172.09132781647185, 167.56965466790467, 165.49986408452992, 156.22308226145674, 161.2133498514911, 166.39208470314995, 165.8670430132969, 167.87321125820964, 173.219521863835, 156.04371845823584, 164.90962272670177, 151.68273664665548, 169.47773768525457, 159.22512406151967, 168.08000859692658, 144.3465905368906, 165.39320590018903, 162.13460215725078, 155.40293284204833, 143.00219161161007, 168.47518431560036, 102.03966497952011, 165.26812926863505, 166.02305937625295, 158.29882128231807, 165.99598771131554, 138.92599085679453, 142.24885067643055, 159.45475212659846, 157.0836063787637, 163.38285103590874, 165.17873075460597, 157.75165067865314, 162.05788842416484, 134.52088082436325, 152.78556119055378, 129.97971875460485, 164.23868224762103, 158.8063726797566, 158.5817113060078, 156.15671231758466, 147.4999284679801, 128.19236705901668, 162.4842913188171, 166.1553016367372, 165.90547749091738, 151.08159005577375, 156.11529289114858, 157.03410954030875, 121.55133258357932, 143.98829083879, 166.34431925497768, 173.46603362625206, 166.8593395709664], "fourier_x": [149.7434738842748, 171.53024754811236, 174.33329396129207, 144.87919886887218, 161.97693600752618, 130.82919777530716, 159.6624775265621, 167.92598613662466, 147.69886130022823, 171.45558154572652, 171.3775752738829, 126.93408646508627, 147.95041500021333, 151.0089091462512, 160.3834764309742, 160.77001704724367, 149.37541398871753, 166.93056090424824, 166.623991743948, 142.58470580130398, 139.20568489808636, 165.4815455204833, 163.49825595862575, 147.25327667466638, 155.65768614196267, 158.6281372110935, 163.76269118818013, 152.72770339399605, 162.95510296163548, 172.65009162562964, 168.0138131256444, 157.3443592046166, 156.96684886230193, 149.17344963421414, 161.16473602869746, 148.89904929555695, 168.36823837151914, 173.3995396683665, 167.8928913136878, 164.16533579090841, 150.71773094710508, 145.10298214715291, 152.03108920954855, 126.17612494408542, 165.73177106291044, 166.92927752815757, 158.94904043147133, 162.36170383285153, 132.42424083094105, 144.40137640889932, 138.57677229239326, 157.83610267841857, 158.90496026481026, 150.75125465267755, 112.34486730891777, 151.76426417444662, 102.79864582293952, 132.7545286773304, 155.75082236391185, 168.60449338354712, 159.11896147590346, 157.80677665373636, 157.58832328918365, 140.93143036460248], "fourier_y": [-554.0503250776438, 144.29208976219672, 148.47058588028443, 145.6209708243423, 140.18394790497126, 135.25123025042564, 123.44410148130164, 140.074291794696, 102.52724707636575, 148.01047845819124, 147.6764722992272, 144.58784050434323, 137.8107084122703, 131.8321223120753, 93.77354542247906, 140.36564075001672, 112.19794883169212, 151.04892483701315, 147.74041795947417, 142.6894079470338, 135.2102492708166, 133.01825204872142, 115.4536188880199, 141.5354911101623, 111.4290343714855, 152.86461515451592, 148.44213581441534, 139.74170145980713, 132.90537780478112, 136.11700189128234, 128.19329443577362, 142.83928953203562, 93.78757324369838, 153.34158078871337, 149.25161161519762, 135.39977418082168, 131.32720182167753, 138.14190702952365, 134.09352574931762, 144.02768848972693, 105.06186605972596, 152.48748834458803, 149.74034962595542, 128.93436241274574, 130.62008617002311, 138.3313465736939, 137.66135312296691, 145.4980575719418, 128.16465174190324, 150.37604883770055, 149.69187290057204, 118.4095381498387, 130.68662643748172, 136.58981040612798, 140.7681540859341, 147.750807340647, 139.834876162377, 147.25194842440237, 149.02988997439306, 95.81650151883393, 131.3301797513501, 132.826998600038, 144.0505453471629, 150.67772735781065], "src_path": "/Users/hagardolev/Documents/Computer-Science/Third_year/sara_guidance/db_3d_models/db/6/m653/m653.off", "name": "m653"}