{"fourier_z": [146.66046028772965, 143.95589507811698, 152.183823731452, 148.42618040599004, 162.79693872231778, 162.67253726647363, 150.8894822189241, 169.48094015007885, 158.02401479491587, 159.63338517742494, 150.1359500626169, 120.53045505914992, 153.22757070205046, 160.0471292000554, 133.87409520346046, 161.2560115302388, 162.95602016278747, 164.35857983953113, 149.41053838625083, 152.82748914384865, 142.08807342719228, 123.45060361047965, 158.13001829387042, 161.9000242717951, 162.541402368921, 157.33173472595416, 156.40159276076122, 120.54047264923092, 141.75862393731353, 153.07018748167968, 167.25728050988664, 171.80548007092546, 159.18319670448767, 152.47761700927376, 164.11972914862946, 166.1053801181164, 158.24818926115088, 161.2536332227097, 159.6317243658947, 160.6937837624611, 162.00483592842414, 154.87903809321406, 163.19970705229383, 173.55495725715056, 172.2755427925381, 171.50519287674885, 167.09405265529318, 137.51891625177916, 161.88360331638552, 135.88809276862375, 143.44641278515545, 164.75160192696367, 167.41248879802373, 170.5335790125833, 167.02444058064484, 129.56869367668668, 160.71989089070982, 153.79929295975356, 155.03745075930613, 140.8545287093087, 157.2810358689886, 165.5085920521772, 164.19634388976283, 149.67823192249972], "fourier_x": [164.98627492521274, 163.57983897955643, 157.14313780900022, 159.07182772901305, 162.03304997703185, 152.17334019948464, 100.6280720939277, 121.55417585573902, 164.53812801355608, 161.52721797788686, 157.5274421599379, 158.3012692834343, 160.59118084510627, 152.2643198788675, 137.71650588740118, 133.08663750660236, 163.27189863293555, 158.51845783628133, 158.0637955088019, 156.5744154680763, 157.36465833874587, 151.07444376207872, 150.161455726447, 150.59552253624892, 161.53014428120002, 154.6875172374347, 158.26251386955184, 153.9893971950465, 152.04980613521175, 148.56208207747108, 156.66676424221106, 158.4151499382508, 160.18084693050844, 150.51708175579512, 157.89597259354818, 151.6693951775144, 144.74956379611518, 145.05664411018267, 159.93078000624797, 162.28254721209115, 160.43603788170995, 147.0807991907168, 156.97180855761385, 152.15686045609476, 139.6135886759425, 141.39980608495532, 160.73100371232744, 163.62541081294228, 162.52454299699195, 145.6755583119404, 155.69014395156142, 155.93967739271113, 143.5138576797074, 139.05576069105794, 159.214602891372, 162.9710690769329, 165.31465323314808, 146.56247308761573, 154.43089492701736, 160.4237846623549, 149.74674850190905, 139.2144799559235, 155.09217112305612, 160.53075156245822], "fourier_y": [110.82527090316852, 132.49921195636992, 134.26329063707982, 132.28441858973855, 140.2857309163361, 144.42327630565984, 144.01387574123385, 135.0658335482938, 110.8547083167756, 131.85769657315709, 131.25307970838645, 133.7278548875988, 138.28249757519342, 144.10006195750225, 145.63971689969384, 134.6857703378038, 110.99265729553933, 130.57553126897287, 126.95337308818173, 134.36314195775702, 134.42365390224379, 143.48845011700942, 146.2998487204773, 133.514441224366, 111.38193740787355, 128.5481825989147, 120.6765144292143, 134.23722845058214, 127.80032731420269, 142.87090835852138, 146.08217410797755, 131.4410263658915, 112.22488673595656, 125.60308171976047, 110.82565915026628, 133.40001366491526, 116.65925252185079, 142.65770764912543, 145.00042877510478, 128.249673547104, 113.6977915312481, 121.46211554149345, 95.44296402590336, 131.90327644236532, 111.0245539380843, 143.21035942469814, 142.99953929080087, 123.52630356029543, 115.84160709758856, 115.73156340870162, 103.07617798637017, 129.81806706452923, 124.82495915257249, 144.5739005340616, 139.93596750012114, 116.43604695717084, 118.52412060166715, 108.45787309655233, 116.56021264543571, 127.27013424868954, 134.83810770181893, 146.44108760398086, 135.51528959877905, 105.52654914211135], "src_path": "/Users/hagardolev/Documents/Computer-Science/Third_year/sara_guidance/db_3d_models/db/6/m654/m654.off", "name": "m654"}