{"fourier_z": [138.55115812556633, 154.72473676168005, 164.3514969851279, 167.30191425954627, 165.64317712659835, 160.31385053119723, 155.7630496385372, 158.76647210308087, 117.50217895428847, 143.22377056895357, 147.98778093596155, 141.94777480670257, 130.2910836191737, 148.40239610537702, 158.83604281488158, 162.6803540360879, 150.27119367156251, 145.8543626977166, 126.78856662154637, 127.90746061755289, 148.0929926566954, 154.36867741670468, 154.06161538210392, 146.7113292225044, 157.93102014877186, 151.65535598915642, 144.5524816825367, 144.69412260910798, 147.21656037902596, 147.05481338385158, 145.41207067282957, 145.20146861738107, 142.55057483464668, 154.97228825376502, 160.66692891539907, 161.02307826356875, 158.40233583311533, 158.0211570680318, 162.0135132760413, 165.362858442758, 146.82239899603107, 153.30855639793936, 154.32504968391763, 150.45194847984905, 150.03786608730175, 158.42556045349073, 165.1259323934988, 168.43981356882625, 141.78977740694083, 140.5189097923123, 139.39049669400413, 138.82299019502935, 139.4895078955076, 141.01984998481208, 144.69786603217256, 151.80170654140827, 148.4237906822022, 162.20320654632292, 166.17514242243868, 164.5617920306751, 160.5275869767778, 162.48474890601585, 168.78927456889312, 172.7933186466247], "fourier_x": [160.52340389892856, 164.60608613591347, 102.8943021738884, 154.80542424298483, 155.6580616308904, 174.91530789897044, 164.31980996051092, 173.76252205468998, 144.8276630465984, 157.63692051935612, 159.55786031940977, 136.1348141998039, 167.51680809111437, 173.03935962080675, 162.1331718084984, 173.27438096735565, 147.49199382153478, 151.4975481700189, 176.4299699749629, 175.24289709374278, 175.9565678140689, 183.97838069830163, 174.95080538902118, 177.0940165528741, 137.07075569241428, 147.7094355374495, 163.11251045597083, 166.9862518886579, 127.6779506455835, 166.52089625223826, 163.52299211963953, 142.6107322591074, 165.25327267363213, 166.16965946778222, 159.88903302321478, 152.57012014831324, 167.25209250037747, 162.22770867633486, 138.89488546921532, 161.13139678010154, 161.45779381587312, 157.87312827810524, 168.70652663637196, 160.61774287561192, 167.1724630673416, 179.3404806595682, 167.8060021790641, 160.95328401619463, 174.99892680320193, 175.16145615959144, 181.75188995769705, 180.51248576407096, 167.60332675441697, 178.16913209873712, 169.90860129767805, 147.6218407274961, 180.2411014008389, 176.6586781155064, 166.66830045652458, 170.9915780038428, 159.0976165515836, 134.2868951639879, 170.2606014176976, 166.66474055462464], "fourier_y": [158.78317635913592, 158.1906411057884, 156.39457067931625, 153.37406988352296, 149.29585705700265, 145.1825000312465, 143.65213264550962, 145.85887352802226, 144.86694516972688, 137.20988166185742, 120.7269612647685, 120.79541095085924, 138.84364390359477, 148.05374807967883, 153.44601122401826, 156.61713176196727, 157.25554511076984, 156.7677468390953, 155.7460555290302, 154.2488314169325, 152.2255693354698, 149.47240136343927, 145.57005703260864, 139.71654881257209, 126.97627551611109, 86.51029310651361, 127.82066266710407, 142.61321088026537, 150.90852872629395, 156.2231405148035, 159.6102134900992, 161.48860387350115, 148.72899155673542, 144.57810910999092, 141.2266001995817, 140.96203480558754, 143.1028128214257, 145.06924280840042, 145.426584251545, 143.39480784003737, 144.8013517330719, 145.82003288036245, 146.31393124941766, 146.31759485987618, 145.88183022301425, 145.06357467354903, 143.91187569282027, 142.44552494553002, 140.05841267247013, 141.60004194294865, 143.77044644425726, 145.6078182164917, 146.86117331509172, 147.48009200255743, 147.39755964848734, 146.47589932653787, 159.41390210192628, 161.08557990712097, 161.01863673565677, 159.28062780674696, 155.7403103916343, 150.07703209448758, 142.09441556868677, 135.06533002025003], "src_path": "/Users/hagardolev/Documents/Computer-Science/Third_year/sara_guidance/db_3d_models/db/6/m656/m656.off", "name": "m656"}