{"fourier_z": [190.604951834454, 188.52859881387315, 182.27166098028272, 176.35094669691415, 182.03026489079895, 188.4334951968118, 190.73782792860135, 189.25431409700894, 181.55842326876265, 179.59332778365732, 174.8495746535935, 172.7770424876574, 176.59053887320792, 179.82770776022932, 179.8654356303176, 177.00892735265347, 165.30087858728655, 158.96077184470818, 161.36927185330168, 167.39778697238424, 170.0440937759157, 168.88592650362256, 163.67561876580277, 153.96706315025202, 167.53104645955162, 169.43785259037747, 175.33393391718587, 179.89458599934355, 182.03517019884453, 182.0127975231153, 180.12202613655614, 176.4548712226611, 172.32045490975457, 163.96554979509062, 140.14972236107891, 160.15703075881493, 175.57237066602858, 183.00275582104274, 186.21422187229697, 186.03449227839903, 156.79704053544077, 136.3930574374776, 159.73075401290885, 173.17504397259802, 180.358343728225, 183.93254916152344, 184.57616202891427, 182.20489572253499, 148.90196336218327, 168.839335822519, 177.55649436048898, 181.3894706349737, 182.4395819419017, 181.68198960021104, 179.47330509270034, 175.48497207747542, 156.98681275670558, 171.54491191100595, 178.86562550101496, 181.75516884302468, 181.35565000338244, 178.34723282207736, 173.9069293585359, 170.80303270645163], "fourier_x": [168.63270606109182, 126.13010399444521, 167.30032425643256, 155.51356380962315, 148.4844830692035, 172.66462562091056, 163.03479391921462, 169.12343712532083, 179.00328837737092, 175.69528590481397, 132.96302773479593, 87.53650004917733, 139.9972109757991, 161.74979670502054, 165.3592959627299, 178.61885706938182, 158.4444089808088, 174.92980435301598, 161.23634170120727, 160.99074411374514, 152.18949242989052, 155.42898289596008, 164.56091454077153, 170.1763055012464, 174.8759139304485, 172.53079960156643, 163.47388387478333, 160.89321838788462, 143.7295211000295, 132.50063480653716, 158.8938233607387, 173.15614674255318, 168.10558021641253, 166.62776058065867, 163.93345408483987, 159.85362665135474, 147.08168900051018, 162.35761290408396, 170.70958555289235, 166.25670406497892, 174.3999726740111, 161.8538266428759, 160.12788702575276, 145.68464433770242, 162.49720488178482, 172.41293595046773, 179.34876257337828, 172.86038460988235, 167.93679994724923, 171.32994412056468, 164.99276246938183, 168.6703988797875, 177.62813921110094, 172.24856881187594, 147.51937059035544, 114.75333277921865, 174.64565303197378, 183.71610134177232, 178.3097389052065, 168.97333648595665, 172.12617744863124, 162.34519349503034, 166.88124677949563, 172.25269500344677], "fourier_y": [132.7975166765307, 131.66870559949945, 128.91240543912022, 127.66025834101495, 131.32773130611423, 136.7225052366216, 140.76264010444666, 142.9195946827695, 150.87582409107983, 132.10043380294613, 147.65894127180582, 161.28831292722117, 168.2819517884089, 171.73498619453457, 172.63316639582433, 171.23463692657077, 152.25778065648836, 153.14316088187832, 154.4336748899215, 154.64353032288167, 153.76652317229744, 152.4277200076742, 151.30620657544824, 150.42368525146074, 166.317409642088, 167.35526633534693, 166.4661762076756, 162.959776224721, 155.78877246894606, 142.13034682879675, 114.87882362537161, 133.65249161417034, 150.33099533580142, 156.94968870250628, 161.66104291790333, 163.62459818837476, 162.65887139741878, 158.44193882733038, 150.41231826208667, 140.87975521331876, 170.19494116522958, 168.78535228551152, 165.35850697514837, 159.05951633665208, 151.3569641051757, 156.18502649969815, 166.18016336524394, 172.73434954633166, 158.00879365698822, 162.1630681472594, 163.7774141223086, 163.0562014019451, 160.77824352363666, 159.35286675755498, 160.9571183413754, 163.47288089974063, 149.39280573053895, 153.20234012392228, 152.38754923940414, 145.25259623451421, 130.7716106028806, 146.10916031227566, 158.3805421666785, 164.31250159437866], "src_path": "/Users/hagardolev/Documents/Computer-Science/Third_year/sara_guidance/db_3d_models/db/6/m657/m657.off", "name": "m657"}