{"fourier_z": [132.7975166765307, 148.0783220451961, 147.1278146034005, 131.73126297282118, 153.4879294576049, 173.27908749147068, 160.7051755027045, 162.10422942094607, 133.44928292949234, 151.11454926997928, 145.78653533631098, 126.00907030373337, 154.1204570064481, 172.5297977150399, 159.01425600168844, 162.8250690330863, 134.992538106925, 153.04867478270978, 142.2074067027092, 121.74578239451202, 154.0196055421799, 170.69686288392543, 155.39114903775126, 163.06283652504973, 136.67804741719007, 153.86919989783036, 139.43797644303606, 130.54082308886245, 153.23102858805925, 167.54015496526347, 149.10983941372498, 162.8911309728902, 138.0200071241321, 153.69766130335503, 143.35904015285215, 140.40673757435724, 151.7473189763008, 162.55673920277872, 138.2597086354404, 162.3031754757784, 138.88531284222233, 152.72240689222178, 150.5673318566138, 147.33143787436455, 149.49491223421273, 154.52909464611756, 122.75575229574733, 161.2101488374292, 139.39713627596885, 151.2346689220863, 156.5576966679434, 152.00592461852455, 146.30382161302393, 139.1491414672884, 135.33447576566627, 159.4344370301299, 139.85767150000436, 149.6958224335941, 160.72058878428527, 155.01848410007267, 141.84183118114188, 106.07128725686346, 146.84936980330477, 156.67957014169096], "fourier_x": [168.63270606109182, 167.84676601473814, 165.39119658700085, 160.91374816686923, 153.54140621214367, 140.89248887445822, 121.73998182879012, 136.80672333409711, 162.38595478911935, 160.12605615122175, 156.6998263881547, 152.15082561285237, 146.7757605908239, 141.77129290959468, 139.6969268941219, 141.58899460875793, 147.78410935896625, 150.98792353950432, 154.86850739309003, 157.9621576318827, 159.9478201475531, 160.79133045762933, 160.44309479784448, 158.73385179374424, 157.23907465742516, 158.08703183124476, 157.1785872372612, 154.49345143075766, 149.73146940289075, 142.1977957964753, 131.62741190860856, 129.5231215087889, 161.62877216415046, 160.88562013226544, 158.81499048162084, 155.14445211511912, 149.41271360361748, 141.14565208180582, 133.44728670938457, 137.12743013815572, 150.69854495836233, 149.41214652772734, 145.89874531766952, 139.48553329329224, 129.18106721572937, 122.70983679690505, 132.1869321489677, 139.82733842922315, 167.5379091569205, 167.59953988312105, 166.99669368986451, 165.6162553989251, 163.29648543312803, 159.79821324884324, 154.73333732008572, 147.4083116751841, 171.12294286670573, 171.33941505455516, 170.56539113938112, 168.83342322933643, 166.23762107359215, 163.06779552073567, 160.03865244198965, 158.25542958018147], "fourier_y": [176.74200822325508, 174.6524967217944, 157.45451652269037, 175.97665628421714, 169.91252858233665, 181.24865027671387, 162.30323146174953, 151.63650280449573, 176.2969029077459, 175.29669165326084, 160.62006741968548, 175.52911887015745, 165.4048922192901, 154.81933763971068, 166.78527683320155, 177.06926104321767, 171.58343585853055, 171.14519403094764, 166.26030019684336, 181.65430610925551, 168.97826009834586, 151.31999929546646, 161.78848618907168, 160.39611260869214, 172.30495578471232, 159.32185494779665, 178.05557516021312, 174.5489482311824, 149.12236667388134, 152.86291559080587, 164.61928046932246, 166.61856680254417, 149.1955173195528, 154.3446069360657, 163.84806406639672, 177.00092371856186, 155.59492764659967, 167.67437260265643, 154.86771085943013, 168.97353753033877, 172.34234651428127, 161.62554797530132, 156.77625545657625, 167.77735589334495, 175.94220052759013, 156.8535384089629, 166.53311189534205, 147.30987416628852, 162.90334665454964, 143.49055832560305, 169.48438370400646, 167.29038821276572, 168.38143930669165, 162.20837072344386, 151.23927670038626, 173.86794717847658, 173.16277733661155, 160.29680059557077, 143.12708186360186, 166.7686618166978, 181.8423584591481, 179.30287149345685, 168.7795813025166, 162.27515861936408], "src_path": "/Users/hagardolev/Documents/Computer-Science/Third_year/sara_guidance/db_3d_models/db/6/m662/m662.off", "name": "m662"}