{"fourier_z": [152.41410173676525, 166.70062286860514, 166.81507570162566, 175.3750223069449, 179.50580259624402, 165.838810219352, 162.3827305029214, 143.53314384704322, 168.46205094134058, 176.58951728653744, 170.48529809050595, 162.78671677161114, 157.5597165153598, 162.3890666547442, 138.71659310878528, 118.27841853567378, 154.11684474820152, 160.01732454457988, 167.68255157797657, 163.42521217948405, 120.91286674201564, 168.15627677011295, 159.18496587002127, 149.84868001621152, 167.07668918379943, 104.61540748541616, 174.26526585596562, 164.97467217683027, 163.6858954357483, 151.25136709691907, 162.07655517899866, 142.38840989162333, 159.0949709278632, 180.09548300708175, 177.5520415837428, 171.4639697812562, 148.86962211279527, 163.115582505597, 167.96270095561033, 153.79417169520138, 171.00920555532315, 177.99917348061592, 172.72110331992542, 171.18170092182342, 160.17172770705955, 163.40873699640014, 168.98900853397222, 170.46595271015346, 164.01412266780102, 157.11724734995013, 167.73126589608148, 164.2904919369612, 148.63432724003212, 142.81430491388295, 140.70940580523876, 164.62679748567132, 149.59862582440093, 171.78240871087309, 158.05289317005008, 161.29013845803772, 166.4044383656141, 168.17616977509684, 153.65594468824563, 148.6841798478162], "fourier_x": [138.55115812556636, 145.22824735491258, 152.88425261028254, 141.10018560364625, 124.05253242238238, 107.21104426788156, 135.8319822633406, 151.49460690008883, 136.02820050162356, 132.85819207699018, 148.59981739484024, 134.59895587149464, 136.73757295639808, 106.93114821013337, 133.46071751465487, 132.65579370558729, 130.53995552512515, 118.02159524332944, 143.16247115567413, 127.32665030728674, 144.41903700236804, 120.73211498383387, 146.25527044449944, 138.17967142050787, 133.25430538155513, 142.44267686694505, 143.3738394250475, 127.03326171902576, 148.94945162122124, 133.6587027128105, 153.6264215783005, 153.05215928112773, 141.52094383488733, 153.0149671792749, 149.17098726960697, 130.13954471010214, 151.1004159654595, 142.35933651420527, 157.33837982565194, 160.72879901846548, 147.6928046086174, 158.75486970605874, 154.5647162229474, 131.4355506110776, 151.272773386944, 147.80458951781955, 158.50091569421056, 165.0095723718543, 152.04049721333905, 162.33784754171924, 158.5130920548956, 133.8566140810767, 149.99791500293983, 151.17908084476792, 157.37388904865057, 167.02754514769669, 155.0399995655486, 164.64009180621673, 160.99616519847763, 138.18325950709826, 148.1641620401371, 153.68233255052047, 153.6260918243718, 167.02418791843454], "fourier_y": [143.01402915185054, 161.77843475719334, 115.46198243595379, 161.49866385566264, 159.82149817289286, 148.5196899634088, 164.11557502476316, 157.7148554780973, 142.59422735307413, 162.07168703236448, 108.83275560329294, 158.4571610632763, 157.94732915249875, 151.8971601542735, 164.21934285598923, 161.5397441534952, 141.2565860681818, 161.13326026845255, 124.85703258828158, 155.5937891056751, 156.4521858908646, 153.0801020200704, 164.13934753454524, 164.4047816201669, 138.75849907456742, 159.06272610211533, 137.60318081168336, 153.61359949860167, 156.81803621817372, 152.2910224599392, 163.88465018685704, 166.29772596323065, 134.67076008276453, 156.01189918593113, 144.76559971252382, 153.14759123199897, 158.86304934045404, 149.6918212647424, 163.46510088320528, 167.18421008503353, 128.4867778971595, 152.3117108012353, 148.21676374433883, 153.65300484070954, 160.9679948204631, 145.56435812597834, 162.89451813024385, 167.00046285352016, 121.67923488224741, 148.76892159832744, 148.7842601515618, 153.8145554320532, 162.01644105573922, 140.9988431929459, 162.19771428907396, 165.64602192228, 123.73202445129752, 146.89520863666684, 147.14843712955533, 152.58016578464918, 161.61714244226974, 138.7957127522743, 161.41811184099043, 162.96855521274867], "src_path": "/Users/hagardolev/Documents/Computer-Science/Third_year/sara_guidance/db_3d_models/db/6/m664/m664.off", "name": "m664"}