{"fourier_z": [110.82527090316846, 155.53397615029655, 168.10110477430243, 174.11935251907735, 176.84446350210774, 177.20569841020296, 175.49062700434177, 171.69451878830597, 147.4216918978386, 158.53254614557417, 166.1282077453708, 170.8292700303732, 173.35676967143843, 174.02367434398568, 172.95469967963368, 170.22952784721952, 142.80336402705433, 151.30158046334492, 157.88933408738157, 162.25184656973357, 164.78256204067094, 165.89115121599468, 166.00943655309632, 165.5599137036128, 136.28078413757459, 149.59713628643857, 159.61406214332965, 165.39409105456213, 168.2527241591157, 169.00070031376214, 168.2130076428116, 166.28131453305102, 127.96588832881002, 143.34594665961856, 153.60700121861996, 159.6576558364143, 163.73084053317183, 167.03580128568373, 169.69613696828716, 171.13277846734326, 155.25727521127047, 154.03641994103546, 150.5648626447763, 148.01747057739442, 154.28702514550298, 163.09520755304686, 169.2149980871166, 172.34282609725057, 158.28748006778383, 161.63935625454783, 162.8338238768245, 163.03783806257346, 163.21869699246412, 163.79770389349358, 164.474457625532, 164.5631215755124, 150.32227556372655, 151.18956650813124, 152.91963424260894, 153.77555629021623, 154.12487653347983, 154.58644913791335, 155.18302319026847, 155.41863569659114], "fourier_x": [169.7140504864973, 160.97684268185571, 161.33406480003273, 169.2185300314859, 153.20218313608402, 142.24310173136212, 166.85896683146282, 172.51926597869638, 171.5536778058401, 163.07151990211477, 155.3264447424816, 148.77101701968425, 162.8484439583986, 158.29027429289428, 160.3129391307789, 158.2310558552913, 151.97710457379054, 157.48968561634916, 168.67053872175845, 151.50366202636934, 150.02769436229514, 156.0838565873539, 175.9484333731084, 174.5223201914838, 153.820631131651, 136.56526224269106, 161.14147841900902, 167.8776500372474, 160.96868759898584, 158.20663415203256, 170.27606752473855, 170.07110802359358, 166.91328393781387, 167.97878661049293, 167.62492016930184, 158.32777339643337, 158.22852141085176, 161.82186381563798, 151.84779615842908, 161.98176038261522, 164.45240536203835, 175.39437216890477, 169.2580818402706, 165.30729624694368, 170.85624011385872, 171.26572339514652, 169.4691134121876, 166.8507743445066, 161.57956336639404, 161.63545021483017, 170.26870305265498, 171.9101526834114, 167.70940430533557, 175.8021203423814, 174.98085634297865, 120.73926532338747, 176.37533638241808, 177.20531856448756, 174.97429026237904, 170.19235775522517, 165.61490638495212, 132.0796731448971, 150.5053219375571, 161.27420493074428], "fourier_y": [124.68821451436746, 124.7406417620171, 124.88462481481264, 125.2241234362137, 126.28419797829068, 128.86655634182472, 132.95659532571503, 137.42234210495968, 150.85747144759927, 148.2137298884411, 143.64561027017578, 137.34598024948832, 130.4372284549798, 126.23228984051623, 127.648584263749, 132.91536360331534, 155.10739850858377, 153.92720434619972, 151.9295838104042, 149.12566445540068, 145.07574846707502, 138.84795322216775, 130.97040862987657, 133.48680846777302, 153.89967962759852, 150.63562064453686, 146.19537711291267, 142.8235775043055, 142.5128156570823, 143.3761156622551, 142.90002311847812, 139.9903129059051, 155.1836499506449, 152.9416297757837, 149.49504110487297, 146.43567902955544, 146.504314177047, 149.64452538035462, 153.24523805937898, 155.93666410948816, 153.13735773820298, 152.4779487554499, 150.21246540587222, 145.70481623793714, 137.44971558380513, 122.94307644204736, 128.3990312303194, 142.47574272339935, 143.51778277503087, 142.2437547352514, 141.69720528080268, 141.37384155566966, 140.82899275256202, 139.66455316886598, 137.5725294825582, 135.21076956142016, 153.1361999274574, 155.51657698406666, 156.40495344707455, 155.7823188165161, 153.566456615657, 149.58558449265877, 143.5542389125899, 135.11009427302895], "src_path": "/Users/hagardolev/Documents/Computer-Science/Third_year/sara_guidance/db_3d_models/db/6/m665/m665.off", "name": "m665"}