{"fourier_z": [154.7697624498929, 162.6406227216032, 167.74519881100838, 157.8222674828336, 173.1070947983829, 185.53606816617946, 181.3538977154174, 160.04823825741386, 173.21338999784467, 164.67505028554143, 160.04943515234925, 174.6169070823991, 183.5094665224233, 181.2198306744753, 165.79009403756433, 178.28214136382374, 171.90025318963475, 171.43022720329256, 175.10362999755816, 172.63233161668794, 162.85509183977587, 106.52621148272726, 166.97098246451884, 174.44118731604908, 170.0497169068964, 175.4452249212588, 168.61153099611855, 155.99975778762345, 162.3776429994243, 163.80756121971365, 162.49211398711682, 163.6052354759749, 153.2574278549633, 156.8910851979852, 169.75437005425567, 172.67734861945738, 172.0142275234852, 159.05699185929086, 167.5655064044848, 164.4991698373711, 174.9990112705898, 178.3706147356059, 175.31416737605835, 177.58280265679014, 177.83607027651493, 177.99605173404967, 181.0162440424078, 173.09369005794449, 187.33253482049383, 182.06159101691463, 182.3483931248846, 181.2942615925472, 176.5527521247418, 178.0690767286036, 179.22794581794437, 169.89389044640018, 176.72954291221387, 181.31992149651444, 177.7098901785874, 156.86232215430329, 154.03507119383292, 146.47005977857935, 156.99446286179582, 114.06028635552302], "fourier_x": [124.68821451436742, 123.60271279639349, 121.29580278618127, 122.10879901981696, 128.67300073575106, 136.32452087817882, 142.6500166820469, 147.48134499802993, 150.0774245591701, 153.5286276412028, 155.48859802930855, 156.2043158883281, 155.74658640723908, 154.0529004042549, 150.9027037277369, 145.80284721206482, 157.5267544185331, 158.5336120158325, 159.19234148145338, 159.4738614434949, 159.31215966411568, 158.61059116728268, 157.23870789264495, 155.01460793487806, 154.2833012379949, 153.1987476011501, 151.5216056127229, 149.60640518758456, 148.0362716969376, 147.47068600423685, 148.11581440613506, 149.4870147045542, 139.95402396326665, 141.20757112720003, 143.98233517480452, 146.56731833696583, 148.46486731699432, 149.6614517053662, 150.25219246053663, 150.33706811636358, 150.92449520522115, 149.6847137964504, 149.94275932865304, 151.3263935497021, 153.05982196494804, 154.60526885533432, 155.72335934380317, 156.32517931426315, 161.44276608112943, 162.41231753386953, 162.47596706710658, 161.82066921669434, 160.61132900261043, 159.00229306591794, 157.13372390226021, 155.11652821980897, 143.09072972012154, 148.19043551361074, 150.94024523121806, 152.13123988561853, 152.23558316706098, 151.62371161707443, 150.6354396744968, 149.55917034931372], "fourier_y": [132.79751667653073, 132.8629809249768, 133.05342629050818, 133.352103324416, 133.73433225336737, 134.17117573711872, 134.63288442991964, 135.09145342268144, 127.12496904187354, 128.61004748176478, 129.79204686338895, 130.70933767599806, 131.396224002498, 131.88304827279524, 132.1955948334441, 132.35385604763155, 132.93822402358478, 132.6649958388606, 132.2480805188495, 131.65713757630246, 130.8650292350348, 129.8529611711686, 128.6171405810333, 127.17885927560081, 112.24191069847747, 117.7626262400645, 122.51430010633776, 126.25735965482974, 129.1815914982794, 131.49229492306515, 133.35736035860504, 134.9098570731856, 125.99455502123534, 125.82111010057629, 125.89207291816743, 126.0362415477559, 126.09523322011079, 125.95595410041989, 125.55862404646865, 124.89757995133287, 144.17842876163286, 145.01296256043256, 145.59301367013634, 145.940353649336, 146.08162848976914, 146.04905737247145, 145.880478296007, 145.6179880933913, 133.73235536779893, 135.32200925598153, 136.48430712509585, 137.20634753022736, 137.47545289505067, 137.27603914864653, 136.58722297641464, 135.38124818639153, 125.60845700014312, 120.3599624282444, 113.73682903420651, 105.10514306711653, 93.44190600164654, 80.96523425669852, 83.90633419740044, 90.32840137343851], "src_path": "/Users/hagardolev/Documents/Computer-Science/Third_year/sara_guidance/db_3d_models/db/6/m669/m669.off", "name": "m669"}