{"fourier_z": [132.79751667653073, 158.63697853113425, 164.63268364505936, 175.33778426970227, 148.25406195281215, 154.63105390802954, 167.6064509403119, 138.2724889835814, 138.7308579908447, 156.9203108045789, 163.4349496618541, 173.09871737386163, 153.06121485698327, 161.2138951741847, 162.58615328615494, 146.07276222191624, 140.92726409370388, 154.8618707996297, 161.78406992770186, 169.18253094550022, 162.32545673215841, 164.07219722466306, 152.72778960871992, 152.05082882005138, 135.4897365506105, 147.9345877427234, 163.64035699396578, 164.63967666433706, 168.64899878402008, 162.81885619406225, 147.67763182496674, 156.52605596869404, 141.79522616340975, 142.51722965506906, 168.21613384845077, 160.0401236637772, 170.40466369753446, 157.8974440763189, 143.1746056895051, 156.3999557207558, 151.82361465215783, 152.61636548704058, 171.03508225708296, 156.60794575272365, 167.69566348449126, 149.4734880895618, 116.52823712719223, 153.21050587290574, 154.67743215737804, 161.13771039381177, 171.15158897592283, 158.39305738609954, 161.56788581590922, 135.80236768700277, 134.81486011235944, 155.4776790858057, 151.1150545606763, 166.27123239902562, 169.59192635364062, 163.6483070969236, 155.37042057593698, 118.88491236833842, 141.11394674530706, 159.3854792762516], "fourier_x": [146.66046028772962, 123.20935285005255, 131.4061716194181, 152.73113917433545, 142.17088861212244, 138.46142023144017, 126.48448431512392, 153.33764630531678, 146.7173681114432, 130.4025754255978, 135.05045544317713, 152.86101181799316, 143.53902226839205, 129.4363546512194, 121.14226514133742, 152.0402029100515, 146.82758451333603, 135.2821142665162, 138.13211473792737, 151.83079175912405, 144.74280790296615, 122.56637415532138, 125.22793273057106, 149.93455277476355, 146.83460496749814, 138.12372110743624, 140.24675033172468, 149.63175951899163, 145.48405703454964, 122.70816589752238, 128.99871017380994, 147.38990456834412, 146.53651374518194, 139.10203629969942, 141.26794994009308, 146.22608445432041, 145.51100026496667, 123.37087328719696, 129.29543635721046, 145.41261752196942, 145.72056179867369, 138.1183185926994, 141.1532280078887, 141.55544130925605, 144.70578873889266, 120.73702518987147, 125.2952808619167, 145.20995897830977, 144.1632719620845, 134.67944468171905, 139.8682408692584, 135.56653203610978, 143.16082807790673, 119.1802495003624, 114.24458776996231, 146.60585889972475, 141.5956213132233, 127.39970672051193, 137.4079800984651, 128.28225864398505, 141.32428542306246, 128.35139151380687, 107.06963869606533, 148.1812475472573], "fourier_y": [143.01402915185054, 125.34581433808438, 137.45680706888007, 141.2563221478664, 142.80334440472552, 129.66646176561196, 138.33579123621004, 107.79621241019322, 142.9770913135507, 127.35029139742986, 137.17603714190818, 141.8489997143856, 143.15176387155412, 128.89872342474408, 138.18844726710938, 110.88802770379742, 142.86568612112174, 129.23943480078725, 136.7422267349648, 142.50438798256033, 143.53364289828468, 128.21300874340335, 137.9338763941023, 113.93829237573286, 142.67802919718574, 130.92297440350433, 136.15529659341996, 143.19873402778487, 143.94115254551923, 127.60844477689392, 137.56819456649114, 116.8942819999757, 142.41111415676107, 132.36913499840583, 135.41674436453377, 143.90960601094972, 144.36585406129043, 127.07819904051158, 137.08711391437356, 119.72188065692272, 142.0606594720199, 133.5733163273444, 134.53153650244002, 144.6169761622279, 144.79897527872868, 126.61052598203082, 136.48617295074246, 122.4008385572754, 141.6210249093506, 134.54200663194507, 133.51117468849193, 145.30370383179263, 145.23171256960376, 126.1903387059941, 135.7611605005248, 124.92048914797904, 141.08508792892115, 135.28513021580585, 132.37851711307061, 145.95558224674048, 145.65551885691943, 125.800937603394, 134.90885687460352, 127.27645113668339], "src_path": "/Users/hagardolev/Documents/Computer-Science/Third_year/sara_guidance/db_3d_models/db/6/m670/m670.off", "name": "m670"}