{"fourier_z": [158.78317635913592, 157.44472936812377, 155.17769205652624, 158.4813499563647, 166.51167192808197, 173.17333953491902, 177.13422911502622, 178.41194420232318, 164.15355629536108, 163.56418876789803, 164.54128573701624, 164.2527284710884, 160.94465418207625, 153.995539850925, 152.6039571361381, 162.5398988850567, 172.07519102957406, 166.23343525096683, 163.07847644886266, 165.61116640871933, 169.19533183252494, 170.71459377700901, 169.599098407584, 166.51596732482471, 175.08753949671754, 172.9513424602597, 169.8871821020005, 168.1321203816517, 170.35693267623407, 174.53440726548303, 177.52615728811185, 178.0460914449139, 159.56882419349998, 159.81971190025342, 161.0304622305425, 163.49518545523284, 167.69146239183976, 172.71284594814088, 177.04917187737533, 179.74570289409144, 160.7745268907605, 146.24521100761416, 144.09421308193976, 154.93031504745807, 160.40259606398422, 162.77220356308578, 164.10794891165554, 165.84965324819808, 167.37066716788348, 159.08901785234275, 148.08811410229558, 134.79167270975927, 140.307427667494, 152.28524034308322, 159.00543311750502, 161.292581074547, 166.24910145923425, 162.66376379601425, 157.01312148205855, 149.85585532830115, 152.29106879838685, 161.76661583062855, 168.3883363295966, 171.6416593964994], "fourier_x": [124.68821451436742, 128.1666315694194, 133.91171977487178, 138.28332734758578, 140.8238837264887, 141.57767831349506, 140.43504750100308, 136.92672822727425, 157.4941713469987, 161.17683823850766, 163.29267894518165, 164.16783863797514, 164.07169861341615, 163.26847140460754, 162.0108323357384, 160.42584154714046, 147.34392438313947, 151.6254240079822, 154.13254708628693, 155.18418941793402, 154.90230068008935, 153.29813866088966, 150.3758253155464, 146.31712355082638, 158.55131620231322, 157.96901103392057, 156.28626945985295, 153.69907358173487, 150.19595094971888, 145.45179388645377, 138.72271239678528, 128.61432480863746, 145.9752316215398, 145.9323818355, 146.67288834379465, 148.70897326515, 150.41399827534704, 150.40288531480329, 148.06946169881704, 143.41841325465535, 152.50763151620765, 144.3542714425284, 122.6530903830286, 127.50825975896899, 145.6363456676115, 152.62807756795348, 154.8937792968536, 153.87742217205235, 163.80509825934632, 163.41329675209894, 161.49883567816045, 158.15082482296296, 153.52666491928017, 147.99408326609793, 142.30439445796202, 138.0326978697634, 152.34385179771277, 149.19609922380434, 142.80807183453163, 130.6140207138742, 101.1056172564234, 123.71073388582198, 135.9429675560616, 141.55653584507556], "fourier_y": [110.82527090316856, 110.92634766680477, 111.2296003618212, 111.73424406959708, 112.43648694868254, 113.326920134192, 114.38863391727473, 115.59688983467134, 132.1370219400831, 131.58844734878247, 130.94061765335996, 130.15740977982125, 129.1974236555188, 128.0122912228559, 126.54376145473022, 124.71904519958457, 109.18907927321658, 111.10842662630331, 112.82717407565, 114.20222334833751, 115.12902106093472, 115.52026826488323, 115.28174846750255, 114.2838871900731, 127.50429318407546, 127.42630415537342, 127.97886965945938, 129.03098779267873, 130.37683500703622, 131.82322819353868, 133.23131123577346, 134.51770828480133, 125.85941775076742, 126.97019079732515, 128.45881788455807, 130.1664995833809, 131.958892785456, 133.74100319646647, 135.4534423676789, 137.0627319054512, 132.44650207203793, 132.72979661821154, 132.922036954136, 132.9949545017412, 132.92148796815349, 132.67495731775173, 132.2279910354714, 131.55119098279994, 135.05680439256776, 137.044531309041, 138.70755269445615, 140.0623480442716, 141.12062943717763, 141.88923276136072, 142.36997147203888, 142.55926303696242, 134.84948045482145, 133.12562290340415, 131.7560348163538, 130.9514923189246, 130.81789905505715, 131.29098451048554, 132.17706904366761, 133.25454224044066], "src_path": "/Users/hagardolev/Documents/Computer-Science/Third_year/sara_guidance/db_3d_models/db/6/m671/m671.off", "name": "m671"}