{"fourier_z": [124.6882145143674, 145.48202157655464, 137.29941539855733, 134.9338983160904, 141.91510339504265, 120.58315735243475, 134.6641555987407, 130.63327289031588, 117.50844931489692, 146.31978831912812, 140.7511687255461, 138.52424964507867, 144.37862407529036, 126.79511828941743, 141.73143550162064, 142.2350069150473, 81.84068665676917, 143.9160920410557, 135.70848443993003, 135.04569725453058, 140.63113948063977, 125.29087633390346, 143.56271504109907, 148.48305044188834, 128.34987027206037, 145.4548688100563, 122.79919479569989, 138.72263155976228, 127.6615223936018, 122.46455926276954, 140.03600016122024, 148.947974105813, 140.5547945748227, 153.00687580895882, 137.32326820580002, 149.39202237499984, 123.63223513463379, 125.4433843191641, 132.39032162109038, 144.68462663462407, 145.33159226009934, 158.8822357101102, 148.0647245212047, 155.62063781232072, 139.2195696638854, 129.1237811788073, 139.65225975085045, 145.0691080843966, 145.02340001876598, 161.2270633296842, 151.3442714077056, 157.10549465721488, 145.67483799481346, 133.25746479777334, 151.2766720127775, 154.49573167326642, 139.21504793393248, 160.16934917504383, 148.74457250523167, 154.03969939478986, 147.34980632465815, 139.32065676492846, 157.70126465410084, 161.16815684245026], "fourier_x": [171.71571965763695, 160.7484105202141, 158.511143997291, 168.42744228614663, 163.07264312867267, 167.11657559651795, 161.55865817627105, 174.89326673842618, 170.21978145126738, 158.77700073127252, 163.0067056913002, 169.99283570474142, 159.01815519641434, 162.4963084566644, 152.8441592486508, 172.39988049314815, 165.00537522237647, 150.87391527163925, 161.30057551430954, 167.8021585515475, 153.04074684815072, 158.5905326969021, 139.9850932384757, 168.5990678004526, 153.34899266207066, 127.54388193628944, 153.40189800988807, 160.81905564125242, 147.5893185233542, 156.97969871420378, 132.15215390698336, 163.74443572334937, 123.16937988122535, 148.79097630979606, 147.02182498047128, 147.26879352125707, 149.73875892687605, 154.8299183535653, 125.6213825284179, 159.20628224468018, 136.3346245387579, 159.7980881503147, 152.98675202379766, 134.29691745509876, 155.89896218985004, 153.22458682172316, 134.80880001403276, 157.2709048097351, 145.20833314038921, 162.69236423323915, 157.18054796566327, 146.96526737241345, 162.29427349519054, 160.33548430600692, 154.75798754558286, 159.1514781288234, 147.78432832573708, 162.0502799784417, 159.8181279057944, 155.31104502392083, 167.07659282776348, 168.02256783128917, 164.3492688561143, 162.91606487601376], "fourier_y": [110.82527090316856, 132.39812059416914, 116.12026702216656, 128.77327965602947, 123.46699432449206, 120.47426419648079, 127.84247019158983, 122.97718534841957, 114.3687166456997, 129.78081376721127, 115.66276856007862, 126.77546875090583, 122.11230873136024, 119.90808843278488, 123.75834337730369, 125.60450104346103, 120.4621165311934, 126.365963012638, 115.54058882035314, 124.03638560087632, 121.33898299458198, 121.91657486284215, 120.53369989714798, 127.80515676372798, 125.55924567702611, 121.68588174931963, 115.59849497389084, 120.12567903875693, 121.42220753391013, 125.3757724359956, 119.65276057019899, 129.64204745182298, 129.27193884066506, 114.73988729363921, 115.6502646231636, 114.2351372363143, 122.47122199632692, 129.13818771920322, 121.17146287606836, 131.240409890049, 131.79010325736067, 102.70814250955951, 115.52280946443983, 104.71441246964773, 124.36438556837143, 132.69134141689293, 123.6571343832012, 132.7298686087986, 133.2913981865222, 80.85647638772456, 115.08026959889465, 94.02155467055023, 126.82358754887113, 135.90529556860375, 126.03231799977705, 134.214075267032, 133.88044994320984, 103.88988080434771, 114.23792256616832, 106.21359639051829, 129.54785285831574, 138.79234543525052, 127.9392653486816, 135.7534064858373], "src_path": "/Users/hagardolev/Documents/Computer-Science/Third_year/sara_guidance/db_3d_models/db/6/m675/m675.off", "name": "m675"}