{"fourier_z": [124.6882145143674, 143.54792848050403, 154.07861156441822, 158.30233214617718, 158.9423117223812, 157.1312798553375, 153.57825641614718, 148.83285433132346, 151.6825194251859, 161.9746392111523, 168.4970167893417, 171.43358041781153, 171.72304597199482, 169.89924721468122, 166.25068711998384, 160.78572073178498, 166.09209714291762, 165.87463373866018, 164.5639418978567, 161.09889525750435, 154.53238555392505, 143.8998734128723, 135.85670539142623, 144.5521265323165, 149.54561328064958, 153.7591432533562, 157.84474757998257, 161.06712607807552, 163.77909068222465, 166.10593392358297, 167.82120193575182, 168.592348244436, 161.49348983908826, 161.79166864167843, 160.14110096636657, 156.9316536847894, 153.70597568447408, 153.45926064289284, 157.04300827771831, 161.6665801764307, 135.10574834326658, 141.85621391088398, 149.51348193302917, 155.18268314307886, 157.594612670354, 155.74348797795378, 147.00192730465076, 120.06313426681261, 167.1294133296285, 168.1942581010731, 167.38673136212782, 164.64364559103296, 159.44993490197214, 149.72551244144148, 122.8952498350244, 136.41109916875084, 168.0329543697968, 166.44485836062512, 160.7389198424592, 147.80764131574085, 133.43574730033166, 151.38812798025506, 158.99208471326014, 160.46313660165552], "fourier_x": [167.48953778429285, 167.64706991442438, 167.82245291881787, 167.30869401733062, 165.25663095555828, 160.65116353369564, 151.7184024942769, 132.37727530008266, 161.68243721775474, 161.66962085708673, 161.51899461147445, 160.26537637940646, 157.18377929933564, 152.49514791060713, 149.68059039051673, 152.14330278565365, 163.9257187978076, 164.78940059418747, 164.41868985068277, 162.59048948861226, 159.6904116965729, 157.44602114819497, 157.60051096643704, 158.6496415073128, 156.62059079292052, 153.86372028157695, 147.17992886142926, 138.25667790718853, 147.5036289272025, 157.85494513314393, 163.0688539373945, 164.38009089778285, 121.46331457635736, 123.01215682214065, 137.10513524657705, 150.36337304141472, 158.771755284248, 163.161170800108, 164.0690152625815, 161.66055718874983, 141.48001139210336, 143.74708838368883, 143.59943816977145, 142.3953636635986, 141.22428104191954, 138.92124332593542, 138.69548454034464, 148.15836426177017, 144.61005056213367, 149.2964150086333, 150.92818906769105, 148.79338330042307, 140.49070308333245, 130.84259456413807, 148.8027907879844, 160.1599277628289, 142.69649549089095, 153.4559195753895, 158.3405705390874, 158.5816887883062, 154.13447384448313, 147.45493848554946, 152.62710974976076, 161.10104559719016], "fourier_y": [-570.8492888384704, 117.23138164666238, 130.88722779295225, 138.6497866199053, 143.91461281731128, 147.7430869274617, 150.60482329262226, 152.7467491783677, 130.7999971937587, 129.00915639314994, 127.02997624570004, 124.93842142124069, 122.85409052050846, 120.9436374080009, 119.39779185651743, 118.37175670307006, 111.21674337627431, 119.26072894620165, 125.01071049900033, 129.38724929017886, 132.8529958833079, 135.66438799740547, 137.97651380023592, 139.88965406920036, 115.68509689903274, 126.11109244408182, 132.72146508786426, 137.39642918604227, 140.8755663775167, 143.51975320031687, 145.52957603994815, 147.0259549606166, 135.37291472027226, 134.8709012267165, 134.36437186366726, 133.88580520660236, 133.46325554139167, 133.115398199631, 132.84762218370884, 132.65056897328571, 140.87311386404107, 137.68552390548618, 134.53873298964032, 131.99781966831844, 130.78954623426395, 131.20882051809454, 132.7762739196569, 134.7571675505763, 135.68014696244944, 137.27190040064846, 138.65967744790686, 139.8246223146, 140.7537149957593, 141.4364201621617, 141.8623311680607, 142.01933909256812, 122.46567349493412, 110.59833597148739, 88.6914211027121, 104.59727813242912, 118.24789133552669, 126.00679529621083, 131.14669343420564, 134.7819618477281], "src_path": "/Users/hagardolev/Documents/Computer-Science/Third_year/sara_guidance/db_3d_models/db/6/m679/m679.off", "name": "m679"}