{"fourier_z": [175.20278740053254, 166.61757311459698, 167.94457940074375, 150.4333159426811, 162.3665100322417, 172.4737803188779, 155.84106945041555, 177.71917004634196, 169.4249226691176, 161.15067680126737, 171.4174481962922, 161.04214133127672, 136.5755956892266, 166.10952137270883, 142.37856094482, 172.65684569422882, 150.53932519578706, 135.03293007336836, 168.23553398641172, 174.06334920995246, 167.06321871392015, 172.69233945986616, 135.52228150956168, 168.22485240572672, 140.24383457126075, 166.61022523039023, 157.28055646799834, 173.79021211191974, 173.06580039398096, 175.95794982600694, 147.61791228563757, 170.94537111776506, 144.65488451029987, 168.53902350990973, 140.9509907369191, 165.61760834636243, 167.33445843329304, 171.31950120672428, 142.6857533557341, 170.51307208379194, 164.81729416352778, 165.54875189712402, 153.5097504213886, 164.0482562755073, 161.66918755774645, 161.32589184049166, 137.33763285458156, 164.63566841558344, 167.11384701656854, 172.9189367329676, 142.26938729163783, 165.62156910006104, 164.7696472696906, 157.6817658423817, 147.07155314795813, 159.34112989127155, 149.4861703785642, 176.36978741374702, 155.2164865102112, 161.3502819855037, 155.86175108886306, 167.1617850966424, 145.729341327535, 161.97415976564625], "fourier_x": [110.82527090316856, 110.47893912130688, 109.5408036623169, 108.40052942564898, 107.90464004051194, 109.08283066154739, 112.09291506965789, 116.03953050971172, 125.48918996416411, 125.8876136460532, 125.81239954595155, 125.310536490385, 124.42805036023982, 123.2170979579724, 121.74533206694147, 120.10793501540057, 126.41784833696192, 125.38841494427238, 123.96786862302073, 122.32741707518029, 120.79218611848262, 119.85395019446028, 119.97005598455351, 121.19855969320348, 107.97446352259699, 107.9790376910293, 108.2998956957053, 108.89359652125773, 109.91378213188271, 111.53227141001548, 113.7610620560242, 116.41814083985862, 113.97412117786546, 114.33756503194935, 115.75728266522651, 117.78324965791754, 119.99346962535063, 122.1177828708048, 124.01456305180724, 125.61757284218106, 126.63599802264558, 126.78152572686734, 127.07541126768606, 127.40411444470814, 127.68870627160149, 127.88806517914455, 127.99413796156158, 128.02503846031232, 131.34451991841973, 132.82327927341467, 133.7866697601483, 134.19608837192456, 134.03001852953383, 133.261406838811, 131.8454128394674, 129.71080887997343, 124.11501652666793, 124.3299764746607, 123.78339144610251, 122.40833564367782, 120.1107602922321, 116.80660926484609, 112.65807351935135, 109.01020006316716], "fourier_y": [143.01402915185054, 141.56296110410833, 136.78000622870474, 128.01072887617596, 127.14675525246798, 139.7228246027637, 149.09577525956246, 155.15167043126777, 146.18481157083917, 146.35370477500337, 144.98851464249742, 143.36324441771234, 143.46923791309501, 145.91877224878507, 149.1249656542629, 151.75480452912274, 151.44318444762158, 157.17750391461036, 160.3787269135721, 161.66793957759546, 161.2915286478892, 159.28568562443323, 155.50120858395752, 149.54578923839188, 153.13894701589214, 153.57285256923407, 154.3669989348424, 155.383218194336, 156.2047322286682, 156.3845411161933, 155.56231301748, 153.42774635960203, 142.35294249529366, 146.3693055485373, 149.01708231753761, 149.74366703258494, 148.7887909008564, 146.54857885344265, 143.72994392023713, 141.5070532599875, 132.32808246523757, 129.91821769688616, 137.17413231492753, 143.60384286420577, 147.4511103755949, 149.13689753427485, 148.93389096156343, 146.90084036794633, 157.46635758440024, 156.44935264435892, 153.8437119653293, 149.20692122727493, 141.5942891442966, 129.41264634051197, 123.0825764436, 134.12534044733158, 157.036799468034, 157.78653521541747, 157.27598561844022, 155.2570481567741, 151.2335619069629, 144.08868282274318, 130.41469524580262, 106.4433818985203], "src_path": "/Users/hagardolev/Documents/Computer-Science/Third_year/sara_guidance/db_3d_models/db/6/m683/m683.off", "name": "m683"}