{"fourier_z": [149.74347388427478, 141.74765312147235, 150.4905677093607, 164.10493347515953, 153.4604776455934, 159.6627977528397, 156.1542368957176, 121.66514708637975, 150.64459448665102, 147.1885161332743, 137.75890662933068, 163.594686310391, 156.24865364649847, 154.40495770844547, 150.31532942201923, 123.7961725484875, 152.75146394997205, 150.64866696459228, 135.18444302248767, 160.98391095492477, 158.6609078389767, 154.46682039492575, 154.71088501252638, 148.80743134745683, 154.98234204256937, 151.9742073555475, 150.6741469931794, 159.20671802943286, 161.24387218975303, 148.32455349460565, 153.91755528238755, 151.20582158027543, 156.59595964447777, 148.11932562788658, 155.11498234822344, 158.94883646515427, 166.36795296049115, 135.28949827780343, 152.7434985220978, 159.9071191894718, 157.28254705442933, 141.4048386815657, 159.7713963231098, 154.46367296515388, 166.97427127919178, 130.44855597806685, 156.50209383139102, 163.66507312145615, 157.00878020810205, 125.04264290724613, 161.7908529650596, 153.51039295864047, 169.47063948485032, 117.37011066542935, 150.55302606449067, 162.75103604954265, 155.87994777769433, 118.1777818260941, 163.65210499285848, 147.37784233210985, 169.29970202462346, 135.5218787199629, 151.98378814523454, 166.86877574644177], "fourier_x": [163.6064174954737, 162.5974790711477, 147.4672399176872, 141.16775284252316, 149.5803691780572, 140.93703384464732, 147.61970566085174, 89.87366428039655, 154.91745872039607, 147.70703393894817, 140.50887418108334, 138.45558877081083, 106.1495147242831, 131.4964855084054, 120.01968633739236, 142.03646416031577, 136.15417038151466, 141.91537810105882, 142.0242191137493, 101.9767727177438, 136.07360427753255, 137.03610042069113, 122.3217027751977, 143.9008469047239, 115.40519393846208, 124.01905390575776, 136.86275788763567, 127.69609085710252, 147.90840175813707, 143.7553409619918, 133.87188309378368, 134.65176474389847, 130.5954616996667, 134.23400504151945, 143.69259536998615, 148.7672518193604, 152.15067783998288, 133.15657325409427, 116.28974615027929, 137.67241258686764, 134.5517676341476, 150.7286357762185, 149.38615927665953, 149.2917117911345, 131.9606990771214, 134.83073014618466, 144.01831527443915, 157.1333482009801, 155.44517480225278, 152.78919409555556, 142.6888603965729, 129.91707687835796, 133.91889050853817, 148.9450806471968, 154.13576979440342, 163.66281182420178, 150.9639499282832, 140.52591286634072, 120.94974985977498, 115.0058893397619, 137.36722901590116, 147.18605728332574, 156.512158426811, 163.4950189791091], "fourier_y": [152.41410173676525, 155.36078331361375, 138.73775793233025, 97.21766200285239, 134.94180024392608, 141.62107617394207, 134.92137778585627, 139.18904939691063, 148.36242035319898, 155.54301572423606, 139.98742535513964, 100.67776186729843, 140.36389923568436, 141.89694310278776, 132.73179682504156, 139.8372950572433, 138.93587272234163, 150.15879632731605, 141.72210436644067, 107.86273764257517, 138.6205021061554, 135.72440155863143, 119.62312596970693, 143.47505942843503, 140.9454268478139, 136.8431056622916, 142.55436276769902, 116.5652755088777, 131.91054350160206, 117.44738112621634, 100.95954147880707, 149.22690830456443, 141.5928279982829, 115.3094170976029, 142.2745840889563, 122.04342947291848, 128.57790951693534, 104.09108863282931, 129.4082650068265, 152.706295489559, 126.13288649636462, 116.34046012191993, 138.99486987993458, 122.56900790572396, 136.1904685860186, 125.26039754670302, 136.97221889772624, 153.00769947613895, 120.80010832046449, 133.94482581991738, 138.57430305841828, 127.51539269375611, 145.6075578715863, 139.77427035130427, 141.7350739906105, 151.58050623595625, 139.7410212922935, 145.16081355677446, 145.6273743751963, 130.25990944671327, 151.50992248390074, 149.97426834771122, 147.1568019191794, 150.75112401005913], "src_path": "/Users/hagardolev/Documents/Computer-Science/Third_year/sara_guidance/db_3d_models/db/6/m684/m684.off", "name": "m684"}