{"fourier_z": [172.64611997033484, 160.74598631413747, 139.28564312460972, 162.69731344979238, 151.9453491017428, 171.05891573765007, 170.04705845895668, 154.7713791184057, 168.51381672888974, 166.4216950669059, 165.1394619538428, 168.65427142090988, 149.75228315246216, 156.47308150322283, 172.29770892639633, 163.11743394849748, 172.10006672891254, 171.50799712765087, 165.5896324552415, 166.05675727080563, 159.69975953856448, 159.90171625506304, 170.8349556429405, 160.26512896481745, 167.8121229078923, 171.2181079645268, 163.37432410343737, 165.37060073636977, 161.38186727588706, 172.46015821327546, 167.56467529538372, 156.27790975302227, 167.3796023723369, 164.02090950685943, 166.7399624473365, 174.3127201836015, 71.32088016446491, 164.91574939561258, 163.51199683771935, 141.91093095339303, 160.67150306448167, 173.76459939991616, 170.77951173936606, 166.79868494020639, 128.4378748398331, 170.79994941431565, 138.46546274730997, 116.04723070021514, 172.0513955734458, 162.67643246699282, 158.76898016739293, 168.6895033177652, 142.3360105867681, 166.04109822271062, 138.2955277928765, 156.17567041724993, 167.78617126881852, 144.82405161620744, 155.42069584450664, 166.79379688625164, 154.94370121253877, 164.15153126028756, 151.44703134316077, 165.67404605108905], "fourier_x": [146.66046028772962, 164.18826812632457, 174.88568890702334, 179.4836594020298, 180.23521609566683, 177.6071225292722, 171.45976904168873, 164.67393060486157, 175.08800473914323, 175.03708252579716, 173.21319549829815, 169.423799005629, 163.33601709461956, 154.55262520230428, 144.06943838893218, 139.6898072009755, 180.8799607065368, 180.52429424742814, 178.05959538978033, 173.79441730254572, 170.00162681117666, 171.41270695493245, 176.2479030178606, 180.22344287292654, 175.9698371705896, 177.97935836566253, 178.0448756490914, 176.15551178235177, 172.08146944401852, 165.2785046904367, 154.6799476053701, 140.29686030959274, 114.7403616050034, 125.51929164516311, 143.0527803150852, 150.1380058504969, 153.08641773035643, 155.3290832024468, 160.58202067402112, 168.0916887020267, 175.30630543715415, 174.81932581996855, 170.92501578983072, 164.27547551292514, 160.21477307803087, 164.0998759757683, 168.2218471712187, 169.40960997492573, 177.09579537078642, 177.97980604439172, 177.59706326736992, 176.2037756362439, 174.25156158018308, 172.3968987511259, 171.40859936338015, 171.72731046998646, 171.98466622372803, 172.23609397677765, 174.5456978728811, 177.15112810681748, 178.3867133533998, 177.49908489769598, 173.94913964158144, 166.77894766433263], "fourier_y": [166.27704534796413, 168.11734928037737, 171.45703636010103, 173.65019808932595, 173.79210883494142, 172.03527900742571, 169.26524359753088, 166.6978531793285, 160.14814616811884, 161.2316936582498, 161.60537320014595, 161.76971099118572, 163.06548798077353, 166.19049966404575, 169.262949481033, 170.2285272141442, 156.99201082246987, 164.56573709504232, 167.8082580984105, 167.55213599067386, 165.0736472971799, 163.32852211242476, 164.2966192079896, 165.3642469275368, 166.46869411144735, 170.46017816279974, 171.636926467819, 170.33884092340514, 167.05199156347146, 162.614287393292, 158.09124087679214, 154.29763759272404, 163.28237505324066, 163.06274817213955, 162.93662685801678, 163.88004089936686, 165.49033686299086, 166.77204972924795, 167.47300580085698, 167.9827732508785, 164.23968839601937, 166.78434343815167, 168.99593602356123, 171.02625303574678, 172.874083129073, 174.4236947893782, 175.2995196665736, 174.9287502753332, 161.98092635080906, 166.73615186930573, 170.11664174025128, 171.53182049750825, 171.51472749590175, 171.00007056831095, 170.8283732113785, 171.2370392252738, 146.79284872532455, 149.41470348020343, 152.47503911357222, 159.89496558037422, 168.7537849166477, 174.82129273719593, 177.5847736576351, 177.40920374622488], "src_path": "/Users/hagardolev/Documents/Computer-Science/Third_year/sara_guidance/db_3d_models/db/0/m69/m69.off", "name": "m69"}