{"fourier_z": [110.82527090316852, 111.58632440429365, 113.30822610574126, 115.00554402435591, 116.03163325153197, 116.0979300716742, 115.11872702519135, 113.20546749622638, 118.31433296821628, 118.81171086398157, 119.46449009222361, 119.87642371237625, 119.70615395051028, 118.70721755751445, 116.73138701196741, 113.83866178545586, 133.7493423077117, 134.95707858079777, 135.91970465609424, 136.5236627301456, 136.68547321531986, 136.34580397467022, 135.46502705703998, 134.02467377969526, 143.84157399502615, 144.95348041877463, 145.84111261459788, 146.44269904131, 146.71634222843963, 146.63687628460968, 146.19429118546998, 145.394425953517, 146.1341557506803, 146.74966241550098, 147.28356656048527, 147.70794870690384, 148.00568903674295, 148.1768455263826, 148.2416178693421, 148.23883938480196, 140.0960686999429, 139.9247007802401, 139.89294263069948, 140.06730284945806, 140.48548943230958, 141.15910596973413, 142.07549716330794, 143.1962880836767, 123.74146156892107, 122.46836401391616, 121.56619338840449, 121.38913776072057, 122.20256640103744, 124.04700389802925, 126.69880874288408, 129.78787699586692, 100.35695065249094, 103.5108048055869, 105.27422051030436, 105.53360994641358, 104.38200066699497, 102.77121643479289, 103.74085999840094, 109.16837913670925], "fourier_x": [132.7975166765307, 142.62554616709545, 109.2690699751303, 119.46450349140186, 131.04883758020569, 154.75990947790524, 125.2586553023864, 143.2565204656616, 136.79696983675515, 149.47807151293634, 127.80055000104937, 134.11977290201253, 136.1091073269984, 156.0554183923905, 124.1743065306204, 142.9018642658666, 143.05842366417596, 154.1949488085296, 138.98796136252074, 142.53923157277217, 138.68288070863548, 156.5162227159788, 127.34503121554539, 138.80440585105242, 147.52195524576013, 157.07080822012978, 144.8710616519958, 147.71129496461216, 140.19980523874278, 156.17184175177601, 137.20425488604536, 128.63088994230543, 149.73864803979043, 158.26830382035948, 147.5396765636532, 150.59940490232873, 140.8942829911057, 155.04508586178113, 145.6212185100701, 97.22207060013397, 149.80276610382762, 157.77451746910748, 147.47640054151702, 151.42386114809935, 140.01548810180932, 152.93211940982732, 151.02639834925074, 116.76938997567406, 147.94906830055592, 155.47367579910696, 144.57101240100062, 150.16955756606615, 136.34792028408447, 149.38979552499458, 153.87237106327999, 130.71091458172717, 144.89132374485425, 151.1894540980654, 138.40237444962503, 146.76806403305483, 128.14600007107583, 144.04403371227644, 154.63378501786804, 135.57394681944285], "fourier_y": [146.66046028772962, 161.09154819351977, 163.57746026327197, 169.65411814738167, 178.0109130692756, 176.52675444201802, 170.13124462923426, 177.08619579568602, 164.53463999280825, 156.12681313703743, 148.11897773864803, 163.107630239748, 176.81314942959645, 176.5919396027579, 162.6647256633478, 123.11496671089209, 166.9160561218675, 177.26778140309835, 175.97018546071834, 164.00561658641575, 157.7406983383317, 160.5354882775771, 165.7959703892578, 170.58772643748566, 136.81703974542734, 152.317728243824, 145.63509496609595, 165.49895478912362, 174.28971526219615, 170.65680579113408, 153.93246815701474, 154.90518248160694, 149.54541671120268, 162.7742680531053, 158.46691353167793, 154.38807871633995, 162.50440792515172, 158.83702569571273, 146.53982928226233, 151.96386496384753, 124.38689411203485, 147.5009906514328, 146.5450448948234, 160.72837816991154, 168.66907823953753, 168.09659255168066, 160.86276976809873, 148.0256544148194, 161.35313858480754, 158.75704235174572, 148.91557438575694, 134.28622008784436, 143.95346973451055, 144.61192388379263, 138.58895327593928, 132.06744714041344, 143.05640245698078, 149.86668363463573, 140.7567534424097, 144.4829489341269, 160.22186973552186, 163.47603911753978, 157.61203966087425, 150.40229233746385], "src_path": "/Users/hagardolev/Documents/Computer-Science/Third_year/sara_guidance/db_3d_models/db/6/m691/m691.off", "name": "m691"}