{"fourier_z": [124.68821451436742, 124.80600029003517, 125.13410303359075, 125.6065452958442, 126.13922866570869, 126.6522294670865, 127.08370741066435, 127.39521613449136, 122.72166936440323, 123.5721501735111, 124.34120085578982, 124.97319929812372, 125.4178142274562, 125.63127623497094, 125.57572690117908, 125.217452179503, 130.36095874849946, 129.41591338528048, 128.4556640832603, 127.47704880584756, 126.4614527540825, 125.37447125530653, 124.1679238143276, 122.78289915759348, 101.8503042915047, 97.72984920340289, 95.97022181045543, 97.19017465539045, 99.66081821407975, 101.8501592279097, 103.18159702162511, 103.48442231693609, 98.77804671936282, 106.19717641032668, 111.5886099997064, 115.47401401267116, 118.25013145256483, 120.15668606353054, 121.3373779295849, 121.87794878163173, 133.83974577000282, 135.21345017725426, 136.45951311629676, 137.5266346261344, 138.38111072982593, 139.00186506293755, 139.37621080208672, 139.4967543069465, 118.97017361351655, 121.51037310302414, 123.64642396516712, 125.350341457861, 126.62500373473436, 127.48595609306255, 127.95495553803697, 128.0600274828817, 125.10851741485897, 123.48843073691958, 121.81284008526093, 120.18057679395183, 118.7124683290981, 117.54823867189316, 116.83317881621318, 116.68862970181875], "fourier_x": [132.79751667653073, 108.86578537525672, 129.44291107219618, 122.37447574916048, 107.45957891549459, 117.30056730718965, 110.85900424698039, 126.30160713531161, 133.4164744807179, 119.60658949495077, 126.29441462233405, 113.89486588563521, 107.70441004489481, 122.54538454358952, 113.49701927346885, 121.7012161277897, 134.99151804657825, 126.41388794442692, 123.97267948270212, 105.37461740282394, 115.44631540571376, 127.08679440310095, 118.2277762187181, 116.37433622847738, 136.95702342234782, 131.1647103913899, 123.34419565275783, 108.70872204448074, 122.29076987945678, 130.7442767783358, 122.7583814560746, 111.92357661064393, 138.855269869754, 134.5814465527712, 124.39031962925213, 117.15430807799414, 127.26238488824282, 133.58883431256754, 126.43309141400734, 111.80299905107762, 140.43359562271914, 137.01400506935929, 126.22104700468012, 123.44472339551417, 130.79369106349301, 135.72039835357057, 129.22116170571076, 115.78513310489055, 141.57870750035838, 138.65354455973673, 128.01369342297338, 127.74630131573927, 133.23331053421694, 137.22097857030394, 131.21070897276562, 120.44755134975509, 142.2455380648748, 139.61028700523835, 129.35149626270254, 130.6330713294688, 134.79474912416833, 138.1494832168973, 132.48438251312692, 124.3704367721221], "fourier_y": [152.41410173676525, 128.29751820065383, 157.23801894416545, 143.2240058517854, 136.75735388491535, 148.06362565475933, 144.5545072719092, 134.5125569456254, 155.3132244697755, 129.79718694229933, 157.3166928575717, 131.5456972906222, 152.8593489727494, 154.54515480252826, 147.10299947006223, 152.31277429895002, 141.3709138131658, 138.7619895963068, 151.3291158308266, 140.88564332688034, 167.37006514480325, 151.5293067309938, 153.44348777089178, 164.51141262329085, 156.30214705688076, 142.20243009268995, 140.23759944571788, 155.69616097889903, 159.65041335661945, 156.91196339971577, 168.01734132167815, 155.61986462215924, 163.08422396682596, 152.9823724905587, 157.34891156329132, 156.9499613723807, 151.82742325941913, 169.049910564941, 166.99496878066844, 161.9613412321998, 162.3012042846058, 158.7101479741655, 156.1771444322258, 148.36172017479302, 163.55530542405933, 159.7504275919475, 158.83640675638785, 172.40559324183278, 174.49137630223527, 171.09083602558982, 160.26925383310694, 159.88942626231477, 161.12231089187586, 161.11489209505638, 169.35776197422808, 165.25837408845143, 175.64605638824517, 168.58917202539556, 167.70398031041185, 156.42603169840572, 135.29375598449076, 156.4767066648031, 159.71741861579247, 169.21579299588865], "src_path": "/Users/hagardolev/Documents/Computer-Science/Third_year/sara_guidance/db_3d_models/db/6/m693/m693.off", "name": "m693"}