{"fourier_z": [169.71405048649734, 180.38604733352426, 148.88430878989897, 180.8115795400463, 161.0830908330264, 161.51272067355222, 155.9472433874956, 172.30083499089807, 166.72100922230982, 177.43855431841007, 154.52608764201867, 182.68691069176865, 167.36630695076033, 173.72832457340024, 151.93651583271998, 155.46949629939726, 178.43591333334004, 159.879556303652, 169.05818016180916, 178.2400107379181, 159.47998029342168, 170.28089086863474, 160.38720148790776, 167.30647482342982, 166.83295020816362, 174.43849334055724, 173.62936812476062, 177.79613852492963, 172.44027775053578, 171.6263842520664, 139.8890590886345, 168.02656716084513, 160.61352430073174, 166.64135349766207, 172.75790880457959, 175.3231028638949, 174.90365353363268, 158.88392557329053, 134.7063394927466, 169.99581942372103, 172.2465589125969, 153.99392977954088, 164.14373713211407, 173.49071929368864, 177.12799254867252, 140.98290467230836, 154.284210934746, 152.36377698717376, 163.94112881264124, 138.6493896893806, 175.2975666679953, 156.77046357054323, 169.10973050271775, 171.79899349429874, 174.73673418627615, 158.7628988940798, 159.54795504514234, 164.50531321032037, 183.845277733826, 158.66116935955617, 168.87344343427293, 167.3364120626864, 160.758031491023, 176.61705694051273], "fourier_x": [175.98720166359814, 172.3292422286428, 161.8904880895426, 151.53481640239994, 160.12793231423956, 167.81508653325443, 166.5968824937477, 163.79250825200364, 163.95917224051684, 164.7991633847908, 167.5546677559008, 155.9400659648517, 160.5293242385842, 170.03420903210667, 177.52698344017358, 179.84650032155204, 128.1864968056187, 146.9340621250119, 150.79158341950526, 153.78429873682182, 148.44608109349903, 172.04967464764027, 177.82325231457298, 173.71669880297205, 155.12502103561584, 162.08568183719177, 166.8807153026916, 172.2422457841105, 172.60919893543345, 166.65246734404752, 154.78733711526155, 143.6467059323088, 169.9659074340897, 162.78624572054142, 161.26055476750548, 150.95369549452437, 137.0678903967136, 140.66359816186696, 148.48044584006553, 165.88117937853522, 169.3791528733523, 151.50539451494075, 152.74287228865956, 153.88000397898372, 153.64911516822085, 161.49915756167013, 160.38791142387393, 156.2350797614839, 172.47098382772072, 167.43401070903613, 111.58241524111192, 174.0489417439002, 181.65256996455997, 177.4964780727568, 162.5811638432414, 154.46394677307973, 159.99861889858798, 158.79378834248905, 164.85898819351416, 167.75227944985645, 160.29962845700322, 147.24783883742293, 149.87833778651117, 161.07238957765927], "fourier_y": [156.87697276304942, 164.07184911778404, 170.9457824113612, 163.04660150674223, 138.82920104269917, 167.90266141048966, 167.2340093114218, 154.83847706826336, 145.36630857613557, 162.96695733654093, 155.56686648850496, 147.93608303929375, 141.77554258329212, 105.25431608163005, 151.02918781421937, 160.78292679508394, 168.6301467822439, 153.13255271901906, 161.8167290465125, 170.61018610108178, 155.88163276040115, 154.2337130876258, 165.97069251098128, 165.89136638743184, 171.77803003553856, 162.43469050417744, 156.07696029959482, 167.7504910669025, 166.60365350828198, 162.56022544077518, 137.36388623941926, 168.0410813103793, 143.4445207650685, 141.15836703783276, 145.97676498083783, 138.1470653055144, 169.2443603478294, 174.4253886961477, 159.1133954169669, 160.24621034590226, 141.2650990898919, 130.6272694287944, 146.5585108124996, 135.70956048451103, 148.95153442231882, 158.57396737443906, 152.63588758082702, 142.1336649301404, 152.4131780864889, 151.9638275656567, 137.76576263993647, 143.92909192640636, 135.76732241721095, 131.0115949856576, 137.1029288647175, 159.72466048744988, 162.66701729369615, 155.8184698869668, 160.44415716390034, 161.24247565855347, 144.79493681822268, 165.21688601117023, 157.0627394956743, 131.17198341382417], "src_path": "/Users/hagardolev/Documents/Computer-Science/Third_year/sara_guidance/db_3d_models/db/0/m7/m7.off", "name": "m7"}