{"fourier_z": [138.55115812556636, 147.8763148509518, 148.04421277271166, 133.7024293396807, 166.2638924705449, 154.60689249760034, 165.00114974532832, 157.50791514070218, 129.7816076675623, 136.45081121597872, 111.36829170608462, 142.61968383316344, 160.76043453174125, 141.45569853596334, 160.74493351161777, 153.97394274721407, 124.8504012090742, 145.83561571866045, 123.97652259848273, 147.0184872112835, 164.63206768466736, 147.50855017107907, 164.59665418088343, 162.99466604174015, 114.656563569079, 144.58259778704632, 140.52792518578212, 161.60072746569926, 168.02082895063592, 145.55188846925543, 162.8881030644629, 163.1196992377448, 145.65092688986243, 154.10686627336554, 150.6744197127102, 164.73345930691863, 174.71799170027256, 156.276271342283, 165.63019630430625, 166.01423673040884, 151.44060524450583, 136.94496006749893, 128.64724716992006, 159.925516825698, 171.8941860917339, 146.63244114641654, 154.8437871963981, 159.93280569691822, 141.75350040612088, 122.24794227375675, 144.55892264477296, 163.12790076723604, 171.08826756140195, 135.42148382199267, 146.74007487251026, 150.57567972350517, 134.29549625745142, 124.70818206473722, 142.50187330124066, 159.4902956169557, 164.1358923750319, 141.5762412284617, 135.57500292460458, 146.71736792499834], "fourier_x": [138.55115812556636, 142.56339557732719, 150.21392247718188, 156.25524199420005, 158.90337063859067, 157.41325045215618, 150.11835926232, 129.0162156686456, 142.9073669627868, 147.40816577979768, 156.27836415124753, 161.94864126893776, 163.5354584874059, 160.6404343587351, 151.17285026327156, 119.86244797244879, 145.63170328704823, 152.13528796589853, 161.6161328736194, 166.74441833181965, 167.59005722331392, 163.78415909830224, 153.29841099204984, 143.6144425717916, 154.121408852328, 144.47141486340203, 132.92853867367523, 145.120485971682, 152.1792382677689, 151.8275497714807, 143.10873019981454, 131.20978255240675, 140.56755663025208, 150.85849035491296, 157.85818246474543, 162.34475385779507, 164.34042077450118, 163.31762191488113, 158.30559582094597, 148.45810933099838, 164.56129514008876, 168.4543620576679, 168.45533823673279, 164.78906300490294, 156.58293707334326, 139.6554949350321, 117.5997046854668, 142.9920685049247, 166.82254082791584, 170.84908844436822, 170.69386087072058, 166.39339745955488, 156.46928776247864, 135.21712415286197, 140.13288665260384, 151.48125049422072, 155.1591633887498, 159.423527975892, 158.15580992919766, 150.83725062810234, 130.4847752258784, 130.85526301165157, 148.34264147029958, 153.8717436392264], "fourier_y": [132.79751667653073, 165.87814050999722, 166.78140583446267, 155.3831647274177, 159.71521190032402, 144.84746373563124, 153.26725556000704, 163.34764011809585, 152.05465198271995, 161.03785147109926, 160.0460791206977, 161.18623428333294, 160.6129893406639, 142.30953290704042, 170.63085389252137, 172.98373501002493, 160.1720670177431, 166.20229934401604, 164.81936105274187, 146.4074016829389, 155.44799440822266, 156.9616472886222, 163.30974127502654, 163.17385951702178, 147.68488796196965, 161.34981890678097, 165.58019323246776, 148.1766879177625, 123.84782386346004, 139.56695628686316, 163.994202170818, 166.35959569551198, 140.9040891986962, 165.0208642982259, 167.37336486787655, 160.5640735826964, 158.69619888497868, 133.18073470291773, 158.59415174809197, 166.43951649193423, 154.1189210384817, 151.31868742998248, 165.04670532419001, 160.18770322995914, 155.72869861932153, 146.86227447555837, 150.46246400376992, 156.12096442552954, 147.46381416456066, 158.26681353259696, 156.5898755517264, 133.4349060657683, 165.3869937316361, 167.11755408542393, 163.66904014642313, 166.5171974595969, 149.07834077393863, 154.4714369281535, 164.79126043449864, 155.89887625836099, 146.50104756844925, 134.87366573149845, 144.03096741880736, 152.3662801937255], "src_path": "/Users/hagardolev/Documents/Computer-Science/Third_year/sara_guidance/db_3d_models/db/0/m70/m70.off", "name": "m70"}