{"fourier_z": [149.74347388427478, 149.5154372724158, 148.82027191206447, 147.62264922965545, 145.85555046374304, 143.4040722940196, 140.07122362058573, 135.5006921282793, 103.68806665317308, 111.29955216464938, 120.88027639604478, 128.20786762935288, 133.85181624137675, 138.35532987509018, 142.04128050914437, 145.10328741974473, 150.52430471440675, 149.19020311827182, 147.41483512915391, 145.13828386430245, 142.27372949697082, 138.70228814340766, 134.29066799932747, 129.0422936421945, 147.65181048625533, 146.01823132005225, 144.09957743950048, 141.94639979380966, 139.67393308147112, 137.50823438899397, 135.81147850752527, 134.99200452992923, 151.67893804612697, 151.88389248523433, 151.7512734275739, 151.29043365902038, 150.50311213384998, 149.3839122478003, 147.92027746428604, 146.09214803625076, 128.38458801265713, 124.39075378245091, 119.80234902138604, 114.8344211282425, 110.67746603551002, 110.02955861329441, 113.60233849529898, 118.76529500336922, 136.77294370377405, 135.98008222766975, 135.08786493984715, 134.12987620685828, 133.17233171847815, 132.32535871820573, 131.743572023562, 131.59845287989032, 133.30561816803663, 135.44150344971462, 137.4325589008529, 139.26513507943844, 140.94578690306324, 142.48334207046565, 143.8823311407308, 145.141696280831], "fourier_x": [124.68821451436744, 127.87722724664135, 126.24881490964927, 98.69155529480096, 125.38057911787243, 140.0693463407596, 143.48238286369576, 139.8677891222451, 129.077308146405, 131.6923210667439, 137.9585739431883, 139.42407968456337, 140.530913652699, 142.86653481982046, 142.13657764728686, 134.92333299313364, 134.2123902131899, 143.84817624007025, 146.8779025138718, 143.4847020690687, 131.615648531309, 98.51188746469242, 110.75680329312911, 115.75894701964268, 133.11580841474174, 119.2528368115274, 115.69837252148288, 85.44638397832748, 124.24394278205114, 140.0343428135731, 144.81196003838, 142.645760367319, 130.57789787873884, 138.4872699162431, 143.7701319453846, 143.11545968804475, 139.5601718195721, 140.46792663869294, 142.58546422460282, 139.46492941256338, 131.70965699978095, 141.03866628483115, 145.32677729808893, 142.57044220011795, 130.4049010083798, 117.94248282532376, 128.75237526653615, 124.9285435606788, 129.33268839616142, 110.78184674217356, 129.75733889120482, 128.61218408679437, 108.64696601120896, 127.86411422322536, 136.76454482570296, 132.9182911654134, 125.35308741096603, 132.45527666471594, 140.68474326083057, 139.65938830628855, 131.7274385994889, 134.40886636930549, 140.78096456687024, 138.71345926550222], "fourier_y": [-581.0658013137903, 37.178296508374785, 51.11490514762997, 59.34552978092036, 65.26605252191996, 69.93857713964036, 73.83409209712563, 77.20186864960527, 112.68242302380301, 112.7424202420691, 112.83098664907524, 112.93876273418599, 113.0566811899219, 113.17630155611786, 113.29003966888463, 113.39130741774589, 133.4925512931786, 133.7400840063234, 133.95742057731482, 134.14330208573693, 134.2965704444013, 134.41614760715996, 134.50101614573606, 134.5502012061021, 137.70702570999828, 138.06193320244628, 138.3744470980016, 138.64533492090925, 138.8752456042564, 139.06471455311407, 139.21416779069108, 139.32392516452163, 129.92685676229883, 130.06230097972167, 130.16638377179768, 130.23967659927249, 130.28267642719604, 130.2958112340085, 130.2794446865335, 130.23388007912018, 114.92395054457918, 114.83747897014688, 114.79451861543536, 114.78972163519987, 114.81661504984679, 114.8679422240231, 114.93599832561713, 115.0129287713702, 115.68848393231876, 116.98780898806751, 118.17734915307143, 119.2566759386383, 120.22806471458208, 121.09507013159421, 121.8617048034765, 122.53197723990178, 121.28593811325977, 122.05751643706932, 122.72370714139932, 123.28897386078923, 123.75686532648683, 124.13006993137492, 124.41045872707642, 124.59911278630318], "src_path": "/Users/hagardolev/Documents/Computer-Science/Third_year/sara_guidance/db_3d_models/db/7/m701/m701.off", "name": "m701"}