{"fourier_z": [168.63270606109182, 166.24512333769195, 157.68938294393143, 135.56950281175997, 149.27222650415737, 162.0566963977566, 165.90297915393427, 164.24026067378725, 139.17507635025513, 142.1279701554168, 152.04720433745635, 158.40713492638142, 161.1549375425041, 160.9605328882032, 159.2010976845937, 159.05963000733945, 163.37167803586954, 167.53675471834543, 165.84844806302075, 159.72054254691292, 158.73302456107615, 165.7780140051169, 169.3007697419065, 167.1957335704841, 165.52054620373468, 164.04990092283313, 161.62693871244835, 159.31140977026396, 156.48206025307607, 150.4269922006634, 135.5560684540599, 135.66902722727573, 160.39479563952204, 159.01299778001354, 151.60984213251703, 128.7277110979433, 135.61237760790843, 152.59639266752436, 157.65278030258364, 156.66009616593988, 130.1972147440835, 141.42527847544636, 159.0229924002814, 169.26411663076294, 174.6948033409256, 176.45786411860217, 174.98135095878519, 170.61346228898117, 170.3680235007872, 174.75203390114746, 175.83086587737978, 174.8978099049541, 173.49707857717024, 172.81671953527285, 172.3297377277659, 170.80049516018548, 156.58312395480894, 158.46277744831778, 163.27327446603167, 166.68644594874112, 168.71231948171015, 169.43027594412445, 168.23985163268964, 164.33730877488924], "fourier_x": [132.7975166765307, 132.72535925207382, 132.5021092542809, 132.10785048383255, 131.51054709069416, 130.66706426447587, 129.5234414469697, 128.0137272350392, 131.12972446607745, 131.5123641726553, 131.59841184900836, 131.2945578988443, 130.4995799640723, 129.09480597322317, 126.9299677381529, 123.80851960841626, 124.96030660900675, 123.82001216117166, 122.2097117565999, 119.99248191760827, 117.03718029473049, 113.35852541514424, 109.71302888358801, 108.70999762680476, 110.9666549285547, 103.08422060238841, 95.70398482177168, 98.96214475472223, 107.23748998778768, 113.93178344997796, 118.98618779618991, 122.92818250229125, 118.70534480682292, 120.73176464575211, 123.34348324339315, 125.9550065433317, 128.26375183419273, 130.16661161325533, 131.6595532627445, 132.78232341908225, 132.5963608809165, 134.326305592216, 135.66985207434192, 136.6806845685469, 137.4021929080573, 137.87024836987194, 138.115059713835, 138.16230254359593, 138.50002793288442, 140.1616724128509, 141.40395636314895, 142.22888023207264, 142.64133878419304, 142.65153468549573, 142.2791956518282, 141.56053131303582, 138.59205258429654, 139.33366070897227, 139.8125306186594, 139.99320440682513, 139.8492659804214, 139.3653489956261, 138.5429782787195, 137.41295151483803], "fourier_y": [110.82527090316853, 110.98805659476145, 111.45982987388082, 112.19589186526238, 113.13563555918763, 114.21570494015228, 115.37937766055282, 116.58094668951195, 113.24054613999282, 112.07644595783292, 111.12413857738491, 110.4458486076549, 110.0854023078071, 110.05595915499131, 110.33613420723375, 110.87684006988631, 114.3316984920047, 113.5424137247436, 112.7877087837227, 112.08522577975037, 111.45544982381364, 110.92122876307718, 110.50663245111267, 110.2350517523522, 110.61752201755196, 111.89859467479647, 113.16836843626716, 114.39654559931776, 115.56424581054381, 116.6608737052859, 117.68158236380012, 118.62540753867896, 112.93143903990638, 114.49025025128392, 116.19354375214715, 117.91852916606177, 119.58841366819243, 121.16038758580687, 122.61346324870247, 123.93957154704111, 122.32545293097144, 123.27222123910603, 124.19149660785783, 125.07070021422464, 125.89978786016613, 126.67090869053806, 127.37801724103463, 128.0164954328381, 126.79081022529878, 127.39318167165246, 127.93468079331032, 128.41477728750368, 128.83280289958276, 129.1878953342977, 129.47895829249893, 129.70462970126766, 124.92752515204435, 125.50423418831265, 126.05838978181785, 126.58579405452534, 127.08253852916397, 127.54492881100629, 127.96943028125851, 128.3526273532541], "src_path": "/Users/hagardolev/Documents/Computer-Science/Third_year/sara_guidance/db_3d_models/db/7/m703/m703.off", "name": "m703"}