{"fourier_z": [143.0140291518505, 139.9810601076463, 136.8110688430911, 143.6062468762461, 147.76331268405858, 144.0737506522621, 129.8283226613587, 131.40835944835206, 123.15375997305969, 131.8087391842011, 126.90580781341473, 63.688548854470156, 131.37619493961557, 141.06319685241775, 141.0187182710298, 133.85579050843927, 145.36856297355965, 134.43634351878353, 128.21816722347995, 136.94497959503596, 134.65097379222505, 120.32098141446116, 136.58720743423163, 144.43683326716896, 155.62664485995268, 156.32286804050847, 151.86971169533854, 142.4899090228083, 138.66619411820315, 143.69736542296147, 143.7256683085959, 139.8703204076915, 140.87350925861824, 151.44441226828815, 156.65681195723764, 155.40333989535313, 148.6444396881718, 148.04729651158232, 155.1519593841511, 157.60014504160566, 141.7290156192308, 125.14084163797801, 120.74214446013275, 140.0315645647622, 142.21451644005828, 133.9878448704551, 131.5755144150108, 148.76612966082047, 122.77516962988403, 134.51854304769827, 133.58370035861438, 121.49665212832397, 136.87766116875278, 147.43139580436744, 149.69125192386431, 145.28084776479676, 149.36315315092176, 140.18707511206742, 130.46435577983195, 135.62084924175682, 142.672536712875, 145.82455050288755, 145.74909903107684, 145.21028860139228], "fourier_x": [110.82527090316852, 110.78756199744632, 110.67676062911494, 110.500144597685, 110.27081535959698, 110.00900546398567, 109.74349745653748, 109.51250353236836, 127.04331775373711, 128.73077498282703, 130.23381903885493, 131.56249559160761, 132.72648600336143, 133.7345075655385, 134.59396427553645, 135.3107360247485, 125.43629512535648, 125.80783025046904, 126.38924652918814, 127.10359359927801, 127.87460439778172, 128.63537401750847, 129.33144053666692, 129.92016261948248, 104.07908559233073, 101.96947149567096, 99.98920005966968, 98.13696674211985, 96.42054536955999, 94.8715027956315, 93.55271382914836, 92.55196563489854, 115.94334506351181, 117.66468445791796, 119.41826253904321, 121.0677693403381, 122.53950821839412, 123.79868341149587, 124.83156743344166, 125.63440994054454, 88.69430991914278, 90.87132658331213, 96.47855468069251, 101.24286794839858, 104.55561203995717, 106.57206087983059, 107.44577325465748, 107.24824031055863, 128.2087577248094, 129.57866041760388, 130.7052740766504, 131.65016789784826, 132.46428893398405, 133.18995235509965, 133.86146710060268, 134.50514712910524, 133.80876037852605, 132.50820455362577, 130.81250019385544, 128.66442128055562, 125.97817416703224, 122.62615947357477, 118.42327955089571, 113.14006390856406], "fourier_y": [-576.2535497738932, 76.07692381556214, 89.95502539991648, 98.08885549523819, 103.87531805709344, 108.37784632359242, 112.06897939121131, 115.19966692409963, 96.16012843159409, 94.26972954517679, 93.71722344186566, 94.5698403623848, 96.39262090142194, 98.64598094786736, 100.96846405486559, 103.18596485002092, 105.05263632741789, 105.31181816389912, 105.59100035948562, 105.89025343991705, 106.20801113685091, 106.54119864728914, 106.88544713762388, 107.23536591621811, 110.22964455966698, 112.13864006418862, 113.93881367386753, 115.63705035271667, 117.23826658003784, 118.74603740969735, 120.1630345893379, 121.49132384339435, 112.94160270625238, 113.80100340308036, 114.69497192922113, 115.61779269113683, 116.56590857391637, 117.53635767036758, 118.52572878972484, 119.52959863216626, 98.4730558666921, 95.87427651562655, 93.04836712838026, 89.91728518667213, 86.35967972956198, 82.18187919176063, 77.06246734134538, 70.45634264871342, 103.98976777471687, 103.70428664104818, 103.39785415244305, 103.07051002556749, 102.72513456691242, 102.36760769251285, 102.00691499373802, 101.65514444643816, 90.81963007674203, 85.18709122576038, 79.3280735735148, 77.59638576668482, 82.5328086334302, 89.06840233775947, 94.738807407795, 99.38779308392604], "src_path": "/Users/hagardolev/Documents/Computer-Science/Third_year/sara_guidance/db_3d_models/db/7/m704/m704.off", "name": "m704"}