{"fourier_z": [138.5511581255663, 150.55841795325864, 159.58777090760827, 156.07883769065518, 146.41956862958358, 146.94479211272142, 140.70840952186504, 148.28311660924663, 120.33785907902184, 136.88663327855335, 151.40628674672828, 150.72888231280817, 154.26918773781978, 156.79957642221873, 149.69312491147272, 149.26846431029946, 99.06458670129288, 127.14103620032958, 146.38824541871742, 149.39904608154865, 157.09281292685398, 159.14922984570558, 152.96453338953472, 152.4123132017162, 141.1841624859111, 137.16769002802118, 138.97938709987307, 152.59622342119258, 163.03572058390984, 164.12619628514082, 154.95269807920786, 142.9291490775664, 153.6363226220084, 148.99934847359862, 133.9713229659053, 144.82482282378, 157.89828443876172, 156.78764872322216, 129.35226216758787, 144.96512108573515, 154.52123968628757, 145.32923613765954, 120.29468440521647, 137.6654762514629, 151.41272301038447, 149.27190402370005, 143.1583155288278, 156.5648645544015, 159.8092661819766, 148.39297222574058, 124.45582440886768, 138.37719397485526, 151.0334217470256, 150.48208049362222, 148.6261502788351, 155.92155494716846, 150.45241888666547, 106.32645300092604, 139.36149793461433, 138.23788628452124, 142.2171402586771, 145.78675691519874, 151.5178348875008, 158.05229422619664], "fourier_x": [110.82527090316847, 104.35874981179735, 126.55088150665343, 127.97188738709909, 135.65968252005013, 131.2713099951743, 143.30781460651482, 142.09831372106882, 114.85741342835985, 92.8711351374527, 128.73601995343424, 131.89112683904688, 135.182517026416, 128.81771177764747, 142.08133902509115, 143.65897289695783, 121.5198102117898, 94.65062771770009, 130.55132599219974, 135.46112153613424, 135.2887194701814, 125.64049833479905, 140.96399143314446, 145.33141204651827, 127.00523217108754, 106.22652735411408, 131.93453329547285, 138.3373203750465, 135.8060129072079, 121.87313388793757, 140.08539346876321, 146.89679472858046, 131.06419168083747, 114.40764242332821, 132.878633505054, 140.50807065051367, 136.50525062449395, 118.31079634510655, 139.52788680454265, 148.21340700143284, 133.95682868774404, 120.08222975529158, 133.39267113441005, 142.03174605151293, 137.1918713749349, 117.02403361356974, 139.29278511950227, 149.19992069274275, 135.8919106659818, 124.19836733613495, 133.48594052872483, 142.964845901945, 137.7378690381709, 119.4411427832624, 139.30291815948678, 149.81208637927782, 136.9912279108856, 127.25853589534914, 133.16167340547386, 143.34569042033127, 138.0746647000493, 123.85089820950945, 139.4410801912412, 150.02603056214576], "fourier_y": [173.5351552217515, 165.990466719013, 172.68625313536575, 164.4341143214753, 175.2065337919423, 180.3489303349337, 187.42180909116365, 132.3365759395788, 173.6083534484584, 163.65504256712825, 171.75212784406534, 164.0470435484599, 175.75310608225374, 182.08464125326498, 188.03566272491364, 137.21156522543356, 173.8121230306535, 160.80784387157462, 170.01735932767969, 162.68244811938064, 176.17534955560507, 182.76070738898312, 187.9830207493393, 143.04790987758997, 174.10031577790332, 157.8274471735796, 167.5785437987321, 160.637602006275, 176.41030699396572, 182.51132345229732, 187.31614713253794, 148.89192739221045, 174.39996192908262, 155.37374822070313, 164.72990462226352, 158.32901314005545, 176.34110101433788, 181.40761046160975, 186.0846693987723, 154.4058955666465, 174.6160640091988, 154.0007628186283, 162.07381773436015, 156.20978741293828, 175.81544795066145, 179.47676735851638, 184.34081609058217, 159.41003987955077, 174.637079604206, 153.53559380142383, 160.38697357012109, 154.477568135674, 174.66328483388867, 176.70754100049612, 182.14440732324908, 163.79034849417667, 174.3405125716964, 153.22341230122578, 159.99607236821848, 152.8533195865643, 172.70318831229588, 173.04753143452518, 179.57015198675998, 167.4845242533655], "src_path": "/Users/hagardolev/Documents/Computer-Science/Third_year/sara_guidance/db_3d_models/db/7/m705/m705.off", "name": "m705"}