{"fourier_z": [162.12425805239928, 161.67581359749607, 160.43459263646264, 158.70377895732815, 156.90122943059055, 155.31487551113122, 153.8561775528814, 152.15488837915717, 161.96231474421307, 161.4571752531866, 160.0319353115262, 157.79278582140174, 155.0748359624853, 152.4239376227569, 150.34965245835204, 148.94252568126672, 158.02987831332874, 158.1796694522433, 157.56546169572414, 155.96092141331295, 153.3518187314798, 150.07620192602383, 147.10882945035564, 145.79269168755454, 145.8432707955723, 146.84902462762432, 148.1081596800433, 148.5420295168203, 147.44969137551678, 144.37038886061254, 139.11644914270465, 133.5255181702178, 132.67294161267344, 130.20641550054478, 130.6611628074052, 133.7717811030474, 136.42396203627348, 136.97721359933, 134.7708085451663, 128.89253532797096, 138.81542405862433, 136.0826310629199, 131.50706457022753, 126.6252640012408, 125.7322711053919, 129.77292453178475, 134.97014383374258, 139.56148198843331, 148.69641771439942, 146.57996083663787, 142.3914497291529, 136.23518385870125, 128.83250843774002, 123.27963246685317, 125.5049677792687, 132.75263824767055, 153.68282212261892, 153.41370026549154, 151.5617203648193, 147.9249362990895, 142.09081392460834, 132.95229136267895, 118.8017685101898, 115.57442732620905], "fourier_x": [163.6064174954737, 162.43343045064137, 159.07996911296084, 154.3532870436319, 146.94040005956043, 130.70152059218645, 140.23107891108012, 150.3339600649725, 163.45632078091697, 162.84743223376853, 159.67727631857161, 154.70411755628731, 146.75657357753528, 130.13299747865096, 142.39436765854492, 151.87626063740265, 163.00753995510843, 162.95094888272286, 159.91551057797167, 154.6592987560813, 146.16860608152075, 129.59544538339614, 144.2106152029221, 153.0754964890685, 162.26565722022497, 162.77247706377867, 159.8342993788369, 154.25093576738914, 145.19880654103576, 129.25573598536704, 145.6912285125838, 153.94989047337785, 161.24381410395526, 162.34303847023955, 159.47084954424616, 153.5058586587901, 143.8659003867839, 129.22756007344384, 146.843972938421, 154.51073155806895, 159.96958372323436, 161.7001443367691, 158.86504813869405, 152.4511918053626, 142.19080598088942, 129.52246932208905, 147.67254717471363, 154.76314172841785, 158.49654303294932, 160.8922898933444, 158.06459126639464, 151.1209320654548, 140.20436005411847, 130.0449147211636, 148.17608130694563, 154.70633415691532, 156.92082618811656, 159.98312558075202, 157.12983463365083, 149.56450513099304, 137.95814923478454, 130.63615379495226, 148.34842664171535, 154.33337888507023], "fourier_y": [178.84921853641163, 171.54593646433239, 173.1800993894667, 173.89698399917432, 167.24929574274708, 173.0613894890612, 169.6573477405015, 168.9183036994969, 177.90056178154913, 168.7626577921549, 173.72155341771403, 170.79358429294604, 167.59808459772213, 172.57027142921245, 170.33256403066846, 166.33849658577145, 174.89709707878066, 164.0559842793597, 172.69216990792063, 166.3772139041297, 166.37630097887777, 169.90029433331654, 168.08969180263796, 160.72022091415252, 169.22448110141374, 157.3007276656303, 169.78011338338564, 160.32885867490523, 163.11297613466076, 164.49952085740983, 162.88496446963111, 153.60577859697938, 159.0042512081357, 148.4325961632213, 164.14373771364407, 151.77183429658797, 156.64407908993692, 154.77216058564775, 153.96670858807337, 153.5720647418432, 134.34613691115604, 139.45942227716114, 153.6708971064754, 142.43316501271332, 143.26818768021553, 134.17761811563588, 139.32947315948726, 159.3054745234736, 139.69102117914252, 139.90744461051077, 138.50644755242863, 148.0952316541883, 97.59089850062361, 132.81704891443988, 132.0708468737196, 163.24346680477137, 157.97115934560014, 146.89394834595973, 151.20668627002104, 157.74493105480377, 143.9828930723805, 150.4980972549163, 144.9528315360746, 164.6345651291729], "src_path": "/Users/hagardolev/Documents/Computer-Science/Third_year/sara_guidance/db_3d_models/db/7/m706/m706.off", "name": "m706"}