{"fourier_z": [164.98627492521274, 165.89247966305663, 160.1640118417637, 155.60429561677188, 120.79240407995391, 134.58897372849606, 143.9239173996682, 159.7542629693304, 163.1879199331652, 162.6687024167491, 154.9132615945628, 150.40336134262665, 125.56663006468469, 144.652883954294, 145.7218523570802, 158.05435895887814, 157.10784826299763, 154.79572412398764, 142.8732637549429, 140.83563409608772, 136.78887514093043, 150.13476554509523, 151.2568659172808, 160.11277203779264, 143.0069439205921, 135.91105545209285, 122.71950211001041, 125.83020703506429, 140.61447615134736, 151.0349465079079, 154.3960292534968, 162.91951981663803, 113.33805765229843, 127.37630167524944, 144.92114808285248, 134.00733211677425, 140.3850252945332, 146.89960858614694, 154.05831958028773, 163.63304494005092, 145.96004337280118, 149.0990477720465, 154.7241265372239, 144.1292830481458, 139.16741058708388, 133.90749056652467, 151.1843605709988, 161.37624499076819, 155.370230054242, 155.65716936916067, 157.83306621989686, 147.55905907968807, 140.47230665590067, 101.51668430570138, 150.34422596529927, 155.89259124285493, 158.63285535559183, 156.66765195070062, 156.05815810168835, 145.55573006766826, 143.66869931177325, 139.52772496384495, 155.0001416583648, 148.98327166188614], "fourier_x": [146.66046028772962, 146.64840046779412, 146.61278106197238, 146.55526179866632, 146.47853895741775, 146.38623457545205, 146.28273131581233, 146.1729470714412, 147.12515767571094, 146.93238275781454, 146.71063352011944, 146.45965278304746, 146.18035346383502, 145.87488014585827, 145.5466350138923, 145.20025502599862, 145.3987521934766, 145.18707727067752, 144.9416820218137, 144.66154522222678, 144.3470773455473, 144.00024989461463, 143.62470570545773, 143.22583502315274, 139.37663070002253, 139.29040193225302, 139.16626665536606, 139.0049997051963, 138.80997538609142, 138.58724342488483, 138.34554399122436, 138.09620251101975, 133.83933383393367, 134.01864563755638, 134.1491447743828, 134.23675758042194, 134.2907522214499, 134.32334605919291, 134.3491721025362, 134.3845043555181, 136.49803428082373, 136.66509277318843, 136.7784509715648, 136.84391344088087, 136.869631373354, 136.86580941625112, 136.84432955538608, 136.818227912541, 143.20906854700195, 143.27484966188575, 143.29913023377966, 143.28524386622976, 143.23790038515267, 143.16302611634814, 143.06755807851263, 142.9591705764237, 146.15125634306202, 146.19740351657606, 146.21374176939747, 146.20277043059494, 146.16804459955728, 146.11401941269241, 146.04585031985445, 145.96914165981127], "fourier_y": [154.7697624498929, 154.67990066786808, 154.2390057429216, 153.0658555697664, 150.80748086621657, 147.3228797643382, 142.89388121731125, 138.4037658118242, 150.37797618459538, 149.19638968349585, 148.06708214326991, 146.92158653589146, 145.89240361125638, 145.6311012747457, 146.6042707467682, 148.13548242604548, 141.05472563430828, 138.54557382479095, 136.68732250611183, 135.74966716259445, 136.68773847814649, 140.2924991874466, 144.98060754984147, 148.8147135670047, 135.13347783180006, 130.86962427118118, 128.65474757465955, 130.18752657489392, 135.55218660503368, 142.3004166305276, 148.16140459156742, 152.31836325726755, 129.85707744753478, 129.17902555666467, 130.03613547158386, 131.9983851194292, 136.71545622381143, 143.38518814697602, 149.48693271429028, 153.9223511411919, 143.7545878442707, 146.43471150239117, 147.26377930563527, 146.01775501766315, 142.89230088231233, 139.72408747557716, 140.58815302172354, 144.7887092020525, 148.14093282443903, 150.4789001278652, 151.00267355104478, 149.3559550623403, 144.95509500736975, 136.50393455148316, 120.6186662648006, 113.76999176369847, 149.58486789681993, 151.46669866183447, 151.72315208425627, 149.93831063717263, 145.5317474423177, 137.3428603211953, 122.34046214941722, 106.11751539694], "src_path": "/Users/hagardolev/Documents/Computer-Science/Third_year/sara_guidance/db_3d_models/db/7/m714/m714.off", "name": "m714"}