{"fourier_z": [173.5351552217515, 156.7162717896548, 177.2024378233483, 155.43529942363344, 163.8231736530605, 163.11790865714076, 181.65123755750997, 168.18482198071482, 173.46640583085812, 165.53347177658293, 173.16001461317103, 153.23262834812357, 163.72370080421524, 160.86508138809305, 180.37762434424502, 162.14212443578413, 173.21362369091273, 172.68400515582755, 163.5067113153612, 143.37412765726617, 165.9908653771396, 157.14668111632236, 177.72554592789984, 154.59407485663928, 172.44536703022573, 174.15844210525455, 146.98130144564226, 69.26978975279054, 167.82339505927084, 154.9184788231705, 175.3086678944152, 168.4769507916337, 170.09463464587049, 169.85403561564425, 125.50495197911059, 152.68841297798022, 167.33253016682193, 152.2235493254468, 173.60339375054895, 169.4361884660351, 163.95619039036814, 166.84315069507483, 134.71726409331518, 167.27089364861746, 166.2975349334567, 137.7569614877282, 171.79492245206146, 153.9891344500295, 148.63027582171625, 171.0220085960243, 151.26480379211478, 171.64273438364037, 167.35018275449949, 141.70041657009594, 173.77532499806105, 150.19549727030858, 122.6044861141989, 172.9052039235785, 163.43250646193314, 169.5959586695021, 173.03606272696484, 159.94660139881591, 181.44225639916314, 162.11675078820736], "fourier_x": [110.82527090316853, 110.91446024441728, 110.97575635773076, 110.94095530331381, 112.06100711650379, 116.42841867346854, 123.27405069092919, 130.20065838160193, 110.06319688992744, 102.8392000589445, 93.39048705219679, 85.56212638413525, 95.29222939295113, 108.76124178150647, 119.35759278377041, 127.59781860310147, 90.0236496694925, 105.87904040694656, 115.73644335992955, 121.14936446198122, 123.97936993826157, 125.17620999379774, 125.59615063539036, 126.30864204492211, 106.92756399953456, 91.5620156330509, 105.68135760015099, 115.6859546190742, 120.66651521890464, 122.85679284780593, 123.38596343693943, 123.32489804744584, 118.93339264200813, 113.45920811088128, 115.38963707204812, 120.33592349807493, 123.66872136197132, 124.78602221174737, 123.70444225301796, 120.23341091078368, 112.16240169123148, 103.31148462798673, 108.9494059625913, 116.33473999910518, 120.13412220115109, 120.88488991783164, 118.80474738077375, 113.65501370966118, 130.23133560626383, 131.7583870443192, 133.2810604941297, 134.18802050983638, 134.05558282968462, 132.5322067039207, 129.14275900043006, 122.91162514225987, 116.36666869035113, 118.09921087882319, 120.042976368445, 120.80000438606889, 119.43890528029738, 114.72591087060316, 102.8476506071339, 71.52633876219925], "fourier_y": [-578.6964325793248, 134.77343082141186, 145.49747125797026, 148.62360224945556, 147.82872659562983, 143.8892961840544, 134.99292166094398, 112.96098401486955, 129.61507148318643, 127.96613715004918, 138.17855080806146, 142.67481564157126, 143.64175117825494, 141.88444704431345, 135.59396936494693, 117.69085544310133, 129.8141266569485, 105.77854782484977, 132.8275528409268, 142.1588530137319, 146.43921929753998, 147.52009721275613, 144.9430851779684, 137.50123959803165, 139.24135199654938, 133.3463109274579, 130.68562264796125, 133.1106520824372, 138.33181901034462, 141.7072555542685, 141.13666226888793, 136.42741776499645, 132.19505918456412, 113.8413954441848, 126.92955753464098, 138.90282994392055, 145.43991299106935, 148.18787409970366, 147.29477464675966, 142.97810452561743, 139.1206837333363, 137.43193915135544, 136.56850016366164, 134.82615950162406, 133.65898821543948, 132.83069761530712, 129.8991740530641, 129.2656131494509, 124.27047567423293, 119.05996124420197, 134.98907062181902, 142.25533033160735, 145.3887518983242, 144.93202976333401, 139.6596377359041, 126.7195973303476, 129.2068385259663, 122.16033416334844, 134.21581887699642, 142.0816521488279, 145.97207837688683, 146.1095033649895, 141.47336914581768, 129.62934612846507], "src_path": "/Users/hagardolev/Documents/Computer-Science/Third_year/sara_guidance/db_3d_models/db/7/m715/m715.off", "name": "m715"}