{"fourier_z": [152.41410173676525, 151.4831933277553, 148.63094352353025, 143.9344412371336, 139.44716787523046, 141.2701347507777, 147.82151604333342, 153.6845188270017, 144.6037893030028, 132.57067755463763, 70.76649026649193, 135.04580171264126, 148.75201734274802, 156.1066701952803, 160.41345924384308, 162.69247391948667, 152.0409929362715, 146.06449588688366, 136.19212283954823, 132.9909153606171, 144.39364917074002, 152.85295925071037, 157.88332667660532, 160.44006352308952, 157.43995347087548, 154.45312922207657, 150.70799161909304, 147.37884713725592, 147.01598005736622, 150.13367540915152, 154.17639855630537, 157.48360533584557, 148.7676815346238, 143.950189256714, 137.08080133505499, 132.89263642287634, 138.80218305872665, 146.38359433826577, 151.83442170506117, 155.36760144604554, 153.72562768046717, 148.18264718073107, 136.17927901609073, 125.47728692083966, 144.86962929368968, 155.79728673569318, 162.08913118280012, 165.68741137357424, 172.51029837120115, 170.7419613451036, 167.83944285397394, 164.00140174324778, 160.21196298160697, 158.7187505881148, 160.4799460704786, 163.3885471463464, 152.3387211733296, 149.63184682870082, 147.20720329744083, 146.17475441779936, 147.21783010253836, 149.66056947358916, 152.36455034807545, 154.65596750771485], "fourier_x": [-586.9436679628114, 143.7698049630909, 156.2256766910862, 162.2898709822249, 165.34631529921595, 165.99745857690624, 164.04047903469407, 159.09028278781707, 136.82922073564114, 149.10428061794389, 159.17005500600405, 166.9156673153725, 170.4098094393367, 169.49720967941437, 164.6980704374617, 157.99460154921132, 146.1592322151513, 155.76677861384044, 160.57081251499628, 162.50152929844717, 163.71871141917694, 164.07446737510656, 161.27308371453736, 151.93780620664478, 146.23589607670075, 146.97554755553375, 150.5277187158438, 155.78399980190417, 160.2799594926342, 161.1464043962889, 157.0669277900151, 146.96784956395982, 142.14868472560096, 140.35297921109307, 150.38803243204688, 154.2150577215822, 153.31284695286018, 152.612396486376, 153.37478245075968, 150.32604738112786, 144.9789897593218, 130.05311130050902, 135.2408770853907, 140.55144231916498, 143.17016262327326, 146.59341529669868, 147.5343129096623, 142.8277238722863, 151.00091621184393, 136.72265333732838, 138.19875041047914, 152.65491772677353, 155.3516430233217, 152.12743218170561, 151.45632020698395, 154.76149910944108, 151.6894682567339, 149.10824131175468, 147.77844690113182, 149.78806018322936, 153.24863265257318, 155.37201288510045, 155.56512235288417, 154.20595008671967], "fourier_y": [138.55115812556633, 138.6328899378567, 138.8735822400944, 139.26041025768623, 139.77406497619108, 140.39120519509274, 141.08691684221154, 141.836729791779, 138.50889753622772, 138.94360000662846, 139.1689171881293, 139.19081250250775, 139.0127103188706, 138.6358627475143, 138.05970257018106, 137.28226018087207, 138.381890917323, 136.3655938248458, 133.88399201085326, 130.80743414156532, 126.9327434960812, 121.92704819802165, 115.25290403272585, 106.52587376483314, 138.1694587245965, 138.1841620689602, 138.09918018816305, 137.92402942444372, 137.67154063756857, 137.35824119083543, 137.00463581474563, 136.63515474931611, 137.87045152479178, 138.74867022873482, 139.41521361413322, 139.88033669341775, 140.15246406869625, 140.23817887697456, 140.14234198497903, 139.86826513515518, 137.48322391935244, 136.70329581003148, 135.6744125546642, 134.37671783136437, 132.78396165441566, 130.8626406037941, 128.57223034337343, 125.86961640476858, 137.005596412289, 138.5781775132273, 139.95806817246338, 141.15625924667182, 142.18601773670045, 143.06071641042058, 143.7929100046801, 144.39400160469881, 136.43480347499738, 137.6736040354935, 138.64197749138052, 139.36682194152897, 139.8680584637129, 140.16030044501488, 140.25396555069256, 140.15600329866595], "src_path": "/Users/hagardolev/Documents/Computer-Science/Third_year/sara_guidance/db_3d_models/db/7/m726/m726.off", "name": "m726"}