{"fourier_z": [156.87697276304942, 149.37896059580638, 157.175558632301, 164.92722145635472, 159.8771508985526, 147.24890407128714, 160.69180576077378, 169.82272264071386, 151.52268826720854, 152.7987906099919, 155.5583141567481, 131.55944106970043, 168.7106402706794, 118.51271994994559, 159.35623027421346, 164.74189626246243, 139.37841048401827, 148.44905299715225, 132.46624272051935, 165.69097177292235, 166.12776567966404, 156.45583208593789, 150.7929866930934, 148.1884266951, 146.93543537021316, 163.02363526845886, 154.11963803960137, 161.04466311445353, 148.26497107070986, 168.64158388822148, 140.13428475410106, 163.66465722281305, 159.73845216043506, 164.31851440131948, 143.08800040920093, 111.89082788574703, 165.71491508224253, 160.03286211010348, 141.80326585100923, 155.21696859088505, 159.00041418381477, 154.2766859258415, 168.77696181045656, 133.09195963865523, 160.94698478670387, 141.89371102018168, 149.4567850196874, 152.68318935351948, 155.76918351692734, 167.63020362154612, 155.35326443363502, 170.5201205356505, 140.30249463438219, 158.71986486186375, 143.38720828318537, 166.30792551947445, 163.4431202923234, 163.40225312418403, 162.2917151154158, 173.56247478403895, 148.04575369673074, 122.73487050293477, 162.9259412484393, 178.71774901945315], "fourier_x": [132.79751667653076, 180.19177551475846, 184.88555234095813, 164.17184311733595, 188.79341604549384, 173.78242431188812, 170.20482733715127, 174.96954283979449, 147.29536753031186, 178.37908229574228, 186.35925488012603, 154.70288658052212, 185.35941544614474, 171.27461542837707, 171.71221372381453, 174.48617762882628, 170.63122512172808, 179.2191025156797, 185.3553787241486, 161.24628179173516, 178.97482787436914, 154.16748149274127, 177.56958046298826, 166.23537515835687, 174.8666254176743, 169.3494862380545, 174.9399613694472, 164.76188868651064, 173.70602462867683, 141.02244501375188, 176.38782726393936, 159.37888062679735, 169.5393006688498, 160.46434336151944, 165.42122732360284, 113.13231107844314, 153.0455761239425, 127.31454549617152, 159.2597569199543, 150.5970163657583, 166.584526725621, 176.49765552881513, 174.1905950508533, 155.1908357996612, 162.5762665930926, 128.11346322062928, 143.98080996754214, 157.31653277231456, 157.81832871106576, 176.66928149107633, 166.2510735805921, 130.6242552222147, 168.67754470271274, 135.84946533153735, 155.5217772452939, 154.45690222376248, 164.74044835273148, 171.12972271563075, 166.00595924522293, 164.73466921645635, 173.78966040670036, 157.49101805716717, 162.8875898448159, 177.76931259725097], "fourier_y": [158.78317635913592, 143.85100379551406, 161.5990409748575, 157.0334906504646, 166.7292579198215, 161.2269173201828, 160.52568219114522, 155.67502141580323, 158.1981618319517, 155.41036429585878, 160.7192194411137, 160.32589377667276, 171.8244291791442, 168.97022933964874, 165.06465118922893, 163.25503888568926, 154.20103765232267, 166.4051699978727, 147.71685761958327, 153.08670158318344, 170.56673141109374, 165.17239372310797, 165.07305121777, 159.13780025491033, 145.57089415778444, 167.9990541076738, 147.28664969460266, 114.1425194760913, 163.96788702063242, 136.81261314846623, 156.94068688244306, 142.00645626242382, 156.28336200135212, 163.72498627045388, 164.4848549047714, 160.87865526125344, 157.68564845497713, 162.37489239709507, 155.56869856535928, 154.4681041555078, 167.32309166925802, 155.38708308149555, 169.9762312718886, 168.8566365495975, 159.05829673624402, 174.6108431581172, 164.30275287355192, 163.17686116751008, 170.67069896718135, 146.87741245604582, 169.55523574361, 164.09389978106162, 157.08090630265633, 176.28086020808038, 161.79616932810245, 164.00596108799402, 166.86543314337774, 159.1882974496325, 165.51378742339722, 134.37092073440053, 141.58044775910383, 171.92431410746104, 132.95250270125908, 164.84555562680796], "src_path": "/Users/hagardolev/Documents/Computer-Science/Third_year/sara_guidance/db_3d_models/db/0/m73/m73.off", "name": "m73"}