{"fourier_z": [110.82527090316844, 110.30013428318918, 108.6331862013035, 105.50309284123497, 100.17418031642433, 91.18702512184694, 82.93404792385267, 95.4385876273639, 136.3707508090771, 135.4985780948557, 135.19600100671354, 135.27254415604935, 135.49924298673164, 135.68929806378344, 135.7253666294913, 135.5560937054712, 138.36832501062017, 140.17833933352244, 141.76588387254273, 143.2049424745846, 144.55485081058535, 145.8593641116478, 147.14536973296023, 148.42258710949326, 142.9161650667538, 142.568412679069, 142.41402960625643, 142.5180033902201, 142.95271167840977, 143.76420841591002, 144.94303257231962, 146.41934208635263, 131.67373278334767, 131.39528877058976, 132.169353685286, 133.8708321357932, 136.1328046221472, 138.5821639125398, 140.96409452911413, 143.1388888326003, 155.82262620931294, 154.6086560141357, 153.32495686738287, 152.0793420631694, 151.0216034310964, 150.32481898701536, 150.1345693287639, 150.50503344180956, 151.84486043689876, 153.15186291405394, 154.55360668997014, 155.97045722170475, 157.33710098536096, 158.60496179625596, 159.74067496917675, 160.72302236969853, 135.896541238726, 137.9399777763302, 139.66119223443417, 141.05710376561095, 142.12960054880935, 142.88097302579928, 143.31348245136877, 143.43104020659115], "fourier_x": [-546.1344525439118, 141.4851847297567, 147.1178323513822, 112.02234843812525, 155.83845455595574, 145.1499394006303, 156.88901551422674, 156.17175967718626, 141.15473189558512, 149.1317426470963, 155.65838572981048, 154.45612767554115, 144.8511929320124, 161.739033689245, 159.80757107523664, 165.33851580436462, 156.26820986870823, 150.91866950330083, 150.49639542027415, 160.41139371510167, 159.53803365973673, 170.67476176129216, 160.77668247000716, 164.66648639412284, 160.1985071674446, 153.52292194433264, 127.5710893830375, 154.04193888865115, 157.34644197016797, 169.68887365989528, 154.98501024089603, 155.28268813630464, 156.88483242788942, 152.02882107135636, 124.34654629928991, 144.6147611347964, 151.6468702728371, 159.5101205448591, 137.41445889060853, 127.37967406590815, 156.5609553645024, 153.4733125934629, 140.78019539056274, 152.2676430688152, 164.10497441003662, 164.62554557569322, 163.8570832335664, 152.38030897580433, 161.0563364217095, 162.83175514642733, 155.73453238921817, 151.44725933714318, 166.33227393258215, 173.01653980778593, 173.05430156152653, 163.74598898827583, 162.23941404493684, 168.3527381198269, 165.14745045515224, 155.2164388217237, 153.61219919656617, 172.86312062519784, 171.07602448006003, 163.75258480428303], "fourier_y": [168.63270606109182, 168.02249101946154, 166.21409286570992, 163.31207347064492, 159.63228799722657, 155.88104836665937, 152.9727589872806, 151.0858134497114, 160.69472994363196, 162.76149987562002, 162.95705283348144, 161.44008827441428, 158.31057853057513, 153.79089647451585, 148.7834980180693, 145.55364806914787, 164.81784399334566, 168.48931264734307, 170.135038561142, 170.1461111747474, 168.68688016672257, 165.79293874505657, 161.41210152090142, 155.46009225723816, 157.2088466240291, 163.16007654965432, 166.15356399334306, 167.01533584595805, 166.05292294639287, 163.28420433679466, 158.43929708369123, 150.72002417310628, 158.12907934703563, 163.0509357196936, 166.25266848993843, 167.78197216712485, 167.81443659567464, 166.44459768752458, 163.6551168284908, 159.2752389098651, 148.02025645489468, 150.06175303087477, 154.61585676377615, 158.1143374123297, 160.0437146773072, 160.57036622884033, 159.87531431564992, 158.0672838353911, 157.15306908995638, 152.71073688299634, 150.00644026585388, 150.45524966675634, 152.6604448931484, 154.709232714882, 155.73915259434438, 155.39288097361307, 146.12868291553377, 133.86529092608927, 118.14776839187688, 137.5184732896496, 149.22398043426713, 156.0810006741038, 160.3005564107524, 162.651243412693], "src_path": "/Users/hagardolev/Documents/Computer-Science/Third_year/sara_guidance/db_3d_models/db/7/m730/m730.off", "name": "m730"}