{"fourier_z": [132.79751667653073, 144.1375365645839, 141.9501217636223, 127.77645214524256, 145.72329188099457, 128.46869201765702, 162.06496490466458, 169.55438369586102, 136.52933566530882, 148.88198890323224, 141.3493974955623, 135.47686172026457, 150.95042689880748, 127.37977551542517, 158.6214190833527, 168.46775901743567, 140.5169502917604, 142.73971457440283, 134.11063594568364, 140.7899646785291, 150.84404545132764, 142.1827521056269, 139.23701496294734, 159.19972685192738, 140.29330313266897, 135.02336399943042, 115.93332981717646, 134.23892928489155, 146.14875951581024, 150.42257991775318, 148.87481510891774, 128.224068270237, 138.41907822092344, 155.4015093492654, 150.31267643641007, 111.27584521870224, 142.54072453398618, 151.29513962972504, 164.85422402302848, 161.46669899783745, 141.9793657563614, 164.35004340336306, 160.36640366650616, 117.91468218805292, 148.97491261934312, 141.60805325862452, 167.20615183227946, 169.55372211455625, 145.6384793271421, 165.12845485415676, 162.32072634054262, 133.32705710918822, 153.09212435901102, 136.98216135827408, 161.05906497664995, 169.29311419212243, 142.57046028414524, 155.64823805483454, 156.35642778290082, 140.3941813839239, 146.99647383197095, 148.3472484843335, 145.54662700882028, 165.38388676731242], "fourier_x": [132.7975166765307, 132.52461636352632, 132.52745116021177, 131.42385622077254, 126.6870140750651, 126.06566197325901, 131.83475171384418, 131.12663136396912, 132.89770074031279, 131.91376844473794, 132.49388134275685, 132.23076872708498, 127.26035535551732, 125.22121497109362, 130.40820618416643, 129.84793129227165, 133.18804144171074, 131.31823531416063, 132.46886304981027, 133.1208291716045, 127.93085356310739, 124.4848830282778, 129.01768804876411, 128.52137322867617, 133.6403614258031, 130.74993413154414, 132.4598545574417, 134.06050106370608, 128.6674667156163, 123.88573568060363, 127.72587429831047, 127.1722773102536, 134.2147253010012, 130.21828950917336, 132.4732291617296, 135.0193004620948, 129.43958821912597, 123.4463304646483, 126.60520411166485, 125.83156316061002, 134.86677119270107, 129.72917070775833, 132.5139632106112, 135.9713410647264, 130.21942448675614, 123.17895646717636, 125.7271862938241, 124.53445011479816, 135.55378062641137, 129.28408585224804, 132.58539360093982, 136.89572942746972, 130.98317766028376, 123.08342820168491, 125.14604695540989, 123.31733397366251, 136.23838883779385, 128.87980620747638, 132.6890782096999, 137.77623989273656, 131.71130376986738, 123.1472579909996, 124.88264564719225, 122.21272821210378], "fourier_y": [110.82527090316852, 131.54845433372228, 130.8079928155383, 137.31204840682813, 107.73891356744711, 109.10452220760993, 134.38363344646754, 131.60035829478286, 111.62200132897361, 132.17835665635783, 127.87809195128008, 131.23655416343507, 122.44896891953717, 116.08037257619067, 130.98052297744252, 125.96765299343657, 113.65034753817355, 132.56830407787146, 123.89630388313607, 123.08037902426831, 130.29803599337225, 122.20621836103626, 130.0211666242237, 121.14837621358858, 116.22058986335259, 132.7285688319658, 118.50309767400914, 114.52557661077978, 135.39763195175533, 126.88473058976705, 132.53462625522434, 122.05159044231989, 118.82359592529193, 132.67068209687008, 111.01827037497948, 116.45030223427172, 138.96019878742715, 130.44021740496837, 136.7877575944635, 127.93031025058136, 121.21330546893299, 132.4047731489579, 100.24062269625085, 124.73529939853931, 141.51118098522804, 133.15805750221924, 141.07350118458075, 134.08369823700406, 123.3039562156612, 131.9380261277294, 89.07597419754822, 131.29184170125825, 143.32889785542076, 135.2294149820943, 144.80413149802916, 139.2048356100041, 125.08354009397536, 131.2736201012809, 95.95041137908677, 135.92865273346905, 144.5828940040759, 136.7800990765632, 147.8983475432031, 143.33155865206783], "src_path": "/Users/hagardolev/Documents/Computer-Science/Third_year/sara_guidance/db_3d_models/db/7/m731/m731.off", "name": "m731"}