{"fourier_z": [149.74347388427478, 151.01937922548592, 153.10550786991539, 153.79171427345972, 152.27298009049355, 148.9596150257423, 146.71887505561048, 148.8721266620671, 169.43142052844433, 170.92250209300275, 168.8061917280386, 162.52594773443695, 151.89718635106286, 152.17329170548808, 161.62629849505262, 166.37095863399892, 140.32979000619204, 146.75620028835732, 152.2514413706487, 156.87470846010672, 160.02537135997596, 161.3193663734222, 160.61237270986467, 158.04377012916137, 159.2256457399669, 149.41199728466736, 126.7992583370123, 150.83555610443173, 162.7685447154315, 167.87732333815677, 168.82944182253155, 166.0092166659403, 165.50566623343752, 171.48852146081222, 175.3938906521558, 176.84048281147867, 175.97016965986242, 172.88718507298992, 168.1155079822742, 164.63757028798298, 166.7087549474576, 165.67195030168622, 161.26384754811681, 152.87356737430576, 149.90284463485193, 160.65163803104264, 168.9934908496018, 173.83226550609567, 147.81804625997668, 146.18383502055468, 144.16152539775186, 145.61173527662294, 150.74800146420208, 155.12380048370312, 157.11671450835476, 156.58536439886768, 179.27065422914694, 178.61584059104973, 177.29393700824116, 175.64488000738734, 174.1215832816153, 173.1643798982393, 172.94366544530735, 173.22845189613614], "fourier_x": [156.87697276304945, 155.08272706650945, 166.96190334819516, 179.3308964434472, 186.5930115504577, 183.7293433374705, 182.27558794138244, 156.44859389865732, 175.0542768437451, 204.95176626381715, 180.21487421958201, 199.21783189634598, 193.61926434236196, 179.79011037932156, 193.09039886270938, 187.46794278890152, 175.54439065578126, 185.75157940123947, 177.126000738811, 170.88276264138997, 155.22411788170945, 181.47358144486577, 170.24127123874067, 176.83124205483963, 171.70460451689667, 194.84623058980782, 183.23748002958797, 189.0095301033914, 189.02865460908868, 188.5599878583321, 192.61895942692146, 180.37380863849643, 136.61875950312023, 189.1733637383677, 167.12157178007953, 190.33651422865344, 178.85641460599163, 182.45213152231273, 183.01973467139862, 191.31380433207684, 159.4567897726098, 186.42368429688156, 188.6208135043927, 180.8454681213508, 192.79303849752614, 196.28332535788402, 183.02239009661636, 181.4239790575455, 171.27379179240634, 187.0157723612856, 175.0763131627238, 199.95432887465753, 190.26700196458881, 201.6670602947767, 176.04697764047182, 202.00185597927998, 149.6489161871022, 183.19862929100466, 179.57119787768076, 190.44674318728846, 190.36628621428665, 177.75088098515482, 194.95072791653246, 182.23967178252184], "fourier_y": [124.68821451436746, 125.94855620815946, 131.72237871117903, 139.88019990038205, 146.81944853255465, 151.97742499388656, 155.82816211959664, 158.87564746522253, 180.22168895470966, 177.39631947155306, 171.85128797680807, 163.93067467172696, 159.21818584012232, 163.387845854361, 168.0973740156768, 170.3158846402102, 171.2802973307134, 168.95307477797115, 165.60802659580216, 163.85245811119813, 165.79474029281704, 169.1402237637797, 171.53285305402562, 172.34833579136074, 159.0589062419848, 156.88433139522533, 154.9695003691412, 154.20651896127362, 154.92607845628146, 156.6354035412562, 158.69685292183016, 160.66447074296374, 134.63226417184714, 158.25929535886, 169.5182427099175, 175.11128694507377, 177.58444999958542, 177.76891152836527, 175.99322569768756, 172.4548634183117, 167.59702780147154, 165.2343475945903, 160.85773302888458, 154.3060143948618, 145.33107502308997, 133.6403599047546, 119.1828171129809, 119.00360744662784, 148.91954561757035, 129.1137486145086, 119.66135828864275, 139.15083164157772, 145.3283573337658, 148.33861378271135, 152.44017544635167, 158.19947781588004, 172.2886790627699, 167.73689350821132, 161.37993355164613, 157.0825226523112, 160.0761330458892, 165.06156904422537, 168.4475140835892, 170.14045954869232], "src_path": "/Users/hagardolev/Documents/Computer-Science/Third_year/sara_guidance/db_3d_models/db/7/m734/m734.off", "name": "m734"}