{"fourier_z": [132.7975166765308, 173.31905019327664, 163.07994643921097, 155.16783137276178, 151.21700740193597, 181.53634026041453, 159.47804258942767, 182.7132148741971, 164.58492509352175, 166.25013802322462, 178.71881990860456, 179.4159543283985, 165.08639096850305, 153.22862533969055, 182.999578655635, 182.38344237283727, 185.40821451709948, 169.1736487702164, 148.560520307575, 171.39865351679333, 189.27212051506052, 191.01226628300287, 182.05783082833193, 174.62587353311267, 166.65326314110007, 175.72826669019068, 178.12911873672795, 173.29303369059545, 176.3736577983135, 171.3896723117814, 169.7418864521541, 151.40920545733997, 192.62653913417168, 167.2612298422722, 152.7682831598513, 152.27092093672286, 176.37915403869258, 162.53342108976287, 168.04453147333263, 176.56834241451023, 167.49432785572958, 167.21314114460847, 185.79811363095286, 188.40045024317635, 142.347057004136, 165.7397316245386, 176.31270835901887, 182.849769688183, 119.9476183966436, 179.89406953125356, 160.31438112013086, 164.79649091312524, 179.41825458595753, 183.59441681370248, 169.20628438447443, 170.81251941202942, 163.03715725822983, 160.07733336498487, 151.06801939482926, 171.9327237709771, 182.020877225213, 171.5856135626285, 182.38696014386198, 193.99120928676479], "fourier_x": [124.68821451436742, 139.86257627866925, 143.35537604042435, 145.73005619188854, 146.01289616904094, 149.4404996405829, 138.99113604425236, 145.54081846787437, 124.63131164788973, 138.80890593583752, 143.54284337741748, 144.26591470070446, 146.42872308557074, 148.45762698367062, 140.59721670261527, 144.89081993220293, 124.45995175339092, 137.3133085218411, 143.07536397700372, 141.7556026126483, 146.19590878168412, 146.70254477214388, 141.71457533592692, 143.9410390207209, 124.17215082555101, 135.36577490723462, 142.05422799403692, 137.85535109492795, 145.47270096771044, 144.05198464321583, 142.46085794881913, 142.69025356551856, 123.76449878390757, 133.00525718728363, 140.6269358255957, 131.87733788486702, 144.4726843258996, 140.31582024916992, 142.92669839032342, 141.13625073092896, 123.2319933248644, 130.36779543095105, 139.02351579329883, 122.05529876116685, 143.47738849299805, 135.20513239038956, 143.17281947688278, 139.27582899410598, 122.56778320044369, 127.75472501919069, 137.55977575056556, 100.54540142643785, 142.77859403327685, 128.3789488546143, 143.22386020410457, 137.1042503661547, 121.76279148206922, 125.64578686568795, 136.5415617146525, 100.48413944073229, 142.53482182054432, 120.37720718872214, 143.06384445011415, 134.6136542786743], "fourier_y": [124.68821451436742, 138.01986944996202, 147.14064420164596, 130.39017208784867, 150.0777071558463, 124.5818988620379, 128.42709845817313, 130.76381853933196, 124.66924890545627, 138.7354173914588, 146.5141897083566, 132.13293354281893, 148.9164723873964, 128.36700092521855, 128.50744940941794, 132.26416023040252, 124.61216002562654, 139.07371674523853, 145.17164343081862, 132.93789664459484, 146.96354490527662, 130.9729358259214, 128.56389839158314, 133.2661774540921, 124.51636845003915, 139.10162371024495, 143.0349949927219, 133.41424008891232, 144.03920726723473, 133.11228511656688, 128.9012453015279, 133.8156261350354, 124.38089740360788, 138.89125576766392, 139.98322392855468, 134.18202574929376, 139.85314976893326, 135.21942326783432, 129.7973862288467, 133.94585911339445, 124.20435550957087, 138.51265689889948, 135.82371959681336, 135.65394883698443, 133.86111713132098, 137.46316495223277, 131.303956943483, 133.6806954230503, 123.98491128189423, 138.02141410741729, 130.24015504772086, 137.77458445480048, 124.81477892841124, 139.77885616546698, 133.19792946066917, 133.0364301685351, 123.72025787295534, 137.44328886465092, 122.70736995440159, 140.13510042797583, 108.50989184385342, 141.98410146741398, 135.13984821033387, 132.02337341245413], "src_path": "/Users/hagardolev/Documents/Computer-Science/Third_year/sara_guidance/db_3d_models/db/7/m735/m735.off", "name": "m735"}