{"fourier_z": [178.84921853641163, 175.326608359085, 163.03669996322208, 179.3143651335795, 174.1429813526521, 185.28468056714016, 178.2558048282865, 181.44944958410997, 174.88956817764662, 169.21728938825052, 189.0911861563569, 171.25470574810504, 197.42269227149376, 170.3734456979916, 189.36455346479767, 169.68613489353717, 193.91064824928526, 117.7105739030697, 184.5600077935524, 195.80814685916422, 184.22039628102982, 173.20399645971136, 169.07419532204116, 182.1830263784761, 180.25896573899504, 189.27876059898824, 197.57430601552375, 176.8730145724599, 145.47944095894542, 191.0711643015037, 150.03361829947943, 182.00868932182215, 177.33646331317397, 192.04121630069574, 186.5020335001069, 197.90483248110067, 164.53498549755065, 164.17285137176282, 172.72819693561328, 170.85587990652255, 169.23842403703716, 189.190628572589, 192.5553035468151, 185.77236773584414, 196.02108929733492, 170.71656063102068, 182.72675977530673, 185.49226555149522, 177.131105267902, 180.86557506800352, 189.31298598052325, 179.10918023181094, 188.1092550102878, 187.43897206768128, 175.04740784135194, 196.3918450066579, 190.52685257209407, 200.12254307701696, 185.7196877960757, 157.29612418022884, 186.19353863000245, 179.71423610896926, 184.38604426796743, 155.96724400810274], "fourier_x": [138.5511581255663, 142.4740239206773, 132.63024847545273, 147.83812387254704, 157.47353235593795, 124.46469240916204, 155.42403109813367, 102.04363279701745, 146.3315913794487, 157.05858147782985, 140.99806928198913, 129.26426387762942, 138.5041822768605, 141.57380134351664, 164.89699937868534, 140.64467623211047, 134.96461379046207, 154.410368945675, 136.16965344849407, 148.50662905305074, 130.11654395163342, 150.01336495568975, 157.73985504910576, 148.66739327904688, 143.71674848772744, 133.19554800900573, 152.544972064025, 153.5831924186272, 130.79936132755196, 136.633149263046, 147.44737826033256, 157.00424139163445, 159.79986807669138, 141.78712462768323, 152.14459685288003, 136.063767681611, 141.63806457449445, 119.07327174768858, 161.00314328229825, 154.77365542042898, 156.16312190693694, 140.16653285225306, 135.31057766686044, 154.30896612391382, 157.8453327231703, 123.01047686662156, 158.26680302450615, 129.03991044568116, 146.85167332972702, 126.3093528741521, 133.39562822789054, 159.69471446374962, 156.25976220434453, 137.03209467860106, 144.49969001320952, 153.66776576851012, 160.65541925542146, 132.02908144283492, 118.92448100254684, 145.93971280059282, 145.85358651955826, 151.41144846928233, 147.2574071741114, 159.24969825413388], "fourier_y": [138.55115812556633, 125.90996990026987, 150.90436947770255, 148.5851609671862, 143.10416578200542, 145.1041671080877, 147.64464603665496, 145.59543455114374, 155.72981026004646, 148.5169888121386, 133.0132235649384, 135.70231636427192, 142.65568489746602, 154.56602313278404, 141.61196828835185, 135.90443130745751, 156.57082967574064, 150.40504026564656, 152.27962975677738, 137.017713480551, 133.70883362905622, 144.099566693373, 150.71820330220868, 156.39872305326867, 130.22196231468791, 96.19651524915652, 148.55105318846196, 138.60575384071237, 151.62790015808338, 136.63192138244673, 131.5595973411266, 152.36161691362923, 141.2441892660529, 149.1951000926129, 130.28752542549432, 134.4177003564867, 146.22346261429823, 153.75517974745637, 152.35133272947905, 118.0142211494483, 139.85290433813577, 147.12290668880934, 150.1147287217413, 159.69602495501871, 122.49030494943622, 146.58229563014754, 159.94302788132072, 135.88485096772501, 133.98530764554744, 136.4668394822414, 144.4936643150321, 161.82241344218525, 151.39741491881313, 146.34055202246458, 151.50048414973182, 138.9466108051226, 155.576436393874, 160.67979455864472, 133.08182121826474, 151.79279151667765, 147.33637500655644, 158.05759831417254, 114.0043031461491, 151.13031426199478], "src_path": "/Users/hagardolev/Documents/Computer-Science/Third_year/sara_guidance/db_3d_models/db/7/m739/m739.off", "name": "m739"}