{"fourier_z": [138.55115812556633, 161.34136135383824, 166.87991216971457, 158.62051908052902, 162.01925878188814, 170.33199911221618, 125.68033240444693, 171.7656877363035, 168.82436576001868, 146.54370416611798, 149.49307574051642, 149.96484253949976, 130.6061880167164, 153.38057050890052, 131.3777536968808, 141.1490045569565, 136.6459264101314, 159.2709650647385, 158.38654152018566, 155.1271090927137, 158.6082738629783, 161.29669051000224, 158.44384870427834, 155.6984324848315, 159.31037082927284, 136.44636381261085, 156.43832232038278, 154.84600821436035, 164.65415878820392, 148.72363963154584, 148.50293474893698, 159.3341371165236, 159.54887943291297, 168.3658509341451, 156.61050916333795, 131.86911417603875, 151.6458931406237, 139.21425929665057, 154.90254652447774, 136.79881068331386, 152.13637207765888, 150.58327231110013, 168.85582102495772, 160.42111993880405, 155.74397913518592, 151.97633423850414, 142.58377730771326, 127.35367693909387, 156.02721360142033, 135.59188753063705, 164.10967330954506, 149.47058540564262, 165.57287924001625, 159.83926301502515, 140.66841771138513, 166.86704654493823, 166.96685053767857, 154.55707729659804, 150.1948502145915, 161.4413599673686, 172.3220081489424, 168.7609048529676, 156.1774391530773, 166.2472818171783], "fourier_x": [-1269.8618438534327, -569.8508354887733, -628.5324987964082, -587.5724003809966, -594.8940828452243, -614.4226290593055, -609.3632726745875, -584.1295433684296, -604.669656148862, 114.30666889323965, 105.06570535348516, 100.23176857473631, 119.31244436504821, 122.13549689367512, 119.0440965765538, 97.83016522349993, -592.0459588936442, 126.83169515336623, 117.43346111879802, 112.4202228192479, 131.73058626422858, 134.5707382039609, 131.46310594126368, 109.99178731643916, -586.0758807729571, 132.6257798361025, 122.94288133089545, 117.59714444806919, 137.33186666721355, 140.2030250395764, 137.06590605670692, 115.11859208455591, -583.4936885384396, 134.9317592830352, 124.790904974348, 118.88762491543991, 139.32946485357166, 142.25065303255866, 139.06581842051466, 116.32409979180154, -583.4781066906505, 134.5216282856866, 123.64628986900317, 116.78525250088049, 138.42940348031027, 141.4311970870233, 138.16915359349952, 114.0735757632004, -586.0270758613949, 131.2771070083957, 119.11819943704843, 110.36404822062718, 134.34265872176778, 137.4863129237201, 134.08749440304643, 107.35523549765531, -591.9509324658461, 124.00340237860121, 108.99129958009517, 94.60314114267032, 125.26169043100468, 128.7242869149025, 125.01430180104906, 90.77408079249572], "fourier_y": [-1285.9562229777737, -577.7807606440699, -637.0891598969853, -587.9972731193897, -584.4531186318243, -591.251497123736, -583.4651976646597, -576.597376274589, -634.92075087128, 114.30666889323965, 105.06570535348513, 100.23176857473628, 119.31244436504821, 122.13549689367512, 119.0440965765538, 97.83016522349989, -621.6779275749058, 126.83169515336623, 117.433461118798, 112.42022281924787, 131.73058626422858, 134.57073820396087, 131.46310594126368, 109.99178731643917, -614.6532240064158, 132.6257798361025, 122.94288133089543, 117.59714444806914, 137.33186666721355, 140.2030250395764, 137.06590605670692, 115.11859208455593, -610.5338072972237, 134.9317592830352, 124.79090497434798, 118.88762491543987, 139.32946485357166, 142.25065303255866, 139.06581842051466, 116.32409979180153, -608.3943624863107, 134.5216282856866, 123.64628986900316, 116.78525250088045, 138.42940348031027, 141.4311970870233, 138.16915359349952, 114.07357576320044, -607.98657033677, 131.2771070083957, 119.11819943704842, 110.36404822062713, 134.34265872176778, 137.4863129237201, 134.08749440304643, 107.35523549765529, -609.4432690035856, 124.00340237860121, 108.99129958009513, 94.60314114267022, 125.26169043100468, 128.72428691490248, 125.01430180104904, 90.77408079249565], "src_path": "/Users/hagardolev/Documents/Computer-Science/Third_year/sara_guidance/db_3d_models/db/7/m747/m747.off", "name": "m747"}