{"fourier_z": [169.7140504864973, 182.00803665902725, 175.41372302259242, 174.73785927258857, 175.72524981849114, 161.06136974459235, 145.72830858743407, 177.48591177086178, 180.02470339669952, 185.12708650367495, 185.05397724352474, 165.44585578246114, 168.27529913267497, 138.48327253322725, 171.68594353033006, 157.09322683947744, 142.97593425117853, 169.45541035854816, 155.47112106523474, 156.34243413764534, 170.30808439448037, 174.50025170267284, 167.37947960967, 187.5655715646759, 175.7767534701944, 157.0850581964508, 177.6853830227792, 151.84040769508033, 190.09769053280263, 178.6400334984816, 165.62551493548074, 189.4997700095246, 160.66598891590402, 164.54959743180245, 183.14954028388746, 179.19190628673852, 178.1168334403572, 188.25466108070313, 181.51898948275883, 182.7563518011711, 152.5266795384759, 162.99076894859613, 154.36267103850963, 176.93875019675144, 186.48656433939775, 179.52896117905237, 182.1408765843, 175.24185715442684, 146.53596500744018, 169.24671745178614, 175.3304982283443, 169.54149359461098, 169.45037686640921, 169.4195010577511, 156.57696044404398, 183.98109692651343, 177.51782955362512, 182.17888145505387, 134.91736569618774, 171.0126321127055, 154.9340139384716, 164.8976673843767, 182.17640748306425, 173.17738489711073], "fourier_x": [158.78317635913592, 152.6468065882865, 106.08535503805916, 144.6560857094375, 155.8539932118129, 166.51262932669522, 146.60469224294152, 150.876185027766, 158.02362881374208, 160.82876631817732, 150.28225057471624, 140.73668257416125, 157.79026874739822, 161.2621676786105, 155.88272833233685, 143.1825540494712, 156.41450506711732, 160.03831316961904, 159.716696629698, 145.85389590127792, 156.74012290922133, 158.33867275033026, 155.00169509227032, 129.75655771059434, 156.47447746535195, 149.43487820035057, 156.09184600885737, 149.93003857726043, 152.8221445486512, 154.7566217499911, 145.86350739170274, 114.93053358180816, 157.77442866400094, 149.318770106765, 148.31401547341915, 152.44914652528198, 151.52882216892502, 145.71999629448135, 145.68301202842068, 117.76496429754752, 155.76277773668565, 158.13569868418466, 157.56467978929896, 150.3841071301724, 156.51809041827065, 123.02858306810711, 154.74341609354806, 108.39242897498696, 148.26761781583423, 155.33660210594883, 159.3074563649873, 145.37368789147382, 160.50965887569964, 121.18984927048841, 153.69640477534736, 144.95492181197451, 145.1932829650456, 137.56098330045933, 145.9937342487908, 148.51786901881437, 158.8094626553714, 137.33065610666105, 135.40814199931634, 155.37918500321538], "fourier_y": [163.6064174954737, 152.21064586686052, 125.28059135142387, 129.30421328897935, 161.0608213118378, 165.3599791523652, 150.9612511987479, 149.6217742493037, 161.02564049277538, 161.40459316380915, 120.33072270565205, 144.46856285308775, 153.52952837630124, 166.80565717579947, 156.3949675931087, 156.07621626152726, 154.74099648185643, 162.50718675351283, 146.9959287209772, 145.69386169281816, 150.46075130943993, 166.2340650567607, 148.7501161905918, 156.57724923326805, 152.75372224348058, 158.94641495022998, 155.79749867620794, 129.38358783674627, 162.2804093748412, 162.2240825626592, 140.1707118792064, 150.60347099810733, 153.79558138494065, 161.35577581942624, 158.04797011288179, 146.1570162536604, 162.98007928533653, 156.48705715269693, 154.11013092982478, 138.55469184917607, 147.00534950230204, 165.7314834443572, 159.08489294256944, 155.93735342404398, 156.00243664308613, 154.91572064218786, 153.07856205820724, 146.07727701975512, 110.42679810659754, 163.84847434459653, 161.44389204973157, 153.9061297868457, 160.43379417329368, 155.9905527068729, 133.27169789128592, 144.531083220119, 140.37074584600632, 154.89328047475266, 161.2881957253414, 142.36123622808708, 165.3278615957117, 158.23007957858184, 141.0383240122031, 117.56350650079085], "src_path": "/Users/hagardolev/Documents/Computer-Science/Third_year/sara_guidance/db_3d_models/db/7/m748/m748.off", "name": "m748"}