{"fourier_z": [124.68821451436742, 140.39044630359209, 154.87371901821115, 152.4427958132441, 153.71824279308942, 153.10694196873976, 147.4449141201657, 160.43284423378967, 117.0166800242827, 134.90838894628152, 153.45254310203828, 155.30025889545595, 160.88497319946902, 160.40016496253187, 156.58070997395797, 168.72092179242577, 145.30909662832013, 129.40193800565248, 118.23319917233002, 146.198758596585, 152.9923335306598, 151.26097271676562, 147.69973668184943, 167.26889716651186, 138.61920012760515, 136.63355406535084, 145.38386693016963, 121.60190057869042, 132.28761413487211, 141.43792138646137, 144.59714359083338, 167.95442113261208, 123.56054145504703, 144.19645206100563, 150.03078026473761, 137.23284002911578, 123.61307272866983, 141.98586586506997, 134.57221969682254, 163.16695559376717, 144.45767246256813, 158.11366426805483, 162.62015030702528, 161.27990733511325, 158.30396228547096, 163.04088989701867, 154.52928567380863, 166.11634970061294, 161.93284744473823, 166.77539958563085, 167.28222098237404, 169.00741914212784, 166.50704029540466, 167.04521737571412, 159.62798710627456, 164.3903692767732, 163.22845836062922, 162.30151726627767, 160.9517205964802, 164.89399522443102, 163.69386270379073, 161.35076477142638, 153.42775864415577, 157.51233133471507], "fourier_x": [132.7975166765307, 152.36054845491535, 164.30568577141415, 169.9267931532344, 170.86092495172863, 166.4042806558481, 151.71696579892537, 138.14165130555276, 167.56319124022684, 166.99935133064957, 159.92183472194534, 138.99685150123358, 135.87327667928943, 154.09380927234437, 157.1402762725305, 152.63946750006158, 174.0921199786805, 171.4420194514473, 162.0994111392793, 136.33229523657832, 141.38207806889784, 154.0359559489248, 156.40902821071822, 161.07052648969182, 157.68614230039168, 146.83592436507277, 108.2842259010515, 144.00366667012437, 155.47038780426664, 158.46416082331376, 155.44278613433374, 143.7690940493392, 159.74239373978875, 157.4203750514043, 149.08344446889683, 144.4270842655667, 154.1166409837455, 161.02387884081838, 163.89325149166993, 162.99856382086105, 151.47943937730207, 152.74453547561882, 149.98761312690473, 150.97708003076585, 156.68577800024997, 160.15044396323233, 159.49999904681025, 155.339294774785, 155.72601417348875, 151.16301390086417, 153.04572433419094, 156.7213965715224, 156.29662547331466, 150.8279688442406, 146.76494439028042, 154.20804118899528, 133.50837392849894, 145.048922915984, 148.88619335527346, 148.6682211226134, 145.83057757436808, 140.03412934128238, 126.7957074069075, 127.8878989266656], "fourier_y": [160.52340389892856, 150.55288398439185, 151.586091596464, 150.44834095825024, 142.66002077992152, 145.1319948135418, 145.06710580790127, 156.27698616002917, 160.64655917820912, 150.5786878471547, 153.8638415951598, 152.77491791903861, 125.59931555153963, 139.2969745296534, 122.38610466783435, 146.75942204457988, 159.60501517954066, 144.3032042876492, 149.52315486367792, 151.25631188315495, 118.98094325046412, 147.99505003490052, 141.97452891074633, 152.33503171591332, 148.4530180166281, 115.61044487451571, 163.254481784587, 166.94931438741264, 154.93082400564057, 144.3224700813775, 159.41995085631848, 168.5871650489296, 165.56840572890795, 161.60711388724738, 161.67728366513845, 162.88863359355022, 153.17440416877767, 152.65925365019217, 150.5656239414946, 156.81538494400516, 128.52700014847375, 147.46619756527903, 168.63670278591243, 172.18106017601423, 163.66823269743298, 157.56080645177266, 163.39986686102492, 168.3293581280924, 168.91792332478204, 162.17844863742835, 160.9098616453042, 166.3677042753144, 157.5764246935618, 139.96421464317098, 147.80032602039918, 163.37476554955683, 163.4937048839493, 158.7107132617857, 144.9590673733797, 155.9522543851806, 138.4713174640492, 140.409607531429, 152.681477020259, 164.80956956972358], "src_path": "/Users/hagardolev/Documents/Computer-Science/Third_year/sara_guidance/db_3d_models/db/0/m75/m75.off", "name": "m75"}