{"fourier_z": [110.82527090316857, 134.19176846433032, 144.98643278605627, 153.4299738483929, 161.50220665878282, 166.34334588066446, 166.88353240995949, 162.7061106620869, 155.53143846365873, 160.9998390560435, 165.14921568100502, 168.9985504229751, 170.10019989161762, 165.30559533043075, 147.36834813091167, 142.35393344740578, 163.70669404487484, 160.07495381344026, 155.55414203867633, 159.28865344451378, 162.73029805161173, 159.1398744790652, 148.97699255633142, 154.2671134035558, 140.53128896545988, 146.00341974837573, 146.66752705829873, 142.27295004443124, 135.2406940583584, 137.87991991845652, 148.06695361959908, 152.74041070749098, 150.17606669225012, 151.54260099078007, 151.81831784326218, 153.99538602533903, 155.58921739893523, 150.0935316870569, 113.4884350789577, 148.1455932015897, 142.36563000053454, 148.24245052186924, 151.97326742668048, 156.1584065050463, 159.81750721715682, 159.64385222583462, 151.98910078466704, 116.80137317864367, 155.10977182766365, 162.29978084487485, 172.49265298917715, 175.4327943550212, 171.0603001907822, 155.14815330536723, 131.97727979672482, 156.56164809250177, 173.6027184505508, 165.1175294076886, 164.37198333631656, 171.4813488161085, 171.88654317184933, 165.0677354154629, 160.48658210660722, 167.66444573298668], "fourier_x": [158.78317635913595, 152.25477073332308, 181.79134411992098, 185.76156799416012, 179.0036681777701, 177.355108589437, 177.54305074188204, 170.5808260474907, 155.65844171187186, 147.1911228406878, 180.0365916255529, 185.42965046549563, 178.08678079051472, 175.58275553968596, 176.830280570595, 168.32678481732762, 150.83428098640718, 163.71706812432836, 174.36132522062866, 178.3822755147514, 172.2033256099361, 166.6239390204882, 163.75760430483908, 143.96898841346956, 155.36508134359647, 172.7403939425006, 174.15472974633812, 161.04762618411388, 153.4884798160682, 143.9839713105042, 160.84785827657302, 167.9266417084624, 159.5636898710585, 174.01101073130945, 179.68806331065088, 169.30063934882673, 147.58852590890663, 151.6379217303172, 173.01948976755534, 176.5343804880897, 160.31946063365632, 165.98243417065592, 180.07768684754, 177.38938736636766, 165.64072288034097, 156.02959564139599, 171.35622605145497, 172.73412992656574, 162.32470186514342, 119.03955956068128, 170.9042920601389, 174.11377095957891, 166.3880118810343, 142.59331888598214, 162.33318436288687, 165.4326776156674, 165.65755737592485, 165.83197395273456, 127.51712219261763, 161.50060651696688, 161.2891075483709, 151.55429351490076, 174.98708645719182, 178.6006789801526], "fourier_y": [171.715719657637, 181.71677823836222, 168.4767885484379, 184.92355207001953, 191.3489241606871, 168.00061122501216, 189.8279235802047, 160.00129846462454, 187.60749847069593, 191.53638140620944, 181.03284565896897, 207.92009867284236, 176.24973150671022, 208.2109348901846, 145.58435097675283, 183.97392065667472, 191.0041572792977, 180.15439293471127, 172.94162971910697, 136.88261440982885, 199.6493788899856, 179.85960353784677, 193.68693777048495, 184.3034690650279, 186.94190431300302, 196.49883145863367, 198.41788953432032, 200.55210334513913, 166.7307744642787, 202.1189249564607, 195.1870020194339, 185.16024135049338, 190.6654072193838, 182.60201120479283, 171.65041880894975, 188.95597575226734, 197.93711442648134, 157.5176504692849, 194.41916735637423, 167.669166602603, 200.87047025565346, 184.54471714497498, 194.21413950668403, 200.677094904718, 184.3295912611411, 183.59222018215405, 194.14530274261082, 191.5165966426736, 169.82733929173963, 182.76820214954284, 189.42697277056996, 199.11463554646102, 190.61449130718046, 153.35175977331414, 191.23475491874837, 186.53051660762245, 182.4585305600199, 185.28405915022458, 182.47696372462056, 194.09876043646295, 171.28858841120837, 194.77558500307828, 182.73696531027585, 181.65932553527898], "src_path": "/Users/hagardolev/Documents/Computer-Science/Third_year/sara_guidance/db_3d_models/db/7/m753/m753.off", "name": "m753"}