{"fourier_z": [143.01402915185054, 159.43925633968666, 146.07344314162103, 158.1999548259601, 172.77176789574807, 172.1286765671573, 158.57991083445253, 162.46791342931786, 157.49936049947246, 164.88324242650523, 157.4196294744908, 156.57969463311355, 170.6542021650381, 166.54563517027276, 166.9539971814996, 176.48232745423724, 173.39054124566445, 162.65809775895207, 168.75797621134444, 166.68631766968812, 170.35489941414392, 163.4988632471066, 156.3106967379187, 181.81418296220428, 161.63605534858718, 173.39908979302913, 151.64603066191057, 161.10384500682704, 153.33883430396327, 159.25113639450802, 155.25195010635028, 155.81679967758566, 166.4866266300283, 165.42617367431427, 175.21107418733425, 169.95115042062278, 181.2006401585, 175.07712055969483, 164.4580903694935, 174.52504479673135, 177.16256919820577, 192.41868232924784, 173.81458247676045, 175.56530330673093, 167.49037766843273, 166.09847902171146, 164.0130485988962, 138.64018529658622, 164.20333328418553, 189.19901488156117, 106.28661374054396, 155.86829037550694, 169.65517862612273, 171.0044082505458, 172.92307302575253, 185.48384654868778, 148.27376094632564, 190.50856322991825, 150.51031268595028, 179.11946531437695, 172.24471588474273, 175.1651337586856, 177.61601017908603, 174.83095778614808], "fourier_x": [178.17118750289802, 176.4256280341044, 172.65366326450763, 172.28409717887314, 175.12084587094301, 174.926125144867, 168.33109825104285, 149.00279741217165, 135.65588650636917, 165.961743677331, 174.89424256911136, 175.08159518146368, 168.0835632022041, 149.19729334150733, 155.76702520425528, 169.78593957359607, 169.62905031600093, 167.2631044227055, 170.13553602045084, 176.02306994496016, 178.71278311621484, 177.20511610886138, 173.56025052154854, 173.8133226301605, 164.42797396833475, 173.43853668655302, 175.17969143941923, 170.41761942046077, 156.88942619748434, 158.32972732674867, 172.22806046990036, 177.47299673175692, 154.33196366291685, 152.7706452485623, 159.87294267086097, 167.36298862669858, 168.74952367556656, 163.09449820602526, 156.0298112945151, 164.71157272386645, 173.59050206008934, 171.73289654781982, 162.13747654069886, 133.0634921376392, 159.55749231956216, 171.34390806658115, 175.09020423972623, 172.8193558132562, 134.3648168961621, 145.6870549215201, 156.74657205274278, 161.02487537298873, 158.43004286384425, 158.46540215609198, 169.61965115900801, 176.8964639785362, 168.49219001346145, 151.65294200371432, 142.4440077362863, 164.2584990920798, 168.79045781968517, 166.74571778387025, 160.85243882045515, 151.4033840266905], "fourier_y": [154.7697624498929, 162.0125017068439, 158.8628753412366, 109.51269375870994, 162.78574799683304, 166.41268473429633, 156.5288032229768, 158.16270920211278, 146.4170680697767, 160.49229125686193, 161.73824432962016, 141.3163798531181, 152.59920905811822, 153.52178740340125, 155.8016963469256, 171.97687325016642, 139.6554978445182, 158.2999507429077, 159.27518280729655, 128.0494532837932, 155.1936543647287, 154.72659125982514, 139.25335680047394, 168.09032227404086, 143.73681418387375, 152.78114081134547, 152.58766087515187, 147.35290447175333, 167.27149059013615, 169.20761856123735, 157.3500381977433, 157.50975377164005, 150.62250404378835, 167.1884075450618, 168.45499878340516, 152.3266712129144, 145.03397613271366, 151.4752970707163, 134.5915884366629, 162.33755062499523, 153.83494435615765, 167.18999522246207, 167.92995152005494, 148.97556244903572, 145.98450579494585, 155.50038266986007, 123.38736432106126, 152.89755586322676, 142.62476282445104, 156.0916517009517, 158.89781667697272, 145.214387071908, 163.36494960728697, 167.39041285228558, 158.5030855754635, 156.28331690400717, 160.49526562531352, 166.49986700602784, 164.1335238066727, 145.42456211829722, 162.5986708179822, 167.12816251053724, 154.45726946504232, 136.1639222976655], "src_path": "/Users/hagardolev/Documents/Computer-Science/Third_year/sara_guidance/db_3d_models/db/0/m76/m76.off", "name": "m76"}