{"fourier_z": [149.74347388427478, 152.33910052449738, 150.75019039779798, 144.10613539449443, 115.26477838742936, 158.4085090079987, 122.2292574130686, 152.1086670320216, 133.21418040108318, 152.19694460396266, 146.96628824057635, 152.8977428263396, 139.05960833126238, 151.67684567224904, 131.7537325628554, 153.7248479474672, 106.19512689063654, 155.18919465272432, 136.0407256448229, 155.12931104531336, 134.90251133839726, 144.3966259748063, 139.11315662400418, 159.98390670163366, 137.03670899045397, 149.78801728916852, 135.46649212576253, 159.43679655444274, 133.88358688199665, 152.5763156952583, 149.0394206961911, 152.81049092320978, 139.12886220996432, 153.75528301336533, 135.01847640186054, 162.80187134091736, 137.274670606862, 155.45739721154658, 135.45188811462, 139.8739371471636, 118.39100802343786, 158.12193641797634, 137.2805593710906, 157.60450670528212, 141.722026262564, 152.90991217449576, 125.8009642177467, 142.72820686750393, 151.1295632592384, 152.65714472816177, 144.39164895567797, 149.9419450314893, 138.0241812681066, 159.55652680543798, 100.95642883519388, 161.11716932001428, 145.09803057718085, 139.621059699041, 104.88583306652959, 153.85281110218392, 133.5452408916723, 162.55373891479977, 147.82418024781697, 169.3325275430155], "fourier_x": [110.82527090316843, 121.50100086907477, 132.8221471473758, 137.25737479313943, 122.4284942759712, 135.10336775932024, 128.26854126320757, 129.21967731486637, 151.7803593418395, 152.87342069785387, 148.9693130878153, 133.45989644701982, 106.93503554924752, 118.45598451155182, 148.1893884374171, 154.90249913919905, 137.2618196635675, 103.52649644096812, 124.10447177773058, 134.1219253113243, 126.24347106335952, 132.9645937164883, 141.75409423118685, 143.37721932019, 142.26770444562254, 131.3340108872116, 136.04986906167602, 144.37703703304982, 146.30420666465383, 147.4772746895516, 149.04290313105437, 149.06219873322416, 138.449015273819, 143.41202846283568, 144.67103506683887, 125.01367727820451, 130.44691716487387, 136.69698229644735, 141.5436453577856, 155.27930683306803, 117.14247302557936, 132.18705142349728, 144.55732635708165, 146.32990399744614, 147.4588577567447, 149.05706862792715, 154.38495685940228, 141.76968381020203, 144.3974027066318, 141.52935704310812, 125.91738073036707, 112.73081036853318, 141.09160633548936, 150.04206887329647, 142.68504331156458, 133.49537176616303, 149.91929025826488, 146.4103366483551, 142.84728874402228, 135.3827033274907, 148.00383137320497, 153.9037731902653, 141.92722232055928, 141.30588488295143], "fourier_y": [-545.7858695333898, 144.5728720378297, 141.0713528868608, 123.01045473120408, 151.69643869052373, 137.46744230856507, 140.39255104708377, 152.61921384891835, 151.041590684381, 154.37258474843915, 158.22026115781404, 153.0911745354344, 152.21041686153737, 141.61653919400928, 158.52434117147195, 150.61565454892875, 141.5262948984385, 118.7998042247414, 148.76483566493891, 152.0574790876866, 119.04298625493317, 151.2865636026471, 139.78698016832826, 145.26204968931748, 152.99576749262556, 147.99359279024952, 143.67654412269212, 150.53137970867076, 153.74179939439136, 136.30051962769167, 151.59115422974875, 148.3124838677067, 151.61113450095075, 130.26081086879248, 139.84023072341728, 143.28406524709155, 145.797173408286, 135.20424310721378, 148.81957836089282, 134.27295962697352, 101.50900653970282, 149.21803120227912, 145.50622664919004, 136.04215740343034, 134.08858285916514, 151.896411157112, 134.02500690711943, 151.0588872213248, 152.6726239930464, 149.4345210288407, 129.5570987363234, 148.51242704938048, 148.0425792979491, 138.19474800350892, 130.95275925452168, 145.80394436322544, 117.00254199986674, 131.85759714137942, 142.83704010672767, 119.67269952350485, 139.50179920641008, 156.1350576133386, 124.17887615234834, 143.00516229933834], "src_path": "/Users/hagardolev/Documents/Computer-Science/Third_year/sara_guidance/db_3d_models/db/7/m760/m760.off", "name": "m760"}