{"fourier_z": [168.63270606109182, 152.60585413446466, 159.6849120349355, 167.09970534343307, 160.83641300181387, 159.36444975771815, 111.93380101569136, 144.49490841904367, 153.59024538336035, 149.5665688091501, 134.60903056068477, 160.42085802256548, 133.40395955015538, 142.5769264735082, 135.1123214807065, 143.67640885035757, 153.22816535016275, 134.5933304026668, 147.96322423780074, 149.3543305403281, 151.77090339892575, 151.26751058020378, 132.43221217413068, 152.98246930025863, 163.3625302686989, 148.17104782176702, 156.47970754816305, 165.3357530638394, 155.26012984530237, 149.7282049992779, 105.84121638669131, 153.93303128039832, 150.01196146543066, 154.49449728560433, 128.029399352785, 158.993720053545, 112.19084520321917, 147.57521396116022, 128.82019576437276, 133.95548838883425, 156.7320615201293, 135.19056596915652, 149.53552664853905, 153.9437157965587, 157.59472493047087, 118.83411942719701, 134.31467521324979, 150.84513296358892, 162.1608217798608, 149.59776921329689, 151.63139128976627, 165.57819236211114, 160.33872734823095, 128.4239101531941, 120.7980584710564, 156.01987932214237, 138.66120925112628, 139.74407395269967, 137.36541269848294, 158.0700350012173, 133.11810417376972, 148.32415855732324, 141.58750924751348, 139.97604138999466], "fourier_x": [110.8252709031685, 110.82527090316856, 110.82527090316852, 110.82527090316853, 110.82527090316853, 110.82527090316852, 110.82527090316852, 110.82527090316852, 130.62211458346692, 144.85160739340768, 133.734899838011, 142.0274612545438, 137.96474259352155, 136.48532898421595, 140.2011453542931, 130.43590896014283, 110.91961558195808, 136.75650517688874, 107.92035043794212, 124.84548593983824, 123.50811638635, 107.27553230795637, 133.78085541053815, 126.28566827297847, 146.9492905546707, 121.35517864494884, 142.5530864567413, 100.92892507925812, 127.47165503261918, 126.5878656322708, 99.54496365510809, 133.87659694750943, 150.11155851349577, 115.66866892398272, 146.40220219341398, 134.9539960054712, 131.4491602897385, 147.21372030930274, 93.38200286890286, 151.6228749325808, 136.77143288621912, 145.57775453425813, 128.03459311225515, 136.4732139063268, 101.58036014834103, 105.51679307916106, 132.4902011131422, 108.97460274707846, 100.38917698403763, 143.73718258019326, 112.25875476055208, 130.4016689579417, 136.3952909556161, 107.11865090966052, 146.4006708892749, 134.7818377329328, 119.34317203355135, 147.69419835672412, 105.38606721766911, 141.61018110381607, 116.41581695669763, 128.3256788779911, 130.89429275685316, 109.91444209961398], "fourier_y": [110.82527090316852, 113.5400197803838, 109.7570729964051, 100.23216148280781, 116.64342669716616, 119.20768730579854, 101.18110847754917, 106.70240010124557, 126.90952500459684, 133.24062810958853, 136.47902418339288, 109.63503068089182, 133.30402368705649, 138.4452225065625, 133.53840567927148, 115.94970375964701, 130.80662657638467, 123.07112545488104, 128.03606973654928, 140.3772250503225, 117.10020466426064, 137.83265033322937, 129.4464412355556, 130.17160277984684, 117.86493793055786, 132.6938698592461, 131.08732459183702, 135.87198400572638, 118.50970474709321, 139.8027372074949, 120.63012357258177, 119.86865059767882, 146.51661602097272, 136.98224116992364, 138.2333653312048, 140.80299966511745, 139.85435213430293, 132.57813433073773, 144.9065993023551, 124.45330610342413, 140.33918057357354, 135.37438137111008, 145.80693894246383, 111.52408904980047, 122.93189930502722, 134.42402777412266, 142.18799148625413, 136.19106693598698, 140.1920139543776, 137.20725942904934, 135.88797803629456, 144.4409649823139, 135.96251315415296, 140.56089887444526, 144.10705675730694, 148.05298765523315, 113.28701340002334, 137.55948569168996, 121.92202507205033, 136.83191363165477, 139.20085382333642, 150.56211694012214, 110.51008868874735, 104.5749922126746], "src_path": "/Users/hagardolev/Documents/Computer-Science/Third_year/sara_guidance/db_3d_models/db/7/m764/m764.off", "name": "m764"}