{"fourier_z": [160.52340389892856, 150.38437836444734, 149.15156977881534, 129.49250135115892, 137.93773579662, 125.01598862059375, 139.7720595124807, 162.73322176494594, 158.6620042367149, 150.53766024800873, 158.86149843598557, 152.51469739510975, 121.91636001360061, 141.02400640827392, 135.21341134223147, 145.1192732077, 155.45065177484793, 150.5359966519669, 159.3796080239054, 149.3783660880232, 141.7357572039586, 151.02388545882522, 117.92142796572168, 161.8086472653434, 152.66046890728458, 140.07063385876864, 147.79445095431944, 150.96005572362637, 139.6501541216919, 144.43623061325908, 142.60387178173008, 159.92261481540186, 146.5442313072013, 146.3629073367958, 157.21700220066663, 148.5342774610981, 132.67228190314023, 139.16359094249185, 147.0901895584385, 167.61202216266352, 155.1864205218993, 152.09112504338066, 149.83965293319636, 144.52827744569205, 141.72853465197335, 116.0541437769446, 147.74665617171047, 155.89879496970144, 148.11649811017924, 151.57532786629324, 158.32554051039554, 156.70590495447505, 125.43147708450655, 130.47278242082706, 126.40300686816138, 169.4955010474697, 142.99343127554005, 134.1073125217232, 140.34815713729353, 137.11692630955451, 136.463488469009, 140.42888163832893, 159.49493098179065, 166.8536830713092], "fourier_x": [110.82527090316842, 169.47936312004742, 148.36052363836635, 168.97892328438644, 160.08155309292104, 169.3535748438785, 169.23873948060006, 161.76128469292934, 168.7305849223613, 152.4113788827497, 169.6837458545241, 159.85080281593216, 172.28418768221354, 163.82305244511303, 168.67682035500366, 154.39735262728567, 149.2873584382046, 150.3713117705718, 137.2965620708822, 123.47938918242409, 141.52896252468364, 133.25308990704087, 154.10963533210034, 146.01307537146147, 169.2038381820957, 163.51043209168745, 176.5545863496902, 161.31997900428848, 178.82928061441822, 166.62429269818722, 173.73782310382256, 165.97261522678966, 161.6446554309481, 155.91753856563037, 164.31427563492306, 162.62100645630994, 163.72995997718644, 161.67149423355954, 162.144740629611, 159.72236099606266, 160.19334187156016, 169.28369375925337, 168.03168766458245, 165.64568131543535, 174.28421363925645, 165.48355132423808, 170.20672371239607, 164.01891337577948, 145.943831037007, 162.2409671314665, 155.20917546179638, 165.84457553128442, 155.38969062162283, 165.80391690837837, 150.1873148347626, 168.7240117664947, 151.33621155201917, 157.14955547452033, 154.7971918254567, 151.13631774355247, 162.71739447350564, 150.64117287619644, 158.67108733678296, 154.01119214622898], "fourier_y": [154.7697624498929, 128.35946869612116, 168.31587389282686, 170.90694104184809, 172.30402090805543, 153.87378679135952, 165.57502507553312, 127.66486768334903, 166.94026497677854, 156.27689364662433, 159.20031652439695, 171.55653180268484, 171.59098919911168, 168.8907282452393, 145.7921399475902, 163.56871156598274, 158.9985296090789, 169.0058107042762, 161.06653276277473, 164.93796240952608, 155.67149798144374, 162.3598731196014, 163.4618629120144, 160.36234806294235, 154.23483474534524, 157.2301696043944, 168.51321937820876, 153.47066242529996, 163.10822930966762, 143.5731156349069, 133.55794603206635, 171.66072266149234, 174.2376339262194, 163.4653040041762, 154.24663499327443, 155.45014063044965, 155.24457504583611, 161.41422119046993, 162.314891704855, 155.3164020092848, 113.68759020886401, 175.81597256231964, 165.43946444267462, 163.30068095838243, 137.33282309885374, 143.47197797404755, 158.49433280805835, 152.4017099623094, 168.15392536813488, 150.91776460269028, 175.33697676755736, 161.31234122102848, 160.68846621285888, 137.00545429557084, 155.8471918979294, 143.73241022622753, 178.6452371554497, 163.71011869910643, 161.57945193905266, 154.44973277369564, 163.3558426771428, 159.15381498826298, 151.84335407410177, 163.2026373193362], "src_path": "/Users/hagardolev/Documents/Computer-Science/Third_year/sara_guidance/db_3d_models/db/7/m765/m765.off", "name": "m765"}