{"fourier_z": [162.12425805239923, 159.9116743738804, 158.24028193704922, 163.20201399771247, 149.83974506628306, 157.91374493552237, 159.21148649319605, 153.8354529594366, 144.1148631252871, 164.22994267056714, 158.57362486582042, 151.6773975639586, 145.7119563583559, 166.40247248640648, 144.78325973749074, 176.429631981636, 141.5789323810394, 164.0334554807723, 164.5131555831286, 156.80194549357074, 141.20162086662708, 166.73273844012155, 158.42568143174165, 176.75576733589227, 127.48148817945263, 155.64293663805387, 156.3155897862517, 163.69990678313593, 139.8943069975856, 159.09459968372525, 156.58345318408817, 171.50943850256465, 145.6807614878054, 155.11747841377687, 153.0129336408585, 151.00346768442273, 151.1567963734767, 152.88170178162852, 153.50947572413747, 155.30267872580495, 156.758045428418, 158.99601108766802, 160.3907911546479, 148.8348380932324, 162.66233340818388, 144.23316618589908, 149.56805533460022, 150.50696444419532, 167.2036459158039, 139.94015405111182, 141.57813310193407, 126.94164160566542, 157.85158106241002, 150.67494051635822, 138.99397134765286, 160.50173779985965, 164.56130087829507, 137.0452240141266, 126.46601897663191, 148.90554015727292, 156.9163557313573, 143.35365393061366, 132.977835817711, 170.83597457723616], "fourier_x": [149.74347388427478, 146.7516057027696, 146.116140593174, 165.27132840345874, 166.088725032548, 139.11843673716953, 151.13295400709396, 168.9631491637855, 148.43326320809092, 156.8617895425646, 165.56869355252098, 157.4987894377673, 156.43716220181977, 148.13113483761015, 160.31418933478147, 167.44832895584526, 130.74934676888324, 152.613061593315, 121.99688924879554, 156.2246700210734, 148.5421431339812, 154.46778108964887, 151.39526237041483, 124.29122943562263, 150.74690931549594, 159.3869262573505, 160.08581941712862, 125.27813707387133, 145.57114668168816, 134.9427221293205, 155.86201012376972, 144.68781895781322, 152.75463588551366, 161.39052493840148, 150.275285422695, 164.20088520982094, 151.02798140084528, 120.90271200702145, 136.03264917214491, 165.69738447175385, 129.94332388318008, 142.33929220290167, 153.96090058437477, 159.62627749024506, 151.59903396529717, 137.93858229874462, 146.3062547712641, 149.81985366788504, 120.66569071891092, 151.90675120501345, 164.24555017736606, 159.78290298556675, 157.587666401451, 153.4193362990045, 159.16274524489134, 154.40220939555968, 158.76600618006086, 160.77904041002, 165.5345052065719, 166.8640889772563, 152.98778848951537, 131.37816478223667, 159.135459821453, 160.85764770408406], "fourier_y": [146.66046028772965, 157.3692389940862, 137.63800033578212, 156.03156102007293, 167.41558343570267, 176.12771040366295, 145.76918893370936, 156.35866567838332, 151.7158593221583, 173.1690619062784, 128.8688557662104, 164.64919080488332, 135.27473115240105, 162.26230057538424, 168.9736801974544, 160.24726069525377, 169.57844033227047, 174.18919242598702, 150.96145119285677, 161.15916267736912, 141.88420282026988, 171.73986418074847, 181.1076727233831, 155.04856878740387, 174.58498325600843, 169.52014973818433, 174.11387443794368, 171.10781117992175, 154.64727650899832, 183.2370200160784, 181.2644085265153, 150.2264413236985, 165.0419092380497, 160.41197833053934, 181.03900341741257, 178.28568928106776, 166.36253425097678, 180.48151965373535, 166.31386507101925, 153.0782265251219, 160.47193716576967, 169.05067160734097, 180.35547123074412, 177.07031570602504, 158.63159411212462, 163.05665685339275, 160.4876837863963, 136.85204340701705, 172.10340337625436, 175.12138136374048, 179.58037165687782, 172.67241009463237, 156.24280455257005, 162.20462141450912, 178.1307266425112, 162.08263844379644, 162.09987298168318, 167.76964941029146, 180.64501244711042, 172.03095923663906, 173.8816790528027, 173.22095179848745, 174.27375116013903, 175.46738903766655], "src_path": "/Users/hagardolev/Documents/Computer-Science/Third_year/sara_guidance/db_3d_models/db/7/m767/m767.off", "name": "m767"}