{"fourier_z": [158.78317635913592, 171.70867038542693, 163.5044848041922, 161.3622586218706, 131.58763530787112, 162.85946118736985, 161.4379522120369, 162.50707889153153, 161.98945619038767, 166.37283804824426, 149.07921331752001, 163.62633411222265, 161.0285593608468, 153.7272989579702, 149.28259295646166, 170.35700804069137, 157.0214542671079, 152.38370538936107, 158.7761148213125, 143.89034731578352, 154.5326453431364, 139.21337042393213, 147.54545625819358, 121.07247573464939, 169.1086817750133, 150.14883197409154, 159.7383074734901, 155.1019229225619, 160.09430802566524, 143.2868609340322, 159.47428918479818, 164.19205119910436, 126.800606031505, 127.6584821695439, 106.78763842432117, 155.49346152375557, 153.98058962285032, 129.64168814317225, 149.74432805680365, 152.12725269065126, 138.42996400256564, 146.35394274325617, 147.51754424634746, 153.81769557632424, 138.20532535590866, 154.6359087544623, 155.38356039648522, 156.95280909032033, 158.63280118934176, 148.3927490162767, 146.44356097042197, 130.04195841085624, 171.95881441881693, 144.40466848656828, 159.4565668808446, 155.54145031198897, 157.98197179495426, 154.8472154254951, 147.24681639804797, 155.34377511951348, 149.55893890110667, 141.36730401315194, 160.3440898175367, 160.33117884289393], "fourier_x": [132.7975166765307, 137.36632307564278, 112.91717502418453, 140.55743775298257, 130.32318529985272, 140.76691056674093, 143.6666495581085, 149.9321570147332, 126.19410385673342, 133.14236746806176, 140.6768209334544, 124.7476206691687, 141.70307199485993, 142.11478558874728, 144.24791531576787, 133.42889667869827, 133.2554646609581, 121.36242294361935, 143.85433255534312, 127.71318781502835, 140.7962118387058, 132.69227214236355, 119.61879599219047, 142.89143124258229, 138.90261803108598, 120.22093464404804, 121.27609602393919, 140.50589822601668, 139.18045155247813, 128.61838915723732, 130.53242524277601, 141.86904526136982, 129.3281911503292, 125.99423492080177, 130.75879473455393, 135.6590367346957, 136.08655654302703, 117.60206522335345, 133.95329911293638, 122.68101485572488, 132.21107040288626, 133.11073133493588, 129.6696168725305, 123.59140382028139, 129.44589169865174, 130.5335971864311, 123.46081316306474, 143.45705327289804, 140.56091314769208, 136.83730425605893, 120.93367220706335, 117.92314178971887, 130.7562212235867, 143.81986904274493, 137.75353329111857, 139.3919533190471, 131.79285242902293, 130.1323311456936, 143.7458105597438, 112.71295869908053, 135.39375809947282, 143.3954885830401, 138.82009174552255, 126.39195526822108], "fourier_y": [132.7975166765307, 140.36197188086442, 140.0131683417825, 105.14175759824424, 106.81710524094129, 143.04220134767388, 133.4091656468595, 121.68236072709398, 139.07980986578391, 143.46999120695705, 102.04710983003184, 126.7567632646135, 135.39984673176278, 146.38541263996171, 118.80548988722495, 134.05320500520813, 138.29338913346214, 138.08891379799636, 138.29136074682265, 122.93666488839328, 126.8985689950081, 150.80462656461086, 143.96185581668402, 139.26367403019916, 141.66064998886543, 130.7195547144844, 125.87800676665857, 105.81875477486817, 140.0349674082795, 138.38036807562875, 151.4576514002295, 146.65217351980237, 137.54278717299601, 146.7603422282701, 141.61096491909638, 127.24040186434561, 124.17947966609306, 125.49080749864517, 134.47142490752748, 117.24301415584813, 135.2325288703363, 145.84624807634123, 139.5305068873584, 135.25717866779053, 141.98703921308683, 117.38672136258029, 80.80778630500441, 128.75547654519534, 138.2138921637214, 141.93858093780665, 125.09289919306005, 129.506968975134, 139.4553801742828, 145.29944520536122, 137.9226274509219, 150.00538788993228, 140.73023212104076, 127.35627112754635, 136.4236416501219, 129.9939298266227, 146.14179214830096, 138.1898783091096, 150.83207080429887, 155.044869314629], "src_path": "/Users/hagardolev/Documents/Computer-Science/Third_year/sara_guidance/db_3d_models/db/7/m770/m770.off", "name": "m770"}