{"fourier_z": [154.7697624498929, 136.01033788249538, 135.09884967692426, 158.38124362287118, 155.52630595034452, 147.28762244241702, 148.6688408894867, 147.95877812878902, 150.76381875672035, 138.95966147410456, 146.27198988039424, 149.2524924996469, 149.05523030362914, 154.06841466844216, 154.85558436031496, 140.124662131586, 122.5356275536, 113.8230647243511, 140.8365742219418, 128.7777903357587, 148.8661392380931, 148.89442088600933, 156.99466551354868, 157.68060865538456, 129.23391490907812, 152.4356809593915, 131.84181355405246, 151.3773158747174, 128.17207689580016, 138.7687427233962, 142.7750111243837, 110.81697515252162, 125.95135692195777, 134.29109529846062, 122.5221044204214, 144.05777531594094, 96.83780329482937, 145.46357566233036, 152.23238104998427, 156.7745809048704, 147.84301016026956, 152.84832462717992, 143.80225244407737, 149.3064989325808, 138.97646203621235, 146.65947806917345, 126.98961984290452, 145.72658873215283, 144.02640360660956, 156.35719630626338, 133.7722452008489, 137.1154264909867, 115.36176632530406, 136.37050587446777, 143.9619305171473, 150.0111124091858, 149.88508626360516, 147.49673608369318, 110.08128323411225, 145.31959654325897, 145.1758080439801, 140.38000407314442, 133.1353002153109, 133.82812380356506], "fourier_x": [132.7975166765307, 103.49738252962621, 129.9205215043495, 131.2539950250233, 138.75837640382127, 114.10869056691698, 141.64414930063148, 106.49990495972274, 149.23317395335624, 142.85709451832633, 137.65620869248102, 136.4274868253882, 142.66681673894203, 125.85603133873119, 147.34882889611708, 149.5439566825392, 153.68654718403067, 146.31931866444057, 116.03886216325628, 131.6299879655419, 139.56156817190487, 158.25492604570132, 151.66987705219103, 137.54365817593853, 133.5471907196757, 131.40820639177522, 142.85632374690994, 134.71153039501294, 148.37335986824252, 132.3163032941564, 141.8723042604838, 145.0882289389183, 123.59913769953208, 137.72846624543484, 136.25719000150147, 141.1515783067387, 152.51750599103477, 140.967586353495, 139.5497639983634, 146.36991949957047, 151.98950491474994, 150.52174119385714, 138.68055456031712, 131.46202188113799, 137.8500253518501, 133.23766325864716, 141.2700534579945, 146.1741563388677, 151.4622268401357, 143.93755828063334, 155.68655114431718, 139.62052174562433, 129.8804463769724, 125.56823637926371, 149.5135439293274, 156.18695076441153, 136.4425997134519, 147.52976165008687, 159.2524750062701, 134.97871630911263, 148.33145201172533, 151.33053829604557, 142.34242386466337, 136.10535683279335], "fourier_y": [180.7554221324981, 167.18940106569207, 155.87612866029315, 164.58828402081377, 157.51983357969283, 156.12466528688734, 171.41947580703118, 164.11760834807123, 173.05792688701433, 166.26798514433335, 159.3544507392593, 160.16957902417485, 156.36777388148752, 167.23376030193236, 164.67634252752677, 162.06661313292585, 168.83928812958456, 144.52949261856116, 167.6070662179268, 171.12041788728754, 165.497606205614, 162.38493253076737, 165.52414925565063, 150.6075748521101, 160.09404670126332, 105.96936880967242, 171.16771884047319, 166.25218049067684, 158.56616366694035, 147.04496102307837, 87.99300206428424, 167.1935192748019, 157.57945427325586, 150.99656169212585, 162.72251460784207, 153.57674352489445, 146.81776571124433, 153.0436879029644, 131.1504310760618, 160.58634682449141, 162.9332078941149, 159.39221609120122, 162.9752641649605, 146.73344552463843, 172.8755758928719, 147.88456414278758, 160.36324472931935, 148.34450506187173, 153.88654253567856, 157.82553090756994, 149.96021635472178, 167.41596429475405, 170.24362244883778, 152.48117156822897, 156.42109373612863, 145.06955919336247, 165.55668848468366, 163.22330663879225, 146.14684261183587, 149.56477599093165, 160.92096639046122, 159.38282721192445, 173.1284290299252, 159.0036297299878], "src_path": "/Users/hagardolev/Documents/Computer-Science/Third_year/sara_guidance/db_3d_models/db/7/m772/m772.off", "name": "m772"}