{"fourier_z": [143.0140291518505, 154.20170882366787, 148.22410306456425, 147.68413091520873, 133.084751781397, 159.48223721098563, 147.84334280698627, 156.33768970110202, 138.4899557121541, 156.25276166408875, 132.90460808759747, 142.18648232345717, 134.79610697235947, 158.72369678785105, 153.72637903248605, 138.19785188269353, 135.65549801868417, 154.56011989085448, 133.88262950155124, 148.5835793162874, 130.19813335738723, 154.33456117173824, 150.99750272218648, 143.5879509040924, 135.8525597187652, 161.23144455004177, 144.35792490321455, 153.97118320477657, 128.79785298194443, 151.50147914284827, 149.00589348744032, 140.71011492701257, 120.62218476609715, 167.14761849631, 154.8876952296224, 152.45338493529528, 135.37635701839608, 152.72214502672165, 156.21164707426314, 129.51718802266905, 144.62600539624282, 165.49774170345816, 160.94787972388895, 141.93031530429957, 140.70361786829613, 150.00611757360792, 158.74737028908106, 156.76996586611583, 153.69363524424404, 153.90745252708274, 159.69184055948, 123.42431293860798, 140.8813380053594, 136.44309842093188, 154.8669405221234, 163.25594561515192, 149.9288342975647, 146.49863847884572, 153.4358963785645, 122.91366864496005, 135.00869878106735, 106.87760495475979, 144.31597000773397, 159.49578582743422], "fourier_x": [143.01402915185054, 145.78854108912063, 144.46218454338407, 146.73044030152866, 133.1898756119005, 155.0362659166917, 165.1193807016548, 160.43939018424197, 138.94981313094337, 144.62170557977757, 135.11480072257524, 118.14041200788247, 121.75899482659675, 143.2582899535534, 164.05612885091062, 156.61925362081215, 114.43632629166495, 131.4854433418895, 123.83977340442244, 140.58587438567525, 115.98669289468079, 137.87716920001537, 163.72060119000662, 159.35083053877986, 121.08655231221476, 132.0850074474419, 134.0409634452068, 127.13052480972681, 135.06605254286572, 137.4933058195421, 164.65534324276769, 156.55884122991014, 119.77060620388602, 118.19480266286887, 111.4600875763503, 148.1321753538516, 148.2755014709488, 140.00435442632198, 156.86841688647425, 131.1380418410418, 137.67777844515555, 131.87377908454292, 143.85749894604896, 153.32054455829305, 143.02445288645796, 141.77690880827225, 154.79121907838194, 147.49299874032903, 146.41750936560032, 146.47812340458844, 149.05563257744498, 134.34497156810198, 101.79533361995072, 102.75008402568348, 161.45605353389902, 148.10816678542568, 133.82037115604504, 143.01440164033377, 129.65903589233807, 138.8264155340531, 141.86212835612767, 143.2523688983662, 157.8818494811015, 123.19036838622264], "fourier_y": [110.8252709031685, 127.96650545345824, 148.80075020413204, 138.06386214221274, 147.3172919148391, 141.51949946049706, 128.78624863224897, 129.5103140165, 120.41944949195491, 135.08554056350954, 149.47730020833657, 136.51580342733916, 141.5868544829222, 135.53999458325367, 124.08858935359592, 101.1130727545945, 128.99280992928442, 138.49078459765192, 147.13184490546158, 130.12355364929215, 127.81336896651169, 120.0326597440189, 125.20670330850916, 119.38574280153534, 132.55978513075263, 138.31106289015258, 142.0252208778872, 113.30354112511189, 122.64365962928326, 109.46244140309092, 129.714352157924, 134.3556306048178, 132.1148755759848, 134.5227692800829, 137.60060208835432, 100.14356004120751, 138.61807047909267, 131.5984978097095, 132.86119698088464, 139.91234898197928, 127.52498376706652, 127.53556025274054, 140.42926238907333, 126.63261596520394, 145.55149602023573, 139.68955689453162, 133.6997904547138, 140.60851366948032, 117.76609661281154, 125.41999855015341, 145.42268870034627, 135.39727847356295, 147.07146156229274, 142.02972072470547, 132.25724298592021, 136.79623335865028, 112.37483642261844, 132.83920259226952, 147.8946087626571, 138.45986324016548, 144.01801284460058, 139.9475281456441, 128.8088480252179, 125.90923596041529], "src_path": "/Users/hagardolev/Documents/Computer-Science/Third_year/sara_guidance/db_3d_models/db/7/m777/m777.off", "name": "m777"}