{"fourier_z": [-572.8337982257087, 152.49041265325565, 156.36798463088084, 157.25239298248434, 124.61045174058575, 118.95429158753149, 113.12384881458756, 139.77965099982873, 122.35919845235259, 134.39370488292906, 162.60458055176002, 143.38833370897282, 153.12362064027926, 149.12171223906864, 154.1536036289294, 147.99720362288394, 124.56042315469884, 155.25248862083754, 145.94254933369993, 147.02155039726324, 156.44263802986444, 143.892903148969, 152.92037620242672, 159.32252295239215, 98.85423872735106, 152.23443158163957, 154.08597016581498, 155.11467761743774, 152.41121585791794, 125.65258052126035, 145.37931632654156, 146.55153776907486, 127.42563840759145, 147.11747275456833, 155.29341187539322, 152.51801215528968, 159.30991046154514, 149.3002901976541, 154.44065621947286, 153.30785508909824, 132.5300125886476, 163.17723993097218, 135.58220657313169, 114.5329285963883, 148.45541398569029, 153.03596116506728, 164.22509383670982, 157.4174336815096, 118.90186653174247, 150.7613024528651, 156.66989840642873, 151.95575007844712, 142.8484887735218, 144.18828646735494, 158.34831079474117, 145.00784083237335, 130.25964442863165, 156.91069928921974, 145.81854508342647, 149.98626246315342, 151.5497503614338, 146.59066361685728, 150.5627134763817, 137.57467669971984], "fourier_x": [110.82527090316844, 140.09061625088407, 152.3572045724621, 148.4929472672734, 145.67599195920076, 157.79197280749176, 135.6119580989976, 128.35453625344311, 137.81353426210197, 133.81991024850694, 121.1172548440999, 124.68285560894608, 143.23609925926658, 141.77835601875415, 138.32980915252438, 144.86505743718413, 122.8652265470282, 150.54228058716492, 154.45110193441096, 149.8125751305074, 144.9616210457449, 160.31795432561722, 143.8402948333883, 131.8392191173737, 139.68108816435486, 114.91358659556198, 130.5054379281505, 123.39613309314934, 132.44483270803468, 149.75962897551514, 130.5392573969922, 152.0448051839374, 155.80431687211404, 165.77469641467488, 163.5676326864696, 163.27340891823957, 149.86732697748727, 168.85426095680316, 159.2252423804469, 152.64861801611414, 156.2656555637685, 162.65453579363964, 162.64944503338867, 162.47692841944934, 167.54362652932622, 150.37780450244992, 165.89455638510745, 149.72929683084624, 145.8927717632446, 142.93734633744637, 164.79115180230775, 122.4642587183632, 155.35615952311417, 141.26044283324424, 158.0940163807443, 155.65455168028703, 140.69918379540894, 106.08727828528382, 147.67647691139064, 133.32516925817112, 153.8882800747328, 149.68386260535294, 142.90746058295545, 134.36579253251108], "fourier_y": [146.66046028772962, 154.4071716161123, 168.9944510610647, 151.12120085130042, 155.03664454075232, 152.75619331602928, 136.42020411006547, 134.40022465219522, 132.55731160422147, 160.0246526783364, 164.91240745835375, 134.98770814872339, 150.49613678808745, 157.50699746623332, 155.62687757605346, 148.27058788379068, 131.64944341376446, 153.05038656773627, 163.8752354449312, 120.8896115972141, 162.27987413854225, 136.2972872140055, 153.71937869295306, 147.45999827681825, 143.48174428282033, 160.52401519848775, 161.89674376163353, 127.62395911329934, 138.7659624706337, 155.49695282567617, 144.73066033954322, 143.9429960797558, 129.9199097498598, 162.82957474533194, 151.00094386635607, 141.72485394632383, 161.42632070419097, 160.95425019993755, 156.97051311185788, 137.0870673185439, 136.34160923028026, 151.43128374741136, 157.4721275772085, 148.19952123209714, 164.9390673955, 138.14210740958802, 148.0394605801711, 130.9174676268281, 137.8965656114878, 154.4885167949185, 156.90465316607788, 138.85521863025812, 138.7518308368715, 158.05974543155207, 152.96956272394712, 148.555544689863, 131.08907350672644, 154.61799848115467, 158.47947372199434, 126.23378307141147, 151.66108980388594, 160.67067100954864, 162.33560901434907, 154.1346896792671], "src_path": "/Users/hagardolev/Documents/Computer-Science/Third_year/sara_guidance/db_3d_models/db/7/m781/m781.off", "name": "m781"}