{"fourier_z": [132.7975166765307, 135.75897770882986, 147.92674906235132, 139.14793822015258, 128.75107387394013, 143.89010778667827, 125.32679676209911, 135.62756971895172, 128.2151805109933, 121.3365504534732, 133.69909970255273, 125.52893768513322, 112.219451258059, 129.76255665855663, 117.96278502809356, 130.27337386834978, 150.23751107389774, 145.60901960780774, 135.89252046243564, 117.7490076645688, 127.63884892703732, 135.59184720941875, 141.65643611847946, 147.7503007094993, 152.83149816335975, 144.51140926501034, 136.44092056401368, 120.3795713846735, 135.18655839183646, 142.8010650668224, 142.97643963402018, 151.3911543845238, 131.18495343310562, 118.8699442207126, 96.43689721652214, 108.24701755927892, 110.41385600254605, 117.58465697557452, 127.52595198450297, 134.485327478206, 135.91070036291404, 118.45423248075234, 129.25683252405054, 103.9599269552059, 138.24310432940155, 143.75082037141362, 122.1952167840339, 126.81163589107817, 141.7621907462419, 110.11237976997259, 131.63753633232835, 114.75292343111015, 142.2856066724944, 147.44915589529774, 125.00031448317682, 131.99554090081193, 139.3732191015624, 137.62081290660575, 133.6220270604035, 127.82322081278019, 124.5814397070433, 125.53700005196154, 130.16461274072833, 137.03769865409697], "fourier_x": [152.41410173676525, 161.05387022495313, 124.77280582749303, 129.17956571115172, 84.64457089380204, 110.56891294401547, 122.26943713061917, 140.29843868474708, 148.29650228855837, 157.106384643613, 138.05247458570423, 112.21650437302259, 145.86471093329328, 108.313011476432, 149.4183512702831, 140.34636787715152, 149.96374887905287, 162.592644098747, 126.58760267941543, 139.0072141745537, 137.20209061535456, 121.87569437764483, 129.09844253234806, 147.66888261757305, 154.23509405749357, 151.13896328739034, 131.3266672742736, 138.20305065033014, 140.7803495046236, 132.03333246390596, 144.91289888429682, 120.32723758169263, 152.14280687914606, 154.9489419847601, 135.33893453782187, 139.66748041344596, 146.12873634913092, 116.60551201646244, 132.91451748450683, 142.70162984605395, 156.16950113729382, 141.0685270311315, 141.16659710180926, 143.3066127122697, 116.29213803745228, 139.658373208733, 120.90644276890481, 115.52703195375004, 160.00098149647243, 138.99219728514421, 128.3542484505283, 142.82351205697412, 142.37142349490472, 122.42551655193479, 118.82522837826232, 137.59697131556493, 158.0247446002998, 83.92715653523959, 134.58146150177873, 137.28797382080413, 119.9048867565904, 143.1548711613244, 138.91699269961669, 108.90881794996619], "fourier_y": [132.7975166765307, 136.21372564497807, 148.458513694469, 147.05100724342805, 135.89346057211108, 132.4354097668316, 101.96548185034808, 139.296241496804, 137.2826192450581, 145.09684491027383, 149.28572330801194, 147.89743582304683, 142.29256477572102, 132.2607246570905, 107.60895669483396, 105.84155141422634, 142.85874387815346, 139.03428145228256, 137.02360114532834, 142.91413839237433, 144.23599349140693, 138.3624010010789, 127.23744563106922, 134.16060010817145, 142.1234127964142, 117.37828116602347, 138.61796510460826, 141.46819166464283, 142.53273775690627, 147.60748220452533, 142.4283926078058, 145.48332012331213, 130.4532171743472, 136.80500020862925, 150.82159635320568, 147.01557393286112, 135.42401507127812, 147.3286153421034, 145.6781689627187, 144.0667028479166, 130.53426323739262, 141.43883317062108, 148.66352984055825, 145.852532278628, 132.44474706156865, 134.53288448341166, 137.22051297059477, 132.2652189951646, 141.29294737838114, 137.17861940018634, 127.30140481903294, 131.9836800636769, 141.6540928127063, 140.46937737561842, 118.44086782645759, 120.96129555384351, 137.33824919014592, 134.53073795362616, 138.2804919381071, 113.4270658234462, 144.70402970219843, 151.99169836475173, 139.95448841845908, 118.27453857919605], "src_path": "/Users/hagardolev/Documents/Computer-Science/Third_year/sara_guidance/db_3d_models/db/7/m782/m782.off", "name": "m782"}