{"fourier_z": [154.7697624498929, 163.44599118175734, 147.52833627234912, 162.23935652790428, 152.08524763478675, 157.1996247435334, 144.68139773509697, 155.75932829402828, 148.4351709926341, 160.1175081440541, 138.90223634641916, 165.31110935565857, 137.84967038317296, 164.69909611939119, 151.4053099564592, 163.9399854519758, 133.50368381139495, 158.73195855072782, 116.42615469354952, 160.05015489038374, 122.39458578742429, 165.596142337526, 151.8716628280304, 162.56852261048738, 130.85988198662025, 164.39425302398686, 146.59653033622433, 167.4053532698858, 154.636553616219, 166.38265871134632, 158.37945820687506, 165.03621892503065, 127.50935479554754, 173.70628019757214, 160.50536803521734, 161.51241379379914, 164.85180606542434, 131.35628595891004, 158.67726418033814, 144.4522475026648, 104.54826672731852, 145.65726998082707, 147.5054062832935, 156.26824244769148, 138.04771242342215, 164.07016420618604, 130.12919392675747, 165.5535372175603, 147.37698450057806, 167.51467059683063, 160.03704060853283, 163.48674205935592, 164.20286767135963, 157.15299541309196, 158.86227207217428, 164.71925738324762, 157.02550020925483, 165.17355886675801, 160.18654943637665, 157.71778608164706, 159.69687703127966, 147.83778964101964, 156.95141507155773, 99.89084673475011], "fourier_x": [146.66046028772965, 148.50548557262587, 129.22613769543835, 128.83500866194055, 115.68316392835692, 126.79481941340131, 145.49486944721198, 150.90450647131516, 164.67395877871047, 161.50414350525554, 161.45942798280402, 164.5745361054749, 173.4037163158163, 153.80538257705805, 166.31998787814123, 166.29721485224056, 140.203429303522, 139.50924553511078, 131.31959374501633, 134.49468734205712, 159.37675075039178, 148.21454997236577, 158.08677355691833, 158.5865426381941, 163.66592328123093, 167.86189942921567, 160.8634889321787, 168.7886915327263, 161.74640471452338, 160.44855322902583, 162.8152455202704, 157.55888752046954, 151.57679980360112, 135.7838761789846, 131.93595503960736, 150.73559525987338, 162.86846710537677, 128.5421763026854, 159.9911106866928, 159.54682676865335, 157.8970498662921, 168.06729124275472, 165.43403935926352, 167.48441412175094, 139.79703603400378, 164.91349813533958, 158.39906173948663, 144.36645675907764, 147.27488169382283, 153.75765096767168, 151.26974276762144, 159.22246546694583, 156.57944315554028, 141.96935530849976, 152.70699582223023, 155.07652999230572, 156.10514641639907, 166.55700266327273, 163.0515478652279, 165.41189317813703, 126.2708664338341, 164.44945784460845, 164.29738953113483, 99.7683758369723], "fourier_y": [197.95944743696037, 186.47931718449223, 189.7655719979153, 188.90381039265688, 185.49512617520264, 189.40806346568368, 180.67577858879656, 186.16753952394032, 186.47931718449223, 194.5437736876787, 186.03019450241706, 192.56263964352715, 184.58131022884612, 191.66122040140326, 178.73986384930566, 177.0903314892027, 189.7655719979153, 186.03019450241706, 193.4368099758946, 183.164230702152, 188.80965889571044, 178.47748193272426, 191.645087137307, 186.61945363733201, 188.90381039265688, 192.56263964352715, 183.164230702152, 198.69142229044317, 156.44081855948838, 197.69745062290144, 186.82564230429463, 189.59474440740152, 185.4951261752026, 184.58131022884612, 188.80965889571044, 156.44081855948838, 195.02053639848353, 177.030598526117, 186.9235890912009, 192.7498546957475, 189.40806346568368, 191.66122040140323, 178.47748193272426, 197.69745062290144, 177.030598526117, 197.82119928515198, 191.96999808083302, 173.278088350574, 180.67577858879656, 178.73986384930566, 191.645087137307, 186.82564230429463, 186.9235890912009, 191.96999808083302, 178.60390010049423, 196.29481462658018, 186.16753952394032, 177.0903314892027, 186.61945363733201, 189.59474440740152, 192.7498546957475, 173.27808835057397, 196.29481462658018, 184.68125029248966], "src_path": "/Users/hagardolev/Documents/Computer-Science/Third_year/sara_guidance/db_3d_models/db/7/m787/m787.off", "name": "m787"}