{"fourier_z": [132.7975166765307, 131.39759890213637, 125.29150672463808, 124.09008966419833, 140.9284911711505, 150.23336034647093, 152.0205005626107, 146.2997870278456, 148.07710973006016, 142.62672546295474, 147.40559435739846, 150.38345757969898, 147.66565676949386, 138.8502992600272, 124.30921704935523, 121.35438610642792, 129.3993197804943, 132.65587993034848, 128.81423567520736, 121.23740308428985, 130.29345259519542, 135.11920822862925, 127.62390927410287, 126.70476650450314, 109.27691988180874, 115.0683067080844, 109.61693047876071, 103.86119777067556, 102.74521694855535, 133.88630045007724, 147.22874504004633, 149.6442466866558, 142.1233657128027, 134.89768586373248, 118.35889410142593, 140.44710803912326, 144.41938708158654, 135.65371299226166, 130.82931667411776, 140.28151441016666, 135.55363702757293, 124.48193535888933, 143.47992207610338, 149.98144525952273, 143.37575648155487, 112.87802359152197, 147.75144967502746, 153.95479618754717, 142.7973649989681, 136.9841606946307, 144.79620620190119, 149.6287575418211, 143.77617132393218, 137.40715339611867, 151.949036373596, 155.77477171276212, 155.41125660999347, 142.7686950567401, 144.2486122306887, 155.93825808311277, 156.69795905288416, 146.36194413015258, 105.7383946902069, 139.6078621648718], "fourier_x": [124.68821451436742, 132.2939230057921, 141.86055947771683, 149.39889192516583, 145.83198036908593, 149.7674920212457, 135.90876822043018, 139.68024997728952, 135.82108896824363, 134.75021296796876, 144.75274231795066, 139.5948261159506, 144.392821109658, 144.40706257707558, 139.7962076589611, 129.73446999823813, 146.5139827435004, 135.67951042417076, 146.42226513422017, 75.46657915670217, 131.265943406406, 139.64131623733064, 136.9645519063508, 116.47789661535808, 151.3756587856043, 136.90942950312066, 150.17442857505054, 138.7119340544192, 110.65130274342232, 147.0419745558463, 124.66855888485952, 140.0004853491632, 150.67994103128075, 131.57766410288235, 151.87811998589834, 144.77467642027224, 137.11418223962082, 150.76993789576218, 113.05977570223811, 149.94092484581034, 145.2723116432403, 93.70218349169933, 148.26260620270006, 136.06530922255746, 142.48871665837942, 145.74663006333694, 123.92283788857311, 152.2304549527909, 143.3539625290521, 131.13780436394478, 135.9729989529154, 112.81919187058483, 141.85158899319765, 116.9942075747136, 119.97507417462302, 148.0950923925283, 148.10142397120796, 143.02509376477403, 85.24720393346038, 147.0894868766772, 142.47839530492183, 140.33701240709314, 105.03474377364141, 140.43808692102107], "fourier_y": [-549.4486272035077, 154.64224563932177, 128.49345331502644, 160.6963158368708, 161.87387887307494, 162.2790146700733, 165.687938533778, 160.95552189641725, 170.21729995358191, 130.46854483760035, 176.0116721374842, 160.24045489703244, 155.91605672115548, 143.00346926375232, 147.28055164953062, 156.70052785295815, 151.15492467261697, 168.03074819616472, 171.68247648888084, 142.53587244649123, 170.78607576820775, 166.66661800148358, 152.59505672374223, 175.03452279844873, 159.5893122181705, 169.7616261273746, 159.27491234578417, 172.32180072149444, 162.28486815679972, 164.9485900997267, 165.37346422759305, 143.53696846249454, 166.15011508917246, 166.1921643110105, 161.51479020876764, 187.17076397592504, 175.354881092202, 154.42028771503954, 173.54983735407077, 128.60008386870882, 161.85356684459663, 158.74053578693847, 164.91920052269245, 171.95967557086138, 172.77340528843587, 167.34905450375408, 153.58036173489242, 155.94965373719472, 172.8787808712591, 149.44786774263562, 176.84230162988814, 169.68260619811383, 180.915696656418, 180.4308808346974, 169.81143128798206, 173.88616975940747, 163.17408794894757, 174.66338611683818, 164.61815364566078, 159.0229995383131, 168.28577615853308, 162.75911756224104, 175.39541777757267, 164.66508890032674], "src_path": "/Users/hagardolev/Documents/Computer-Science/Third_year/sara_guidance/db_3d_models/db/7/m788/m788.off", "name": "m788"}