{"fourier_z": [-556.4036561460317, 130.23021836177017, 136.2915015734007, 151.09214848016745, 141.87395423474103, 144.90723989212364, 159.01456819420335, 146.99552673913655, 136.4724235501198, 133.55693513925812, 140.09012274203707, 117.18532849338442, 138.80231857028895, 148.9117311932755, 141.41184506313908, 121.25845851978951, 150.80687765276994, 153.2945914510292, 148.69967636229188, 146.05466315675645, 148.67925092817134, 139.5869664431994, 108.87541553567442, 129.45127108874613, 133.37722956939862, 152.41126776419836, 156.45906676856055, 129.6463956000139, 145.78875045367158, 153.38035848534406, 150.7657734566758, 150.92085954800356, 147.35284253424066, 145.938823406781, 154.59052126981456, 135.6383203166492, 128.06071044527883, 111.52421549211724, 135.59477723888384, 138.90619487559655, 142.00236087708652, 137.07576163649395, 121.59694939489151, 150.54652188810073, 157.92184606098832, 158.400257435794, 147.73221959197392, 147.30002182908578, 148.51726585905297, 131.35935394908554, 133.38365661251916, 132.54548503687892, 122.46619147606631, 136.01463193666856, 148.98651620462456, 145.9005636682912, 143.81033340897528, 150.6005239071727, 155.7579646207287, 142.7568101978039, 131.20632803363668, 145.45079262073187, 144.95448940059634, 136.78913022724686], "fourier_x": [138.55115812556633, 131.86280991128197, 113.29510012933724, 113.22819065977235, 154.71436299300814, 130.54456043817305, 120.26770433781174, 141.35301619921418, 152.98406242026735, 112.07461403045028, 147.62888209873122, 137.67351629152574, 147.8014963584313, 113.76856607918997, 143.143540964677, 141.80231854683007, 149.65190549330197, 145.74559036173767, 151.27344008237534, 147.01544919844264, 149.21769760232397, 145.74047992082458, 140.4696171695198, 149.4514611446431, 124.46737945797004, 151.91431768640234, 139.41206079038602, 142.51157674044708, 134.47499645832772, 154.52384739637648, 143.09982729955772, 149.769441942591, 123.66765894438257, 138.14076963471285, 139.39416639549, 127.94244622921569, 121.80397340127506, 149.75108144755112, 151.5169361494559, 114.95583684866119, 134.99257661677794, 157.23493993469936, 137.9100706752554, 151.43133007676934, 134.21549623332209, 161.9613265760662, 160.41929308311393, 153.25095323593783, 125.4405948338372, 154.30064183994983, 126.76071157627922, 148.93647974310258, 121.36686855036845, 156.37560282277784, 138.5277994350955, 150.69611842313057, 155.73481516073454, 80.58160178377948, 150.61030112006645, 126.43766850439451, 142.9120732027047, 134.409415408112, 161.6012830982763, 136.31621647953185], "fourier_y": [156.87697276304945, 157.01220185652264, 179.83497902180505, 185.5030151188549, 175.01630952048816, 182.31700318321546, 174.65765851025276, 187.78717987695148, 161.39183534697852, 188.77483506327195, 179.9118451742392, 183.51852588996664, 158.35419866472006, 181.60697155239188, 170.02270904894243, 157.55183416308148, 175.29653357173578, 155.44140110509184, 147.29157304881124, 166.6187589499211, 160.84978419353573, 179.03342441857748, 151.4890176206504, 178.005406869477, 173.40192299448418, 192.1863547526068, 174.98699746845745, 177.43830605220296, 153.32465358107706, 183.53743794523578, 154.44639233179745, 185.29974043011265, 175.58990395354175, 178.07189580859233, 173.50935278669147, 168.609126202342, 181.27877965061214, 190.13227203790132, 161.66666572899103, 189.6228483418551, 180.05434641363863, 179.5497975168412, 191.63276874583087, 159.1548145527901, 166.14995532516662, 161.46445847384388, 152.44211645377908, 157.4366145344975, 147.24286914282047, 183.1086551018819, 162.72163146011462, 167.15746440027021, 168.47912790374795, 165.46387578578188, 178.43582320559625, 189.15308881167607, 175.55324926362903, 182.5111795204122, 171.50040667259623, 175.04620388572715, 181.28321112938602, 181.85596666624522, 157.22603774724388, 158.5108905737606], "src_path": "/Users/hagardolev/Documents/Computer-Science/Third_year/sara_guidance/db_3d_models/db/7/m789/m789.off", "name": "m789"}