{"fourier_z": [172.64611997033484, 84.09800418513504, 170.82243611075052, 156.91314874388164, 166.47517999206596, 145.27458280167534, 166.9376718684239, 155.02638579790096, 170.85296626039397, 133.1952644556265, 170.6417913519473, 158.1884526952801, 169.52460525731402, 150.0409708704066, 165.44279538436604, 156.92420687898402, 164.33947194551064, 152.2091142707088, 168.6032069280772, 157.87601845953628, 171.47250319912126, 143.85679531752606, 166.29177542405628, 150.28966500128797, 147.56714835324948, 162.66046383598132, 165.41224686847954, 160.12482025554624, 170.13727055822852, 145.1255565177289, 169.1325174318515, 149.4078114122673, 150.61886338562462, 166.85290051630454, 163.2657343785465, 161.60656661319067, 163.29467783821397, 158.7986586531615, 171.2801582359724, 162.0704123008183, 167.04273377311824, 164.95961546997904, 163.72852320638177, 157.0402750294506, 149.0242745071854, 164.76507741285783, 172.06118508648106, 167.55525318959337, 173.09440890684317, 153.8695419746919, 164.0285066987248, 137.61096138275116, 155.57334771003713, 164.05573544984304, 171.80057531876054, 165.4503649832007, 172.88315184622417, 140.64378478802243, 160.51615104862847, 153.61445711845116, 164.78649751570555, 157.78471601486967, 170.1604526358707, 153.36319193073336], "fourier_x": [186.95852069857492, 180.8616818366517, 170.8850606913237, 183.28373967828512, 179.13771211070377, 175.12830315144902, 176.45643504369244, 173.66474043313676, 165.56937946134053, 174.94784708376588, 175.52355034780436, 184.48391630632807, 185.78748756865696, 182.57543598227556, 165.61639946912578, 161.95034114379717, 166.90887057980854, 178.45569479572129, 176.54469473408193, 180.15987026603898, 185.2209117559951, 186.64369844234685, 176.56587624069903, 158.2327275226354, 165.02952753633042, 170.9460953790563, 172.00695625202695, 167.7663319235005, 171.14643330596775, 169.64459524498707, 165.24387677274208, 154.2921857687615, 154.19693726492937, 137.04130641212484, 166.01053854549647, 174.52637848227099, 178.33080683927517, 175.26994777113646, 168.25375663156538, 165.29917568221836, 145.9449491013727, 97.9459051297911, 157.89955188273098, 174.13263972095692, 173.42871893360015, 174.4669029163108, 177.8541418764342, 177.65005506764578, 183.65183368155826, 174.87281515607629, 158.7288266252382, 163.77358320763778, 170.995787611735, 141.10084191282195, 157.08702201513296, 173.41997339649032, 182.83247164616387, 179.87162904516742, 170.8513115406954, 156.92160783814944, 170.80709183938302, 170.6645513957656, 160.50057992476556, 173.8637179178499], "fourier_y": [172.64611997033484, 155.86732303204045, 161.73778333299276, 165.69145318981873, 167.1477258424883, 164.4035492754196, 137.30420268021658, 162.79001422724798, 166.86728623066523, 155.61428350319255, 169.07626909018123, 164.3654336875992, 162.24133442880077, 143.21531942343054, 156.66712021879198, 153.27325259414943, 133.30587261726808, 158.7342740761984, 169.56483730884895, 165.0398255911338, 134.28671896770817, 156.8940493454192, 168.01311503044946, 172.07591707307853, 158.59054255710512, 157.92681427271233, 169.0520587460702, 163.5765773862658, 163.01447074139674, 163.75339084258556, 174.62453810665582, 179.23053731729223, 167.62164373746174, 159.55347977202908, 162.5925759691363, 153.31416523597522, 166.62919625938218, 139.19408114253412, 174.13145282530078, 172.98354123637128, 167.62677706074606, 165.07100134996125, 158.5737789063094, 153.8110365556258, 151.07133863455755, 161.7364037704712, 160.15738231986222, 135.66122422474248, 169.58230886701242, 166.3923892433337, 173.71857610425397, 155.3205295270752, 168.64462548643786, 172.26622404381, 153.87353134847032, 161.79718595013782, 169.78106551533213, 161.38253919298774, 174.7482599007176, 152.86615677617414, 175.87298456994023, 164.77879423624697, 167.40440467962094, 155.68004957376706], "src_path": "/Users/hagardolev/Documents/Computer-Science/Third_year/sara_guidance/db_3d_models/db/0/m80/m80.off", "name": "m80"}