{"fourier_z": [146.66046028772962, 129.08923817319197, 121.10138089753357, 149.7609870492727, 146.12939085611362, 145.94841117583593, 146.47274916449507, 154.9049734403101, 117.4451831563794, 149.01705794534115, 140.25608424297894, 149.126692361932, 142.85018125933027, 149.43103683055878, 124.19717494137274, 115.66135135808838, 136.36032648190027, 134.3339405935362, 131.7964510771979, 128.46490437857574, 148.01250670143656, 132.57555535996335, 150.83750735401415, 144.89184205169775, 129.7180930637543, 152.29465330869377, 139.5047514452897, 156.46134321668924, 107.23750592359448, 141.57260085901896, 118.2050837089545, 139.35905532105875, 111.89126964343555, 134.19177382699274, 139.57476322650965, 149.78492691215484, 141.6592202332742, 148.53200216293965, 139.77798924797312, 147.11739849875607, 143.63032371332315, 132.68987150567023, 147.87234418101644, 145.25012790422747, 139.8873850655246, 115.92871870866801, 152.10343577845015, 117.531854947238, 128.46494285149294, 158.40111380864724, 126.90552939107474, 145.6179922335232, 129.68314217212037, 136.1923395096401, 135.19809465797272, 129.45154416231355, 135.1613414336225, 139.66291157469098, 149.27729849008492, 149.11130202840604, 129.50951269982755, 119.00577054003863, 143.36277022423215, 128.68972050660508], "fourier_x": [132.7975166765307, 132.72681794193326, 137.725177638158, 129.58530131087298, 137.7748742289172, 123.15239783796869, 124.57476041133306, 132.96537929550533, 157.5961328290091, 157.57477207836376, 139.79394499525392, 138.30686828430746, 153.77044959670846, 154.90232792155484, 149.45201089497198, 126.98382696642767, 150.05638832334077, 157.17468329771603, 140.73913551035352, 155.30021830075535, 141.63699810126093, 119.2236395219954, 150.991336314181, 149.74098402077803, 157.78438545496468, 153.23500370229013, 153.76754745493642, 143.03961876754957, 133.5374696871412, 108.44106258422407, 114.47996931234711, 138.77519059320616, 168.20242603312573, 164.02385137343498, 149.76640593951146, 124.27880789651148, 164.659649367467, 155.1678257079603, 149.20116160793253, 137.9021574109705, 154.58299032139234, 162.04389332275215, 74.78846547281543, 159.80418004992356, 149.4652710465449, 127.44590480415938, 149.57365429523682, 147.70724534834682, 154.2269469884342, 154.62784856454107, 136.98859892645592, 156.55487523436994, 144.44426712238186, 151.95042028830738, 138.67241800779067, 94.6648720081734, 162.87463678871757, 154.75940895528458, 146.84343335069113, 147.57022348842898, 151.24058113229245, 158.0969544234905, 146.7365630060821, 132.5483997392058], "fourier_y": [143.01402915185054, 146.17938104995585, 152.3507533670408, 138.25963591644, 146.76900833851573, 166.27419674732187, 128.24780048882448, 160.92910359437025, 156.01542368127173, 157.41759152287145, 135.84718718286848, 169.29672770094243, 176.16178498651863, 174.68329696406283, 143.1471941990988, 171.32753070692303, 155.0215927991344, 157.940236965391, 154.6183346560591, 145.8429736288146, 171.28748599445333, 145.43059044144482, 164.75978093041869, 160.5004172758694, 165.20866943291605, 145.43510826608457, 130.37409266790857, 172.10500298876178, 130.25339716702763, 140.85914807079212, 161.395455777636, 150.4136428272791, 161.03515581217582, 152.64064446857145, 161.69072835561406, 176.93208054656145, 164.43815472436899, 155.88182873714675, 172.0949526772803, 168.46190167389975, 166.99420620960376, 162.1440164866742, 162.89959247863953, 152.48736707162203, 136.28454129275084, 164.30613648444938, 144.13840231897817, 145.5120387983108, 148.68553085558707, 173.06748932266072, 163.15848376982268, 124.28376439398647, 163.29178213415818, 145.06403762146002, 151.36811402750016, 162.06693517994574, 157.70934510822246, 158.26109550338745, 158.28186480097864, 149.00972249248946, 169.20049207352452, 163.18757264365928, 159.0904206527713, 160.34395916315668], "src_path": "/Users/hagardolev/Documents/Computer-Science/Third_year/sara_guidance/db_3d_models/db/8/m802/m802.off", "name": "m802"}