{"fourier_z": [110.82527090316846, 156.63843672146362, 159.65332845550873, 138.73492022180966, 134.13347033702792, 139.43733955340133, 133.32267702637716, 144.53586387989594, 144.79736054068246, 144.69862764388188, 163.2323952306038, 151.39353633166468, 143.4653528965252, 154.17015936621905, 142.50243181391673, 141.60664669932206, 153.17006357790692, 133.3255291981933, 147.42328819449517, 139.7296501786509, 125.11699307328422, 115.86515483673318, 127.62805865998666, 108.54066337827616, 149.98709353752628, 154.74945806090605, 112.41251998312288, 146.0913450130761, 141.4972024338098, 123.27725502948368, 139.93692805159068, 139.58933322803563, 147.12695086898736, 154.55138222699992, 154.9781324188799, 150.79282747978414, 129.63452618090588, 148.30248632399895, 149.65768502628697, 146.4720735543043, 139.12960220219156, 147.19218823453454, 150.7299739921355, 139.10193725322432, 137.14902743218153, 149.2151457525971, 143.72458520909308, 136.6835991130616, 157.1434423198291, 142.153407929144, 156.2920927295946, 158.80326172671994, 147.32848276483872, 152.2272803491881, 142.58069208421986, 128.58417377741037, 120.08693296219235, 120.57705721392819, 128.53813176779985, 145.44307426466094, 133.6816751120767, 141.8409372117377, 151.69020719351315, 141.46152124203934], "fourier_x": [146.66046028772962, 137.51606404200444, 154.7498669665297, 150.97129260126832, 155.25942433533186, 165.99660258643823, 152.05715323492294, 141.3172376262887, 163.33047155902756, 151.8872142672805, 136.18263685352542, 157.7773767425018, 165.50924841094061, 158.24757012756632, 122.93458655159357, 138.6350189525734, 140.1870782986214, 156.352424329612, 156.10163292489133, 156.84368660161041, 146.63282606948806, 157.81774835539653, 146.4873612866104, 83.91176917274308, 157.06089456268012, 147.7047528592822, 142.08044102490325, 148.6065041573968, 167.6464204166479, 149.5581336967679, 126.97421534438213, 129.51822636627548, 132.7416914916729, 163.64460337457547, 157.21379913629306, 157.6721389308801, 144.06662522899416, 154.36854652178542, 151.55469840626085, 137.50784071141152, 145.15822560230652, 132.2089219028295, 160.15542402971928, 142.56544815461905, 159.7692975226686, 150.30286861861774, 139.7251035213529, 149.2121492126986, 130.16093494943377, 165.9446617415005, 155.86193581334, 155.4029888997265, 148.07173833577298, 160.6226006446958, 155.45579576479304, 152.05798886628912, 151.04782626056624, 148.45808443616943, 163.52263716832678, 146.60193953493254, 154.42319054755757, 161.69855027351178, 144.47557548577777, 149.05423896989106], "fourier_y": [175.20278740053254, 148.1696657664144, 169.0306508939605, 173.63327390864893, 154.30155218294541, 181.35495071418524, 155.9731929228999, 179.10812465363125, 170.07826104529966, 168.50978533090398, 173.23082592516846, 139.48547896051994, 163.9753275295365, 168.24840698766732, 145.48063804307654, 173.1897330769938, 163.1649186419242, 176.57976464581654, 149.51190132021543, 175.4737268825753, 141.75618359057754, 158.92750441349963, 150.29967787154862, 77.30569613548053, 165.80848590827614, 142.47813532729094, 177.28986685529213, 167.49802544670013, 171.07203291176893, 171.09695974527716, 135.06682494570026, 172.13054072669195, 154.26037216219723, 172.43592586885742, 168.98878077402753, 159.55520403184812, 174.92293778531834, 103.03300832774688, 161.2233826049187, 161.30504947892678, 175.36123170630032, 154.91105056570697, 148.399055181351, 166.18928708660607, 157.64451158764751, 173.33459928916423, 153.96153543245592, 173.96689449039366, 164.57907588705578, 175.22148111156673, 165.8531935643255, 127.50173844845372, 168.4174033489592, 174.54104856115072, 159.5403606603314, 171.08235551828568, 163.12481866910315, 166.3969065648862, 165.42482638376822, 161.9740228686935, 167.48406425484086, 181.96136396777902, 172.9492382653423, 169.9990548512597], "src_path": "/Users/hagardolev/Documents/Computer-Science/Third_year/sara_guidance/db_3d_models/db/8/m808/m808.off", "name": "m808"}