{"fourier_z": [-559.2177807404137, 52.39375122633863, 76.71481319781519, 86.63175532770157, 87.28174136065952, 73.40956698698551, 72.63648265172525, 97.13827248339908, 105.93413545631698, 106.29873906108318, 109.27068897283397, 112.25227863898452, 112.06643481901851, 108.03624465206909, 106.08973425323182, 113.13734521968576, 111.49705989930142, 111.74311826320883, 118.43505956665155, 125.90412344128393, 127.52479261418488, 120.69291307541376, 105.28270645786145, 126.61437633502358, 104.964867259294, 104.25281694241451, 108.58989324320137, 119.5627368654432, 122.89063003917626, 115.71213728776533, 90.5489140465234, 124.68196922059823, 109.45221441621966, 105.9827317614255, 110.63476305305834, 119.9798242520113, 122.18967566242425, 114.93352942205668, 109.16114249581183, 127.5257023859939, 108.57482897093769, 96.36331154087398, 117.57888374573778, 128.71723421714853, 130.53138189225137, 121.78555456593622, 112.1515005465111, 135.15629780910362, 105.01211582641547, 105.03694829500444, 105.2401775224074, 118.19001850756067, 122.94765821208044, 116.74003654585819, 57.74436287317268, 124.10604115965236, 112.87925755436947, 112.56106606336877, 108.07922011811849, 104.99722378938488, 105.52007609350996, 106.22555417746632, 114.60817342372665, 124.33754643802283], "fourier_x": [124.68821451436742, 133.06557885069716, 135.1517869773032, 145.65058508517384, 127.71171748585287, 118.41705466989622, 165.0978628739109, 148.9557165907059, 124.65504529737032, 124.4827266354987, 144.16690977007926, 149.87191729020398, 135.88889555412652, 132.52884787603324, 167.44873866274799, 142.61982604313206, 124.55544998337054, 105.53223726345296, 148.79918405749243, 155.04721622073862, 137.45945499120717, 138.16017636149306, 168.07802259995216, 136.73130676753235, 124.38916936368172, 122.07377607821226, 149.34547725812877, 157.06354129165774, 134.20345552609376, 139.20707296525083, 166.58103430406948, 143.78775569914293, 124.15578462430226, 132.7840987808158, 146.1291124842549, 155.79083983877155, 125.24495794791632, 136.3025857539246, 163.75835874956013, 150.65147528620759, 123.85473932569079, 135.80628927371987, 139.55915632289563, 152.06925531603073, 106.62814244878567, 127.95619692474816, 161.96417311247671, 152.97798636108422, 123.48537483568049, 133.13256580754367, 135.9762158712272, 149.51301908160286, 115.16238465449298, 104.1742867382847, 162.957477858461, 151.11755382657432, 123.04698462167391, 123.52895567157304, 142.03703584173238, 152.07590417168785, 128.0618077525386, 115.12038410002106, 164.8224286686497, 145.7656856841729], "fourier_y": [110.82527090316853, 110.55840272997294, 111.19199178176595, 113.4182350417627, 114.31620150476532, 112.00192374120408, 109.6893216980257, 111.7493873875157, 110.14446423192007, 137.41485788197406, 137.81526228772915, 113.9173711766532, 134.34521930339852, 140.46426215839597, 125.95851278171665, 116.54956919953113, 110.40238735160787, 129.90593651140966, 129.62457588825137, 106.40826363490531, 132.6206341997169, 137.6846626057176, 122.6572821492569, 112.17382543554491, 109.05564662523268, 125.1414369019502, 128.57532187535125, 117.48588516451493, 77.82079650738493, 107.69515535830811, 106.70559646895562, 114.89851376181389, 100.78127034085213, 138.738816670426, 141.49600446523687, 124.11465608049352, 119.40669893884416, 135.3552523065561, 124.97804437417385, 125.41577335398239, 93.55652150981143, 122.82081364984356, 125.6552409733768, 117.30332491823143, 115.40794461071982, 126.7577203643676, 124.76490474355131, 111.05816903322992, 88.06421970308158, 121.5775652871816, 126.30935716164275, 119.3209285592518, 127.50379285190013, 120.82984627170424, 96.9509643444158, 132.41714347155877, 102.54831865125992, 125.71898508668355, 133.1649468559267, 129.27678788791854, 119.30881936331622, 121.1490157704581, 118.87384843611446, 129.67933849733836], "src_path": "/Users/hagardolev/Documents/Computer-Science/Third_year/sara_guidance/db_3d_models/db/8/m809/m809.off", "name": "m809"}