{"fourier_z": [110.8252709031685, 95.1827629832306, 125.03080650967095, 128.0847213231032, 110.85531350765524, 129.63143030592119, 132.99312226253852, 113.44571521224834, 127.71255484121271, 122.53721014696606, 136.8992101988764, 122.43947481044029, 126.92162810678609, 142.3672686292036, 136.4527628716878, 123.36893180777948, 142.95615290407864, 150.88589905224157, 152.24308229468596, 140.445504450184, 140.62466460619115, 148.1356778142575, 140.31398953702418, 136.85344156369928, 135.76094496979346, 142.1037323328144, 144.8435009194987, 130.1260811713328, 147.55527296907033, 152.77535401527848, 137.33951825979693, 145.04423732356997, 136.43514761047842, 136.57000893539916, 147.83571469082577, 135.97602940519513, 130.72360922538587, 147.50076033935665, 135.08009941788802, 136.20135268749354, 148.11757741643285, 147.46536245682907, 129.8322402726186, 140.59216827372728, 140.55948055062345, 120.58092229146025, 122.16630974525143, 119.67287927100071, 141.7555914033314, 147.8266602971684, 139.88138949948726, 142.54456935194827, 145.03427303752883, 132.20008736854905, 135.31397910615436, 137.97378609084723, 117.97966788563365, 153.7928894367787, 155.08825909202397, 133.71840411570443, 151.4855270499805, 156.91904933997654, 140.39586826795608, 141.9640711662566], "fourier_x": [132.79751667653073, 148.52185397219682, 140.1001696247867, 146.22701579351016, 131.32798317288172, 150.04194190598255, 148.26731748977076, 151.39176581420602, 119.1404365320717, 147.81049018105597, 146.21610689622895, 138.0494601002896, 124.17248831139987, 132.19969242898406, 146.15924939348412, 135.17240245685718, 126.27802836017818, 101.28686285999618, 117.67219057559016, 150.96249585168678, 140.7212047578965, 134.2788681254731, 118.58956349039059, 149.14389764522159, 132.41477837395055, 144.88740010151838, 141.4052804556987, 151.54476037762802, 138.42612958216756, 145.17446167941762, 149.30938554057022, 152.14250248803413, 109.63857600171153, 145.20130624082415, 147.0632959722766, 138.44759151427397, 121.03369714503083, 136.82362191004822, 150.71405236236257, 131.42449274703816, 131.26816039901968, 108.10327092503351, 124.07493151427406, 154.2225615059983, 134.13302536667328, 121.12519804561522, 133.59204187078947, 150.85711520301092, 131.23734305465828, 139.79606121178747, 141.01239265882853, 155.16160889724165, 141.67643642615923, 139.56309998445462, 151.3801132681596, 152.67726992576723, 107.16766045377815, 141.46790243200084, 147.2261459275657, 137.60738046537193, 131.93405992778048, 140.60307368554726, 153.77414763668887, 125.04176413839686], "fourier_y": [138.5511581255663, 133.11697689486078, 130.66351187371075, 109.25330483491584, 136.62819962945338, 145.63140975931043, 154.25155330900216, 143.52330190932912, 153.2358656739235, 150.58993807011288, 137.7808866752893, 136.98310987252415, 126.03068609398036, 150.0896878314266, 156.39481571184595, 149.39940281988515, 161.65433517742025, 158.86804836629926, 139.68421108498188, 146.10339749559728, 140.1474959410117, 158.50196276473702, 158.86771338398043, 146.2661062615341, 162.47033225120546, 159.4722504279805, 138.11175337159196, 148.00527312888528, 144.61091051195493, 160.92635807902667, 160.6106691910362, 128.154194180682, 156.57459798841418, 154.00656123067276, 140.07331314430084, 145.88675622788662, 140.65811331650804, 159.6536896281091, 163.5920998889441, 126.0484766373037, 142.46008624021687, 147.66703312656668, 144.33403485097386, 139.6878410983416, 123.43773889017706, 158.92122311469956, 166.90304202018197, 143.73593018987074, 142.04400558997438, 151.38550510775536, 145.65155197511413, 138.20017072920746, 116.85138040823105, 159.53654360222876, 167.34819731678766, 143.8505908943019, 151.67508918143278, 155.22098286122122, 146.16970550133092, 147.43149178245332, 132.74661189288486, 157.49922808235158, 163.4567813617203, 125.22578831452606], "src_path": "/Users/hagardolev/Documents/Computer-Science/Third_year/sara_guidance/db_3d_models/db/8/m813/m813.off", "name": "m813"}