{"fourier_z": [132.79751667653073, 141.3683171325523, 141.3301350441106, 133.39143823160776, 142.12703884524822, 141.9834754085614, 134.93070996832625, 143.3812555577416, 143.3530367208225, 140.21831334930383, 149.59886945641603, 150.10241712310142, 140.07992949373616, 152.9896341246785, 155.1521655770912, 140.49538093419054, 115.36234389731584, 68.18615663098792, 113.13936354409286, 117.71443423635151, 101.7864419269676, 100.99662247881221, 117.20797395071804, 114.15329945270996, 119.51785457026061, 122.03280325380312, 95.24801342874503, 120.15552610004372, 125.90548281832939, 96.166687749756, 125.52135331356934, 132.56197372119863, 152.830489761403, 158.25202179934186, 134.27931770098832, 148.00083118485642, 154.66559172059658, 135.22200645476696, 141.9292483761222, 149.1061823400742, 142.12248163152873, 147.81912314187866, 159.83186104065516, 149.61503131831836, 143.6723616058039, 160.6679617946122, 154.2937747193987, 137.08767301938258, 122.67040017869806, 133.62383978673557, 141.13667081048243, 127.27193462002705, 126.80484187812816, 142.97403747149698, 136.22779268768878, 122.27501451333794, 140.83887023582434, 131.6281173284229, 122.31188464422354, 140.78708152947803, 130.73091476980315, 123.00135422610383, 140.42596911776434, 129.0610309622171], "fourier_x": [132.7975166765307, 146.0842962846843, 150.52277311128069, 158.10436791634655, 135.85903504940092, 149.3382203511178, 152.83154533396413, 150.6239087649399, 131.3537837601503, 129.86162925878648, 123.70265389530257, 152.50827564773422, 132.4940525141515, 143.8025774671897, 137.84286561917264, 143.38506143676793, 135.52498360290275, 138.42429337023412, 147.9702943207032, 137.1932625461742, 122.2354898121752, 131.5926965044107, 142.68030001667967, 132.83719559641227, 137.24818005087354, 147.712658523253, 152.2634629030042, 158.21331752785116, 140.0377430741487, 147.16955201479493, 154.84464059597127, 148.03355667543073, 128.70599451874634, 125.01633881058909, 135.96524844791628, 155.11143410570338, 136.29028823559426, 143.01781263656812, 141.76891760808186, 143.75205029520143, 138.44790504212818, 144.11546031575676, 146.0664675517089, 133.84554974443566, 127.37710681508027, 130.02224064017446, 142.7056655002838, 133.25493043745536, 144.26781625295786, 149.00418349230216, 153.34334345505744, 158.40848194853191, 144.85056631399553, 143.2288236529695, 155.60415647023615, 145.1793881220268, 131.9953444920988, 124.83224130098026, 143.47012798681516, 157.70705945911712, 139.81515965807856, 140.35336640667515, 144.36063155314508, 143.79768609177196], "fourier_y": [138.5511581255663, 133.11697689486078, 130.66351187371075, 109.25330483491584, 136.62819962945338, 145.63140975931043, 154.25155330900216, 143.52330190932912, 153.2358656739235, 150.58993807011288, 137.7808866752893, 136.98310987252415, 126.03068609398036, 150.0896878314266, 156.39481571184595, 149.39940281988515, 161.65433517742025, 158.86804836629926, 139.68421108498188, 146.10339749559728, 140.1474959410117, 158.50196276473702, 158.86771338398043, 146.2661062615341, 162.47033225120546, 159.4722504279805, 138.11175337159196, 148.00527312888528, 144.61091051195493, 160.92635807902667, 160.6106691910362, 128.154194180682, 156.57459798841418, 154.00656123067276, 140.07331314430084, 145.88675622788662, 140.65811331650804, 159.6536896281091, 163.5920998889441, 126.0484766373037, 142.46008624021687, 147.66703312656668, 144.33403485097386, 139.6878410983416, 123.43773889017706, 158.92122311469956, 166.90304202018197, 143.73593018987074, 142.04400558997438, 151.38550510775536, 145.65155197511413, 138.20017072920746, 116.85138040823105, 159.53654360222876, 167.34819731678766, 143.8505908943019, 151.67508918143278, 155.22098286122122, 146.16970550133092, 147.43149178245332, 132.74661189288486, 157.49922808235158, 163.4567813617203, 125.22578831452606], "src_path": "/Users/hagardolev/Documents/Computer-Science/Third_year/sara_guidance/db_3d_models/db/8/m816/m816.off", "name": "m816"}