{"fourier_z": [154.7697624498929, 139.63946375256566, 142.89047553780728, 153.16143437753755, 132.67206895876834, 143.5603053478529, 146.61349093145583, 101.82496962349359, 124.53669587912947, 144.18947280663406, 128.02900583906265, 137.20873357213208, 144.53859100454127, 130.24860381249374, 135.3732818182043, 128.03529369197858, 131.79895180808305, 138.5430804288694, 136.3947471834698, 110.45990567449826, 147.27362137983528, 149.4862972302357, 126.68662515323271, 146.63841590896507, 135.17675427632324, 151.37310612973502, 140.825994382512, 145.24418825122223, 159.47032457599644, 147.5111648456809, 149.0399263301631, 157.9893185994754, 152.91966071111074, 142.86263656187282, 150.34481247934733, 147.09278475742593, 132.20958466350078, 140.91136361778095, 139.14479469516527, 138.84865149146555, 143.57568753644694, 112.68630832956676, 143.6902099312181, 135.22327329557586, 135.22835484853675, 146.65517525787737, 137.38316254307452, 128.11629232781513, 150.3105047108477, 140.27773421942723, 133.5797658273748, 151.01683432599708, 145.12388216436165, 124.58244194678421, 147.34711911135392, 140.14311010574292, 132.46935472725073, 131.8599968239739, 136.92998795913442, 120.17193757750412, 126.38264753212347, 136.63841238379428, 135.32707512313172, 119.3470623457329], "fourier_x": [124.68821451436744, 126.24263652606736, 133.73173440177575, 131.90647209261996, 100.96919262256071, 127.25952739617188, 130.09373595021594, 116.25080084016926, 111.674137380329, 126.6632956630727, 146.4725797057211, 137.42589328700728, 136.74980449097566, 120.69963484789503, 146.2555308413379, 139.9719097363241, 112.30295186904863, 137.6456949189885, 148.3504797425586, 120.8098007207826, 141.37521363122286, 128.6028464221574, 152.579571243, 132.0291429031148, 127.01467321761058, 113.46473474552425, 142.19600233859208, 133.25929803286965, 119.804130712661, 123.00707346757588, 136.0918519891514, 118.63407400477314, 117.15411496429923, 134.51735615498018, 147.94725565889559, 132.89671109749298, 129.30750034896087, 128.7823032331716, 138.39832817473126, 137.30253637826883, 114.96771167489601, 139.0271915939655, 145.8832012396381, 113.60999301461473, 133.38503912890482, 143.9209502447491, 144.6908155274995, 130.35476069849426, 131.4196712438466, 107.00659501525118, 143.07825454466692, 141.98793653854761, 114.20386607487848, 140.86869451729473, 108.0821735468183, 137.76562196844333, 124.86173897428458, 137.62634397172963, 149.25447452660285, 138.93942508847718, 136.4156758459125, 112.78122704418448, 141.36764558660326, 140.39394581662964], "fourier_y": [124.68821451436744, 124.74150788536897, 121.38527896213773, 109.8813321862358, 121.26722210719632, 134.0369299010147, 138.37987290772796, 137.01791543748524, 147.86733932967329, 144.03154449245696, 137.84866228583832, 136.7760567111133, 141.2947713197968, 144.5774841184018, 145.75839758671552, 144.96868654106953, 139.89305125018413, 144.982141631307, 147.98884035286687, 148.21592325033367, 143.06238893091387, 131.03965175977277, 130.20571283517438, 139.04916903577498, 134.04895681322967, 124.82496624997805, 118.98578269661421, 120.22655006039705, 111.60372739572477, 133.882609450924, 143.5450303526994, 143.52307287403656, 130.4091689841386, 122.01366878477842, 116.0132210196003, 110.88020534028026, 99.24354893088909, 124.18035960216852, 132.98155430562525, 131.55760248055114, 144.82454521747786, 143.06871833609426, 140.16882415852226, 138.2182511798013, 138.54921172588982, 139.34114527324766, 138.65969535932578, 136.19718054251916, 129.44230835102098, 134.43634798289645, 145.35710248150676, 150.09600391871248, 149.4413875994182, 144.21911274336313, 136.66786767874473, 137.4944883184827, 148.20762656617353, 142.30212223712948, 131.3989447305932, 125.91099546595827, 121.04255749854508, 135.23771260439784, 145.84312849499048, 146.46258197269134], "src_path": "/Users/hagardolev/Documents/Computer-Science/Third_year/sara_guidance/db_3d_models/db/8/m821/m821.off", "name": "m821"}