{"fourier_z": [132.7975166765307, 163.89987654702884, 173.04077814862094, 169.76710825643238, 158.56061947664872, 170.45237950758587, 169.15551832459886, 148.6330676410994, 147.22179772477995, 148.6568272903026, 162.38088391185943, 162.01279729178222, 155.59847034860664, 160.7912313846936, 146.43521937071287, 155.22198834712808, 159.48141049082878, 154.38918471530374, 162.24211653599508, 156.10991744992373, 110.76354261445276, 121.5690505707644, 145.58189487766748, 155.43926239447327, 170.97103200246718, 146.71284505994092, 178.439124952501, 177.40804586849677, 144.2681128418591, 168.4496651919392, 171.12706222607585, 159.78344221700434, 135.35446734861014, 147.41025959670398, 156.93566249079754, 151.5895521111684, 146.72715620017618, 161.64908552987396, 156.18313228835856, 129.81742112866635, 149.07167707508728, 144.2905956346415, 163.40240496297048, 164.09496948499995, 147.47351608543912, 153.00699145110863, 162.6547438977661, 150.0504190629409, 161.98752915867863, 157.5300036056211, 177.00832871017312, 173.07628008258962, 139.12745475015817, 170.66743111512633, 166.10215237873717, 138.29924707117118, 156.3068221354991, 171.49995254904644, 175.08950924892338, 163.59346468447737, 162.7909760215692, 163.85677220221322, 158.9525617647089, 161.49542384330766], "fourier_x": [124.6882145143674, 144.43532148607108, 157.63621075849557, 169.15929807718038, 123.91910331153825, 152.66009020590684, 145.84837216117458, 162.2717354678892, 128.05442205382417, 159.37740904980814, 156.22249875814853, 159.26090352680097, 150.30690835144395, 150.1576276989187, 153.64250959908003, 139.69960923435994, 144.87393510588842, 133.5513897566253, 166.79614108850754, 156.0280961343889, 151.20511549201544, 134.84212956105833, 131.52745627730576, 159.5102614516222, 143.25572305971517, 158.64217513323004, 127.34049086576248, 166.82984181872445, 147.51868216373595, 160.5863047329321, 160.8341323429713, 132.25217266074543, 116.38099935284258, 161.4576127053739, 163.1301851347444, 142.9117360499652, 150.1120034529013, 151.18879435285874, 164.8341158654494, 154.56681036946176, 137.2317456380588, 149.83474597878777, 159.30782722063572, 152.79650510788395, 154.59496116299601, 144.4971461634868, 148.1840241387759, 144.11365572149094, 140.06577615181962, 165.51335181976737, 141.6750334158972, 154.3451684079557, 117.38325603048393, 156.1909156705951, 161.88024194578765, 158.08461878849434, 139.75186838663174, 166.79293580763985, 163.8927301422859, 149.3274830118618, 162.7173686718225, 143.45679236301007, 158.19947833869728, 161.97046057783433], "fourier_y": [176.74200822325508, 157.88876351912887, 172.69641863750454, 161.67698525709338, 157.57602197154554, 173.20533777449657, 163.28408118635164, 178.89163687871076, 159.36471072121094, 176.08476265620126, 158.17296172698124, 174.50784187062328, 137.9102870359195, 164.77871413847447, 158.48175131447775, 136.53707168767392, 155.55278392713495, 169.59334371922634, 179.1172750338157, 179.66487643322534, 174.96975778457397, 169.97446800358568, 167.91334228097048, 171.80490737890895, 150.7046920118867, 171.10797871764416, 144.18824282159267, 152.16329868118234, 147.15324036654994, 160.68510845524233, 165.82772871231626, 171.59243324136185, 162.25733341982138, 171.13210199051753, 177.20783536283636, 172.704318311863, 170.0605772113895, 174.2287495783513, 173.631380018061, 148.1951499698286, 157.35413268222987, 172.05786318694066, 171.71468903276448, 143.1534354586213, 160.44089225337362, 165.86132143668183, 144.09887115893468, 174.19763403608871, 164.58429752391498, 163.15214569896827, 160.71050996267647, 169.90536692559627, 177.31170583934113, 167.64716980975192, 170.022914614735, 158.8966558718989, 161.63284157128, 165.9006371383325, 167.08891020267046, 169.31436538759243, 166.90600248128106, 178.12001800550703, 163.88498847982106, 174.8993146188635], "src_path": "/Users/hagardolev/Documents/Computer-Science/Third_year/sara_guidance/db_3d_models/db/8/m822/m822.off", "name": "m822"}