{"fourier_z": [168.63270606109182, 168.46977139173669, 168.3672158047815, 166.19333091414293, 157.56323538083385, 143.3987681623648, 162.12795577434488, 170.83139934132947, 165.50851820222906, 160.16675620689915, 160.3907393564111, 169.69292879265313, 167.73050404914483, 150.96831154915424, 171.917765587274, 178.63906360734103, 161.32214471417103, 163.77616832142888, 164.88075999762583, 157.32373464413246, 146.89266118903615, 150.25611403090193, 158.38021725994943, 167.47855488225377, 168.22746885326728, 149.77871617048345, 144.7867334213968, 160.1254939291982, 157.27488450068154, 120.91520861469877, 164.36397634888266, 170.72705888680838, 170.82877844481632, 177.0599546955951, 171.85062339770016, 166.1523995130442, 169.42094395963983, 166.10775282429626, 168.76338368246672, 170.61534112322678, 149.40256694979578, 146.1336050577788, 142.46073086487343, 154.87510938976493, 157.2932592937425, 135.94441043808365, 169.41074407426103, 176.2832158138574, 163.05830672991777, 169.058402723647, 153.7776010908426, 161.6617696079625, 170.37026892623757, 158.9110391482365, 160.21697619999168, 173.75484317311233, 164.17185491052211, 159.43992076137957, 169.28681874391916, 158.63857860346548, 139.02007246294755, 159.08819854000114, 163.64406393660627, 161.8296250441857], "fourier_x": [163.6064174954737, 147.33592645837342, 128.02380801625424, 149.79021181905284, 162.13751381147293, 143.0054287562953, 104.8488001932575, 154.94262024644894, 158.84137038534254, 160.93424255717844, 154.2407903706636, 161.80991416431954, 154.0421455548741, 152.3472022676685, 155.97802932033187, 134.45264337469533, 152.0279923473864, 156.88581587989216, 151.3166312232368, 142.99371929124436, 158.1365110842763, 145.06448415703932, 149.29709397481756, 146.63886781273553, 159.10833079927664, 133.49089848428977, 115.83761030976035, 150.29150781934118, 157.04853362033597, 135.63987802192418, 133.6303375021879, 153.33987776843807, 153.94782152225488, 156.04839516653686, 151.507161577182, 154.82668931611445, 147.86596213911335, 138.90422904217294, 146.03500134070947, 135.1755793880068, 131.11229001794507, 134.65167051911322, 142.0173136491614, 119.5947508398632, 151.55288804112115, 120.0105663154033, 134.56170278096752, 132.64007678458563, 148.3023231537656, 151.37824403807184, 141.03644328852363, 155.67903524506133, 152.69802623967496, 116.30345337488606, 154.5467144832546, 141.54630692047215, 128.14817828576022, 151.73063481724003, 151.0601875532633, 151.49894549628218, 132.1268058943986, 127.7086179571501, 131.13672706033378, 130.5306675684184], "fourier_y": [180.13998895916305, 156.80035468568934, 162.90330819039897, 178.14620801810133, 151.27305265961442, 176.17818528157562, 169.7105241849451, 167.6045610543322, 176.50122543500405, 154.16235971119997, 171.5828924534658, 167.52625708414857, 158.82614897694762, 161.88082581056335, 167.2884204444194, 161.0036477375662, 179.69495957555262, 167.0858780229035, 168.28089785710975, 185.08077382975205, 169.71861652578443, 169.7053367564347, 176.0113418104797, 175.4355840255302, 169.36056574082278, 177.13145704726057, 162.22490008453306, 168.48244540567208, 166.38554592366086, 164.69225050259112, 174.8621316465238, 152.29774862982958, 169.96919140312792, 155.80372544929082, 178.8624676863888, 173.75137625109173, 166.7348893245837, 172.4364333052127, 170.37267246869288, 188.96232546667403, 174.3937324435301, 174.6734129397369, 150.24369096312037, 165.54582784470284, 173.7961339234997, 154.85486074556306, 161.26973014691453, 161.89046035179808, 181.07252268142406, 158.8580265362842, 165.76267549012562, 178.63972975231488, 159.08836166597578, 168.56212432091598, 169.22417220275838, 175.58951258762244, 178.8355597980677, 172.71899588797126, 180.29778585137484, 175.34823976770417, 180.24397572474032, 177.7798954507418, 172.04428011938293, 177.2169763470086], "src_path": "/Users/hagardolev/Documents/Computer-Science/Third_year/sara_guidance/db_3d_models/db/8/m828/m828.off", "name": "m828"}