{"fourier_z": [-591.9482963301159, -586.396418965919, -576.3614256851832, -576.4485722062077, -585.0685042261009, -576.7146632934872, -574.6326532456695, -579.4059499390476, 123.21081876047819, 123.88211717632167, 128.5493073821506, 135.60732532965585, 139.59566752540795, 139.75019321235868, 136.9683570360567, 133.31401558533545, 134.5300994061285, 129.23567460543842, 108.5209267950202, 126.137459046318, 134.8867960562422, 132.41025367123194, 117.87238607217198, 122.93323744356904, 138.0599587627064, 132.2703558724291, 125.69643801632691, 138.4610121702402, 144.58527464418506, 143.24393861111264, 135.87225703382575, 133.1949859425522, 136.43500334123613, 130.03739974059977, 118.38926198642307, 134.27906734532098, 141.18888368380146, 139.42681415328758, 129.72695170881224, 127.36168517951853, 128.54635869555602, 126.94191441555961, 121.48547812844811, 126.7404140524408, 132.131925687827, 131.58637340185334, 128.00771079612898, 129.48331126709573, 102.47961340040833, 116.36011755019274, 124.32547735881289, 129.1246158139181, 131.8340539091901, 132.72982208547728, 131.95306831320053, 129.34841636175258, 116.02340321159355, 115.78276874113075, 113.68612491324402, 118.56289066110426, 122.8696481410214, 122.67704587190595, 120.30649335468493, 120.74793029274993], "fourier_x": [143.01402915185054, 114.43288192829739, 135.49531622871652, 121.43444676918408, 100.09007041738823, 133.36947474283127, 114.24515322354814, 136.44348568916303, 137.30060190597615, 124.69794700453127, 122.12627085607238, 129.81852724631156, 113.22242883562994, 136.19625845908755, 121.6713877294584, 135.68127039600975, 125.07807844369043, 133.83729710287824, 107.9680044256474, 127.87125514068114, 116.75081949306778, 111.40239203920558, 128.65449585534907, 130.11933244018684, 130.68434397432438, 132.56834521039588, 99.18506947537321, 105.19405398242354, 96.6773511423964, 130.0926559390081, 126.64080469616147, 135.71925464320802, 125.67798508653274, 122.74138068702747, 113.95959472244706, 105.46027284707432, 130.60660419197737, 140.28587650721846, 115.57320110969728, 131.73397232769662, 118.0343262853294, 112.88740048905156, 131.58564249733897, 84.13439394106503, 135.1158850441351, 131.88646494344422, 93.59188594105241, 118.62982463906195, 132.38918886338743, 117.87554029411584, 132.79268829371773, 121.63678808790289, 121.67734468622727, 100.24233957601867, 114.71292594679475, 134.46289481296583, 132.88416959437143, 123.03213382435908, 131.2976893502203, 134.05629232641053, 123.54808956466724, 131.32893396498724, 122.85957592347512, 131.61690962372845], "fourier_y": [-609.946494793651, -621.6010269908087, -595.5003290633887, -623.8324625039508, -589.1751034759535, -603.0380470871524, -591.6437042552687, -588.8484654077656, 37.153067492438595, 115.22947150674835, 128.140990643673, 134.48288225041065, 137.60824221650125, 138.40870499582178, 137.00971987733817, 132.93158817062317, 51.01443192537009, 90.58491792970827, 104.87621003973968, 111.92813510877619, 115.687009074206, 117.1256507476963, 116.22520342850348, 112.06090872336344, 59.12110201290944, 113.97895013467327, 125.9614809791735, 131.91976109309232, 134.92269605417283, 135.79138173067972, 134.60750845873181, 130.8921760047533, 64.87105832466098, 105.58894227861398, 117.49132999707484, 123.76156663142068, 127.47645978819541, 129.28530515328006, 128.96057137351397, 125.56570005132242, 69.32919091810636, 109.69381625396154, 121.74783248513718, 127.51035120438124, 129.8799346043951, 129.8028362819557, 127.71979548471698, 123.72695825638229, 72.96983002603619, 113.73378361254957, 124.55951892533605, 130.0558128086647, 133.06071878928884, 134.29585863325323, 133.67751665277333, 130.51608670491132, 76.04599763321374, 94.6522711573781, 112.46854675680284, 120.01808572841234, 122.37535041232837, 120.76759809854855, 115.71881124864308, 107.98473360141168], "src_path": "/Users/hagardolev/Documents/Computer-Science/Third_year/sara_guidance/db_3d_models/db/8/m836/m836.off", "name": "m836"}