{"fourier_z": [138.55115812556633, 169.61780197414808, 171.39624433213612, 116.1709175974284, 175.85825572086404, 178.35257461040672, 173.373887099216, 175.52393492269124, 128.46630555898906, 169.91555242569467, 171.6712542016595, 143.1972397646442, 166.3422078479503, 173.19526383655258, 170.3773889803263, 171.90533745647443, 136.1034966199665, 167.54222761556355, 172.1870307441266, 156.20321396050355, 165.5368406811813, 181.93537016101985, 182.3443838114012, 179.0198184084462, 150.1930596882197, 160.5440925641646, 166.5084169991027, 154.810212058927, 174.49031606549408, 184.70326079058734, 181.14134627614786, 172.56037726448082, 158.57163893851026, 122.12670800148386, 150.7523457644079, 143.77502885181363, 173.238820573633, 180.45223922272476, 175.26221677884965, 166.71439829232386, 161.78708630975285, 159.49823215002561, 153.67030365605865, 145.6563592339808, 169.64718627343905, 181.0350679300038, 183.88527557322644, 180.59329743784306, 161.05525111757908, 165.18393153066188, 147.47960009579305, 160.69786681228297, 170.67523537582753, 183.40543433418443, 188.0095147166018, 182.56517006586026, 150.4921683962905, 154.79459968475132, 143.79296832634597, 166.62783405405395, 168.68955991630457, 178.9322109191602, 186.13897881884637, 181.254675560262], "fourier_x": [110.82527090316856, 110.49483469327544, 109.47891141856557, 107.69616034724406, 104.9806653512789, 101.01000889184698, 95.10330137882784, 85.48097567960268, 110.6492856307319, 111.54962839043995, 112.89682908263467, 114.35990696691796, 115.73497337140309, 116.92288847565409, 117.88837108705165, 118.63107196525854, 134.2318974281888, 135.02496446334015, 135.6629739556564, 136.15613057359508, 136.51230682030263, 136.7374958488399, 136.83614361431236, 136.81139473565597, 139.45495115273388, 139.90230027165768, 140.21143881901253, 140.39319283224674, 140.45706345793906, 140.41150556051778, 140.26411403516784, 140.0217317811734, 133.46735623704922, 132.80397225135945, 131.84675396763444, 130.56336097436426, 128.91076090772975, 126.8320689825793, 124.25426622292547, 121.09292643690686, 124.60157174680265, 123.34490585399051, 121.69809454986964, 119.61801326174589, 117.04316483492077, 113.89002647952691, 110.05613100491361, 105.46052288374364, 116.22047708817755, 113.97503844101593, 111.77652468578083, 109.81284966885599, 108.3528867437893, 107.68660787368296, 107.98434344937463, 109.18345000984567, 120.0153513301589, 120.96816522801197, 121.90695894705898, 122.79329067003671, 123.59482782592363, 124.28497685605684, 124.84200919297331, 125.24797421883224], "fourier_y": [138.55115812556633, 138.62351246293417, 138.8372099554668, 139.18262484128377, 139.64515050806702, 140.20694985377636, 140.84877778624414, 141.5515548853656, 137.95629229227484, 138.08305695524976, 138.31985599829707, 138.6739927253286, 139.14998420200692, 139.7481870903697, 140.46386695594538, 141.2869512084201, 135.80592594035062, 135.46937981705983, 135.2399230617178, 135.16791072127677, 135.28253633322618, 135.58495659505726, 136.04903492021327, 136.6293469012814, 131.16124644674247, 131.0894574172708, 130.90097240096011, 130.56943309681137, 130.0685860980998, 129.37191601809593, 128.45236352454498, 127.28248010883172, 123.50729154620848, 122.20185804486735, 121.08571193305559, 120.20106316423478, 119.57965920120849, 119.23960387634126, 119.1837273832918, 119.39946187539243, 120.83419525940876, 119.21970849802817, 117.91721036607677, 117.05954697878569, 116.71398023009019, 116.8473575010313, 117.34103305940349, 118.04163766466708, 128.99582859654086, 127.2796652743011, 125.53951650979019, 123.84460688846889, 122.28022161086753, 120.93547034546644, 119.88152333528427, 119.14802970530907, 135.27532924255493, 134.97436308063246, 134.50623951256216, 133.8141174758106, 132.83654611056346, 131.50163536573484, 129.7183413817607, 127.36297735398608], "src_path": "/Users/hagardolev/Documents/Computer-Science/Third_year/sara_guidance/db_3d_models/db/0/m84/m84.off", "name": "m84"}