{"fourier_z": [171.71571965763695, 184.59838505984465, 181.7075737513737, 174.71917311558735, 167.79591867291828, 169.86302248492518, 166.71972665105767, 166.77486291129577, 180.86233522369892, 178.0817798925449, 173.09766265744318, 174.0400902650814, 174.66574021916625, 155.45367635210067, 159.05663419790713, 144.77886324779453, 174.9266047748235, 179.1559426668168, 179.42733321506057, 123.74806419148473, 161.05087168987308, 138.95899129972182, 138.51754100088903, 169.5970546953949, 181.75007634084773, 163.07302133210396, 165.93398139630858, 158.56887725167365, 161.3613370537579, 170.07757201023523, 167.62043990257493, 145.17352308392557, 171.3359115575118, 163.59992436148582, 161.90594133601675, 141.51551508227658, 151.86279454723078, 143.74264607284005, 164.6390721892244, 163.0892759481962, 167.72136980513878, 149.19419621528326, 168.49370558983492, 156.46381886997855, 160.74968231850536, 160.06670484886706, 162.55485442379322, 129.56697289715373, 165.83594228032683, 150.5960193827391, 127.5717752279541, 159.28918624870593, 162.7056671452586, 151.29817239104105, 173.07254798493102, 163.82680859660755, 145.82752764677844, 149.84241963790518, 163.4745903020937, 152.0811283661144, 159.67718915920605, 142.70225364453555, 160.91842061313483, 127.98652263926508], "fourier_x": [-594.825441350922, 130.7525403356104, 138.97843960382286, 133.13817224222933, 97.58874068290801, 129.54475330906655, 137.26928104227122, 134.76976026641066, 117.37255446148305, 114.1301049464222, 129.1957905369788, 120.30825303756352, 108.88808799183221, 136.92391607424162, 142.04359806336447, 140.39252192440256, 124.67399891629526, 80.39020217983678, 115.36277454246901, 104.18289747600252, 120.45485765429032, 137.96098584051978, 141.9570955595061, 140.59777266775444, 118.82604300588937, 79.38074388211598, 104.00346041731777, 96.74765840610809, 116.56661361535879, 131.6415512516657, 135.26813014450047, 133.72954723309886, 72.9698300260361, 93.21199514845148, 102.02806104472445, 92.35515323106723, 82.57427818609044, 107.04515923648768, 112.02539012974609, 108.50664093265559, 115.68180969786765, 108.92529620689075, 102.39445303055858, 105.04038061093652, 111.25772281598428, 117.97983740760233, 119.62100507364325, 120.29229208835858, 124.56003082448517, 106.23620501633148, 92.49927082565478, 106.09533840225, 121.80014970036824, 133.05111580703567, 135.54400122808786, 134.77858577926622, 120.07453631054355, 95.96262994389348, 117.67393741355352, 107.94028071825264, 118.32611646717247, 136.00914527263134, 139.44486306311012, 137.6868275183951], "fourier_y": [110.82527090316853, 110.55895448017424, 109.7476609058353, 108.35393918950223, 106.31603440562317, 103.56098243449162, 100.07580114540504, 96.2043726127102, 132.4790843212736, 158.02740563910677, 163.89558203269655, 153.1474619554705, 143.02704690881043, 165.31330288018736, 168.48247096198418, 158.17498393427766, 118.86956407899399, 153.14750352400358, 156.78694197653908, 139.52726685514486, 146.09663415318605, 163.436775672057, 165.67568702327924, 156.00548193957636, 129.1448570206762, 144.77474642195713, 153.49057846808273, 151.02830312956718, 135.66801101025567, 128.02587177391794, 135.18269318055542, 116.00408807539516, 128.92187991409085, 162.75385378391627, 168.9545772374079, 161.06686990708891, 127.77760933369252, 162.04196315618472, 166.3596051665044, 154.42189622021849, 117.28717957668368, 143.0330621632039, 147.40626760850952, 135.53961251733637, 127.47772085000719, 148.80998365153053, 152.26902571719583, 143.80964089488583, 134.05191346513828, 157.5574369525737, 164.41360670531654, 159.00859895268889, 133.72269768417212, 150.09085060352913, 155.52225100990108, 140.75833880904398, 88.9785204842147, 162.77315255295736, 169.85305126119457, 164.0440600559269, 128.4969013561526, 154.67488120288345, 161.44747370222592, 149.22035296983577], "src_path": "/Users/hagardolev/Documents/Computer-Science/Third_year/sara_guidance/db_3d_models/db/8/m840/m840.off", "name": "m840"}