{"fourier_z": [138.55115812556633, 160.92137907088826, 130.07779059970085, 157.9025897430153, 152.43378392435173, 119.55977804895642, 172.8159734251679, 152.20876321839395, 144.10386103740223, 161.05603351330288, 137.51766987597105, 164.73572808784405, 145.8382365450914, 109.53706843444255, 170.38475573040384, 149.08405359392677, 153.41565935351628, 159.89165274308215, 142.9362732688239, 168.75422330008638, 142.9054544193243, 118.45459343819994, 166.45332353565706, 146.4977459434491, 160.07266782992403, 159.6105219611585, 148.57589934203932, 170.41639781459958, 147.93461546106175, 137.42724223820238, 164.71253243341548, 145.47580375510432, 163.16830490485987, 159.86511662544774, 154.59684874221412, 169.96786459812876, 151.4492115915471, 147.63018524854155, 165.1601644101945, 147.7997372693428, 163.76268296896376, 159.00385264543442, 160.3041166634971, 167.62223703688727, 152.23138459883492, 153.76450172747943, 164.35366541758597, 151.04606952572158, 164.6542080952948, 156.63691637038528, 164.5300353728822, 163.94721350542108, 150.6776155801589, 157.60652877043825, 161.62102419876186, 153.56534756185658, 167.97323553483426, 153.7983682018766, 166.37331179923098, 160.3476765347849, 145.08666039223152, 160.16286012914424, 159.0203108577627, 156.1120463778019], "fourier_x": [167.48953778429285, 163.85220141345332, 162.21112632347223, 146.47173374912975, 170.59687514368767, 161.54642513766075, 175.34179490314068, 183.93463187776115, 164.22546841833918, 145.916306339314, 172.90448565544793, 172.1546863276296, 178.13644312412296, 174.7190671958691, 176.26466229969057, 164.9578589321908, 155.0328721060387, 159.86840316800175, 175.56430562899234, 176.11279453051566, 153.02613615327755, 164.18614599200296, 184.27521430638075, 171.92242304076626, 166.6914417810745, 170.1292189525424, 158.9086113245023, 165.9841111952868, 174.68166452525307, 170.99237371117212, 158.45163071581536, 147.29393369298157, 161.25050298649552, 153.49189736991835, 169.23366559959842, 179.31167213290297, 159.91691118855312, 147.42429121461026, 169.06220851405914, 177.01642254319623, 152.4334042413574, 175.04384059740832, 173.29612219196363, 132.5461416805052, 141.74074824434382, 144.76630536079475, 159.83994408131883, 162.00996370549188, 175.46221474144434, 163.35004601794054, 166.1541385903969, 170.70188579394903, 163.2246857017497, 167.04962362322618, 170.03050999749007, 156.21585847575727, 170.875298349967, 188.0345239371365, 168.3118484714168, 170.42765546303974, 172.41797715881387, 160.4096119688182, 147.51848968920046, 166.41819090892517], "fourier_y": [179.50501499287145, 157.49788002872612, 140.68648874094902, 160.46847242930653, 147.58965396809717, 171.33001445899913, 167.17681914548086, 153.2158652079881, 175.39367201415303, 143.63533278624817, 141.78776265623983, 158.66233077152964, 157.09513429355948, 170.06532194116429, 160.34869687997247, 152.78137141292459, 167.0253222809443, 149.84415920879604, 132.8834583134143, 155.42181607268307, 162.17486993945454, 157.62486586736392, 169.46158680866762, 168.25995030138597, 174.82309924506072, 163.14515142697599, 105.69638843046852, 140.86583978730656, 163.21069215396312, 154.91082767188462, 174.22136082645608, 167.58208266267513, 181.11647465568862, 165.62533659739185, 141.5251335094711, 138.3511755880252, 160.16003340903956, 167.5178905753379, 171.00389297690097, 153.53709711360668, 179.7814503026761, 158.03564842635294, 150.0338609984772, 154.36596379477226, 152.64539955406403, 168.23865333388346, 163.77850044466751, 147.42928478089388, 170.61339948469612, 140.7765001893276, 148.75220167430143, 155.94017156820757, 140.73460287126173, 156.83873428593128, 165.94572394463069, 164.39932949422035, 164.97493809444606, 159.0839883105434, 139.9859811582386, 145.84114956249172, 126.08675488071327, 119.07916971974907, 167.4385178920097, 168.4306846926395], "src_path": "/Users/hagardolev/Documents/Computer-Science/Third_year/sara_guidance/db_3d_models/db/8/m842/m842.off", "name": "m842"}