{"fourier_z": [-559.9258620819253, 88.23250054636638, 105.90849528511997, 114.15518158643124, 127.04575191491257, 134.292958823843, 135.03518662632476, 128.5026848742905, 121.98521187631606, 124.74366974486195, 125.40823340205107, 110.68858349209145, 117.15342080590955, 115.73613650112604, 134.55089165861332, 132.59769457862657, 122.36508280407838, 142.43111883807364, 126.3083454243056, 129.99080618272845, 129.75624867306345, 104.21878044806357, 109.88794439524281, 140.17183382505377, 132.80181733847712, 135.60952333948208, 139.2724191021233, 144.95257233243206, 103.50656694180614, 123.85482508299029, 142.1055347249072, 129.08412158636483, 121.98322118252551, 122.59013995922366, 144.7794586041598, 141.62897978812265, 146.7944518876971, 133.92527982509785, 132.08393475067265, 142.8609695406177, 117.9760146667754, 139.64068137073747, 120.03268913729828, 119.28264154895334, 151.39948882509367, 133.37813200623128, 133.48043831740907, 142.6923244920769, 72.33713660823955, 133.72127421312015, 121.70046345314424, 131.14228216545575, 121.08632909265273, 137.12018989434858, 147.70613259271363, 122.41165193659256, 121.13326643177453, 140.03461010437496, 123.5832626211893, 127.66180436053159, 133.3048832789141, 129.15036273037074, 112.53093653899018, 145.31053860024355], "fourier_x": [124.6882145143674, 129.75649376730354, 123.46713890942928, 126.40442897645208, 112.1987923621619, 127.99477434907129, 92.01768967646174, 142.89864630148313, 134.64926509095997, 127.92252910624634, 122.19611449425416, 136.50370931557936, 116.81195491529903, 136.8824569164347, 135.41197094716142, 126.12382003018982, 138.7351325831384, 130.4700168144269, 114.61698082007817, 131.59733594026528, 120.28152667125254, 129.61881483181867, 141.13209544689505, 119.13777337361431, 132.37182788243214, 129.37935827690742, 106.06964464518788, 102.31647581250431, 98.16687897267089, 99.72962077766213, 127.08753519305809, 133.41133672551703, 126.60695381815756, 123.49077714119994, 94.70425312290038, 128.488120245787, 116.18255385299798, 131.53742791762562, 130.49473113890048, 125.17678684395834, 136.02526874974612, 119.64828821676849, 115.77973025156254, 134.03047265063756, 126.7137224755188, 133.97487644520092, 145.1028493321773, 118.6088987109329, 136.7652486836373, 116.26376351149517, 127.21013962539858, 124.26286894656863, 119.22218229892951, 116.29675810570468, 143.2235382482884, 134.7369364356288, 126.44253586440527, 111.49416091950422, 127.92175936125597, 110.6489575392049, 88.11275124307906, 120.26104846003683, 118.89220421679545, 133.19403440266365], "fourier_y": [110.82527090316852, 112.88265688519893, 114.97757321675192, 111.19318485737601, 95.83899820868521, 84.75436134730651, 82.65125891967284, 103.79859572631128, 132.74596102661502, 140.85539138237323, 129.1090243513589, 130.42724143210916, 96.83227007336475, 110.33810894315636, 132.98450669593447, 132.00031968536624, 113.39325997499608, 122.55551521580853, 115.92592991301088, 117.12298666153957, 104.40566579079837, 113.50679719302933, 122.04499644444957, 117.58525293540421, 133.70282839503068, 139.29979161309694, 127.23251494184085, 128.896132176962, 44.973264534639185, 97.42780140639826, 124.11944570922536, 126.53277218043854, 120.96972116357911, 132.73703286996695, 113.78876199881941, 122.33777149449901, 106.1594303403347, 113.82242655325248, 126.13680743168926, 120.80460530215952, 132.93370173039384, 135.29292926419498, 127.1144472510951, 126.75426190493823, 88.93906112614195, 104.02167934588107, 117.86381312908192, 126.26219811811866, 131.4535131757592, 139.3494486403384, 123.60503460158509, 125.9123394391149, 110.84537200742766, 114.35789371566422, 132.0303938947796, 128.43274417270555, 128.22158499263102, 124.40817082257803, 120.86382946286739, 121.61032373432066, 111.60204293039405, 122.69852421971164, 73.48716427009808, 117.47651182071101], "src_path": "/Users/hagardolev/Documents/Computer-Science/Third_year/sara_guidance/db_3d_models/db/8/m848/m848.off", "name": "m848"}