{"fourier_z": [152.41410173676525, 178.1719548110142, 159.28408625373362, 175.73093953973483, 175.5247250909443, 160.04881767164605, 153.7539631483814, 180.8908061292825, 178.00052368960286, 159.62478821143816, 156.8933957975092, 187.90001619629078, 170.29679505613302, 171.95425139444993, 155.61294543577895, 151.10008646894704, 164.83543025804192, 169.91329293789153, 162.72026645570887, 176.61643406501767, 163.84534869916524, 144.4781458552347, 181.53698493929022, 179.7677626980838, 181.76847909108363, 171.91262084854517, 154.5150502073166, 140.4486417802408, 159.35193890035174, 178.0432645296379, 150.9710749972477, 138.02926891306842, 169.17895830772574, 151.22280696431216, 162.3015080906433, 184.36487236716172, 167.21061463214568, 187.72942380256228, 158.66504651542354, 179.96297172527974, 169.8070213316298, 167.0930611113817, 183.8904065835161, 174.64436403581632, 125.69739460207916, 103.41675675783532, 168.0948078444291, 172.60934980463912, 187.6701092406576, 180.77928972062242, 174.83293933543703, 180.6354740890834, 158.03219631401865, 183.81706970285165, 167.40098723060464, 170.12618480895813, 140.7400243881249, 181.76201766872495, 179.77655363642296, 178.49455179504776, 174.7929911196994, 169.66747338124404, 154.08105102823586, 175.55497726469181], "fourier_x": [188.66167686538105, 186.0173208108016, 177.28768421311545, 160.171745715817, 156.27779634770505, 154.9049021104558, 149.080699984699, 177.88089428735037, 158.04248813597286, 180.02622160152, 185.27644598763658, 183.3882213883119, 179.49512962166548, 182.32902071186828, 188.40594073825787, 190.20631900148044, 183.94245542960329, 178.1935347859846, 168.00867749413197, 162.42987197747553, 167.62935021475644, 177.90067067892974, 180.8099113198275, 173.64014425550488, 144.62492601842567, 176.00415789381057, 181.78390472941538, 181.26160965432052, 182.04890690101632, 185.103450557008, 184.54110588111232, 178.20306308765208, 180.8315119544916, 181.66240431901255, 181.5546732247335, 183.52209584409104, 187.55933477736463, 187.83593289214076, 181.82533536371452, 174.50420002057086, 166.40832254694476, 155.24626755991642, 135.3753185815029, 165.04680396419172, 171.91445919251493, 162.6529198764355, 137.55625023306027, 136.70799239777838, 166.86486093611018, 166.1216000868829, 171.90839634850755, 174.7738417905265, 172.62849391912317, 174.88551126231715, 179.50041810176424, 181.85911102885092, 177.0595335718119, 169.91222893968296, 160.07425391324045, 170.2545867394659, 177.89957045279166, 180.83838536775275, 180.59057510481156, 172.84856345052518], "fourier_y": [179.50501499287145, 174.19767270514137, 173.94544815324366, 179.65593631982324, 171.7363338921977, 167.37388039497495, 173.29255712222616, 155.98222840183783, 143.30675030630354, 166.91975343383604, 155.9688241631998, 156.75033014825235, 167.14164506175575, 161.7120973844607, 160.56243834721354, 171.5637850801687, 157.64408575500772, 173.94794077531444, 170.58393372055968, 163.36272727373967, 173.29223885228447, 170.03920829373254, 163.17967775780122, 161.50083394446904, 165.69159807799846, 176.05386806810853, 178.3646791147719, 175.00107501275045, 175.5331607599099, 170.81783873172162, 151.71695243979127, 137.83666351254286, 160.76497077818425, 153.49047240503052, 142.35922644317142, 140.65720246953066, 157.9373755683642, 167.60519859282653, 169.05528740742128, 159.05413875635494, 147.47462178933802, 144.95903000769937, 148.72323250978923, 145.4216021261527, 151.13039373335542, 154.58771440016744, 152.75522666831216, 171.67026562460083, 174.76789034749387, 174.05017964903448, 174.8460729116245, 176.17129114023228, 175.8426380854359, 173.5193142077706, 157.82818757323662, 148.33328624853317, 174.97206141662335, 176.47162318285189, 173.2311057516738, 172.6851336498666, 165.66879870806773, 144.16454155375146, 161.25738960164173, 174.6002045252972], "src_path": "/Users/hagardolev/Documents/Computer-Science/Third_year/sara_guidance/db_3d_models/db/0/m85/m85.off", "name": "m85"}