{"fourier_z": [-570.2665997572307, 131.84525507436595, 137.04328885691973, 126.9469333049596, 80.50822099738608, 120.32162670416065, 123.71996114089171, 121.99931696280359, 48.69542449405888, 131.88465615410428, 137.06027348468842, 127.59825906195582, 119.9325272334608, 125.39679482991582, 124.80520555714791, 130.0621646424803, 83.08872292590621, 131.81539289171275, 134.54059014164199, 126.45635702944634, 130.17946610306157, 129.09078379231875, 126.21601624225445, 138.331577907695, 90.7407132384135, 127.19947291182167, 134.05301818858692, 130.70619843838347, 134.03792028155866, 132.95654420969038, 130.76318853502485, 141.69294621498088, 69.80834046921602, 119.89890075642626, 124.32150180998505, 129.46960165842557, 133.74682355789338, 126.29419724194618, 132.11705680773778, 143.54258835716908, 89.99171963806803, 103.75210322512247, 119.03870866459596, 130.30112961527723, 129.4327519107265, 105.83575584783406, 133.7062170245029, 142.43473672313462, 88.59763126398113, 119.21756056394452, 131.48807352359134, 131.8736039031349, 119.33530981696268, 112.77726799454652, 135.24550849654258, 137.97217324980608, 105.1750723306057, 134.2718604383725, 138.5009199786938, 131.08981527164352, 97.23579414656753, 128.97679221822233, 136.07151931527926, 129.4684288101553], "fourier_x": [124.68821451436742, 125.39487677116728, 128.46352862225334, 123.88434212703987, 125.01112848581506, 122.70482212326266, 120.54041985774535, 128.15389851296382, 124.5695988606007, 130.90694491675907, 136.15327693841226, 135.27079190629445, 136.09010109081592, 132.57874602804745, 121.7737938227411, 116.06385400841424, 123.40852242342538, 127.79222439486335, 132.57228544250322, 133.412598405943, 135.68739022730324, 135.57744736159773, 133.50864514644434, 131.7341455282942, 120.4967183843736, 119.62994226594685, 117.72512136858958, 115.73585114453338, 116.66734184233897, 123.09024363379878, 129.64838904421003, 134.0421290305723, 117.54965960176337, 125.76477348659189, 130.60785847970348, 129.21417567633907, 126.16992031548483, 115.84563172466872, 97.79894326006001, 122.38720313808061, 116.17939584509526, 130.7884451258966, 139.2311761092539, 140.31229581982666, 141.97371446501285, 139.51975116514166, 131.2931243711883, 109.75104541808716, 112.70522082497192, 126.5519484264178, 137.17160246247514, 139.32125932629256, 143.4248131043817, 143.59878517118045, 139.79149715260448, 129.37097852514285, 104.79769283183316, 112.34417245643853, 123.43313774989026, 125.87450003759116, 133.00922930847025, 135.86444867812781, 135.2197415571965, 129.43704343739708], "fourier_y": [-592.4642382095963, 87.74374161194913, 77.8790927873566, 95.27843086114713, 115.97668320917913, 122.01964651730663, 118.00566315976495, 90.55591756031384, -597.1503085562518, 112.1654720276563, 122.89911525736315, 126.95008130593524, 128.9617919187371, 129.64844117780328, 127.92121559795794, 124.40691798262867, -609.1053305400078, 118.41325602627356, 128.99182606854944, 131.63337560584714, 130.0957115239805, 126.96582540971508, 125.33804613779603, 126.05563574268805, -596.60754735848, 112.89157095220074, 122.13170174653663, 122.27233633651295, 116.4530243010035, 105.8087115571375, 94.84764116262986, 107.27121823904652, -590.8631069657737, 90.77512796140142, 99.7879772430814, 116.4035304696832, 129.0384229811882, 134.9535193641625, 135.34986416148388, 131.02354231854787, -597.0563132091759, 90.42135901103785, 103.68497203066552, 120.40392243218619, 132.5043951514586, 138.8866902973806, 140.56237122766936, 138.16138462165338, -628.2386726762013, 110.21403136205068, 118.79287607436795, 117.24292950539656, 113.01160648336945, 121.74969178708733, 129.79788115687165, 132.41495771544928, -601.0725864166135, 117.44941046424854, 127.91034614089271, 130.43064634333282, 129.09091124350684, 127.37954840705511, 127.97829122919384, 128.6617174350743], "src_path": "/Users/hagardolev/Documents/Computer-Science/Third_year/sara_guidance/db_3d_models/db/8/m851/m851.off", "name": "m851"}