{"fourier_z": [-582.0885898049944, 120.92992862834747, 132.9042495069259, 137.68968284064775, 138.33419413393847, 135.1273672543734, 126.40596891577162, 100.56133668859235, 106.01821824421279, 129.23960523654583, 137.89782754829113, 141.12013750419013, 140.34585153691916, 135.04881545600506, 121.77583774837579, 112.72602155060301, 110.25601967676903, 143.2158761715414, 155.66283052061894, 160.85378919304375, 162.04652827070993, 159.79293378155458, 153.24957567956378, 137.87895879995747, 93.21983618228892, 126.7117004073167, 137.03206961883018, 141.29711170853395, 141.7479246782853, 138.57908828302465, 130.58338592982955, 115.3516146149968, 95.30169667069849, 143.78556925360607, 155.46410496140464, 160.19938461717257, 160.8914219306615, 157.85366560605578, 149.63927754158254, 127.56907693594825, 110.50734537620656, 98.96452316883092, 123.73576040432324, 131.92872843051825, 134.8995936341126, 134.58034808990476, 131.5988362885528, 126.79453016892957, 105.24158236291383, 126.2096464257377, 134.3875376831313, 137.56107407771282, 137.04930999541065, 132.71812429386148, 124.0347074465158, 120.53908338938383, 51.085592406825626, 123.10718370298817, 134.85256577749172, 139.59182413405856, 140.310689830886, 137.37360876607858, 129.4664200988348, 108.8446316907816], "fourier_x": [-566.6293447378766, 42.16631939654103, 57.07607023510743, 61.166607152121955, 85.15007454946428, 90.68276310946474, 78.38808439146939, 89.85094638094591, 138.36742999768916, 137.1461382585055, 133.23171106242648, 125.30980231713389, 108.8484627707271, 92.5111468247992, 122.5760684269508, 131.17954442322235, 114.59045262359868, 113.85496498891055, 110.77915321150232, 103.1553990220637, 71.6623012807768, 95.16837602223873, 95.28558158495773, 113.36481791594733, 136.74356127243794, 135.4422562882414, 131.35564184962493, 123.43418530135835, 109.43777641365111, 78.82708229359491, 121.90457118602174, 128.33262555642048, 128.28997535272447, 127.21573002551354, 123.57571399460348, 115.63260622149043, 93.43443893392637, 95.56259320685014, 111.16895539902237, 123.36261553043614, 132.62540900076354, 131.26266149214632, 127.00547837289625, 119.17988283738438, 106.85122379784534, 54.210536339016045, 118.81784709585119, 122.92823575353947, 135.6016885370423, 134.40905366766455, 130.49887085259041, 122.56475095128857, 104.06977854916582, 94.30912160309748, 120.11795307689931, 128.9201060322435, 123.60827669782265, 122.17107452031046, 117.73401183458994, 110.04692667047885, 99.85258843904083, 58.323878380484274, 110.69048238292132, 112.2859991502711], "fourier_y": [132.7975166765307, 132.74125988730043, 132.61181049577516, 132.46583313468167, 132.26562217801697, 131.86375889399278, 131.13292317083258, 130.14954104846242, 132.77085567492824, 135.20379757922075, 135.12609760774185, 132.53458776292797, 126.7003602118781, 115.01719976045263, 91.34040791860977, 113.14303898917876, 132.69098003220284, 127.01798279738554, 115.65343980762405, 93.61195244090257, 113.68650370393206, 125.81008036444901, 131.78536774332525, 134.5126843133051, 132.55821944811123, 134.68815314749097, 135.6305182794422, 135.27779327899003, 133.61983317973372, 130.7307442833423, 127.09985694316295, 124.4744750178974, 132.37314907080093, 134.34730302380044, 133.96580402804096, 131.1215968752288, 125.15826283818923, 114.93871938934444, 109.11110930378085, 119.84172094882764, 132.13662889286957, 127.38331390224815, 119.30742377343185, 111.2884366742476, 117.39454232981588, 125.89773304924188, 131.07871066406437, 133.59709738708221, 131.84986066306556, 135.6179420908609, 137.20214923935646, 136.78266032186352, 134.29882778543282, 129.3960239676289, 121.66580599520806, 114.94909580033692, 131.5144638302246, 132.5424376999418, 131.54825370081085, 128.31679379236778, 122.58411097529955, 116.15111310414915, 117.72314083577481, 124.79371610252014], "src_path": "/Users/hagardolev/Documents/Computer-Science/Third_year/sara_guidance/db_3d_models/db/8/m856/m856.off", "name": "m856"}