{"fourier_z": [143.01402915185054, 143.16041791127134, 143.55965860924874, 144.11821535201364, 144.73920751796393, 145.35488175891462, 145.9384692319036, 146.51709301202834, 142.99229436238835, 140.6451932491861, 150.6904855461682, 127.75112585875034, 154.57653526666786, 142.41414108838367, 149.73131142645533, 148.1051644095042, 142.92701944016562, 140.63014318881335, 146.13955809087398, 145.85644784874825, 140.41225800936354, 152.10625744842469, 136.8549842679985, 151.75871431962307, 142.81799172225, 140.52552317941684, 147.57578542874745, 134.96452769314047, 149.87590816687455, 143.12502757307527, 145.5769567019835, 148.61263929495962, 142.6648534022058, 139.05439880431192, 146.6969676474452, 148.8957161716264, 138.3753232832618, 154.89087860395773, 130.45573321167925, 153.53683050834744, 142.4670963707701, 141.185132920517, 141.8580557095494, 144.53557136163428, 142.86870416348546, 145.6643788783307, 147.57356947154136, 146.15723803372344, 142.22405477318202, 137.80659232789404, 146.6368743753439, 148.4251780056734, 138.1217725254861, 155.00310964768008, 131.64759213448926, 149.03515090977788, 141.93489505001222, 144.417779228639, 135.67204155162398, 148.08314355038993, 144.5221153868901, 146.0184263920422, 150.11841088235042, 139.4076796842001], "fourier_x": [152.41410173676525, 148.46328860727778, 134.65887545869765, 104.75214284834237, 101.36993243183517, 109.57019112187709, 132.2629520964494, 134.44872562131937, 141.840580905749, 140.23534410836018, 132.73852778869724, 113.06178634094192, 112.54188391831778, 119.13428995376336, 105.17111192492149, 124.97135182875815, 93.6160564675138, 133.08179514514617, 140.11850150340018, 134.9408800342528, 122.3137412518527, 123.51004237592085, 126.33462021091785, 138.92632353219273, 96.40627188863161, 127.26079668657563, 135.8879998536317, 134.70507161327552, 126.95642500204288, 116.61389510895111, 116.40819191063498, 121.87243090535716, 133.70669188721342, 128.60286183451942, 111.80235576180793, 76.88159298850185, 104.30333428623983, 117.54812612495492, 127.29333849822326, 130.627743123918, 133.1618455895053, 134.20594558966226, 133.7943731815025, 128.58201004889656, 118.39201577521492, 114.19226036073863, 122.6084151222618, 130.93446490657576, 128.89984385900738, 122.39910616655935, 116.07718221137685, 121.18260604536046, 119.44025456834581, 115.71323687952199, 122.73255151450554, 117.52669080596165, 148.7443662268706, 144.9751274779063, 131.31372349382926, 91.59972446525668, 87.81863036638008, 109.08463596924463, 130.24738759121965, 134.36717607416116], "fourier_y": [-598.1829689293354, 107.61153127660778, 119.47424577196541, 124.04979583603293, 124.33078456666452, 120.44950740436059, 110.08176761149974, 69.32919091810624, 108.65155489041865, 123.8686981473517, 131.58290737825337, 141.69377734515993, 138.45761631483606, 142.19560907954315, 137.7280386683792, 124.94330138202236, 121.99369677916017, 133.9222456936161, 131.93015367085962, 148.10753057154923, 141.08977052217932, 147.57664478052985, 142.62337841147772, 129.9412521562855, 129.22280860280785, 136.23139074963666, 104.60309053381401, 143.86635087390243, 125.65054361518365, 139.27988676633188, 130.73429642731483, 118.15711989719699, 133.71724945423222, 136.91174696323876, 133.12197766274298, 132.23376040791874, 139.89958754158877, 94.90628292915032, 132.78181724045953, 109.77736349767898, 136.51142458898408, 137.67167185039742, 145.84607746653288, 129.75875177375153, 151.62333386990593, 131.9431642813714, 145.40292324342727, 125.93378346010631, 138.03437067902416, 136.636583841446, 147.70052535711196, 121.33363568466052, 151.61813336592058, 130.97775953301408, 143.5573621581425, 122.07326324493187, 138.47210125393528, 135.02444617241423, 143.33464776584185, 121.1547624918549, 140.806364732325, 124.8534089589154, 123.56728789397708, 105.44888211246798], "src_path": "/Users/hagardolev/Documents/Computer-Science/Third_year/sara_guidance/db_3d_models/db/8/m857/m857.off", "name": "m857"}