{"fourier_z": [-1298.6288596244272, -623.2262162857864, -601.8602167305886, -607.7380833796097, -593.8751397684108, -593.8751397684108, -609.9695188927519, -575.3121598647546, -615.5031953889787, 114.81965514451417, 130.03159872864194, 135.29275835956508, 135.69490017387255, 139.06999996653252, 136.45954537687726, 136.7274672583094, -616.7761382181432, 92.35531418413338, 110.23670402877805, 114.48677666439691, 111.63502304846658, 118.31627103813241, 114.40657015439095, 118.81915150336636, -624.0856106898641, 112.60310197578045, 125.51300521551987, 131.70599086519545, 134.59057883422244, 135.4114792126703, 133.86545717478384, 130.08944656405302, -617.0505507903273, 105.396250584051, 117.33759834109276, 123.91850688728843, 127.73806317538138, 127.52168467621765, 126.34847004812094, 120.59776078116184, -603.4233430191795, 106.70798473595465, 123.81702375341418, 128.3856509420715, 126.60436755329562, 132.30508254093718, 128.90287192088488, 132.18111712158685, -601.9175622952428, 110.10560076808832, 127.20618128846162, 131.7645238290974, 129.96105509379535, 135.64357171057952, 132.1969623024999, 135.45709025757287, -611.7540848242028, 100.56545718374439, 110.63564327506724, 118.03621139932211, 123.62022219399714, 121.55456408606085, 121.20010021396553, 111.36721106480974], "fourier_x": [138.55115812556633, 137.5179077631548, 132.94306748720825, 127.03300875034365, 103.46482331943838, 93.6048539042266, 121.5960928388159, 133.6220136913555, 135.16529249684723, 134.13356798121217, 129.54432291157605, 123.65901608401887, 99.96308854046562, 90.25238243968278, 118.22003636217727, 130.27304605855787, 121.46815767589857, 120.44514858584584, 115.77320477896181, 110.02948337836956, 85.58806882749076, 76.74790056521611, 104.57966891519233, 116.786224327667, 97.00135812169106, 95.91050742911052, 91.87683032697822, 85.03216769848386, 65.89168085667195, 50.699412857283946, 79.65861460619851, 90.61430713292013, 129.51947647495533, 128.47438686960973, 124.0131055862608, 117.90985291537811, 95.33152399014041, 84.28595719222187, 112.48094927510263, 124.29460286409956, 137.508017906393, 136.47062151392555, 131.9373412533774, 125.9585767240379, 102.7592430526663, 92.4402627385838, 120.51787355857876, 132.469959500291, 137.85583658075413, 136.82601095146623, 132.2218443600742, 126.36554410721551, 102.5412533635584, 92.94757510606239, 120.9125532970849, 132.99935604187826, 130.8937240599974, 129.87811668023173, 125.13952402814502, 119.51383077480341, 94.46275242346053, 86.29000151618803, 114.04051010010753, 126.37628927065755], "fourier_y": [-1301.9042070163684, -609.9695188927519, -593.8751397684108, -587.7232833775086, -609.9695188927519, -591.6437042552687, -605.5066478664677, -587.3910269012254, -664.6059488965687, 89.11504275235443, 103.63754361770596, 109.17821530869458, 110.36472427101728, 112.95580907007775, 110.68992085142973, 109.81436093355386, -653.1973358780315, 102.19616624778675, 116.73081928143145, 122.26611244111625, 123.43822676599609, 126.04248499281212, 123.769265006172, 122.91329349228276, -649.7146663053488, 108.97438119012472, 123.530243198025, 129.05615049512764, 130.2031133525725, 132.8303817239952, 130.54434730832645, 129.7225456303317, -652.1558571655773, 112.80078099916727, 127.38859090004692, 132.90036323398286, 134.00937117197643, 136.67134639725572, 134.3659663481043, 133.5955956811434, -665.1477766465451, 114.66308332154809, 129.29656852364997, 134.7881406436096, 135.8427446650447, 138.55443733904428, 136.22131423554984, 135.52439411930945, -676.6571619623724, 114.91070653706332, 129.60897085392384, 135.07191422753468, 136.04908176833914, 138.83148922323164, 136.45885949067306, 135.86596315441096, -645.5721425584005, 113.58746584978479, 128.37996641029727, 133.80131427012395, 134.66526429453285, 137.55098276343654, 135.12057636557344, 134.6787297527952], "src_path": "/Users/hagardolev/Documents/Computer-Science/Third_year/sara_guidance/db_3d_models/db/8/m858/m858.off", "name": "m858"}