{"fourier_z": [110.82527090316856, 129.49691803415445, 149.27087359454478, 160.65667104842782, 166.47888432406427, 168.2247651668522, 167.07924210542598, 165.47847528800423, 175.67224356481717, 174.8134074405846, 170.97224584591737, 163.7392505754542, 155.50563315785004, 156.8914999898703, 162.08042640351312, 164.3988946093793, 173.0477210591947, 175.78323337423942, 176.27170179825694, 174.59190813642056, 171.49546230223928, 168.26383765242852, 165.26790785642987, 160.845492113508, 176.13051293181326, 169.63657091103067, 162.57867533895617, 156.58687530539873, 150.15395882293157, 138.9054859113524, 128.76612515097554, 144.52993541185523, 169.84314760607288, 169.8822408658901, 167.359964299302, 161.0647339858647, 147.05304652206837, 132.96875121731185, 154.01859233045653, 162.20042526766764, 172.14422298456654, 167.7380273802654, 165.9308804502828, 167.00269853576384, 166.35277299709006, 161.017655356413, 146.51964454658412, 129.84965432924957, 160.52086507764156, 159.4474882699617, 161.7217666237823, 167.12966246775554, 170.71240335674372, 170.7927854472865, 166.66085342477035, 156.89182770339397, 155.5470216585224, 166.49350090506806, 174.0151008927652, 178.11647085179897, 178.76614769264074, 175.37599223317432, 165.64914373276164, 138.41168905452233], "fourier_x": [174.38634751012742, 159.38236540971113, 171.43614461253873, 172.23423660573718, 162.37236866950207, 175.400893021108, 177.5016532547362, 153.5156073079213, 170.81715917257895, 182.17602408625885, 175.56752174271057, 171.49803400055168, 165.3665707300092, 171.55452771001092, 178.06436363455788, 172.81059684175122, 177.16196860929188, 168.24276484148527, 179.26198080746045, 173.40106990750343, 165.00663786922715, 171.65454175120783, 176.57784410364624, 165.87824833776523, 177.1951673274589, 169.5774109179807, 173.88804280191624, 177.84796445830747, 173.31879290389594, 159.31757606746189, 179.9138207345839, 171.64444392688299, 167.04273354967103, 172.10063987004645, 174.1615734041284, 174.04067263045349, 173.25458327907455, 150.59333880186753, 173.9539943814741, 179.72835431216637, 180.0547248390488, 156.8106290260938, 163.93070809528092, 171.03797286408505, 175.0299129158704, 169.13699795366082, 167.48724462754782, 174.18703367966717, 175.21127012575505, 168.56621005168455, 157.84939726162372, 173.4300877779085, 179.31514501452278, 171.02075520326213, 175.39651426691546, 177.9108494137586, 172.9784569112204, 174.5204361749904, 163.2102487390763, 164.873226124933, 177.08856058353126, 179.7246591560086, 156.3114009601186, 177.50753786742285], "fourier_y": [162.12425805239923, 161.49666410208158, 159.6424046928091, 156.68650241258925, 152.9721519500522, 149.17160266862976, 145.9639106579722, 143.17362194159742, 156.33182821186898, 159.91366760494657, 161.19587501360917, 160.9108257752899, 159.57201314539384, 157.6826429956322, 155.8063264252004, 154.4838242812796, 152.50962422619062, 156.784611760364, 158.203071424532, 157.30244675956223, 154.19073993035573, 148.60896436366818, 140.37820386006513, 134.85864045269312, 152.3552190607018, 152.8086935684394, 152.35377461705676, 150.4011798973554, 146.33345700711521, 140.0040498168555, 137.1872486907995, 145.0534924916001, 156.34865122248254, 155.01122578611947, 153.4114842975161, 152.12612462949198, 151.55103297517442, 151.58399184721856, 151.83281609354412, 152.02993516069557, 150.0152190975458, 147.64744977538115, 142.71295902569221, 134.76677609163528, 131.2195850458049, 140.0980252238584, 148.11091024886065, 153.0325517259285, 151.99014210047616, 149.84346170006395, 146.03519950841005, 138.71074731703834, 122.22747580916148, 112.05525057279726, 136.2226793820457, 145.9604706754811, 162.3497209309134, 163.22585171518347, 162.8080017646672, 161.11233037794622, 158.28699106006104, 154.83749511129312, 152.0116659253572, 151.26252043697022], "src_path": "/Users/hagardolev/Documents/Computer-Science/Third_year/sara_guidance/db_3d_models/db/0/m86/m86.off", "name": "m86"}