{"fourier_z": [-593.7509145684253, 72.72324666675533, 70.45759535041532, 103.7335330727595, 95.44681105682827, 83.60114551391001, 104.97188742075352, 120.37336203655525, -580.7904973372941, 82.3017702608399, 93.74044248726526, 105.58173419768744, 85.37323916137133, 93.15450149213099, 110.14264605853057, 125.53527364463102, -590.9558513552035, 88.66386573107013, 96.24994296027617, 108.96202159577638, 82.3541579851586, 101.6743758097829, 117.08016001265639, 128.67373965491316, -587.4114678030612, 97.20518659525692, 107.48266494449345, 103.11323062195973, 108.47850356474625, 99.93455170712649, 120.04424611987997, 129.35085189963755, -586.3920049162936, 88.26128809192642, 96.67855388693128, 78.98274884887016, 107.31443738244819, 106.90058281615016, 119.35828468126738, 127.4862378544742, -607.3439657230285, 84.15006223286105, 96.64165763384212, 106.6408826872089, 111.45414704254657, 114.45477216257515, 117.03444673645505, 121.54342052163926, -578.2420764595508, 71.33217947058453, 90.85208314090303, 115.06425277212166, 93.97629317934019, 99.84812984482991, 112.85602242969506, 117.24713670347111, -586.558330802904, 105.79090558979283, 115.09034479378795, 108.68772580846706, 120.06445818629493, 112.65881116152431, 112.80076468051311, 102.37316060827935], "fourier_x": [110.82527090316853, 110.82527090316856, 110.82527090316852, 110.82527090316852, 110.82527090316853, 110.82527090316852, 110.82527090316852, 110.82527090316853, 133.55818582678123, 134.18923481822176, 130.84139767516277, 123.41520947206014, 115.9495558924172, 122.26317634536781, 126.70844394598973, 127.04507734548635, 144.59475149021455, 143.8645259270324, 138.96743128254624, 129.14072204790426, 121.23878527003974, 130.86623924355217, 134.78711099577873, 133.63941863599575, 148.89650788959852, 147.50618790301945, 141.81801741546656, 130.9016346859911, 124.67546175895409, 134.93551610347436, 138.03325026954886, 135.543618043974, 148.94692059389678, 147.07240337175125, 140.8379916272547, 129.6488387416281, 126.19864226534831, 135.63821989041554, 137.7517626713679, 133.72243350555013, 144.82756221945195, 142.4973319892099, 135.95409294972848, 125.98305060336054, 125.84345817907734, 133.17435677017482, 134.01207593038944, 128.05215121747008, 134.37699660731045, 131.8488721707356, 126.58333161560647, 121.89269000330074, 123.44554197243569, 126.84962950902245, 126.13902016465984, 119.90773183703355, 108.30424640911616, 117.61291575747197, 121.83083837999881, 121.88183509239386, 118.67085958428368, 115.14860944300464, 117.1182943539268, 121.7060275895355], "fourier_y": [-1275.3908122302994, -599.3784681313072, -607.1318371614454, -574.8867671731571, -612.0459125405343, -595.5003290633887, -577.1980715628301, -573.5280832900264, -596.9247074227497, 99.55410252778967, 113.23920010995379, 121.87317204861544, 121.10715163461683, 121.97581027566314, 120.87401364597567, 103.3920394414835, -585.3684210254046, 111.18640198847996, 124.87327734271665, 133.51687467666176, 132.76835418080316, 133.6579894025626, 132.56598199488806, 115.06932762720957, -581.3075085120868, 115.31937125603713, 129.00900755993123, 137.66440816169944, 136.94819770016625, 137.87044302228077, 136.79926329191477, 119.37200452191274, -581.995124126821, 114.78920633876947, 128.48156712000593, 137.14911219314953, 136.50270809875173, 137.4808592331185, 136.45088006423305, 119.2927724598743, -588.1075121046887, 109.23238725236462, 122.92389357888553, 131.59736232231114, 131.13457240749793, 132.2301341278564, 131.2926296789821, 114.99352365426604, -607.0454963971009, 93.61730630445982, 107.28465880271375, 115.93253325390504, 116.23625513788126, 117.74957932531336, 117.13813298133944, 104.44626462325812, -607.1383031877176, 77.78465007161064, 91.82482663606316, 101.4651085207843, 95.96802887577375, 94.8482742893927, 91.42995845369433, 79.6894037618738], "src_path": "/Users/hagardolev/Documents/Computer-Science/Third_year/sara_guidance/db_3d_models/db/8/m861/m861.off", "name": "m861"}