{"fourier_z": [-589.1751034759535, -595.5003290633887, -592.7137073978095, -581.6373854521897, -609.3632726745875, -590.159504204086, -594.9287449249891, -577.1745144259055, 115.81978211396931, 84.47441738024375, 115.45919396060006, 97.687405302856, 114.23993913438335, 105.1525538503072, 112.06159538368848, 110.04173609435725, 128.59094000290776, 59.39772831669938, 128.1309266446523, 97.56298376298778, 126.79821331090668, 109.94786151721213, 124.47402592282961, 116.84316158740579, 134.82470482836263, 84.24698132040322, 134.39645123647384, 108.98850607980363, 133.09807149970354, 119.19562144466782, 130.81578802575947, 125.27866912145358, 137.8212457880797, 71.06052322423028, 137.34601554985755, 104.38300737485181, 135.99174491913712, 117.89655342028203, 133.63512575877115, 125.17494409338897, 138.47214928408442, 111.3202675351589, 138.12419519905922, 122.44647724942682, 136.9101294551636, 129.2893441007975, 134.72710860078956, 133.89930147823037, 136.9366936969924, 98.03660984415782, 136.5287333071638, 115.01675763048475, 135.24145580439014, 123.78695788055153, 132.9592408015176, 129.29599747092956, 132.83308902547012, 101.41490683714463, 132.2658161432918, 89.40911846550816, 130.78735149814472, 103.67508467360636, 128.249252626005, 113.64019182730237], "fourier_x": [-1280.870463937454, -637.6954061151497, -598.1829689293354, -619.3695914776665, -609.9305324885953, -607.7380833796097, 254.56486595325367, -583.2280323984866, -593.1707136854731, 103.29633500032233, 116.39071639161594, 122.23117836279704, 125.71911130330795, 124.0560812516716, 122.78844119046431, 122.42860607170411, -581.5991946942936, 113.94819186039909, 127.07119646853955, 132.91829680312128, 136.42335259882236, 134.74124401322743, 133.46265892423438, 133.1008444758148, -577.9695881716505, 116.13865395621386, 129.30793803477195, 135.16158362607698, 138.69973788654502, 136.97078548561396, 135.68135934017738, 135.35689203492595, -579.5908652080228, 111.83493277126153, 125.10109378513266, 130.9664171575496, 134.57947630455425, 132.7506773017021, 131.4530300453238, 131.235598916069, -587.4011296692177, 96.40507121847905, 110.05002051494243, 115.95773691666047, 119.86013099275915, 117.71774879892612, 116.43934014808225, 116.60100889322271, -611.1409499798704, 80.95514930855043, 92.9123282283031, 98.23327673636028, 100.44084847933081, 100.03389744295569, 98.42066632381946, 96.09342167357539, -603.7303007000637, 108.04598685019084, 120.79854091354532, 126.49668509649868, 129.6288561422356, 128.09511688319859, 126.59696272632911, 125.87200243273483], "fourier_y": [110.82527090316852, 117.00122244806468, 124.81682561854812, 129.77240545393067, 132.27049288541158, 132.69210204203264, 131.10173212882646, 127.25269960950443, 111.17773457148472, 120.19623369306954, 125.12130675143352, 127.3950529726473, 127.36661298153254, 124.81874001268247, 118.74364424316317, 105.36376670668199, 112.08838818936842, 102.5734253899825, 93.08076001163379, 101.24117309552689, 110.68201042488631, 116.5823852043186, 120.06141948107198, 121.72395590566326, 113.22836438797728, 112.73768838986457, 120.10993259715141, 126.16677554439833, 129.8309485020361, 131.48691866972845, 131.32865900154025, 129.2637656939451, 114.27474251870606, 122.49096987830244, 127.39110394011966, 129.78924582188435, 130.08639942798462, 128.2843535762364, 123.95986426298991, 115.93437161248443, 114.99854958552186, 114.82807501779413, 114.02643997481702, 112.58269476802766, 110.85904889887998, 109.96837174986474, 111.13095410502602, 113.82606233735828, 115.25863769116742, 101.16865762419533, 107.73920150605207, 119.9568069277128, 126.82246570798713, 130.43079633469551, 131.6577908284808, 130.70305921745512, 114.96841571812796, 119.77508535508397, 125.83548961076218, 130.13763978546294, 132.42602133595642, 132.73984686732774, 130.93521947393495, 126.51927786013584], "src_path": "/Users/hagardolev/Documents/Computer-Science/Third_year/sara_guidance/db_3d_models/db/8/m863/m863.off", "name": "m863"}