{"fourier_z": [-1288.647509623334, -568.2256461937955, -614.6695551852092, -568.3806880591551, -603.0380470871524, -609.9695188927519, -586.6967418369077, -582.0885898049944, -621.8728707336807, 70.39123659387889, 66.3746901055118, 72.13757944682298, 80.03314295860109, 75.42835129163979, 87.79958816239582, 79.74789894188935, -611.8121662067177, 59.50028721713548, 81.47700288813452, 65.61673483156639, 95.12662471712605, 74.99107368320392, 102.87818601160127, 84.20342425873008, -604.2223089394341, 65.25157393146965, 87.55275763231893, 72.59763039629979, 101.20353091479987, 82.22723990287065, 108.95702941463917, 91.21937245934961, -617.4165914190112, 94.48134663454567, 94.77039036636585, 91.74679399877499, 108.40617533258323, 86.06857765658125, 116.1344020734839, 82.22589827905128, -600.8746913740817, 96.31997401151658, 89.88738596977365, 97.43561063667995, 103.54411378619494, 99.8283458438695, 111.30765974121437, 103.41310784399958, -599.2215717370752, 98.19742446335604, 95.3095536022906, 95.63236576959746, 108.94300514713717, 89.8020381522226, 116.66728320530405, 81.2843312606289, -601.4519162951042, 91.5844010610669, 90.70642163930523, 89.15414452387695, 104.34344169036224, 84.35694784118603, 112.07373814859912, 81.23347844431956], "fourier_x": [-600.2954925484844, 131.22393004136046, 133.03534603295043, 135.70482074648316, 147.1845678026379, 142.54873130581413, 137.49105557467894, 139.33007232287278, -609.3593440711896, 130.90597432839354, 132.5886297474236, 135.3370040529162, 147.43441479127353, 142.5009907947028, 136.91137526241658, 138.63963638821585, -619.9168620804965, 130.3757836255021, 132.19737107228727, 134.46465224366474, 147.56519156296807, 141.57857443835059, 137.09912451136776, 138.16656182945985, -607.1177184861646, 130.34164873253974, 132.7035981855584, 134.42940264790298, 147.88459144159182, 140.9457584006022, 138.6185236402093, 138.85056839083728, -597.5500435710059, 130.91544806886964, 133.75117334532843, 135.7422951845764, 148.4465701522088, 141.48838313933024, 140.59168578222145, 140.5650454943933, -593.3074717749635, 131.41757377795363, 134.16957464533306, 137.11882549055827, 148.77020896431748, 142.4844737582569, 141.62007336240896, 142.03130078316804, -593.0075874800583, 131.1577543658491, 133.14804591634143, 137.1312709687113, 148.23934467462576, 142.59293998217444, 140.78065713936562, 142.13287481790138, -596.6285692410493, 130.04256174723136, 130.7662593785091, 135.1104627660135, 146.62629552476596, 141.14254108794384, 137.64953411533185, 140.34007045523077], "fourier_y": [138.55115812556633, 136.1494275620188, 127.31990635844083, 95.26115262177507, 119.53008837619439, 134.79895060470002, 140.78896576692946, 142.00241386371292, 130.96962257509415, 128.54256000199896, 120.22612107799013, 108.62503944844778, 121.01672942376872, 130.98272685516005, 135.2522036493016, 135.3057067727849, 83.18581731739714, 85.55430476732111, 100.28069297910602, 112.6279905998289, 119.80404053006842, 122.69669869298512, 121.16236556235087, 112.75657060607848, 133.32297378509213, 131.06641470689462, 123.08289972403378, 104.15647601342107, 115.26021414746077, 129.05065587019163, 134.94929243497276, 136.3005961337386, 138.3675502503272, 135.9791313900117, 127.28606144871327, 101.54306987172667, 120.56679495443214, 134.9183557214663, 140.71241460061242, 141.8255150075991, 127.88378140520093, 125.25454922074204, 116.74856327513456, 111.89995484159542, 124.0554733624534, 131.9838641445211, 134.98815544896735, 133.77362815314237, 105.00206280169172, 104.43491651298788, 105.7782584689498, 111.38518170986066, 116.81593570294808, 119.37742629917649, 118.18257701330992, 112.18349717000933, 135.08939398175048, 133.00349152070925, 125.61168849985677, 104.72152402374448, 106.97993204150002, 126.89483850015039, 134.42580762209568, 136.89080859495704], "src_path": "/Users/hagardolev/Documents/Computer-Science/Third_year/sara_guidance/db_3d_models/db/8/m867/m867.off", "name": "m867"}