{"fourier_z": [132.7975166765307, 125.35081873709693, 160.21339678610798, 168.07420251366563, 161.70034310165192, 147.72967203842188, 167.79399527990353, 170.65151698646378, 180.69225769441803, 179.9181393703967, 171.44553421661243, 156.54906894710277, 161.93908655229734, 170.3083119251893, 172.7847576984887, 168.35306040135893, 180.81597591572933, 178.8854973485289, 168.01385454152427, 162.4575713336822, 170.13020698759436, 169.33559429090968, 161.41682067550025, 153.08700487744932, 165.63346156051833, 168.90276475182105, 169.16350039180503, 171.18968947508475, 168.28173272722444, 150.79449195877834, 153.3797947117743, 165.85718294715656, 181.40786050564515, 178.90712961051662, 169.61628714859214, 162.94920152539876, 167.20040229866012, 170.15274133877074, 173.344561161409, 175.0785050453447, 174.00243577163434, 171.38533145330385, 153.15133457465998, 159.23151462045027, 171.0990430809769, 170.9589091337363, 163.04108447222296, 149.67717329891067, 141.26083100413805, 144.7007460956908, 152.46744783804166, 160.35320933623615, 156.6644455732401, 155.1752230043659, 168.11138283278783, 170.66126433431762, 180.36580168185694, 182.9380441397153, 179.2393598140128, 167.41328550013262, 134.09196145461829, 166.9481092213331, 176.18394272117052, 175.9113440577105], "fourier_x": [162.12425805239923, 126.00669953373952, 162.9099197363082, 163.6783568724634, 172.5329226207427, 159.36839872836333, 157.3707958159945, 169.91910718502308, 156.33297909726267, 131.27986708620728, 180.03522746710576, 165.9774864700695, 168.07191371177856, 169.41653579451255, 163.38323214479846, 164.10846552104556, 157.63135708311037, 174.48417883094214, 161.83670463552875, 163.72517221958918, 174.54428299073675, 160.7266645721356, 147.74401147191296, 174.93256938924048, 167.11923590308288, 159.4515458288884, 161.19001440212443, 133.37364949738833, 149.5529730145321, 129.71817190410866, 166.57260652918595, 164.03135147696895, 145.89723861422019, 160.3894888299732, 163.59507464585533, 159.56839309611462, 172.82618520848922, 168.8154082204428, 167.0863690099989, 161.97928000713495, 162.32550371016492, 155.90371508831788, 173.18672346460158, 146.02785430071606, 159.73147393972678, 178.19198336176828, 178.28550371347416, 155.70070099496021, 168.24843864034415, 174.29878510682215, 171.79435318143024, 173.00408405916085, 178.80102025432748, 186.15926649631479, 158.28884383248848, 152.37043072144746, 142.73676939721463, 129.22974874299035, 171.3913162034137, 172.7743853845214, 157.4829426105607, 162.49421062178334, 163.9840351241671, 165.40025556332918], "fourier_y": [160.5234038989285, 157.96071823556085, 151.44684877610518, 150.9078401089911, 157.9307825154097, 162.7567838410802, 164.82434550880095, 164.63466435481558, 170.05918934801804, 168.73304752224897, 168.58455598211006, 170.58895583569037, 172.962053599557, 172.85891920487018, 167.53234579568925, 149.84185575355514, 160.80244828410272, 169.53141825129265, 168.9030186554794, 158.55602282290744, 135.11799602473536, 157.93989867131478, 164.65468138395008, 162.21369028351435, 176.69665198386, 171.96423044896773, 160.79276241251424, 146.95912335223554, 154.498217109339, 157.13579076626772, 153.2075887911008, 153.7151495103141, 173.40441415932327, 173.2490229662213, 171.60045516300897, 170.15905576055235, 168.7122070388787, 165.6261032723054, 159.8464367186504, 154.39090565930928, 174.37087838884827, 173.66003074198065, 169.95271572361946, 163.04960692998202, 152.92458206492515, 140.06162273092144, 125.85654031588999, 132.72715747638227, 163.37739642975663, 168.11952755512084, 170.27935302106022, 168.02919100690357, 158.70508303297913, 141.1842193501825, 158.25288976173943, 166.97144807322934, 168.39285490414852, 166.09981799648992, 162.5039242845831, 158.3051755460615, 153.18099979285296, 147.15205909947903, 142.61101072250966, 145.40657991152165], "src_path": "/Users/hagardolev/Documents/Computer-Science/Third_year/sara_guidance/db_3d_models/db/0/m87/m87.off", "name": "m87"}