{"fourier_z": [160.5234038989285, 159.540665749298, 160.1648070513989, 148.88737165917004, 130.3900564245873, 123.45186996172575, 152.19938829806037, 124.6561262421035, 160.9326798215309, 159.12097476835427, 156.04263252390817, 147.9527188129772, 126.10298747569517, 136.76491587735444, 144.6278759547145, 132.4443239934867, 161.37947071926322, 157.53253737105416, 149.9040395031255, 141.97151411809057, 137.25261239838056, 149.1733219640386, 128.04941916176338, 142.9247921144439, 160.6329799641392, 155.21584952438297, 146.87736388387526, 128.8514001907315, 145.730216515746, 151.77968815761156, 144.66647446199457, 151.43610409817933, 158.38906664555427, 155.41736728933725, 136.42707485363442, 131.90162445967613, 150.0680987238364, 147.84878725643944, 158.38394251725558, 153.9975445330607, 156.42511987297465, 157.88798550239446, 137.15020406880112, 88.19897141355435, 146.31913460757892, 155.25808291761598, 161.03473528117559, 158.66286789639992, 158.02566095807916, 158.46812100780375, 145.55394185416208, 132.4792283705813, 136.59252097671097, 159.17580303009814, 157.5235013338879, 161.841175230658, 161.8831734082333, 156.44280092447508, 156.94774047529353, 134.52799308474079, 125.07876785916024, 153.2192399662755, 162.79729873778805, 158.46721044306742], "fourier_x": [146.66046028772962, 146.2205285579662, 144.86952088670526, 142.50505918625345, 138.9233660679593, 133.75799308136436, 126.43557706849249, 117.2005271886084, 126.15499882558282, 151.0157114225584, 131.5291171419191, 151.35665194022152, 135.61462502053766, 148.23704138940235, 136.729503660798, 138.51396607010463, 155.00067981737106, 139.85379416941652, 153.34181013440957, 121.1177341144558, 148.32938980162731, 127.17223462210463, 144.80439019607695, 131.59651632300512, 160.59697198544558, 148.12473448746715, 158.91651155590677, 152.14246093458786, 149.03918069837877, 151.446885483114, 109.72250462041094, 145.15509723348714, 142.93490506753753, 147.2648965646899, 148.46834252932044, 154.08984730604158, 147.6482553434955, 153.5197520706711, 143.66505102443736, 145.94649936131378, 134.24206221369514, 130.78013480187326, 110.49941457561154, 82.63691978483202, 136.8318917627949, 131.38354617718088, 140.62165750156134, 139.52884228603995, 139.56957864554258, 155.52069097264967, 138.54621401443697, 146.9940823189185, 143.51071994173014, 118.23387266446974, 143.23735260080713, 133.03791463163307, 132.45932189328693, 148.18521841114313, 146.98405942575067, 139.71462905643418, 151.33563960958475, 111.83276321393532, 149.1689104435975, 134.6747255395542], "fourier_y": [132.7975166765307, 132.3068887109596, 130.77495985079725, 128.02108469250675, 123.79209153882104, 118.29039423447998, 114.9798498046977, 119.29483613460947, 134.4416854122515, 161.58314155085904, 145.70537927264607, 160.04593280096486, 136.74205344600327, 155.64602718904376, 91.18997014222299, 146.09428491573397, 138.03662041790375, 159.7784638030685, 154.88940862431514, 173.4127332832404, 125.95697993051954, 160.12816813444465, 123.91466804873068, 155.6097975069365, 141.77896856173567, 167.42543812698048, 151.63119701116045, 165.76680270159997, 147.11370939023993, 159.04317786960053, 138.2104031445176, 155.97951590189916, 144.9346748985781, 164.91694721483682, 136.9529520712112, 114.30348791348902, 154.40049617485596, 151.97650175117252, 97.30219896290933, 103.09485017830073, 147.35740235932101, 145.29977462763074, 142.48368057816623, 147.14997279917588, 147.4711998528914, 152.41723992813968, 150.40876868726156, 145.21995645367295, 149.06954873614853, 163.42715739132288, 152.36747176775037, 146.09488710418674, 112.77791984478651, 167.31966669966602, 155.61845235236177, 156.27587149473482, 150.12036467661483, 165.24106046290177, 152.55933640981732, 156.11853215154696, 145.76036797086996, 157.9317662997501, 144.82512554639985, 170.11743250444601], "src_path": "/Users/hagardolev/Documents/Computer-Science/Third_year/sara_guidance/db_3d_models/db/8/m873/m873.off", "name": "m873"}