{"fourier_z": [-570.3020398415779, 141.00210982495693, 81.25234779484717, 151.7008215466605, 155.5051095485889, 121.31973224144147, 140.8494713177578, 135.57029331905338, 89.52192201683822, 145.2558007251202, 123.34923730386669, 147.3268677963772, 152.91317507494566, 133.04005937876872, 148.56173012619976, 141.232981736034, 102.12513822914329, 149.76390306066864, 136.32617577288522, 125.30864401736552, 144.99081032282623, 141.9249451641009, 156.0190452752465, 144.68275419340142, 108.05846895380358, 150.78923411474813, 142.36818085524592, 134.27659454645067, 124.91941178249598, 144.10168222351197, 158.29518205255266, 140.6075316062174, 110.58247808778994, 150.04997059488477, 143.81887817906986, 150.31279733886026, 136.13986411259737, 140.93151464385488, 156.068638547977, 121.5496258860947, 110.50734537620656, 150.74868900713076, 140.52021011436355, 153.74469560605868, 150.7340435819248, 132.10281908408467, 149.06816055478566, 130.2159851810191, 107.80811347994458, 152.5370343664595, 131.73442511341645, 149.48727766727882, 156.361762890597, 124.6285691268573, 136.74775778480048, 145.70574959480396, 101.58861467184609, 152.27521510158783, 127.90531942065662, 134.21299184717083, 156.6509027516925, 134.05583366747618, 134.13909509801516, 149.81306273405497], "fourier_x": [124.68821451436744, 130.8887041268856, 102.25424364794206, 140.98810568033696, 128.00188783270278, 136.31643643091667, 139.17724046056173, 100.3724200252353, 137.36039263180328, 148.96615190793509, 154.1971866925931, 159.50516024456672, 145.31862039783863, 135.43902737139098, 138.12024378463627, 144.20661599728464, 144.783947790591, 130.57347013732644, 143.66442196663928, 135.42085686475588, 122.54106178096472, 133.40301853017377, 131.90386559106292, 122.8517482775836, 146.515986182801, 160.94843883908226, 172.3267378344962, 168.92690925428698, 166.18458931384697, 139.5819720873339, 142.78778772691888, 161.04171847147217, 134.28417651282138, 131.70461719722815, 137.47896819094433, 136.5264916509253, 121.9467724059694, 130.93870337441115, 147.8888145371655, 131.89972993000754, 160.38105893896682, 163.4451696575894, 158.86566445181404, 162.66645119320142, 156.51184806963505, 149.84256118356524, 150.9817427377527, 142.08058806577353, 121.71982125567538, 135.12846007134746, 129.3954964487893, 146.79124890471047, 114.85666903230708, 145.72798713470593, 140.04428607420593, 98.94276591793768, 157.85511656512082, 149.447750307063, 146.367651053947, 146.330236554278, 143.12346304490157, 155.69807698469512, 147.41659025613754, 150.2459603023647], "fourier_y": [-582.3010151309868, 137.94431355251336, 112.82142700735952, 136.53314457172638, 118.07638381090506, 140.914041175029, 132.21953971630728, 140.69353259764893, -552.7135263229244, 173.28199621684703, 97.47974551511383, 163.81397294543004, 138.04550370685823, 164.6256339902033, 152.73686942931892, 150.49856642254457, -543.487579074189, 182.8239253645935, 103.21477348261556, 176.3798550422712, 132.40110063712925, 174.91668606337586, 157.28301216680305, 163.54160178089035, -542.4680663419573, 184.2439439611125, 97.08862319500253, 181.5137730231318, 137.2903714184366, 177.2237360881647, 154.86225876373408, 174.27843091813395, -546.9587581133935, 181.13214932631007, 106.76466832495719, 182.1664236919602, 157.96398392353217, 176.88246105867285, 152.10043793488802, 180.85830376206445, -554.3920374603235, 176.21644097068028, 134.6530746805792, 179.43359706706033, 163.47210948271422, 177.33904578315946, 156.39914672582702, 183.49693433931566, -556.810674279417, 173.81031769744595, 149.02918832988573, 175.34678814868982, 161.31848812373195, 179.48363945811082, 164.08913185176368, 183.0471994724121, -554.2849301927911, 176.49109589955359, 153.24864827949102, 174.08590105849635, 154.93396179053147, 181.47054436499647, 168.61450159656482, 180.9119474703561], "src_path": "/Users/hagardolev/Documents/Computer-Science/Third_year/sara_guidance/db_3d_models/db/8/m875/m875.off", "name": "m875"}