{"fourier_z": [132.7975166765307, 115.27231999699467, 129.52758663918516, 126.47943136197107, 117.63531377058678, 129.73657257150825, 97.14917056367035, 125.92622010972923, 136.1965392302375, 103.9196062804987, 134.6313178710113, 131.86958540053968, 114.6682509865885, 134.86605907184895, 109.05339185030705, 128.8241012909458, 138.54099135453603, 115.40326267777007, 134.33924529003912, 137.18538898003428, 87.72532133147082, 130.85930736822277, 112.82643701418178, 125.89668948025178, 135.72155346317064, 122.49335991049566, 123.63817956215264, 129.0871830960941, 122.27876396697914, 133.51543186514812, 119.37336768729337, 109.48044440916563, 132.8275768390753, 118.1057554046042, 130.5484564521735, 122.84501498653627, 123.11137184088713, 134.85165656286603, 118.91975136946242, 127.86276094326294, 136.61868056229733, 84.50401034544342, 139.1200536486382, 138.65944856657066, 90.37594158959425, 124.82438197039485, 87.30460522580869, 135.64876800785532, 138.4595795246611, 120.16025843824931, 132.85780765531763, 136.7912480652832, 122.64096990687943, 135.34397405310077, 124.52773978757887, 125.78146726791957, 135.19909429684148, 127.15868195206704, 116.63939970763748, 111.20276129840295, 128.82056792591834, 140.63847526693547, 132.6923274498559, 113.43598110055589], "fourier_x": [138.55115812556636, 132.92975814830086, 125.41029854469686, 136.05344109240195, 137.68627949662866, 128.83849820291124, 129.518435114942, 137.4942735484002, 116.38973019990917, 109.995491646497, 94.73087511282772, 117.88567325257819, 118.98862232507855, 91.59085035411286, 113.8271084410738, 123.1171160458159, 132.90404518065478, 128.14814016825935, 124.98589094608697, 126.69988292512167, 130.08608051234341, 131.84446363248412, 124.01129750362776, 123.50190467468252, 133.8679442399163, 127.56618265199415, 122.59459004696767, 125.66057756854521, 130.2851575248936, 132.1103347298576, 121.31539405199845, 123.24184176918351, 104.88766561669703, 105.81364224025117, 99.96442845174697, 119.23667475597705, 119.37437161877574, 94.69254320578989, 123.51248355658127, 129.7805461290362, 134.15411997443164, 128.64251832291558, 118.40093573472215, 137.09680321437563, 137.1283663832924, 104.69248224900238, 135.0287791144944, 142.36900941192172, 116.18652608284773, 110.61419079973294, 106.55423470051481, 124.55778428658513, 125.032364119121, 116.78697298104096, 128.0219470667874, 132.27281889960597, 122.22909325618218, 122.85194739977193, 124.59319246458604, 113.55162035896336, 122.26475024913506, 131.54012913387217, 122.55264841541616, 109.60385559127334], "fourier_y": [217.9569963966088, 208.1073376967667, 186.64272372290864, 175.63159469492803, 154.80748867562266, 156.78418177188587, 163.23438208559037, 156.18642826936355, 210.49178409554435, 202.25654435420907, 187.96384967716523, 173.15081292459416, 172.10498335574522, 173.28708563992623, 162.99732853082264, 153.83335758540107, 188.62478857164604, 202.37489835025966, 207.37279377210857, 188.33503440332296, 161.8564304897862, 166.48624341784614, 178.60271360439643, 170.48878243081896, 167.60055284351355, 188.78895715102303, 207.83787745357688, 205.09921030325341, 177.1034669854278, 174.1345539557182, 141.24152249111324, 156.07854160895812, 149.89473050318827, 170.88578343500333, 189.34903883335463, 209.64478222639326, 200.94854334416812, 164.8301033368587, 148.84805301410455, 172.2240578863213, 176.81946463575025, 171.2053318063098, 163.60247370700748, 182.8924526822547, 210.34667372535938, 205.24893491364588, 126.97360685766874, 181.94015639390884, 180.10388191424883, 177.36027327905217, 174.21466026818575, 171.79833909087594, 195.8258386312772, 212.84238596902367, 200.0827050023684, 174.88862214291603, 173.25732143530192, 174.96874558347812, 171.4491898612523, 162.64678799455032, 170.21757321169292, 191.141046339075, 213.14238534543244, 201.0364089753407], "src_path": "/Users/hagardolev/Documents/Computer-Science/Third_year/sara_guidance/db_3d_models/db/8/m877/m877.off", "name": "m877"}