{"fourier_z": [167.48953778429285, 179.7155233675577, 181.7806611704529, 167.26567587341836, 171.1573803367692, 179.9379724828444, 171.4588968726258, 130.41495430113753, 165.04110012691197, 180.45740422168134, 180.3716117696374, 163.9971688162184, 176.9231120604114, 182.3338895947747, 170.14361208284342, 156.61022492387184, 156.3417085317553, 178.07563211147448, 176.53861606958236, 151.82651296312127, 178.0209405850184, 182.20263482636437, 166.04017205515004, 164.94303713394456, 130.68948453816967, 173.4484138597172, 173.54342835823098, 116.55553914533323, 174.2413737003405, 179.13626863329696, 161.59693676209758, 165.2873115733022, 142.28924588488633, 170.3512732976705, 175.1901097025474, 155.5366866900486, 163.83410609882392, 173.48210350233882, 160.86249504174776, 158.45518042121384, 157.33661834878436, 172.13150654402102, 178.0216160187295, 165.1555677820248, 152.00655233152847, 169.85330593132807, 162.8437413158095, 136.8311578098874, 162.13989931353063, 174.50892120184074, 178.5656798432812, 167.3583059059202, 165.31071934440337, 173.3826633171864, 164.27150500174514, 139.2445125092078, 162.0977770358111, 174.61403333910496, 176.048477719941, 164.0549874514136, 172.69864441210825, 177.36511025489824, 164.557870858924, 154.91613627093156], "fourier_x": [168.63270606109182, 166.14052239856565, 157.29896317873124, 133.01448477406208, 145.66259520304112, 159.1961172727394, 163.48830570024563, 162.9661126254122, 180.3422851442005, 181.02042948831507, 178.6167162136718, 174.05196132801973, 171.10411186842276, 172.84748878099376, 175.06282068247197, 175.00676647340097, 182.23575384822465, 180.93980168085858, 177.25779357338007, 174.3694293466294, 175.94202957749764, 178.69750680971197, 179.22569606396502, 176.74313401529648, 167.7909645465649, 165.18252713180036, 154.24668111060805, 121.00055712166507, 155.5367003505196, 165.84832772928007, 168.4164310335015, 165.3806493280948, 172.04026541877582, 177.64076918321456, 178.66921611386306, 174.84879221930495, 164.57351180877438, 154.22701682214065, 166.57604369883998, 173.49723323988394, 180.20117842716118, 182.6776355675349, 182.65875228912492, 179.74532936252157, 174.31414711193162, 170.79958824484083, 174.14354654008696, 178.04129441448535, 170.9155922982977, 169.89943483218408, 166.04501846039363, 161.6754209604319, 160.83428265331858, 162.89204136129132, 164.54543206962813, 165.09053089483203, 136.78972860240958, 158.45886770235347, 166.21182057763022, 166.21439428315506, 158.91467114215635, 136.54677639877082, 143.54518725229474, 156.89988373644385], "fourier_y": [187.8282229373697, 184.5997215237963, 172.3949895466282, 110.6869723236958, 170.62800851015828, 178.78194449697088, 178.8119856520845, 173.6255650961471, 184.64119495256168, 181.7204971967945, 170.21391297061868, 91.37955749712744, 166.29598593583228, 175.21190957487048, 175.7286355705005, 171.19801659836017, 172.62237454956062, 170.3201330298833, 160.60086418904842, 126.76871106823207, 148.5591941082404, 160.45497080343895, 162.772665916053, 160.8502614505757, 108.54369499129419, 98.25143099052468, 126.11783239987545, 137.77210882711503, 141.54014500145766, 138.23529337550457, 120.3777672461544, 123.33620913294396, 170.5323097672189, 166.5229282992832, 149.2478645890829, 141.0691489466673, 162.54270795987455, 166.7998244265882, 162.8544871922094, 148.2941923969775, 178.99025484509156, 175.58471351009655, 161.03251109301002, 137.87318150904986, 166.84763731297764, 172.1544569799642, 169.14337333105095, 158.01493875605235, 179.27635307019926, 176.1641384002, 163.09014297158518, 122.67497966105167, 163.1757457979574, 169.27625719425055, 166.88502841344632, 158.27350467520768, 174.27540330089673, 171.4628713254209, 160.5050884178266, 118.43626814095117, 149.3718593694674, 158.27514730083823, 158.24243613097013, 155.41959249862427], "src_path": "/Users/hagardolev/Documents/Computer-Science/Third_year/sara_guidance/db_3d_models/db/8/m878/m878.off", "name": "m878"}