{"fourier_z": [-605.5066478664676, 115.68180969786765, 124.33078456666452, 122.04743135558428, 104.7015357204665, 101.20103440197646, 121.30392806391546, 124.52988347323954, -594.5924226645116, 48.25911860087604, 96.20968437606575, 118.86194140143164, 132.35808317460774, 140.26574370433372, 143.78375840186362, 143.00000207280243, -618.1571384091263, 115.42393564000884, 124.08262097907468, 121.81983832033694, 104.6552578975138, 101.83764403119571, 121.43719349353685, 124.75978611186171, -595.8623750610255, 35.22473797774357, 94.47179298246284, 118.41214877329777, 132.25718046883253, 140.2536024790993, 143.7378075774367, 142.8243376657247, -626.8393546269281, 114.81565481887819, 123.52111528572564, 121.37811719087865, 105.1370840186971, 103.43043267689153, 121.72659071018506, 125.29300020898745, -599.1995899563386, 57.3995215663262, 93.02826510427616, 118.06299384130796, 132.26075913015043, 140.3278549605822, 143.73183244032217, 142.60057635264778, -623.336488299405, 114.31143187110793, 123.13547589884288, 121.32245824899044, 107.12640592361294, 105.26154699282048, 121.91636874455739, 125.78601112319885, -603.7380021102139, 72.53253868131723, 95.22712225975324, 118.54712793380489, 132.60409761673998, 140.5911631282427, 143.86615790144177, 142.51184510351268], "fourier_x": [146.66046028772962, 145.7002659549964, 142.5109614867549, 136.22274146504685, 126.86343824353379, 126.40680220828385, 135.0249726746213, 140.8777688787075, 137.39885823434838, 136.40859340592488, 132.98362166480885, 125.49037243817563, 109.12935519043332, 106.79084069858334, 123.48214522373914, 130.9488909871952, 98.32817208751182, 104.07603895934422, 112.30153266364782, 117.99514880794175, 120.82493268932612, 120.9003115149823, 118.37126186412208, 113.53226379929303, 132.13656250092265, 131.56642831629296, 129.50451334297986, 125.3452766766906, 120.14781121379312, 119.97756783054473, 124.79120070810184, 128.5984367484886, 129.4690875694413, 128.78049853939518, 126.21792826582082, 120.49684564845876, 110.76106137617316, 109.07884771843217, 118.24769632225824, 123.92648170263526, 124.68821451436742, 124.81723246444352, 125.09406398251947, 125.26972226514764, 125.11256903241218, 124.52498633152729, 123.62079810386001, 122.78086030995176, 130.80723067531076, 129.40994556085522, 124.95294420247616, 116.32226345626628, 99.96389931968454, 95.54161737561637, 112.16860365666946, 121.22130937195494, 130.6341169374467, 129.57695506625225, 126.8512641710833, 123.96628781671919, 122.61306598429672, 122.61825136143914, 123.48745675085219, 125.6816805270816], "fourier_y": [-1277.4672058780818, -603.0380470871524, -609.9695188927519, -582.243631670354, -570.4570817069375, -584.9142595228445, -595.9515334161933, -600.2593625771178, -604.0960454928888, 135.76892385661412, 145.99364928259598, 147.62533981377334, 143.18224280358666, 131.45499853196932, 102.56672251777803, 97.01725509696423, -592.6158424621569, 129.91963168266068, 139.40014949641738, 139.28353846860014, 130.23185214792113, 91.70732641537523, 120.03284058735012, 128.48292011286563, -599.780221983038, 114.02578266453236, 126.22272137484373, 131.62622718640188, 133.73712824360635, 133.73406404305317, 132.12682529855488, 128.92096663826715, -601.3609570643899, 132.7095600079526, 142.50907021918354, 143.1723302224644, 136.37121718045637, 115.89429776898825, 105.9258834483925, 121.94570000524709, -581.5138031881564, 115.53711325341433, 121.57143982458244, 108.73993801221091, 110.9000723950218, 134.664205264789, 143.04173189374765, 144.34577809998638, -593.7779137831479, 113.08387849345553, 125.03396055679781, 130.03517921556306, 131.62246483277514, 131.06088627109796, 129.01713039502204, 125.70023852744845, -587.3311649464431, 120.76897539838998, 128.12075159527402, 121.42656870627876, 80.41650162036001, 130.06905799132977, 140.7502523678899, 142.64518866239644], "src_path": "/Users/hagardolev/Documents/Computer-Science/Third_year/sara_guidance/db_3d_models/db/8/m888/m888.off", "name": "m888"}