{"fourier_z": [124.68821451436742, 124.80180439075687, 143.60109050651656, 135.8825131389525, 130.5701301540465, 137.69067601940665, 117.72396195687519, 128.62539202356822, 134.57509139576732, 124.01571905032836, 113.70392818164221, 129.93293298593224, 125.69319196516035, 118.65693735222543, 138.50262369736225, 133.85088344517666, 120.82053463130562, 134.88765647477612, 132.17965738103464, 105.60736450372124, 131.5572211039217, 133.4906287897522, 129.86356836962298, 75.9997830890733, 135.7969478634784, 98.04465174594685, 135.94669394814557, 116.61320673418744, 134.54126705031746, 137.12329373033955, 120.43590186105453, 142.42462653684285, 146.31246942559864, 134.2764551279777, 132.859347498386, 129.96785297766831, 117.81396306031286, 107.88261838568233, 135.82373827088387, 144.5331670683009, 134.45634176449366, 135.1298469710916, 125.32834472607189, 132.31155504554582, 137.39832781278412, 125.50006944501041, 105.5777094150859, 121.56953501026868, 132.70917237724856, 78.18810375912891, 123.24235409690901, 125.42519345742397, 131.69507987044514, 109.23722025204111, 136.2327601078132, 145.49330990492658, 141.36709694731383, 131.40940682796463, 143.07011738614133, 136.11978156254781, 125.45774812007639, 133.99532339200323, 139.22861907892892, 143.9366490542806], "fourier_x": [138.55115812556633, 119.48728625597012, 131.47743724473557, 137.00917973126218, 51.17855565330455, 136.73584084111206, 131.84742987222467, 118.05244472686061, 126.08704898678427, 134.94010886589217, 124.76274585733844, 129.32057190219092, 98.88235365605266, 136.33447358896166, 142.36351203315144, 123.58645261697984, 95.39895616419528, 132.2183161138557, 130.8513467090645, 135.09326919370525, 126.04175317334526, 125.67282864783083, 141.39305216512065, 129.71112900652554, 92.57648529774303, 125.28562694527331, 121.24257150633466, 75.74327117320186, 106.97864985053218, 114.31561651891981, 128.14633437904416, 121.42278461941811, 123.94590542838748, 126.75973417049892, 138.339890390645, 134.23472687276438, 127.9156406104336, 111.33558129655756, 143.73580794152457, 146.00806402802453, 110.6339145923284, 125.75355021463514, 118.21684884274539, 123.0136031430129, 133.38168926547985, 107.68020427683611, 137.25540249333423, 140.9229683838459, 129.9710235266359, 112.93623431986417, 140.83199964372784, 142.22404978622058, 124.03279328882877, 139.4012864962993, 136.50302776893292, 105.12379761862867, 134.78463201255795, 119.4370658890817, 146.68370523814636, 144.09223132479337, 122.85210390646404, 144.66055735107003, 136.97190546867293, 122.33310364767087], "fourier_y": [-591.9482963301159, 136.55432518785, 133.34592729655142, 110.81752000414298, 138.24447765235305, 127.91294895258744, 124.26402464617901, 138.60096375114466, 136.64810881491573, 132.86578008199183, 136.66795122625058, 128.60419995764101, 144.5302234574886, 137.67120517701028, 126.93482143078157, 134.0502706439204, 132.83812433757564, 136.8734053017423, 146.24784710069457, 131.86709601801493, 153.7068491098893, 146.56387896256393, 137.45990594007188, 146.6464315354562, 113.23328693614877, 128.87049329231223, 131.22443444015454, 130.67570869227964, 128.39992424981807, 131.19002397059694, 135.40059300338442, 135.1363625233037, 138.05251713801184, 144.55713107226816, 153.36907992703527, 127.46594508231783, 148.20597749439995, 139.64629019414585, 150.6978432604541, 156.09386902526947, 125.69475806513671, 137.54549069973817, 145.63627815222338, 130.69386541543287, 139.05775364026135, 135.6053940163381, 145.7137279010406, 149.1033880277825, 125.6217510939243, 128.0495427180416, 139.8170333994759, 136.16259619895106, 150.56298928514445, 145.8142974974621, 135.65982731807557, 139.24313390378717, 137.42495206545988, 134.90059010720566, 146.6831324212655, 136.21947509536315, 155.36157002317628, 148.71312828467964, 138.2660809509897, 145.7261898984015], "src_path": "/Users/hagardolev/Documents/Computer-Science/Third_year/sara_guidance/db_3d_models/db/8/m894/m894.off", "name": "m894"}