{"fourier_z": [-555.2987629771585, 130.49839882206047, 136.7788678759792, 130.56092928949656, 107.84064418411076, 100.47668778419323, 118.998559382987, 128.29630753868489, 165.27183037126466, 164.66418691040215, 140.36473874087804, 133.5646555129738, 121.13596294486824, 115.31664712880044, 146.59371088007975, 138.8619877444509, 155.64285583643158, 160.7066007549429, 149.04360861976306, 138.61549082028324, 128.99216158760487, 142.35095648101773, 147.01430082737102, 134.78822274372422, 155.63495745026754, 142.94793897581692, 146.59542565639785, 131.9366404017197, 146.91030481252696, 149.61558797994013, 134.96959052118402, 145.75847764784473, 165.24813271542055, 158.50219044054273, 120.37254881405055, 113.93936429486706, 145.40735132054454, 139.1553662031048, 143.93472503440566, 148.64141594713422, -574.4127517187205, 108.45329000375352, 125.18913679387323, 133.34199638259133, 130.46472747456937, 83.00664449175494, 131.94420587833457, 140.56302548757526, 165.2165066830541, 164.02019854143774, 135.23049170964052, 134.26079269321252, 127.17399585318924, 104.38278933992237, 148.00389584693792, 141.3864567697592, 155.57169535497582, 161.19648355664737, 147.79071244019332, 124.45825028119722, 123.0395158640143, 137.95176810143045, 149.464324446746, 137.36857220097514], "fourier_x": [-578.6964325793248, 131.87438835975203, 121.12087291962186, 123.23667521209798, 130.92370830451378, 81.73591333980218, 131.40774611968692, 117.68400410047539, 139.67470476338565, 151.32752887636218, 149.7392709857413, 120.40041729249111, 127.92406894573291, 107.63672466633597, 145.62219449554084, 151.49449892352675, 145.33527613057407, 150.6844837469504, 151.13299495679644, 133.141559665052, 125.65616690728203, 120.85905128129995, 137.14443341987877, 152.3035750853784, 136.32893383886477, 133.40529353766718, 138.2750578308846, 124.7991818074678, 108.68518367027272, 131.9034259153614, 124.10383766298685, 131.38546325597045, 42.367858153394394, 133.1543781596261, 139.83589220334434, 134.43868292076712, 121.77458047625427, 132.1393811951353, 145.96372346134538, 141.1582610797368, 129.41507365616053, 141.56454633637577, 144.94185798853573, 139.74738237886947, 130.77332635722735, 105.8143582497435, 141.2364715356453, 148.03531863938622, 133.50447749348695, 134.68219938136087, 138.58299069880053, 128.18273746362246, 110.65164783472798, 128.76202436711387, 109.27653262897388, 137.02675107269096, 128.9159826941666, 104.73678690241053, 135.4171949664838, 139.53638216112526, 132.46942861897787, 140.31601895468367, 146.86545400387675, 136.95578872775343], "fourier_y": [146.66046028772962, 144.3999499638505, 137.4527490014658, 127.21448747985104, 124.20427135918058, 126.70023622003036, 127.46241872062647, 129.3676946812826, 144.27882925576284, 138.99600076698982, 127.23793179075264, 117.22178821398091, 125.11566001944612, 127.92304058320511, 125.06397803672166, 118.61089241470577, 136.40776527605854, 124.74383633957031, 94.6229623657049, 115.51208819278992, 124.7205779524029, 125.58688805312796, 116.70986894338135, 122.82688031034886, 120.15333722737631, 79.74831677822993, 116.64679583289144, 123.88051100208807, 126.49411059501601, 125.19722593070523, 101.4226604681626, 131.9976373366781, 113.65947313636818, 121.57394566836979, 127.06660224428188, 128.15700445389436, 127.42443965962416, 122.40449080631826, 88.6688633243792, 127.93870309291015, 125.00794910803566, 127.54315094529247, 126.80250984344323, 127.07195631636652, 122.86189581858943, 106.47177178305527, 95.56756273844346, 96.82607446932968, 128.9733767686278, 126.31577170292915, 118.87095760004557, 119.7162068118742, 107.49320958943407, 110.69910716629792, 107.24993860498347, 134.3940660537287, 130.56642356239888, 122.42015086726707, 103.33977426263773, 101.18082225115899, 104.53413324171329, 126.66106272493369, 113.74720754732364, 143.8197220118887], "src_path": "/Users/hagardolev/Documents/Computer-Science/Third_year/sara_guidance/db_3d_models/db/8/m896/m896.off", "name": "m896"}