{"fourier_z": [110.82527090316852, 111.56295107404033, 112.1680060172185, 110.33919967362644, 105.15144299991258, 100.99337201275107, 106.26357741014003, 111.82096817691871, 111.74408845325135, 129.87360364236372, 139.07110167949747, 142.44858624709292, 141.6528191048441, 136.4185718399408, 123.93844666417637, 106.13636119431484, 113.9928994339513, 117.3569431851537, 117.23516580176735, 112.78729634085208, 100.82686784452689, 84.84368554286563, 105.54278029709573, 114.03208788000876, 116.67025303052728, 132.8797941837131, 140.18315879238455, 142.47998915017408, 140.73473119908903, 134.1239407885514, 117.3141846306445, 104.54384812103385, 119.18363204764537, 118.80097955880998, 114.94978171910955, 108.49329247650657, 109.48254252311558, 118.08772149082992, 123.92669907523994, 125.86088123181821, 121.28168266137942, 133.96375272621825, 139.59047225168294, 140.8981465128994, 138.3320489641677, 130.66178602649973, 110.69152082615729, 109.05800849697839, 122.88725167074608, 114.38196337198247, 101.76939930942196, 113.2585695413388, 124.87427066623646, 131.09450650027046, 133.6839829223241, 133.04092300805902, 123.98926540926018, 133.20798584534117, 137.20978628748568, 137.50271503111972, 134.16598632717555, 126.06586261563072, 111.50811730255354, 116.14027850643977], "fourier_x": [-578.3729542406696, 102.2160274936175, 133.64445539358886, 147.43887710336202, 149.54410632549536, 141.6432753997921, 143.99271670581126, 149.35445729935412, 120.64030515916757, 120.4304420326886, 135.11634587128864, 145.2460170036629, 146.24277500610643, 134.83977445359207, 120.57144868232871, 136.1374765217869, 139.77098428332204, 133.93077096308892, 132.92695807337572, 141.52316311339914, 146.4933364876664, 146.5583408196186, 141.07832851194297, 124.58921994891799, 142.68558939676754, 139.77104837616193, 134.4622319067646, 143.7976936455097, 152.71470548262863, 154.63284833887224, 151.0373901896628, 138.46988400669497, 132.15971615802803, 139.23313446073686, 138.94189920960088, 132.57412160863745, 143.00671201627563, 147.97720168450815, 144.77723160109684, 129.01909285215618, 111.52068848538721, 131.3528440755689, 140.25073198219906, 136.8602316312083, 113.70122614612397, 129.31222445618494, 143.52297634403772, 146.58875949981206, 116.44026924125006, 125.15282438948888, 135.23164737128934, 141.62456461578128, 139.8378504437089, 134.2357891558659, 146.5658545706893, 151.2829639213677, 132.40727672131624, 138.96242306622244, 135.54933407640198, 121.24328068144047, 127.68775665437387, 117.42632667783315, 127.91738990360314, 138.28979367330697], "fourier_y": [124.68821451436744, 127.1125346095426, 130.80256750291366, 132.47099611541813, 131.41514308691228, 127.78626565468176, 123.47173916955063, 123.52608231209645, 124.65504529737034, 118.49346888697502, 119.83671197852536, 125.09015410819863, 128.04748909521538, 127.95287663717603, 124.6780279499157, 117.3718599096527, 124.55544998337052, 114.99320777365926, 96.0500371263862, 106.6277678708056, 118.50193735361982, 123.17107932606332, 123.68097425251696, 121.52318553942595, 124.38916936368172, 130.03669903255073, 133.75666433758082, 134.93271360500248, 133.49708009460218, 129.16870621046922, 122.53890251340609, 122.11952351989824, 124.15578462430224, 139.7009761956201, 146.31229836756438, 148.64155897884382, 147.66973486315771, 143.12835375316996, 133.21337318748058, 117.28334184632793, 123.85473932569079, 144.1106510009752, 152.01132202904722, 155.15126423192584, 154.9695906033395, 151.50712994251364, 143.50566798823274, 125.22982383210089, 123.4853748356805, 144.0240813919735, 152.8292197168223, 156.6492932547393, 157.17452058075125, 154.68159958606557, 148.45741756794342, 135.24099359900364, 123.04698462167389, 138.90247374789752, 148.39740447939096, 152.92326239524158, 154.21052158371668, 152.7240476847871, 148.17361946301278, 139.03549462627348], "src_path": "/Users/hagardolev/Documents/Computer-Science/Third_year/sara_guidance/db_3d_models/db/8/m897/m897.off", "name": "m897"}