{"fourier_z": [-597.4347849265343, 121.53977066860602, 127.95883853648138, 138.64392450641543, 135.20573946340775, 137.92216857431748, 130.67110490373526, 127.62322836302103, -601.0803764324312, 119.17277328544431, 131.76560835934353, 137.66184235952497, 142.97316945383875, 137.91915657804162, 143.02243054744335, 118.2498347734419, -601.5102701015562, 111.96038739374245, 131.19720906272818, 133.0135229277679, 143.38723183614576, 138.58781086142022, 145.0478553732154, 135.71349869194955, -598.5912477254506, 111.6825055440321, 126.57006205017224, 131.26476766813832, 136.47295279027497, 138.86350630503986, 138.44715357189304, 141.05264563873584, -596.3298544038513, 118.91051479497946, 123.88835638303513, 135.8943836109915, 126.68362580363441, 138.25139707062544, 118.80144615799378, 138.00742041442692, -595.6057271795645, 121.43827714918628, 128.44979772020164, 138.60373484708143, 136.6506164779462, 137.4214861464842, 133.31195544130355, 123.83604295631999, -596.004557888188, 118.14590643686044, 131.62344051744466, 136.86038054719538, 143.2061096679066, 137.39554430947925, 143.59490850424226, 119.58711686714402, -597.131044495069, 110.56895779296818, 130.23027194462261, 131.83066870512522, 142.39885939900898, 137.93233589809722, 144.14094430481586, 135.9255919855406], "fourier_x": [124.68821451436744, 122.04743135558428, 112.20932823777922, 69.32919091810635, 107.61153127660778, 120.44950740436059, 124.52988347323955, 123.23199332486442, 127.77366637517305, 142.8737555362734, 141.69296505800273, 115.2750131128183, 133.43101491193084, 141.12475178224474, 130.98388664159546, 132.6759496282948, 131.7537727657502, 134.51396125164632, 129.99812297148586, 109.70331237302193, 127.64004640316969, 135.45734571793534, 133.42714509738545, 130.23864799039868, 132.68661062320848, 133.4489962836231, 131.8858867412324, 118.46441062700394, 119.37611612871737, 131.12354592421713, 131.82729021801887, 132.92537788951066, 130.14029502633616, 134.4892482768359, 130.97968761674528, 113.951650029141, 107.64976139907857, 117.99662110854214, 122.59019204266602, 132.51366552889866, 125.66972202395901, 125.36227777610696, 129.2734291390531, 107.09808195530299, 125.07840091049039, 138.0223540505779, 135.31890533779807, 118.28395228420277, 125.42440390160556, 118.72562732335834, 131.748957172649, 112.65767773083189, 130.03342361139102, 142.63259431398444, 139.01545909692638, 106.77782512970602, 129.82676960609896, 131.75184891822093, 125.18059080131594, 106.93871295992483, 122.9866135735824, 129.3618729220285, 129.0913752345365, 129.21708680222306], "fourier_y": [-592.8090424178283, -592.8090424178283, -580.893680024979, -587.1808332289846, -595.7610514664864, -590.159504204086, -587.928068690944, -591.5442009467371, 99.48841506878706, 104.63398035294856, 113.71580385048789, 117.6859123303876, 122.80517559119771, 122.49566633215412, 123.69323311152874, 119.09938091389229, 109.4730537956342, 114.30472819719547, 123.35993704631333, 127.1980553706325, 132.47121200245857, 131.99184682625253, 133.37765084040265, 128.44833786785483, 110.2639180629331, 114.45639627014347, 123.36374288604169, 126.93659919457602, 132.4857592905307, 131.70825389842173, 133.4432120358732, 127.93620852264566, 102.72159194467663, 105.34001682607948, 113.76668350344033, 116.56801647527827, 122.87377399531765, 121.27746663014399, 123.9745397592712, 116.86805294730323, 69.32919091810635, 64.16677477902654, 64.93471461662887, 64.2844979421986, 53.05796644557536, 70.08118069139788, 51.6197096190028, 78.16644758341761, 95.33332270306501, 104.02201321441046, 113.63537681634894, 118.69519020438851, 122.59706813562255, 123.6263461500877, 123.28170236766148, 121.24470254006164, 108.39808682105487, 114.15320496972889, 123.13164385573465, 127.38320506765663, 132.13072481297485, 132.2627417966035, 133.0262629036746, 129.32848339427315], "src_path": "/Users/hagardolev/Documents/Computer-Science/Third_year/sara_guidance/db_3d_models/db/9/m903/m903.off", "name": "m903"}