{"fourier_z": [124.68821451436742, 130.49022828600067, 138.240840616887, 143.42016706802835, 146.19883387353067, 146.7923004010526, 145.05970046024518, 140.31117049180762, 124.6866353361003, 133.59511672342956, 137.09644019617036, 137.4986407302145, 135.73482715062252, 132.29492007893046, 127.40703339601768, 120.87969544752869, 124.6818973024593, 123.20692831807835, 119.21261961902877, 119.26229677291334, 125.10421763503004, 129.59581323933602, 130.62087792424924, 127.64617279704535, 124.67399891629526, 107.0093540922513, 122.51951561127896, 135.9748826421778, 142.71830167769255, 145.55882777588283, 145.19961177760655, 141.32408530511213, 124.66293768025619, 129.30865739684268, 136.7888980348385, 142.0933048677322, 145.09060599504093, 145.93270880423287, 144.47583967981745, 140.0738120442721, 124.64871009362646, 132.62534976533144, 135.78167137657664, 136.0781672032768, 134.46190173163797, 131.47512687923557, 127.29140308600071, 121.51891578574505, 124.63131164788975, 123.62383963968405, 117.93167926872857, 111.19038669432457, 116.07786000738358, 122.80755857701092, 125.1553443104529, 122.92928179386224, 124.61073682100351, 109.45165736635609, 116.19968252567871, 131.3126387982292, 138.93339678012964, 142.28693782799328, 142.28509548393225, 138.71326861154816], "fourier_x": [132.7975166765307, 116.94948451777988, 116.86511103574837, 124.48667341747571, 125.08582780041596, 131.14540261006786, 129.20264428990097, 135.02600856779853, 136.6356999846835, 129.78027703712033, 104.18578574338468, 100.70516635926464, 124.65405571546249, 137.46878551221587, 127.72623773981056, 128.6251295671664, 142.71100451575214, 135.4229704354575, 116.46569068215761, 116.42270376523228, 132.71348064262634, 140.5527852937903, 121.57583686834933, 130.43055332737083, 147.1086503457259, 137.47698685223602, 127.80462410985339, 133.46461074859735, 139.58959433691567, 141.17434683878852, 109.65098578715364, 139.21249831241738, 149.3771808116095, 137.33534662661634, 133.4856490241291, 141.1400389283108, 143.96827130803072, 140.06044833986306, 106.55256960604108, 145.46333293934808, 149.46722164506807, 135.72223973506195, 135.312465254438, 144.3218211509423, 146.12741577077105, 137.6857608599039, 116.77100674128712, 148.44549963717787, 147.06300634574325, 133.06231563301196, 133.7101963765096, 143.99056472835645, 146.13929110632176, 134.1718661571026, 121.28379263554211, 148.4211745946824, 141.19733893308572, 129.4312858199044, 128.16987119650977, 139.79904200559014, 143.70893557814406, 129.03576827559587, 120.5638227133751, 145.21436497156628], "fourier_y": [-1323.9111148694953, -595.9515334161933, -605.5066478664677, -586.6967418369077, -592.6695701430198, -593.357520422825, -589.312765433595, -580.309039141183, -602.8567758543925, 93.85307956077584, 106.56099847675986, 112.6968060635928, 115.53857170418233, 115.9474081662726, 114.03987203629023, 109.36224810931981, -590.2930576274618, 106.57300478913362, 119.25407079054864, 125.36698292762884, 128.1937103611416, 128.60093613604084, 126.71547709221045, 122.10926002983089, -584.4232749664429, 112.72696822869457, 125.38928867141914, 131.484463309339, 134.2971583281996, 134.69781485980718, 132.81997229773953, 128.25214493338055, -582.0352069207617, 115.58846598040462, 128.2459020914015, 134.3342895695445, 137.13934900029562, 137.53278951038135, 135.64988879875455, 131.08269674531684, -582.3599463763147, 116.01181489497277, 128.68488805813635, 134.78411689726644, 137.59426644710368, 137.98533904989725, 136.0882698282674, 131.48205433362148, -585.3999026303272, 114.10442086673478, 126.82389945532555, 132.9609219925704, 135.7966851618706, 136.1960138446414, 134.2786487256684, 129.59120562029787, -591.6708506891374, 109.3999973650891, 122.21985526870603, 128.43999137866325, 131.3336186361061, 131.7556863446622, 129.8070851464447, 124.98161617392037], "src_path": "/Users/hagardolev/Documents/Computer-Science/Third_year/sara_guidance/db_3d_models/db/9/m905/m905.off", "name": "m905"}