{"fourier_z": [-614.0681580128937, 107.61153127660776, 119.47424577196541, 124.04979583603293, 124.33078456666453, 120.44950740436059, 110.08176761149971, 69.32919091810648, -602.6610642480098, 126.20240166843168, 138.51226212239413, 143.93808129987391, 145.7034754713705, 144.53847772165872, 140.21855102814118, 131.18031374118323, -610.3666102732718, 112.06127231632604, 124.04635043000559, 128.87270242543116, 129.64624055717, 126.83834054601562, 119.61610220544122, 106.00792648421609, -608.7977138471306, 124.3966063734745, 136.7351497947371, 142.210336242938, 144.0491811448873, 142.99022371866275, 138.8352959533792, 130.14648532799612, -603.9536657904846, 118.87990874510216, 131.0332527719837, 136.18202924032943, 137.52108200833501, 135.73137517188604, 130.53305128878742, 120.7458602658515, -627.4094375079545, 120.30110510956334, 132.64217905478415, 138.12248065681308, 139.9721645961731, 138.9414839276691, 134.88264362191507, 126.66586175026424, -603.0218684755235, 123.70193543999537, 135.990907133848, 141.38317789723436, 143.10620835288876, 141.90327780493703, 137.6049228799355, 128.9889278139614, -621.734574897014, 113.41362742973004, 125.56579224105191, 130.71796170423818, 132.081089994355, 130.39259951758106, 125.61106680824516, 117.820483379907], "fourier_x": [138.55115812556633, 137.27176105931386, 133.21817281763055, 125.34244972051869, 108.5684203357622, 91.47325098728425, 121.08305099076824, 131.9035077377973, 138.0293506591945, 138.63936697093402, 136.73126946563022, 132.04452542801798, 123.2057786743157, 103.07602929080909, 105.12791151398065, 125.17447966864994, 136.10462116150651, 137.9528815391856, 137.3702671875479, 134.42754257262334, 128.70115397099897, 118.54721976489716, 105.53728382215905, 118.75419424693688, 131.71979532735884, 134.04242870702922, 134.1908148921976, 132.4090988594814, 128.67191187729972, 122.55121711300316, 114.74654578742619, 115.92383788135123, 122.87153155688276, 124.47873636268358, 124.68872814710137, 124.05989247500972, 122.64801456986302, 119.95521069414184, 115.93154783732409, 113.72624262026987, 111.11116844962054, 107.53120625161309, 99.44224154538068, 95.12037901336676, 103.08544195496496, 108.64806444630099, 110.49686815626644, 110.41004070372337, 122.4089017599983, 123.7247827007357, 121.7449410179469, 115.67070315769855, 102.57195619981471, 44.59590831000681, 98.76751571697106, 111.3814287892659, 132.86880291556122, 135.0669628530664, 134.42348413983729, 130.77596122406112, 123.3405458277514, 109.23943421531291, 97.18847881279608, 116.5315818380032], "fourier_y": [-1299.679694314164, -584.3200253181365, 245.2374373562333, -574.1343295081908, -581.6373854521897, -574.1343295081908, -591.6437042552687, -609.3632726745875, -597.819498303715, 132.1361983987147, 144.40370856936897, 149.74435007256812, 151.35189105816917, 149.88857941869924, 144.9471337908767, 134.2440008171596, -605.955210255829, 116.42718673320982, 128.5271847159701, 133.55945053187918, 134.65593706428237, 132.329747471942, 125.7243529366521, 110.26396419675793, -608.2550757850835, 127.14569699715457, 139.50283902065473, 145.00540151674352, 146.8728173274491, 145.82578649498512, 141.61546271349445, 132.58841020739743, -596.1234196698304, 127.66922805308106, 139.8081848159779, 144.9126833365268, 146.13040003792548, 144.01347435753007, 137.82925602397754, 123.7173807413341, -649.5365932408886, 113.61776942521855, 126.32953586247572, 132.45349884566784, 135.27006971568085, 135.6329112160408, 133.62200080326093, 128.6540458472756, -595.6888867308883, 131.13466204189785, 143.35006820994033, 148.5951744261236, 150.0456145909245, 148.32105800004499, 142.89250170345989, 130.93349187175028, -603.154929701738, 71.70779757091341, 77.43515468732456, 58.457150787724395, 81.0308173447084, 102.84762052085482, 114.0793918452276, 120.4867253232956], "src_path": "/Users/hagardolev/Documents/Computer-Science/Third_year/sara_guidance/db_3d_models/db/9/m912/m912.off", "name": "m912"}