{"fourier_z": [138.55115812556633, 132.60657626736648, 128.83915400395549, 141.20041200028518, 144.3319664548003, 140.0625635729209, 138.62263258711184, 142.83852184866964, 132.04254806558706, 122.62811462531936, 122.39062338131399, 137.73393738572062, 141.50182437782746, 139.52810196885824, 139.7555448418551, 141.55331391366576, 105.79423008782426, 96.2663546532216, 111.90300055648265, 120.70808372130764, 124.51190493977136, 129.0986856318055, 133.30771040456253, 132.4015297904715, 136.00610080495417, 131.23538360461455, 110.73675642076446, 117.15709293843838, 131.95470812065156, 134.48143482238277, 129.22887489107305, 113.59967253857977, 145.76959678801015, 138.6762616052743, 111.21467870842052, 138.01389145586955, 147.2458693170575, 147.54089923138525, 142.86780361436905, 137.37296778999055, 146.4844911562446, 137.0293648659609, 109.9051704677793, 143.4646584478254, 151.4432394989467, 152.18012245873962, 150.10041912907957, 147.02092712416768, 139.66316024703727, 126.5729521037577, 115.72388541484375, 141.18762532575658, 148.3455056327053, 150.37108047920424, 150.7650381451443, 148.50887778965568, 128.37879446202933, 121.058373029809, 119.85274201793166, 128.9773838764582, 136.47295687970822, 142.28895739685834, 145.18080857287285, 142.57498482554158], "fourier_x": [138.55115812556633, 132.04254806558706, 105.79423008782426, 136.00610080495417, 145.76959678801015, 146.4844911562446, 139.66316024703727, 128.37879446202936, 132.60657626736648, 122.62811462531936, 96.2663546532216, 131.23538360461455, 138.6762616052743, 137.0293648659609, 126.5729521037577, 121.058373029809, 128.8391540039555, 122.39062338131399, 111.90300055648265, 110.7367564207645, 111.21467870842052, 109.9051704677793, 115.72388541484378, 119.85274201793166, 141.20041200028518, 137.73393738572062, 120.70808372130764, 117.15709293843837, 138.01389145586953, 143.4646584478254, 141.18762532575658, 128.9773838764582, 144.3319664548003, 141.50182437782746, 124.51190493977136, 131.95470812065156, 147.2458693170575, 151.44323949894667, 148.34550563270528, 136.47295687970822, 140.0625635729209, 139.52810196885824, 129.0986856318055, 134.48143482238274, 147.54089923138525, 152.18012245873962, 150.37108047920424, 142.28895739685834, 138.62263258711184, 139.7555448418551, 133.30771040456253, 129.22887489107305, 142.86780361436908, 150.1004191290796, 150.7650381451443, 145.18080857287285, 142.83852184866964, 141.55331391366576, 132.4015297904715, 113.59967253857975, 137.37296778999055, 147.02092712416768, 148.50887778965568, 142.57498482554158], "fourier_y": [152.41410173676525, 147.1146092158491, 130.5371321774233, 143.59686281510488, 151.36629335628896, 149.34995674309258, 139.61821293057707, 135.76189482372263, 147.1146092158491, 140.8530589422412, 119.22532846986346, 138.60286089308198, 147.40994609528036, 146.81040317732032, 140.21154150242035, 134.53113195433696, 130.5371321774233, 119.22532846986348, 110.06247805961812, 132.68337677599288, 138.6531459191995, 138.63428614836693, 137.94091744984195, 137.13272570984591, 143.59686281510488, 138.602860893082, 132.68337677599288, 143.8078239511251, 146.97858490636662, 141.68213339294272, 138.36071149376767, 144.117697177557, 151.36629335628896, 147.40994609528036, 138.65314591919946, 146.97858490636662, 150.6672284763373, 144.22405242494858, 133.31937685762813, 143.4355941909992, 149.34995674309258, 146.81040317732032, 138.63428614836693, 141.6821333929427, 144.22405242494858, 135.14409377830896, 103.89769750317966, 136.5797909962009, 139.61821293057707, 140.21154150242035, 137.94091744984195, 138.36071149376767, 133.31937685762813, 103.89769750317969, 133.1885662491448, 142.81719306060597, 135.76189482372263, 134.53113195433698, 137.13272570984594, 144.117697177557, 143.4355941909992, 136.5797909962009, 142.81719306060597, 148.63895602438984], "src_path": "/Users/hagardolev/Documents/Computer-Science/Third_year/sara_guidance/db_3d_models/db/9/m916/m916.off", "name": "m916"}