{"fourier_z": [-587.746060631559, 120.74479668742165, 130.42897471296027, 131.52047544248407, 127.88045296457751, 123.21337662332442, 123.69702055100186, 130.03655001151228, -588.8387564204177, 111.921724347779, 127.11083439342201, 137.11171907676237, 143.62025181466754, 146.1611937937906, 143.87122043492397, 134.68095355505628, -599.9965679781533, 114.0885274341486, 127.65944197080508, 136.2101563223492, 142.05003951807606, 144.4028196917029, 142.16317463397132, 133.87904242792177, -586.4367427255459, 120.27501151644442, 130.00786017599776, 131.30926289264212, 128.3563144050078, 124.80168654581674, 124.77367647138686, 129.77826373110094, -589.0130221987387, 108.91318474331767, 125.88105148067893, 137.14495921032244, 144.18894407698625, 146.8903724498819, 144.54949592536474, 134.61285100738874, -600.0701857675323, 115.38484926031572, 127.51013803776459, 134.39644341832366, 139.35253828780984, 141.46727687322493, 139.28079453395088, 132.1689773177359, -585.4732690951188, 118.82907091217, 128.71327250464788, 130.64976799945035, 129.4758763007687, 128.09079097962518, 127.14977473141712, 128.97828918043504, -589.4574070373177, 105.171090824244, 123.94509020110986, 136.28964502193702, 143.7940358631138, 146.64816470409207, 144.2500372259231, 133.64626623239485], "fourier_x": [-632.8144026101406, -598.1829689293354, 245.97327358392397, -603.0380470871524, -589.4122687421267, -589.1751034759535, -599.3547914755653, 245.97327358392397, 97.74330561528502, 96.32888417762263, 97.69041708957027, 103.361108330747, 97.65087549989997, 109.85928878645899, 97.9386703891221, 114.57513290132155, 52.997366830207, 82.42248584186183, 96.96928929599055, 103.7557417711476, 110.31047184893147, 113.38348157958471, 117.67797327783255, 119.25471762264614, 120.21010034050005, 117.57923704064947, 123.41053228085123, 117.31243682558483, 129.11636527431844, 117.02857133979008, 134.01336012716985, 117.17639908299168, 130.9142988868836, 128.38958717739052, 132.8999309677795, 127.16868437138288, 136.98809725223697, 124.65728531265462, 140.94818949644497, 120.8050613988538, 125.30604619905971, 123.1411447372097, 128.24340719902574, 122.52884252950197, 133.63514979832598, 121.52337156646183, 138.36629316714433, 120.64324969413228, 92.91814503152787, 99.24393314015879, 105.0872422774033, 115.86762706639965, 116.09095669187786, 124.93970810020843, 123.01972162250794, 130.59547026662418, 133.29906124340795, 132.42168597927187, 132.67952483253566, 134.87611136135118, 130.73775723995186, 138.180688820454, 127.17463561650453, 141.18183151342026], "fourier_y": [110.82527090316852, 115.14406490452457, 103.89555093574764, 117.83522715177543, 140.91753762925566, 149.97265491123702, 151.54113092814742, 145.24747021473283, 111.00306514701859, 127.85371334809668, 133.0910954237358, 126.76975811786212, 115.52421690715894, 132.0870211955793, 138.76340472808107, 136.6695386331474, 124.9462504589651, 131.97226591943365, 134.5316058025455, 135.56906673446105, 144.84432374435144, 152.1520667340189, 153.48175574304366, 147.53018105076768, 112.47084247678862, 129.55680051856066, 133.52219548288562, 128.89097006482726, 130.46471657637528, 140.6097589075002, 145.03816741041928, 143.43518137528716, 136.40379472217774, 144.98692815513922, 148.80905714097526, 146.7488481345227, 145.71302438324545, 150.8167741590827, 153.33749801422016, 149.63310786182697, 115.42081297329875, 130.98050007642718, 133.14566362344567, 127.95400268392294, 132.74849619679776, 142.78263661008117, 146.95469010335705, 145.81127435171325, 143.39671655309607, 152.95093412790828, 157.18464044640666, 154.55952774010262, 146.82272488926122, 147.16245411338187, 152.80003518604343, 152.74500698826148, 119.37456636498356, 131.59110401863626, 131.05344207593672, 118.32112789259693, 125.29150681996404, 139.47464865831085, 144.47530480307512, 143.98822622228002], "src_path": "/Users/hagardolev/Documents/Computer-Science/Third_year/sara_guidance/db_3d_models/db/9/m917/m917.off", "name": "m917"}