{"fourier_z": [138.55115812556633, 131.76918784790732, 133.98347364815723, 133.37651633597775, 137.055292598585, 140.9281041907049, 111.40265352641148, 133.01184966109363, 138.5495789472992, 135.08546654312937, 132.66207954969138, 134.87027516871277, 134.19971848970368, 142.3945058899492, 118.49961208260929, 127.27636696893994, 138.54484091365822, 118.21237614425611, 135.18952005690784, 131.85910137683507, 140.52793735175544, 129.57666045728033, 108.18288803900032, 138.21424425513874, 138.53694252749418, 136.50600356044058, 135.57242257597073, 134.01010688621903, 126.52700857598019, 145.75711965966872, 124.73346008112954, 104.02845941560409, 138.5258812914551, 120.56621987078422, 130.12065792467803, 139.2961042619134, 139.0803860428601, 109.98568226310978, 130.28363018371462, 138.49437830616674, 138.51165370482536, 130.31138517777632, 141.20339075570092, 120.80186969694721, 126.60152617381053, 145.25984622498245, 124.40380073224313, 114.05882742031004, 138.49425525908865, 130.37628319136977, 116.81511011912696, 144.56095593530975, 131.77076898962616, 126.3691711308787, 138.49190671217104, 135.13050049636365, 138.47368043220243, 108.41693345652769, 143.11276053568793, 116.06997921723197, 128.4897543938908, 142.07985009252857, 129.26114857227248, 126.52085167392528], "fourier_x": [-593.2688935502465, -574.065125079745, -582.0885898049944, -605.5066478664677, -593.8751397684108, -601.8602167305886, -577.9827877172451, -623.8324625039508, 125.01203279219617, 122.21206826030868, 122.47728365891282, 120.86565058647304, 117.05824343839056, 120.075501244322, 120.20078948837201, 123.30828697559183, 96.31032387168622, 121.81391057494237, 119.42748631205156, 118.64685078616495, 128.9363054348095, 117.27586166293935, 130.3835765823874, 119.38520474353531, 126.54678381116013, 112.87959440825571, 124.1903237754039, 131.79278250024763, 120.79882877918108, 136.62939481556532, 123.77458196982113, 134.46312815263215, 116.99966680333932, 126.38745852422913, 114.86080559369145, 111.8379358625539, 109.03465384722564, 106.82840996433299, 116.63436383091107, 131.44793743191877, 125.45223179766123, 122.28876732062218, 126.0736667154616, 121.27015817798343, 131.10159222087748, 113.13236205267687, 138.1864319579707, 102.418011078815, 130.04886812139705, 121.27665745449596, 129.62124676575937, 134.82583642034464, 129.99118250562424, 139.11211630035635, 131.6098010339057, 136.70795779760854, 113.7287514937357, 132.4475026549491, 118.35328166189257, 129.85482711199228, 120.91342517890371, 130.39506950121537, 114.16768978486202, 135.16000515863468], "fourier_y": [124.68821451436744, 173.10614499773544, 160.51370140337727, 153.8540467714244, 154.8652478095918, 158.9983935504461, 158.6779335374479, 163.53699362303252, 125.8554150818976, 158.46461173556636, 141.02336452604587, 162.12923999203284, 147.628840032473, 145.2368412902486, 153.34592227938663, 161.3145934678872, 157.12640473926763, 151.5102610236395, 168.7843430477239, 144.02778997529845, 168.10755272007555, 162.02849325887928, 154.24395004393313, 175.20073441495256, 151.41174582126757, 158.83159498174882, 157.41189422030007, 162.47660093576428, 172.21349185789197, 151.83919529566327, 159.01540815187434, 153.1106034258738, 160.4678712151697, 154.35518883112854, 153.32143963087128, 146.18302320565877, 168.1488628972785, 151.38889301341368, 161.78260888808478, 169.09994947778603, 160.81100879602354, 152.75453612546042, 175.3744106967457, 157.5653036207138, 173.01259469907956, 155.68524986505477, 142.5844747092479, 174.39606015399576, 153.4992450274057, 166.67348053261952, 166.1565003194658, 157.79999893079545, 163.26237544706572, 151.7316581027108, 160.4712568805721, 161.99132284016076, 146.7283496110034, 172.31838734519755, 165.59368248658245, 161.30980099996555, 167.72634901547477, 163.60671894310627, 155.64589079302013, 168.8725255507521], "src_path": "/Users/hagardolev/Documents/Computer-Science/Third_year/sara_guidance/db_3d_models/db/9/m923/m923.off", "name": "m923"}