{"fourier_z": [138.55115812556633, 142.1380165477487, 142.90301199976136, 133.30891544025448, 104.58631439190842, 130.30762934748486, 135.25010954516358, 131.1947238039806, 137.01396390225727, 160.896910562265, 163.97780036139704, 153.67699642809544, 126.0367782309444, 157.86261109533237, 161.17112456231513, 148.643765581343, 134.03483301364116, 152.1800224224552, 155.94923798179133, 150.74820791437148, 78.99211191455538, 143.35488526656093, 153.0368999397365, 144.02048595903415, 134.11698729490473, 136.80301852191184, 136.92479276969266, 134.23213054495312, 140.49806887927573, 148.11161374312056, 147.52939871883302, 130.47829094617623, 134.95799026276939, 154.1881614709666, 155.93791591936414, 147.16521529804743, 146.31097625863183, 156.9950041837688, 162.66318488498544, 149.11487989076886, 129.46233692400267, 137.84477949831592, 142.56220313662527, 120.01762332521128, 134.92914887646444, 146.26234035988426, 147.22264964383874, 150.87861759800322, 110.22882470436643, 130.83280562805533, 139.90239420859302, 132.10453033082229, 123.60289321784026, 136.56058620475767, 131.80412016802984, 132.70791959546136, 126.85826189685261, 134.9319292970873, 148.90109084320775, 131.278669810387, 135.51684114921986, 145.72914434955766, 130.2015556479043, 129.63430111275227], "fourier_x": [132.7975166765307, 157.0412015138296, 152.13803950497487, 136.59826420917628, 157.93641062904948, 145.7124659673205, 151.32532668623145, 165.33726126987165, 164.97558041858127, 121.11496239915112, 162.11252887043656, 161.39053446960045, 129.1899792307823, 164.78394844240972, 169.86990265672767, 162.23003691980665, 167.21466374088715, 160.09305837665715, 151.53340903849525, 167.01033067102662, 155.53590285837126, 165.31263301090578, 173.13088327283452, 143.96778943242296, 136.92399740377508, 161.09215332716838, 147.48046817574556, 151.7151988805564, 164.74983803014146, 164.04470229438255, 146.05066987331088, 184.25241911129208, 163.1367174583496, 127.83373452006816, 161.36181118061137, 165.90237294295352, 165.63377592305486, 163.50180510287433, 185.47191689598546, 196.45858850323782, 170.3351392077988, 163.50169367718178, 165.26742438606274, 172.4983309937687, 151.12178884959977, 183.19496168279218, 197.80883733633613, 201.14113733423804, 150.38432706298642, 171.73646832639957, 168.83366949935603, 156.5933079907253, 181.7091083337326, 197.01164250544076, 201.3468994002257, 196.05338175416256, 167.11884773813804, 166.68177678806308, 165.69209107158417, 179.42957626851233, 196.37655059070943, 201.25078088416427, 196.96308134932076, 181.09419866094981], "fourier_y": [110.82527090316857, 142.1717834042197, 139.383145790464, 141.17542971852072, 133.07512454224513, 156.37249383151922, 136.6198848583267, 160.56221357732525, 141.2118911218197, 128.84515757557645, 167.52834442121514, 156.07251289143048, 156.70153817559162, 146.45613625697837, 138.35590351624393, 140.492238012062, 154.6848597296964, 162.2091199620553, 153.4040868596885, 155.87939182548027, 146.08390927171183, 164.54603570711018, 159.7650883544872, 158.23365361562654, 140.8963152810184, 128.88514220037726, 154.7888510416806, 151.87353630391976, 145.53728076096436, 138.60966773764756, 132.28796820030698, 139.52158512448455, 156.59677498527725, 165.55099499088004, 166.02119027970036, 138.9063354530793, 144.60986975665696, 163.46806006580462, 164.02325948602754, 171.65790078231356, 150.86730903680842, 144.81366192083345, 156.5638112372034, 141.09065331452177, 161.2180099685581, 141.72633210244663, 146.5344904255758, 158.94867265727805, 122.29741461155632, 149.39380791188506, 152.41868604192402, 128.80985829316137, 127.19908878679385, 150.71017889842355, 174.49222989449595, 164.3919731196845, 154.83999934323353, 123.02252958536732, 164.61320161352205, 157.40965450682506, 173.07297088024117, 133.27468892011956, 147.34144178916804, 161.5361439552143], "src_path": "/Users/hagardolev/Documents/Computer-Science/Third_year/sara_guidance/db_3d_models/db/9/m925/m925.off", "name": "m925"}