{"fourier_z": [-598.5751760608682, 103.25402239168399, 134.16753670525057, 142.9724874611696, 128.69540881976175, 132.36210392018805, 145.0802071742175, 136.06922025302137, 128.35782025297405, 130.92703333744885, 139.66922508157285, 136.7613095334815, 144.00365584991965, 138.54901737953696, 144.53262240471204, 137.49497435527556, 138.48528186842339, 133.90145478784254, 129.60194542573686, 120.83251242402369, 152.86454587720357, 143.78326571800807, 121.10562992064303, 126.18604548197874, 138.65987652554466, 110.24870272334428, 127.09364924719124, 139.3871994590217, 148.4576193615739, 135.159553995205, 130.42127776300583, 132.22621157402702, 127.22394100098651, 127.20864643796753, 129.44294484201242, 139.13397941208854, 137.01912076746822, 133.98238598812395, 133.97655196050613, 138.20136188592448, 111.85063740590182, 137.7516563871603, 88.71440597851768, 113.85773816233163, 147.45951354535575, 143.92098803792317, 85.23189425419866, 130.0924488720751, 137.1967709208897, 130.0506010153586, 138.12937886790738, 127.85336627658623, 149.27934956445665, 140.5093850186141, 141.4960898195202, 114.6837944274746, 142.70086806859186, 95.27274180221443, 146.63325455864165, 134.41680652061797, 136.52654541820985, 130.05402518388107, 147.3396095620135, 129.13447728520066], "fourier_x": [124.68821451436744, 124.6866353361003, 124.68189730245932, 124.67399891629526, 124.66293768025619, 124.64871009362646, 124.63131164788975, 124.6107368210035, 115.2822834874421, 115.76168439485969, 115.6859523410993, 114.29770792705003, 113.67488522976794, 113.39830236418307, 111.42347518285453, 109.25369021418274, 128.19211148666443, 140.74029996538448, 142.25575559467524, 135.86323190252986, 136.41297730666946, 140.7804626778242, 136.09426906419853, 117.2251019951926, 136.5544984734182, 134.473519908919, 133.24653243139932, 135.47716098593756, 134.17129661505874, 130.55474085965807, 131.77584355636992, 131.67148748837147, 147.68413187247825, 140.65709701425408, 105.55144864610003, 135.26671884755484, 131.21536916536536, 116.25545190841173, 142.7360515864715, 144.67607770101654, 134.1299037344757, 139.25444715456624, 140.72521362142734, 134.17604667483755, 134.9161312563955, 139.07506256881706, 133.70858757760612, 127.11644996775294, 126.0628426940205, 148.54849950170438, 150.1534362959673, 136.52992583891748, 140.52083617967722, 149.65371761799705, 143.78071717122043, 103.11952693108577, 140.43900351839434, 132.33305824268737, 125.98650248683286, 139.02100001486534, 136.34148434521728, 118.61273762995421, 133.90437387581915, 136.94413292795025], "fourier_y": [110.82527090316853, 172.19745051597417, 161.52029980519646, 152.43095004212765, 156.33999587346975, 160.14353308541536, 159.875321133829, 164.71857115644838, 131.11835211848964, 156.73413834968423, 148.63959315893175, 159.96702908066123, 152.72262663188093, 145.6543402065102, 161.83009560924944, 162.74976787059128, 156.7168957912872, 147.16014450981444, 167.65622043498863, 147.05251503042035, 168.30239103636234, 163.65839636918452, 156.57326784834655, 175.30787930229945, 141.26592113697998, 157.04969038860295, 152.6628797144985, 153.82805454094483, 172.7603318085676, 153.24861684530867, 165.02886288999832, 156.65351966839907, 153.41279355077143, 155.2486101288687, 148.4126745061771, 139.2367721282612, 168.75259129430216, 155.44368586965155, 162.38891167148614, 168.70063814617572, 154.32971219777582, 152.05876176529299, 172.7885191685148, 145.55986913605196, 171.92622842667473, 158.9191985171183, 141.9405850315933, 176.77056224312707, 112.57587928625992, 165.48082515199786, 173.56717959678355, 152.32881469663096, 168.18522269143818, 142.20771722401955, 163.2600047224184, 164.33244246364154, 140.38860415385807, 173.7651353857276, 163.31267277213323, 166.8005635104093, 165.02682947104972, 167.46216170664798, 152.56322055510543, 169.61847408121258], "src_path": "/Users/hagardolev/Documents/Computer-Science/Third_year/sara_guidance/db_3d_models/db/9/m927/m927.off", "name": "m927"}