{"fourier_z": [124.6882145143674, 116.39118912915012, 140.1449488270763, 148.16793019384048, 139.52132127478512, 146.20818352948007, 148.42322963837523, 152.0555142552223, 124.93828836462913, 146.75193179459828, 127.57798914360592, 143.06774752966544, 153.55679356861114, 125.65945104502559, 148.220278324683, 146.75597973401278, 128.0687299122922, 124.76469281909003, 142.9296269510421, 141.66541406808972, 147.05710795678385, 143.9637979938973, 141.2945965130086, 146.59972609074612, 125.37358829768246, 149.93758086529385, 138.54259760377653, 144.4578782474065, 145.57971344937567, 112.19794562753542, 144.86419445925418, 134.1951428228767, 134.23332546607668, 135.9969997856468, 127.90667995771716, 147.2490822508363, 140.0249941614057, 144.4778410515251, 147.57944246543326, 141.23474599351383, 126.41111630489767, 148.6039111769006, 128.79378084264343, 134.40224420036202, 152.077880454578, 109.68991125236742, 148.997241961912, 149.10272675437307, 141.60577281330174, 142.30519339770694, 87.4124741620204, 157.37395841795535, 155.88555526833082, 156.35717926118707, 139.61311960701045, 155.3176932318326, 132.1544981355663, 148.51107893075073, 144.24679531201508, 157.42389476896034, 156.55651381060034, 137.57502635095832, 156.55024476667015, 160.3114212414492], "fourier_x": [138.5511581255663, 137.2045390105784, 137.8555255811273, 124.1158214405756, 127.10256635388559, 122.30066210002022, 123.21556842402791, 134.61886942958324, 130.33612441711006, 140.46312307070968, 107.7835057378004, 147.55466519084501, 123.8381573841829, 150.9390828398743, 137.47325736566955, 153.8739847141718, 125.477805599005, 119.48638958720656, 144.82353028737504, 142.59504615722977, 139.9556864503202, 140.50095254525576, 124.29344269630329, 140.67820866276088, 152.48940689708044, 144.7116758788281, 146.22866021959243, 151.4087863194735, 136.3238541306339, 140.63468004555233, 157.0753602907519, 151.42174237921074, 144.7877460624752, 155.18314968967778, 151.5179413607464, 137.26189768539496, 133.97807189508507, 151.91634195190125, 152.45182848874492, 158.1948384814114, 147.6747154373469, 134.62260505909742, 139.52118772553104, 123.51421928644709, 140.94946687506194, 128.22918993077957, 157.29875365277397, 139.0287835410116, 149.60539899125925, 139.14021911664278, 147.20888670961858, 145.08654794750035, 146.41132409760786, 150.15371055220092, 138.13757487649693, 157.61961283117452, 146.9653688102511, 151.45150740719072, 148.4326596242779, 136.21408107937117, 140.32082860623748, 146.6387405266769, 153.84431556085883, 160.08419405272997], "fourier_y": [178.84921853641163, 175.80414984469172, 159.79404425374594, 159.15185652429696, 160.1270037989792, 175.2016117023362, 169.00491710421764, 159.65198219640365, 174.32072176820702, 180.74443203856185, 201.93536390453215, 202.27018068543134, 190.6154396106156, 179.33018098603054, 195.23849448298188, 197.58269029796912, 167.5466031025547, 202.93282407874, 210.22896083227204, 207.55702991745127, 195.92755295369693, 182.13795590917863, 203.36133176183955, 198.930987892911, 153.57362493321543, 202.8815140857683, 208.3087448434696, 205.8795923751324, 184.03841980066161, 184.32029232782472, 196.22895055496687, 191.18079459719735, 169.73736706100485, 189.79811253121196, 194.3662896809663, 187.05248946119244, 160.48567769121743, 158.92279013040343, 172.34140730719278, 172.67626540383773, 173.20311608969865, 178.31508416759291, 181.46027738927444, 181.69780279231236, 161.73502912163167, 184.2518731511965, 188.5573547041322, 186.93199115575752, 169.8388028805567, 195.54535752502198, 203.7538208120635, 197.10881821489903, 165.47777017853855, 190.74922930577145, 186.82021728552797, 187.01854774790036, 160.0638994075968, 198.01118850243859, 200.36669307069093, 189.61886119209325, 173.30446684151133, 187.65036095130768, 186.4392325208256, 189.76427500601176], "src_path": "/Users/hagardolev/Documents/Computer-Science/Third_year/sara_guidance/db_3d_models/db/9/m929/m929.off", "name": "m929"}