{"fourier_z": [158.78317635913595, 145.14739194439437, 135.8968963660978, 165.80227730085866, 169.04035124624644, 147.02737342642382, 162.12442534047997, 156.6550877650769, 154.42752449899078, 163.54947966224898, 145.71063770846837, 168.9643504266126, 153.12846449003365, 148.46295832423897, 166.60206685753337, 165.5826393462196, 154.09921726367915, 169.6704807149248, 165.90748825512233, 165.00604205252029, 151.9424297418934, 157.25130357451323, 168.99194930577158, 156.8681480039822, 154.45581625433212, 175.5370750826429, 165.09146438887797, 155.98362160468577, 166.6393109456141, 174.31281014305782, 166.23582650135486, 158.7278264181063, 158.9303103200402, 153.8802746503784, 175.0213898391679, 129.24403283238163, 168.64726361395097, 174.79122844563767, 145.43196131831363, 156.39483616530168, 168.47933881618667, 166.40917265629616, 162.5614280681881, 159.88953114717378, 174.88659260245598, 170.88545775573476, 146.81333622617208, 163.28011872235425, 166.271482002919, 169.06751108022232, 141.7079761915355, 166.04271670758988, 157.22959416080943, 162.10039091600194, 165.77108040975415, 144.11384586802296, 184.8100883937495, 169.29648986142632, 151.55709083907317, 162.97787191339435, 156.16853707113316, 154.38830420634451, 159.00598933767566, 170.10136189172022], "fourier_x": [175.20278740053254, 171.97179096100515, 169.08204717293722, 157.00052173194368, 160.70870932649854, 135.6999739634255, 157.97142040749236, 161.10548253066693, 169.0321712035631, 168.9163398766669, 168.2631243810173, 151.96750366630684, 164.02917617846586, 159.43190080881413, 163.2494091762322, 162.75016231328476, 151.37326769388818, 159.37069254279575, 164.30127789036595, 125.20823019793076, 155.66584950809587, 158.86900152198183, 148.69826888133824, 142.53163600600715, 160.42832664299817, 157.47592543922846, 167.27259285641992, 157.10196957430472, 143.0087942898199, 164.02762258608078, 153.96139533761288, 151.32914002111528, 161.3179728279963, 147.7652678556979, 172.09555171247698, 168.78028606556518, 166.29704935327703, 175.81433630387608, 171.5006536558772, 160.1072157777223, 156.01758506083337, 134.75270202058556, 171.97756718458822, 168.12417032005783, 170.38412328651555, 177.13892207760642, 171.33315739317882, 149.65069311652715, 159.61658062568608, 161.36921077341088, 164.12828728765834, 149.23498455990998, 161.73463869945735, 166.61181532765704, 155.74770932095834, 139.37500354284322, 162.91967393616022, 171.84571348226697, 162.5818190220379, 159.6512915359042, 133.99612727602695, 113.13126914742247, 150.5332598962895, 143.1413874191452], "fourier_y": [162.12425805239923, 142.90503350634765, 170.98336173322676, 170.15452882901084, 100.54874347400249, 168.15694176270964, 179.22131227170797, 146.1832048409149, 172.90315825956586, 178.51171459709406, 171.43086222641722, 176.69497738827346, 162.7528153096986, 171.18945587791333, 172.95742153255253, 176.084111580949, 178.97446184598255, 186.7901954940579, 172.93702062399836, 180.8087155213048, 174.250816559042, 175.85373658489607, 172.02275319287438, 185.01434835162985, 175.84370678971126, 185.11906596772573, 170.15586696016757, 180.3088714320346, 177.99291559842936, 177.62452913789647, 170.04251498692128, 185.66526975794324, 158.88107479526536, 171.4214007155174, 163.54128277566156, 174.00799006943916, 177.23333044671529, 175.9113594194449, 165.760723815794, 180.33638786736216, 165.09011458517955, 154.58515948783105, 164.99744818886836, 160.14084416860032, 172.45335966507338, 170.6283911198866, 171.16432142759493, 172.81663563694525, 180.07231259669453, 181.05515993865762, 171.4157498988141, 161.34116665467545, 164.4116769135204, 161.7317015298282, 179.0987137492781, 174.7394887938157, 184.1129306318447, 187.04922995297812, 173.04969291465554, 170.01200539799441, 163.21335677751534, 150.5314013372988, 182.24196172562299, 177.2576355516582], "src_path": "/Users/hagardolev/Documents/Computer-Science/Third_year/sara_guidance/db_3d_models/db/0/m93/m93.off", "name": "m93"}