{"fourier_z": [-596.106575281553, -589.1751034759535, -632.010358761623, -593.8751397684108, -590.159504204086, -590.6395963959496, -614.4684656559821, -607.7380833796097, 106.331797701882, 138.56989936073802, 77.48794993961945, 135.46240313004031, 109.11190420611881, 129.94433775238167, 88.8448314107412, 116.73566138083915, 119.78299079969969, 148.21105308213197, 86.25428869571167, 144.79803623427082, 123.44386768379287, 141.803729958367, 102.18874758769324, 130.35712167852623, 127.19850751484555, 148.81228053108887, 85.30439251974343, 144.87428132616995, 130.79120137428137, 145.63489298376078, 107.80779088692066, 136.28431754760928, 131.9643821350684, 140.96896847355933, 73.02347302897353, 135.63745828558982, 134.61561983249678, 144.1988382162437, 108.95727287608763, 137.83602961220853, 135.1273672543734, 100.88417091997096, 58.302443597058115, 85.67988284742911, 136.1812765077895, 136.80451393763346, 106.37207257454367, 135.88224104855317, 137.1357209396462, 138.0525479235782, 86.40984948616668, 138.72675029316275, 136.39770446114966, 117.16697327312406, 100.39287243015681, 131.02533278923838, 138.2056107827126, 151.54290264431322, 95.99545952320713, 150.50822801283073, 136.20604644756978, 118.93856792172537, 94.79126536579875, 126.43391458436271], "fourier_x": [-1279.0775588991876, -607.7380833796097, -589.1751034759535, 257.30936942590995, -589.1751034759535, 257.30936942590995, -615.7231603417874, -581.6373854521897, -604.6655275596252, 141.94601437881482, 152.6206504434304, 154.8912471764127, 150.93230446144477, 138.91559022897522, 136.27064053674988, 150.71347659868977, -605.0735800565114, 99.97693132554282, 115.12634995105128, 124.34337123871308, 130.44146593217903, 134.24551545718336, 136.20399745733587, 136.70049941119441, -589.7005650925335, 134.53791234724224, 145.20082693265326, 147.4590778356325, 143.46380624932868, 130.38265033095706, 119.33833929267236, 138.3074575421644, -607.2913048499344, 75.09570207410982, 97.51295358228123, 110.53000730117525, 118.45417677916532, 122.93722181808569, 124.75184022621326, 124.38600356451595, -580.8192604919243, 121.50635760396383, 132.88688378058922, 136.95126826618625, 137.51581620952084, 136.7836732052419, 136.48175229933562, 136.06705847044205, -627.7652185650398, 105.83446379630503, 117.77589588326371, 122.89463400811994, 125.14070320636915, 126.62011330331909, 128.6364010715939, 130.9434802195509, -580.9939427457255, 107.96438144990364, 118.69064203040493, 121.18591285704764, 118.14765282811406, 110.25605910433434, 106.89711926191642, 113.77188342168364], "fourier_y": [124.68821451436742, 134.46667346786145, 144.54421288604055, 148.61708424356928, 139.55551655853776, 161.5168470655126, 155.4382342294107, 145.19981958004098, 157.5623273427786, 162.47059794115978, 163.2230564539299, 163.47694637111852, 161.39743668065378, 152.59368989981405, 154.7718956195585, 168.64303583675596, 152.20345377178256, 142.08786917359367, 154.01209238742436, 137.1631965472826, 150.10238828896087, 160.27887251979408, 157.62263594818853, 175.81508621172605, 174.3379684107356, 167.50500941083143, 144.98073804517927, 157.5059646676071, 160.158802403952, 170.3048375947182, 161.15808932033102, 148.25701364908775, 169.75704301517854, 171.5876700672358, 168.34186236800778, 144.38731445072025, 167.92426000333154, 170.2739137410377, 168.61759733693387, 162.0223340707878, 134.18891277762572, 157.2496064052554, 158.7666659177936, 165.8779664166504, 154.91958982176507, 149.5952860836773, 142.58477643184705, 164.07202299184155, 116.86723758896412, 161.5461911850345, 149.0838707814162, 144.80711621371074, 159.4514411775234, 167.60374614544077, 166.37605589435725, 128.71867623983783, 131.10962390376295, 152.66617688847356, 124.27783798897846, 147.1249944496844, 160.02630481815976, 168.60803726384248, 150.2288452982491, 141.9837327501404], "src_path": "/Users/hagardolev/Documents/Computer-Science/Third_year/sara_guidance/db_3d_models/db/9/m931/m931.off", "name": "m931"}