{"fourier_z": [-610.8463515031931, 90.71941808670162, 143.53431011548003, 96.79184282007543, 146.53336597416614, 132.69210204203264, 137.58202293827594, 133.14385834889063, -604.5294092636708, 128.17515361278066, 125.53579881848337, 141.67951072308773, 137.64912935899173, 135.03040558178097, 142.75649063058165, 123.78772341950138, -626.356184005037, 121.97331061610387, 135.37579947601049, 137.70633188362558, 139.69791258659765, 134.9631955764952, 143.00643408315662, 120.8875101293192, -598.6297986512351, 111.01174551603097, 141.34560618494353, 119.70018806201554, 146.51142829076167, 131.34553262002098, 136.45735988327766, 136.52751877118274, -600.3321399048186, 127.13757403966979, 106.35020238100331, 142.63224900340447, 133.1160991316238, 136.79395128943787, 142.41975859616286, 122.4280977785893, -603.2692616988782, 102.78015007836282, 137.8643119806771, 130.01570711550863, 142.13592536921544, 132.46662089520706, 142.67182297508924, 130.18766232090903, -589.6799749561866, 118.41070809929887, 134.72228288351408, 130.3288659169773, 145.51052804400877, 132.00844651112948, 132.86031359052768, 140.3522174407428, -596.1741936511595, 117.9250419282536, 118.26399170731901, 140.99034295767495, 123.88487988082355, 138.64485690378936, 142.4453545664259, 110.28444179766693], "fourier_x": [124.68821451436742, 111.16204878655304, 112.1074765644895, 126.6876604741027, 112.05788154452742, 119.95463172088051, 130.00418904833566, 111.74093700900274, 130.25879975635837, 144.70494336364695, 129.8938802159816, 143.39000908803683, 143.67794109020085, 132.56939691840785, 147.8164426138275, 135.42266372469507, 146.18453860905868, 135.59393131345288, 137.4236852171896, 144.55200226390392, 116.86804277171278, 144.0021188093374, 133.09787628233295, 135.35766639529083, 136.20944519756608, 133.4862289075986, 144.8233061666496, 124.69402977250067, 142.0567099178538, 141.22002755653398, 127.35758393088284, 144.1464542155709, 123.96867180284035, 153.2559535778724, 136.8093259850763, 147.7760589971262, 151.6184308562968, 127.43224038204397, 153.2188793801181, 140.82087130705392, 150.95412111953047, 92.9655508950806, 152.98501750546325, 143.1774856826588, 143.93148993398847, 153.7741631107373, 107.39677003460366, 152.93597463704043, 138.38228507509882, 139.61466350410043, 130.6017828647381, 140.04079045276112, 133.69525268264348, 133.68880849305106, 137.59391259203383, 128.06164332478414, 111.55910885039759, 148.79736400599083, 134.50908385810186, 142.8262227799747, 147.73580006203125, 118.3534533635142, 149.492545932246, 135.66640074789677], "fourier_y": [124.68821451436739, 139.4023805566004, 143.2415827743114, 144.56639431909426, 149.22344743219958, 157.29551299188597, 139.20001266234613, 115.38437376139241, 153.62420772287717, 154.52535656788902, 146.31910663467676, 164.51486443886697, 167.2525293862235, 142.6746394965299, 158.15831738127264, 168.22180559044932, 156.19538051156633, 161.0036290406262, 145.83068919041975, 161.66821840512495, 129.88123641567643, 147.65158402121588, 152.6270812264358, 166.8146897518364, 173.55368530248438, 175.57704217011053, 152.6069546537713, 156.37150587740703, 160.12515165900402, 169.1419237846041, 161.3638055193613, 154.42293509243137, 173.23724674826067, 171.02564081513174, 164.39683040218515, 146.3969675218903, 166.15443348045503, 165.02962996832264, 170.08411762984417, 156.3755249872983, 136.97676537728165, 154.72651350299506, 156.45477987422623, 157.8274964296382, 157.16446179762673, 152.9528775604835, 144.5968016156339, 145.55617997314155, 129.6936612904378, 144.75538814532527, 135.91335176023858, 144.2991942367436, 154.38560422748301, 168.64995047904836, 172.20037355983607, 156.31173319292427, 126.88701935680342, 141.6173649396484, 141.47017524340558, 137.90231550550752, 163.95166654520955, 158.72585944375123, 154.13453265472756, 140.13880387994993], "src_path": "/Users/hagardolev/Documents/Computer-Science/Third_year/sara_guidance/db_3d_models/db/9/m936/m936.off", "name": "m936"}