{"fourier_z": [149.74347388427478, 169.05360099765363, 185.7400804109718, 177.8036171167241, 186.92909086155666, 183.88077313544602, 168.22790892569952, 184.94513742032143, 169.43724897836057, 154.26593644599163, 163.74319971016436, 164.10127642942027, 181.861498335511, 172.20352203375904, 174.61213060533495, 174.48704652828798, 153.81663760429228, 176.34797150704122, 149.05666748160522, 158.04574053889817, 183.12448051055387, 180.84774555328272, 177.35411010483176, 189.87359615141443, 179.93813576846827, 151.76065138342412, 183.70997303448317, 159.0029871944309, 161.56814371273626, 191.03630494520334, 186.16291560164711, 194.02927975779718, 177.9271934849557, 171.23439699967184, 178.92393564812096, 181.36086439528967, 182.34466798855524, 175.0982931754024, 190.4028726589924, 194.1150101216692, 165.37800654331872, 177.31189838712422, 172.32205141533353, 163.9924271284384, 173.73501884963787, 173.7287863830805, 182.8152369392683, 184.1399017549546, 183.16456546386095, 179.9364200505876, 185.10655463128938, 190.03416615722483, 189.8957648064743, 196.6675419793508, 185.57565977231522, 192.26698317426718, 173.17234793925013, 163.49744841946182, 182.78989764690837, 171.57691552657343, 191.97000122396832, 173.7867985309616, 184.06528011577424, 180.03241817054698], "fourier_x": [149.7434738842748, 141.55288229696006, 142.3551278409479, 146.32264192001094, 147.0244638289415, 133.22744939318883, 139.85116356968513, 149.25796620280417, 152.25106276253848, 159.15670499705996, 149.608577650342, 130.42215540766406, 153.72967751611424, 153.099277782955, 127.62930369792076, 128.64198883734633, 140.19035405083696, 153.40939458974145, 146.72330096245364, 145.59020128200154, 151.186384090086, 153.37511405249305, 140.57514076262004, 134.1249950302572, 143.02263013820487, 139.45891666081667, 134.38797458115027, 153.41650980633105, 145.70044736011758, 147.55414466519963, 147.02308229964933, 154.21003860442698, 150.6151506838739, 138.37393437585683, 134.0628631276319, 159.98033762167123, 147.8591760550288, 140.80251314981092, 137.69295524650215, 158.36614490804502, 135.71456117859685, 128.96821545607656, 142.80797214485742, 151.9967168806197, 132.5742013958108, 135.78355678018968, 127.96651374113793, 154.9539609794989, 146.93923288167707, 155.5532252101585, 157.5321863183054, 120.34931626653488, 153.1006196766665, 157.04445951618732, 152.1054782656299, 134.2847487710601, 149.7389298827355, 149.15816076983631, 157.3509748665467, 151.84554299668213, 149.48407116326672, 145.7589064187216, 157.8400395045529, 144.76051575465416], "fourier_y": [167.48953778429285, 158.47430588972975, 157.04502677506616, 164.00375574754264, 167.04015847746288, 162.01609103214864, 164.37718636833497, 167.78146881973282, 165.666399825954, 160.83910385975204, 149.9567385696233, 154.7322914776022, 158.04759840178636, 151.21216476421853, 134.66269612419785, 147.1376379337548, 133.72919220549656, 154.96071283092994, 158.555899435354, 156.70088940766658, 147.1121442925383, 159.88330828848586, 158.97087089749422, 146.4393277593374, 147.53302957728866, 149.96139686175272, 162.98101194865947, 160.32096178091956, 152.05100298691877, 151.6882174703529, 169.73935237837222, 161.00732472582453, 155.59947291246144, 140.75026308717665, 157.3902846465961, 158.1154007459544, 158.0573646978, 143.94467982253775, 167.48340701146773, 161.92335238576433, 159.15404631347857, 126.38234217181486, 154.74273751599716, 153.9157730759879, 151.6837757999529, 130.24291438898987, 152.26836424929007, 136.17121548731825, 143.0046171604636, 153.20219411044408, 78.15243858207188, 135.3641378792468, 134.9368067493842, 158.71427502188848, 107.65452989576383, 141.04649153245992, 141.14127019398973, 161.11668298788746, 152.20601577873555, 159.74744986262994, 145.07510376292817, 162.27507315983544, 151.71172798723012, 158.03208644556238], "src_path": "/Users/hagardolev/Documents/Computer-Science/Third_year/sara_guidance/db_3d_models/db/9/m938/m938.off", "name": "m938"}