{"fourier_z": [-561.4411051462595, 152.37159973956062, 110.72393095048879, 168.56027973011354, 119.86953248505904, 146.75836747836107, 145.77225245270645, 142.51820229556054, -570.6515810864266, 149.2978582953381, 126.07096108866901, 153.5099962402164, 138.13407352077894, 149.1903158112783, 160.83909835906329, 146.69983261483398, -569.8358582545891, 137.81452883626406, 125.8151804129475, 157.39955569952141, 137.79400412694355, 137.23566593200164, 137.46075630588325, 134.67350922781225, -569.054892966582, 69.29325112637684, 132.329168868811, 157.1866587254691, 144.69685194050226, 111.72817632917621, 161.19280085118174, 112.19098699723226, -570.2387578842543, 137.9730569170716, 127.55448590735844, 164.317001258253, 140.07801091003594, 128.69667693426297, 159.78193676715046, 122.64088688588829, -575.6427953208611, 147.9390250651558, 121.9819012262825, 161.26554035235029, 132.80700653074766, 147.516923077158, 145.3154103002233, 146.01551884587695, -567.7955022749431, 149.59587943121608, 118.41988444805733, 148.2462478749689, 129.77356151718456, 148.7989968778319, 154.01618856426862, 145.85030344599127, -566.3773180347847, 145.56867609223397, 121.68547742957047, 167.38147071601563, 132.95118561511794, 139.59689976415694, 151.34306726640983, 136.5083579827795], "fourier_x": [-601.8602167305886, -586.396418965919, -587.928068690944, -609.9695188927519, -568.2256461937955, -609.9695188927519, -582.2046452661975, -581.8981078552874, 152.37159973956062, 149.29785829533813, 137.81452883626406, 69.2932511263765, 137.9730569170716, 147.93902506515576, 149.59587943121608, 145.56867609223397, 110.72393095048878, 126.070961088669, 125.81518041294751, 132.329168868811, 127.55448590735844, 121.98190122628247, 118.41988444805733, 121.68547742957048, 168.56027973011354, 153.5099962402164, 157.39955569952141, 157.1866587254691, 164.317001258253, 161.26554035235029, 148.2462478749689, 167.38147071601563, 119.86953248505904, 138.13407352077894, 137.79400412694355, 144.69685194050226, 140.0780109100359, 132.80700653074766, 129.77356151718456, 132.9511856151179, 146.7583674783611, 149.1903158112783, 137.23566593200164, 111.72817632917622, 128.696676934263, 147.516923077158, 148.79899687783194, 139.59689976415692, 145.77225245270643, 160.83909835906329, 137.46075630588325, 161.19280085118174, 159.78193676715046, 145.3154103002233, 154.01618856426862, 151.34306726640983, 142.51820229556057, 146.69983261483398, 134.67350922781225, 112.19098699723224, 122.64088688588826, 146.01551884587695, 145.85030344599127, 136.5083579827795], "fourier_y": [-1250.335552860392, -609.9695188927519, -584.3200253181365, -559.2177807404137, -576.5585843168274, -588.8378377867617, -566.149252546013, -560.8429700353913, -558.1759090761013, 158.25036969144963, 174.18759549630838, 150.69631518888679, 158.8075351441736, 135.75603555282265, 157.74251344980374, 173.1514997616456, -537.2645519678231, 174.18759549630838, 180.85015758313858, 170.8353343160838, 173.2435408852645, 74.03974773583175, 156.97076051201748, 183.41088339643784, -533.8957195223284, 150.69631518888679, 170.8353343160838, 196.29103113891645, 147.2412612626734, 135.42306690924795, 184.89655517099573, 159.8476487302776, -552.1589179589923, 158.8075351441736, 173.2435408852645, 147.24126126267336, 157.47902057917292, 135.67142240329127, 154.7045916663057, 170.55147147104992, -572.8588083355964, 135.75603555282268, 74.03974773583228, 135.42306690924792, 135.67142240329127, 125.9486830173426, 128.66607096877902, 140.6400692504119, -549.3328652650423, 157.74251344980374, 156.9707605120175, 184.89655517099573, 154.70459166630573, 128.66607096877897, 180.866413037761, 159.3333334612254, -543.1557023342756, 173.1514997616456, 183.41088339643784, 159.84764873027763, 170.55147147104992, 140.6400692504119, 159.3333334612254, 181.64349821517555], "src_path": "/Users/hagardolev/Documents/Computer-Science/Third_year/sara_guidance/db_3d_models/db/9/m942/m942.off", "name": "m942"}