{"fourier_z": [124.68821451436744, 99.0419317433028, 124.30424806820768, 121.14810475051397, 124.92068984999148, 130.1320491938874, 125.89315265147407, 132.63334736855694, 128.80360831079048, 104.40124822117818, 141.89834258028486, 130.28816243733567, 143.71315578002748, 128.72395372361316, 138.28250613079243, 123.79130307417911, 128.14288088726326, 111.75779902713455, 147.38336691440153, 115.75409988273022, 151.64715507818815, 114.9987996759599, 149.62947542030025, 126.80952592795391, 118.95005760747699, 116.68805732451558, 131.14254868421293, 130.11757952633036, 135.23413962739124, 134.65494261783948, 136.82176837423702, 132.58972716528564, 111.36520160189947, 122.35147060822074, 123.6632050474721, 142.95153348593902, 141.148772963315, 143.73985231284342, 145.76752895894657, 140.43223399668452, 123.03723047145988, 107.43141169148052, 122.44810778251873, 149.41995943066763, 131.8011852842319, 154.22476896961828, 134.5022577550016, 153.60143472166965, 133.10974662562793, 122.82811002349675, 137.15571584523497, 150.55503981620123, 138.90425193917434, 156.6554208584191, 140.95273447547305, 155.90113621880937, 132.73254037868728, 111.4952938237343, 132.1119865010473, 112.9675153585334, 142.84883628135103, 131.11617554411293, 147.9943581285598, 129.98316408175705], "fourier_x": [110.82527090316853, 139.15371804910345, 136.3015874675189, 140.51628879875236, 131.06395553992718, 127.03020345474673, 137.42182091613915, 140.40447650039837, 115.65384108736768, 135.22827742169756, 128.9910800257783, 99.16616698056006, 111.29800484567065, 131.9040262361309, 131.14086636700188, 124.08530222721218, 120.8154202194535, 125.94943081517242, 141.61876396621813, 145.3505509145536, 133.7030352915821, 130.08364408661615, 132.5468636057123, 135.57027379592054, 121.28851469530073, 134.244725736998, 126.15772727990127, 133.78491150656788, 100.73296664280582, 128.81518382522094, 132.7993652169672, 130.17836344866268, 115.75087956486315, 125.90221747754069, 143.43474953510818, 136.8167531852972, 139.08312174655117, 138.64535997890493, 131.89389413494095, 128.09439957277, 105.39080814891076, 105.14554907069476, 139.5739000488331, 138.07202130902417, 106.20399477667118, 98.74533354849382, 130.31348424469994, 135.422412896749, 117.57928219005443, 141.73320615631246, 130.47154566405658, 131.85501406122154, 138.07309731793043, 132.13119698850437, 130.14256767846996, 119.6009918303551, 129.81593523363284, 126.80463900630039, 142.10601272973472, 129.09146795288785, 129.90494128306108, 122.89005604205136, 128.406450916264, 138.11899180896455], "fourier_y": [124.68821451436742, 135.4199655241593, 120.71848234524808, 130.7402221676622, 126.43789307518558, 144.49971951313944, 96.82090214293223, 139.13337172743752, 112.79491974973388, 129.8442480231451, 138.04685903451224, 138.3031176599526, 140.24669252921396, 136.37611363849695, 142.99225754294386, 129.49785422380089, 122.84154790025669, 123.51611044644392, 142.638472297201, 124.43955097970387, 143.196182393043, 133.63997109186664, 140.8455488656776, 132.44853006698395, 119.23318658990382, 139.06506508114694, 117.0762865585919, 137.84099404375448, 113.29640747590204, 147.9940546578863, 121.80988777249868, 141.6857544013157, 115.42507022826476, 128.22055164219364, 146.9479718739373, 133.64855948323407, 146.82797560402992, 121.12446426359023, 148.1601023111363, 123.41608428444631, 120.52361783975398, 136.7983520918216, 135.3358973454052, 129.42432242423587, 137.28622726596635, 145.05752368381468, 136.06749332896152, 139.72451376098837, 98.37679232744462, 143.2222652754223, 140.30472078305718, 139.9704226305808, 138.13753289068944, 146.42710172505662, 143.62503485337308, 138.05091618469183, 117.49631468939329, 131.17160429067226, 146.8969354555867, 119.29126255552359, 148.3939142738188, 121.99007136119664, 149.3934715407188, 126.34909503262749], "src_path": "/Users/hagardolev/Documents/Computer-Science/Third_year/sara_guidance/db_3d_models/db/9/m955/m955.off", "name": "m955"}