{"fourier_z": [110.82527090316859, 112.80935687875217, 104.82655773205767, 117.62908724185675, 103.14772518359499, 113.24851054924245, 111.34298352653069, 115.0811811758843, 138.40877590649225, 136.93902396323716, 149.4983164512866, 152.65285252034698, 154.99072278679998, 155.14890191827567, 149.66223796982183, 149.20039126034624, 115.98387439562674, 86.48093240531581, 122.58005492530731, 129.6303374337884, 133.5780143522337, 136.1274811261757, 135.1083003064468, 129.70696740526338, 137.2504525220879, 136.4447291652533, 146.68940775607615, 151.87116418140843, 151.97530844938376, 153.63238051015924, 147.30304228624408, 145.9563843244634, 123.3392220527688, 116.31195409721136, 136.1990520588066, 140.4289128042262, 145.67851160969715, 146.08669660352024, 144.20120819362936, 140.8099201954857, 134.82204467226737, 132.72149551665012, 143.15903816770114, 147.6773500383246, 147.5877486827378, 149.3387844845406, 141.3637869586273, 141.66611713358455, 128.59082007025964, 126.21852887652526, 141.52190193715916, 147.2648122443978, 150.70693516957581, 151.7744839010389, 149.35520617622217, 145.6706494041819, 130.84696596250467, 125.8147465377518, 134.74103823170702, 140.29320325251132, 137.9107583306881, 141.6211104717254, 129.9682271959569, 135.7140167509225], "fourier_x": [138.55115812556633, 137.4528391355454, 136.83683773635747, 132.930659510621, 125.4523259165266, 108.88791422625359, 127.78364506419092, 139.41181265169106, 140.7464943660273, 138.65253804604413, 132.37421296423096, 125.223941899605, 122.76866180824871, 123.06314084448523, 135.32054814203045, 141.99245714538495, 136.30934109610746, 134.24106480680464, 120.78206440118632, 83.27125799486521, 115.27683839445629, 126.34328175106047, 135.73282250790717, 139.04089214601123, 131.28600557408345, 133.4282286477258, 131.8699945999345, 124.23474247232454, 118.40373815895184, 110.43755453101765, 107.07364099110366, 132.9191308274216, 143.96307402784993, 143.83105175134222, 140.12041183159562, 123.16335394879005, 121.31419660066567, 127.86394868581166, 128.24873625297164, 138.6575603883006, 142.43879951673773, 141.82341693163468, 135.8281489316221, 92.6189945293406, 126.0825113666038, 132.71812172795518, 133.53001225132653, 136.13117482818262, 104.39614059716297, 109.58722616539956, 119.29523796932243, 128.0529370065516, 126.13608223619691, 116.09371187099745, 102.86519000476984, 90.93399096498817, 139.43599773859052, 134.43526188263726, 135.1519005571617, 136.04860985100038, 109.28761660197509, 121.1033944395295, 132.516526442227, 134.91731306509217], "fourier_y": [110.82527090316852, 110.8306287072699, 113.48570525812009, 111.0329847228893, 111.4053715536798, 114.62207978422649, 117.1957968117037, 118.2743661482681, 110.9381675576929, 133.80499998007576, 143.76177724224803, 150.6720579413426, 150.7108369703813, 150.70739966721425, 145.7117404907795, 136.01252694501625, 111.26755595265294, 124.08835829362889, 109.25148538809141, 134.12185780013476, 118.762434557244, 134.19468039206657, 111.8580786094739, 126.61270283777483, 111.78769284237669, 130.45940430132237, 141.5296532951894, 147.63284296321052, 148.32552793533222, 148.18808327864195, 143.5486921505841, 137.0379810960159, 112.46189278908682, 131.1226341425995, 127.22080242723064, 143.31807987938046, 135.7660481595669, 143.16595011467453, 124.7202512971816, 132.66374304915925, 113.2491168905097, 123.44021175784313, 136.7398550278437, 140.8652324844221, 143.1650710933415, 142.7283831140018, 139.1235819889066, 137.0615408411987, 114.109554430473, 134.7814719173371, 133.48311636018397, 147.66779125495725, 141.73457844318787, 147.62028140755265, 131.38400591964827, 136.840294239102, 115.0081662119037, 112.42041214276091, 129.33810646869426, 127.42738205594523, 134.4461705287082, 133.24584232551217, 131.93111460990966, 135.25378253668376], "src_path": "/Users/hagardolev/Documents/Computer-Science/Third_year/sara_guidance/db_3d_models/db/9/m958/m958.off", "name": "m958"}