{"fourier_z": [170.7399163742483, 177.6886735493481, 164.7641432040247, 171.03968481752176, 170.69023685141985, 143.81742994131952, 167.10181885346861, 166.2022262868761, 150.48229771751815, 146.89713388230274, 175.78108468528657, 164.810753798653, 163.91496930871656, 147.59619932279654, 136.8393947980614, 171.71626924933034, 159.81431235356484, 173.2797591179208, 176.02022285222722, 158.85877269596122, 162.86230064383435, 150.781900871839, 173.61514745626283, 159.1084672986861, 163.62859190368565, 161.86168194304327, 163.1791374367364, 164.9296483728151, 177.51717868417504, 148.883178730059, 168.1631451062882, 173.51919042205702, 176.17305572586412, 154.4069502710881, 165.726366741471, 149.28254286362548, 171.71482932645227, 159.48569261081252, 135.11925576001954, 169.22326409972504, 172.5911598879675, 163.16564943549082, 169.95962602164437, 150.75823314030112, 175.29265990748289, 170.5601965553547, 169.4452740830506, 163.7980145130391, 173.85250872293682, 135.89702459823735, 117.57321245539842, 166.92816434715408, 177.9168308436433, 155.6213240761348, 172.07089333955878, 174.21734301158605, 182.01645458620283, 165.9935435658569, 168.1884206582173, 160.8721613501433, 166.55006638771067, 166.51599531033614, 151.67399939504054, 136.32650066836302], "fourier_x": [162.12425805239923, 165.52447003064884, 174.48061771252813, 160.1945312433778, 147.3992933582588, 139.6451207524305, 166.63233173165054, 147.95298670953156, 166.5546347960367, 161.1709530420215, 151.64761095604123, 151.78191362202574, 160.45024367455096, 167.17899094267284, 161.55986003593569, 148.3782158772004, 158.93386461735193, 165.54577316770514, 172.54215226826778, 168.59241248402807, 161.96816170507554, 161.42440251068618, 150.23918477000004, 163.01509511624482, 175.93172918277213, 176.49174603429472, 180.5042218433189, 173.89587632497955, 138.11508497127744, 156.57123266551605, 150.30273080074062, 170.64870491592063, 176.9757377387995, 177.19992328747128, 173.9167892302012, 153.05069943629184, 151.86403507489712, 155.6997847168718, 137.8383706649406, 137.5303108193307, 165.54173873883485, 155.44977714413218, 169.39680956328556, 156.3321178186899, 154.17528655391487, 163.0042480559786, 174.28293364432452, 169.39346729298992, 154.04733714328066, 166.37497862965284, 159.97014090670294, 160.46959755803692, 156.74215686849226, 155.38154805267678, 158.3278733523622, 150.59975673084008, 169.28776613523928, 179.171231272289, 166.51244746020635, 162.82367576895302, 155.9117181707149, 146.00605495817553, 146.25398666261563, 154.30008987022026], "fourier_y": [146.66046028772965, 168.93255144484837, 149.12952876555192, 165.87724667793182, 161.76945595293432, 176.79471311742392, 172.27688062569186, 159.76767348849808, 175.67329803664302, 163.13670516663282, 148.2536443030782, 167.61857247325483, 168.40405859432263, 165.37221520872686, 157.88154718469767, 156.20771226808424, 162.4709194828895, 163.91428321900645, 177.6467340804859, 171.85936518203783, 164.5254109190123, 146.25418633153342, 145.96027034793048, 179.4827599204765, 178.6085234827455, 171.49237389884806, 185.59022519244752, 175.6114192127312, 170.19038576422486, 160.16692206908556, 185.4168930126184, 179.1173937203243, 174.64492782496882, 172.8411896561551, 177.3737128082647, 173.57347048311365, 167.50732921810135, 165.03927458854355, 170.47039230813195, 182.6677068104429, 159.31354243571417, 172.736517389834, 166.6853841009979, 155.61327256305688, 180.04221721719986, 182.79541578452898, 169.62763191238506, 173.0490452481306, 181.98990040977952, 160.4694944779777, 179.2091689054932, 178.10551315058873, 168.75746373963236, 171.27014585191762, 175.8238922336015, 168.50496838593187, 175.7439348091843, 173.13342115445317, 177.06155991685577, 182.95358008485272, 173.55050738009805, 171.43560629140035, 142.25034467600557, 162.02528017053538], "src_path": "/Users/hagardolev/Documents/Computer-Science/Third_year/sara_guidance/db_3d_models/db/9/m961/m961.off", "name": "m961"}