{"fourier_z": [160.52340389892856, 166.65738361429956, 177.718637817444, 169.73639533772172, 152.31601359907924, 146.62687863456088, 173.23904309244892, 183.30823055021924, 179.93707041190947, 172.47358384506467, 164.4545792719037, 166.3242897217744, 171.977916148722, 164.0276737067775, 177.81988232013765, 179.89078521390368, 177.23507318210983, 144.12648510622066, 151.62981625179435, 136.9828723751131, 145.65968930756736, 156.41729916519503, 169.9245081188891, 153.75063653749075, 175.56790685790799, 148.8466240973876, 163.98390320490017, 160.8915677872169, 169.17262122585723, 182.6777766380239, 187.31231006848213, 179.081812793077, 155.5417016452532, 164.0513188211171, 171.0996312045452, 176.2010116551915, 176.83514085412114, 156.94832391854544, 160.2658297559521, 164.58434372305888, 179.88385905601876, 181.96157457008624, 171.2740750852322, 168.5929355454843, 175.5621478817962, 159.45542359119568, 172.2225549917177, 179.91645652492252, 176.58158338415785, 177.75410289959424, 157.34394809123785, 169.761571514595, 167.16983987685535, 152.5604381545109, 179.76656328496605, 177.61828860893667, 175.4466012557363, 173.09020358215346, 182.0311819757545, 187.8504763242952, 179.5956832039211, 151.64947863872112, 174.0012432474672, 161.28480631734075], "fourier_x": [175.98720166359817, 144.50930174440347, 178.11485670630472, 147.59368144904823, 161.95760063651275, 147.4235975850335, 156.62286269818242, 174.08811560968343, 171.24987277581855, 166.00950978134296, 164.91805103026365, 144.21413031538083, 159.98522626821338, 147.52094017399654, 174.67046609953434, 173.58181429064655, 153.3427112952587, 181.8330519923879, 165.94741398991206, 181.16939502053782, 176.98490441579577, 160.05047983809004, 176.29037399497844, 159.80682766234887, 165.3142342764644, 173.69485389390167, 130.1550092830637, 184.5002746598993, 173.9989095875322, 172.70467187501896, 164.97002592910718, 187.50681139018272, 184.03156251924173, 167.58330828583036, 182.07806625185896, 176.53548144196247, 147.77019536522266, 152.73970538678907, 175.98611011171914, 184.3756462775171, 173.52029084235033, 146.11625180895115, 152.63054802695996, 164.03772306479294, 162.80467838130153, 176.6039439653183, 181.3701330896157, 147.92955494729762, 169.8197631459176, 177.7829212037882, 164.55004120671074, 161.4532610319212, 151.37387995851986, 141.65654695134253, 167.98499242969547, 174.79136106407654, 153.09390090629705, 150.87010953766114, 180.37235600807998, 163.0321509788584, 166.02201265382092, 178.04319155854475, 175.26241287723298, 181.74603501103746], "fourier_y": [178.84921853641163, 179.59684889499334, 164.45311422758272, 173.62405962639116, 158.41814064151453, 176.28796400074071, 177.51440319177857, 162.07261724002478, 186.45959648981616, 188.98027679207618, 174.03909440528537, 173.21285335607803, 177.2784806021228, 156.97179976395898, 180.8312816769989, 174.352570707315, 149.23627133153727, 178.46019003502832, 184.91576344209483, 144.5425155185676, 178.41935889379158, 174.04236513851544, 177.1176954968152, 181.0996873745761, 146.73677373399448, 176.41746725244911, 172.2854362629549, 148.7704126170156, 183.24202053087603, 182.96835945655408, 170.15524516958163, 161.3498612953242, 128.7641133131907, 176.66263403070914, 183.34720855936638, 172.72349072430592, 158.15538291752307, 173.0589921376767, 176.72052985331982, 179.71908202506714, 157.9834484218562, 163.81108054657378, 170.45389586450625, 179.5598164632568, 184.63233024294252, 175.65339688765346, 182.47227548498057, 190.24200863979019, 170.4469356117438, 174.2396670329242, 164.65855475538734, 184.2342167665601, 191.98341483494502, 183.47213673150137, 138.16880032072865, 186.23494281989312, 162.47031476139261, 183.40104712985408, 187.55665809081833, 181.5380402790148, 195.54652821309875, 197.92621656010152, 178.03118633750017, 180.2042160524814], "src_path": "/Users/hagardolev/Documents/Computer-Science/Third_year/sara_guidance/db_3d_models/db/9/m965/m965.off", "name": "m965"}