{"fourier_z": [146.66046028772962, 157.45409803446952, 169.02246463036863, 165.7585591739183, 167.0847835429118, 142.69380669696824, 162.19430882165167, 163.5798150734129, 143.6307729816244, 160.69307531817861, 169.28740877677885, 165.22944388581806, 166.89710545097557, 139.8344607701132, 166.0579028975511, 163.46574119166496, 155.5438039801562, 169.05891850487103, 172.23124534001897, 175.77774548446715, 149.73834982848143, 132.92533891136887, 155.78969904362705, 122.91402296598011, 163.0637097663443, 148.0156547365933, 155.8446092603121, 170.03820504903203, 142.00202890778777, 144.26854869338194, 165.19275787926392, 155.73940813086435, 163.0209568190636, 167.73424320741182, 176.22328627611938, 159.33466634586642, 158.60413170143343, 140.53962799660354, 167.3988433131999, 158.9712568334087, 153.41693974117814, 175.1988172113334, 180.45697640508848, 158.6128565094199, 159.52609479359816, 164.7327057241986, 158.03004771084883, 177.42364774507163, 143.0745169719523, 169.86976012548865, 168.11129338710234, 124.76243946710329, 155.81947037926656, 171.58617357377508, 149.3130925013861, 176.44998682980727, 160.40192993879185, 166.8111883751013, 173.42805918118722, 166.02007401701084, 149.95018969113863, 169.9716534730823, 153.58339083389095, 154.20402151116895], "fourier_x": [170.73991637424837, 178.8556002912816, 181.10696431515902, 174.97461342591964, 171.45252390883073, 167.58621542619852, 163.6573068992999, 175.26527640158943, 160.6651292200413, 164.87927182812842, 159.0233077043696, 171.63787388020165, 168.84993783369617, 145.79174862346855, 164.7194565546147, 165.42955788066195, 182.84328774244923, 172.7387707638149, 164.8883904305259, 156.71413647921563, 175.9140826073741, 182.00482684201165, 171.77109019116486, 161.74520294748226, 163.01771403175314, 175.3371426769644, 181.73223825463506, 183.4139908677088, 176.49431111480777, 145.4904381008397, 174.55994021918167, 186.40450198248644, 142.95209053929386, 172.63714826697625, 170.24743565515845, 154.41755625752052, 174.65027718314087, 177.67645158565486, 172.38753328803318, 143.2947114429081, 157.69919074895577, 143.48006265682088, 171.2083095855634, 171.7946795380041, 137.7879275854895, 171.2891065766037, 167.45604787721925, 162.35171503742959, 163.53591762854967, 160.57064180583654, 173.80405693213535, 171.06713844078462, 172.31932636729792, 160.51259331450194, 180.36268095991363, 185.19259555889766, 183.70882429645772, 158.97198678513743, 186.68629272337665, 181.75279859722522, 179.54315334821953, 195.56141707490212, 191.5771987335208, 167.43227304602465], "fourier_y": [193.04274818663475, 174.5681672865011, 179.509648964542, 185.288897844066, 162.3757693317774, 181.43453864475717, 184.54017113028453, 183.47688095088844, 172.05084051684793, 186.1626849548111, 171.98292695383702, 174.58230222664452, 149.4202514298765, 168.87559092776138, 182.73851857022464, 174.1170311128117, 180.6037854370805, 178.73513736995653, 158.999159140671, 175.15831307527515, 180.9299048027459, 142.39813994948167, 165.38593757676915, 189.06009063403044, 162.9137429512523, 192.59996258640896, 162.89743881336932, 171.77606878133957, 169.69230117969374, 176.22839505257616, 173.4711698191242, 172.45763031933816, 181.6148108402673, 178.86297783555608, 172.39757562974162, 162.31549936810754, 177.09704316000182, 178.6385004128846, 180.06507481874675, 174.48529132204368, 144.94109723536712, 177.33535679916753, 186.11220038007292, 172.86414383968128, 173.6990738110269, 178.35805003658695, 171.2717283153109, 160.7416660708715, 173.51353319512182, 179.0197377329315, 172.64505730802875, 182.02891983401994, 169.92899121486684, 171.21176489783792, 190.8149797753415, 166.319541155789, 172.15177115195553, 168.25338511657432, 170.08579283662922, 180.11131719926732, 176.11262419669885, 159.49464164521652, 188.91848338091762, 180.70628438515612], "src_path": "/Users/hagardolev/Documents/Computer-Science/Third_year/sara_guidance/db_3d_models/db/9/m966/m966.off", "name": "m966"}