{"fourier_z": [167.48953778429285, 176.98328408981777, 175.72916736356018, 189.2026182531735, 157.15580943651602, 171.64068105987286, 176.33189880930763, 180.58138414537072, 165.74540921404923, 170.77808224632608, 174.67219677587747, 175.7467330201814, 149.9202550706516, 162.87575608579306, 175.20762650524378, 179.5783795104516, 159.0157626440357, 154.2654223300676, 161.65202919247437, 165.0306909939087, 113.68906591871585, 173.8296934116794, 146.7097685658929, 160.54015984977303, 174.70854107332318, 168.8461930554556, 181.0115870852512, 154.34856434547538, 147.98082858364387, 172.696583233492, 165.2423358481197, 173.94450946029295, 186.9362554650991, 165.3734431385237, 165.17873841609443, 179.38214720156932, 171.0275579804411, 170.74209414578422, 156.01404179724517, 177.9116431782275, 187.9586395358621, 159.79779494154565, 165.86611289422973, 178.4755553697284, 179.83656120656448, 176.98225851304522, 166.07146350890673, 176.0064563515611, 187.67269489693265, 169.79359599118533, 166.24319864573152, 169.22543440019749, 177.8386651474939, 170.55074747606628, 180.06148125304708, 188.10484378041986, 171.74573970414627, 176.7287986733405, 161.516121029738, 183.19600936559442, 164.51782389966917, 157.76531319298437, 173.14133920237, 182.4934912738291], "fourier_x": [188.66167686538105, 170.54338755378708, 172.0683655685313, 183.80727298129113, 188.269601883074, 165.90319704826265, 185.37320714780296, 187.48376885441385, 169.21516158185267, 157.12848707773315, 167.919820532623, 194.096012035777, 186.18084826299165, 180.72310411254588, 185.96257122378316, 185.24209333628292, 170.40026938189732, 168.61521721721675, 172.56061643722148, 186.34217601087914, 183.43882736072086, 195.00158101206023, 193.80088627746693, 166.71130850556483, 176.04201794405054, 168.28971671157464, 188.7427496021098, 186.9575392649868, 165.5531239732776, 145.026269812367, 185.2942062306115, 194.51279039116167, 178.0766111297909, 188.45839552786256, 169.1367951647464, 183.8375968276475, 161.199912209484, 169.44348625004392, 164.75713138878433, 178.47353555247707, 152.14660159496356, 183.07453743169992, 191.82503781657692, 176.38819217271646, 160.7740631824159, 175.77220441742162, 181.1594738000866, 178.8849920801948, 175.89555033358326, 168.6388913096149, 186.16219629407044, 174.76701002324077, 180.6898823396823, 155.79906219204025, 179.76493160361994, 155.8305413742305, 188.67227443131958, 183.47765666018276, 175.14455210945084, 173.53889095186406, 170.19997236717214, 173.18612272027835, 189.68349675043956, 163.53823832452693], "fourier_y": [167.48953778429285, 164.19448796699865, 179.95902139120417, 175.4381064691874, 189.80501124298414, 186.3329569071601, 178.38358630370695, 170.412072099421, 172.8091314327781, 174.81665175635914, 172.04853979429492, 182.22673918240082, 159.02156102458144, 183.97759100442573, 173.77581351450317, 184.03177713070227, 154.32082597048412, 168.63093193619167, 184.114928161566, 190.9281453684308, 180.6613814079243, 168.33250890136011, 166.98984103810997, 109.2739284601399, 137.54183908998286, 161.33314328442597, 184.8621997074746, 180.01267182246073, 190.58621697488948, 190.26048810726903, 178.74802356478256, 162.18590051842085, 187.28870082107755, 180.23696952306, 178.0086438629614, 184.51482405457116, 150.12996548648454, 170.0348218006717, 180.18836021010952, 154.65803758709268, 190.81674508808032, 170.5945175190588, 170.990290852555, 175.89346337787555, 188.0915247374219, 174.0209820848542, 178.9161655249276, 157.50848126602915, 169.07673952827008, 167.18754021249856, 189.39026319765412, 187.8201859162681, 152.5508365716659, 165.7713974766515, 181.4560305137614, 181.0027644621881, 161.80850974413863, 159.2275093489655, 182.0747662884004, 177.5116046116082, 148.46954274724513, 127.59323942179466, 178.71328218415076, 190.39146850102756], "src_path": "/Users/hagardolev/Documents/Computer-Science/Third_year/sara_guidance/db_3d_models/db/9/m969/m969.off", "name": "m969"}