{"fourier_z": [138.55115812556636, 133.7571587710621, 164.67069490004778, 176.16504525961656, 175.57169610628094, 173.6098148682549, 172.34072594514262, 173.45389514954826, 171.63503618701523, 174.39065722418894, 181.29028638250279, 185.8315580163742, 179.53363737123948, 142.64163531401158, 174.16675739464262, 172.41389271577378, 170.11560705467932, 153.3433861911997, 158.01902086813556, 174.02624756723324, 178.06137042941444, 175.2492738100919, 184.3950802775147, 186.00486001886213, 178.49209954169325, 176.3348830453344, 172.108063958537, 173.5017953850763, 175.1708888831136, 141.00507351820076, 181.7449227809757, 191.4470753143669, 166.23985645142955, 154.8407018631618, 160.78959655863974, 166.46882699511266, 156.49913828764116, 167.5495750924205, 181.8783291656252, 186.14637359290174, 152.07146138115493, 160.07668091101255, 156.38229024911476, 151.98583898859897, 153.1778994608387, 162.93386268889293, 145.9341756258517, 172.52031772816287, 170.03421263099287, 169.8916025696553, 138.96184264191788, 160.3877217413517, 166.24166729640027, 162.00606998308217, 145.1585015549416, 172.00119117795114, 172.16249647546897, 177.4406317564148, 168.49915548568404, 111.00468770946199, 163.05761884858097, 171.62177679312364, 169.48003155976357, 163.50860456051396], "fourier_x": [162.12425805239923, 150.6634513738043, 160.4283815918549, 143.1769690951057, 167.21992684590055, 133.58917077962397, 169.06225183898192, 145.30857248159114, 188.89418691638195, 180.83927362060768, 145.48233443099969, 172.09618880397124, 159.49792783601663, 145.36729169129924, 163.90770863549338, 139.40230523525514, 185.20913608823219, 188.74953103619745, 178.06974753596756, 165.65432186525268, 175.65434687521093, 169.5215084630144, 165.4507796298911, 146.82525941595432, 177.52936348459866, 183.7693398065328, 188.0651688087792, 184.69103870574793, 169.43341502998592, 154.45601969670173, 153.2689991479857, 164.12385620685424, 186.46597084541992, 187.17826660078242, 184.70237298436024, 189.69612411052591, 173.13023591411255, 163.56983174485862, 164.2445946159167, 173.0153316244616, 179.57034274680635, 188.01196903343202, 162.14604426404594, 177.97800513322625, 161.77313889207187, 174.3790252832954, 138.5675199793008, 154.56463685355243, 181.04816289803983, 171.82952284985774, 176.15475893039473, 128.5540607391336, 162.2919177915938, 177.67496641873308, 166.3492132959562, 150.67790836873286, 190.18857061245822, 192.74656686330582, 161.45531128922175, 167.8422516206387, 171.30474239868747, 172.26698419084323, 172.95067311066094, 162.37795911857117], "fourier_y": [158.78317635913592, 171.12947307278188, 178.27512782512918, 170.41272152365912, 113.15877530079094, 155.32910623673902, 159.4028086780386, 172.32461328470774, 172.1967834298651, 163.1995903865966, 164.4148598025272, 171.75790720046476, 175.05931532507248, 166.88897397462023, 162.0954374348255, 146.8035596124104, 171.77773163239573, 120.26624259603341, 175.27258289309776, 174.83836871727974, 148.47064593044976, 168.01577092460607, 160.01287157672007, 131.71260128063827, 153.79399312295644, 161.16755204193106, 154.29762867441136, 179.66557057259462, 179.11084830390882, 165.1968155167175, 160.03922864082253, 171.7895764456898, 172.27656656519616, 177.80371644268516, 173.64424434812665, 175.9922644481689, 182.5644575562572, 172.09370757942284, 139.98865850599302, 149.80531607061158, 166.8035034457404, 154.2400571742439, 165.54982152227225, 170.14599135037926, 177.75836016152087, 174.23349988274634, 175.26815846370954, 182.81963708729768, 170.89798120904032, 154.72075193190443, 158.68170628261487, 171.20356988249483, 187.86983646773254, 192.244201339982, 184.6107444449675, 176.2694480472466, 182.0466034871443, 171.269295130853, 143.10623178840683, 159.66932637576124, 181.53424451859348, 189.3173669284633, 185.16982421964127, 157.82477439230638], "src_path": "/Users/hagardolev/Documents/Computer-Science/Third_year/sara_guidance/db_3d_models/db/9/m970/m970.off", "name": "m970"}