{"fourier_z": [-526.9041800268466, 163.8353022558432, 173.26392922447712, 195.3382037659245, 193.19765480224677, 178.76683837238107, 183.418294861028, 162.44326091328222, 168.83637041335018, 173.91165356775943, 170.00138306183854, 190.53853326682895, 186.73366943571648, 148.51358903020417, 181.24015550329477, 150.0506930671129, 182.05200963344618, 173.8966868215206, 147.73162034607307, 171.6978336283356, 178.9263127684514, 170.0618896955205, 187.2177299473139, 141.53283750177158, 188.43364319071355, 175.70663833481154, 167.00584279778656, 125.3422479964774, 172.02216292014344, 158.63779334599948, 182.09161079937263, 122.64528520999981, 187.84242843824762, 175.1187126565107, 176.3950297077734, 152.57402848584843, 177.01521445896088, 146.86167915252915, 168.66179119298434, 143.9203318619361, 186.40540857816364, 179.5366916731376, 179.9905915588456, 170.38984748050717, 180.01153078159047, 167.02109814750435, 166.9925225212755, 161.4300727202307, 190.44600240767008, 186.77115557855987, 176.85119824353816, 173.62964076450618, 176.31807560963819, 174.0365839120418, 172.35381895771326, 173.2031436018343, 183.74127146932946, 186.71633807052382, 176.00950493224371, 182.85021940949252, 174.79838791419667, 175.9376080677564, 177.530956569541, 172.5074317762199], "fourier_x": [138.5511581255663, 183.25415886009353, 168.5518009758833, 178.6977694471901, 176.56895159660962, 183.18442867005587, 172.52410502808831, 171.98885075240955, 167.33389498655666, 177.89453256195725, 158.94630613600174, 172.86321678868967, 171.98696129368864, 180.28302351588607, 179.3213435824705, 182.7269016780501, 177.46747531050235, 166.62564759919093, 158.22181955887797, 161.80722428887572, 172.4491026232099, 177.40592245124623, 176.24324603683473, 182.30792011363107, 161.707995007421, 173.9240154054924, 174.49974592969866, 158.02426105733463, 173.60528535108674, 169.33428728934476, 166.68456666858788, 183.36553778919773, 170.41029549487675, 172.18302545019378, 177.04410772536738, 181.03773604273624, 175.9453721111528, 177.428120456099, 186.74826583311608, 184.63024008555135, 180.2060610388299, 188.814313851644, 187.9276630424606, 191.45704623036863, 176.49300969594378, 171.00515892064533, 169.6087598324088, 181.47945889265768, 157.3478508455705, 182.09453930085547, 172.1378469362304, 184.32051200253613, 180.51400840191366, 136.40718870386132, 173.81233187295817, 177.92733650206546, 185.9050148819786, 177.832320042546, 171.1464607105966, 176.37895722951953, 148.4395112262786, 191.56675223838465, 175.31485677021288, 190.9062962730583], "fourier_y": [138.55115812556636, 143.08280832482674, 162.51503800554107, 162.87865207807988, 173.93864265406623, 163.25774402967966, 153.53275246050057, 177.0146452573872, 140.7535909299656, 164.13755228726438, 184.27116325154708, 173.78786056297326, 163.13795612801513, 165.5831229760027, 159.25094077479633, 161.84416022060265, 156.4884744680685, 175.65238853888022, 183.10819623242313, 188.01199549037435, 170.83661170153715, 128.98287653531986, 162.1433119936529, 149.18248672855208, 170.57853470320282, 177.36957790664178, 181.7616129420819, 187.68975447252944, 164.6086994023616, 179.4825952053857, 157.54359314954036, 160.94950938418236, 168.3758087143768, 167.56417904345284, 184.85226040120196, 176.6261564493846, 162.742033298531, 186.79584468547841, 129.50332907676687, 136.54966545148272, 125.15362355160397, 141.59776389869194, 177.91259779949937, 155.1269196250723, 180.19094505988215, 179.9429875806987, 150.69579931689438, 166.14703176584342, 172.6306988101719, 166.46557616001633, 159.46004893753903, 145.6648227412677, 183.35725489164804, 169.16439093908394, 168.02169044360733, 173.83421277991445, 170.73628329529078, 166.93154780330343, 159.7810436499703, 167.48789144912055, 174.35079001067652, 166.73722270296042, 181.86388046999284, 169.82982980018403], "src_path": "/Users/hagardolev/Documents/Computer-Science/Third_year/sara_guidance/db_3d_models/db/9/m971/m971.off", "name": "m971"}