{"fourier_z": [124.68821451436746, 179.06521909858736, 160.2636375856336, 163.26604354519728, 135.14532217271545, 152.43134014533828, 159.06386635107134, 164.19886050115292, 174.6165980467648, 151.42247442238622, 158.85885772003587, 137.47071372479888, 155.87364048702167, 158.26937941865313, 176.82129141491896, 167.43760619492932, 166.5824525435532, 173.46226673316596, 173.97811448099887, 168.73937685912244, 143.1439151475259, 175.6154427291783, 162.72015210494007, 162.5458546195784, 173.0029656348592, 175.42173817842001, 170.14305272165146, 185.58296987912104, 176.1029516846111, 160.4451303992701, 174.50752876049216, 175.70528886924018, 166.12503583154046, 162.35403620783188, 174.75244854549874, 189.0244445039957, 185.16462971734572, 172.99253924204135, 179.0792753464591, 174.60230400501206, 181.82638390662868, 177.8232184532397, 166.82020921109773, 181.34503392120723, 182.63197531525373, 155.45863762395396, 164.67647252019643, 148.7789930156577, 188.1140783666754, 184.84381951166085, 174.68570313666373, 167.48110447000334, 178.56356555099205, 168.78062705199966, 169.1008162415072, 177.039308797197, 168.8716024694948, 167.78738033130008, 166.77152980112413, 161.6855649919127, 139.80489911462632, 168.18180207384387, 176.26985862288817, 190.29048810829545], "fourier_x": [168.63270606109182, 154.61141793093554, 183.50233553772165, 172.80772624009063, 180.27113702835197, 161.40566021789053, 176.12620651672117, 168.73851027525183, 167.86561497035254, 165.54099178368364, 180.49744394385522, 175.36392459169423, 186.36603046896894, 169.27108371446562, 177.25955764815984, 165.29857583375076, 156.90467346212031, 160.22366849398878, 161.46851148573268, 173.82802245237474, 181.442186451487, 142.8716525175803, 176.2213800833752, 135.00001075564276, 150.4446766437161, 172.79853249705727, 167.28672760660064, 158.64553112878784, 179.12578635843676, 182.29510164492075, 171.85669730264976, 176.54246291445793, 161.79501584114064, 179.13935040016952, 181.26599754979588, 122.22834661427521, 183.01009935056882, 186.79848956351893, 162.46406254088936, 179.7822041674928, 168.35434911338712, 175.97921843653936, 181.70286635053301, 143.2961357801722, 171.61636989274785, 176.06474901181286, 171.67312530576058, 162.56398667796424, 171.40642135292893, 173.03184197384172, 178.53573762432285, 156.9941721662298, 135.66481822632883, 166.3330231019537, 176.381884914184, 161.52817064643304, 166.18183765964733, 169.1875398875774, 178.39622223819413, 160.2680943782628, 156.38770833631338, 141.9376341965911, 168.11904392417503, 167.66788423485582], "fourier_y": [156.87697276304942, 162.93091947263875, 161.88208392493965, 139.77364413536347, 182.75869655748392, 167.11073273264364, 190.9211058091498, 185.08696405380567, 180.140289543858, 174.03022753427192, 165.43359205167434, 140.51500484654764, 171.3259368301339, 158.57837270605367, 177.27790937765388, 186.83502544934066, 178.57838130222166, 171.71885495624306, 173.24306662264885, 157.40321352955564, 189.94086407749472, 161.8091574380577, 149.96148195305912, 182.72994253280456, 182.1929718705032, 188.55710957210985, 190.50789535382907, 161.96621428731547, 184.16904875080107, 177.51463429940935, 189.1227340333943, 187.31117878293156, 179.2735715965066, 179.6475207776645, 187.3363521230687, 184.71330914685805, 181.83002759209336, 162.71157623752245, 193.16716190331084, 176.44588275694747, 172.5343259817421, 185.58086048596235, 178.3746778040665, 182.8054295856347, 180.8987950703816, 167.65570955300484, 165.78345533083416, 186.73902364298695, 180.97562007385346, 176.6390132703904, 182.1210647874192, 186.3590655779044, 175.92265515021938, 137.45293328777396, 172.30202051579866, 189.47858782804846, 165.9163906820875, 180.6474548611938, 166.8356082184704, 172.57688390780953, 169.6160990038132, 171.1485702295026, 190.70336323964685, 168.45480492170913], "src_path": "/Users/hagardolev/Documents/Computer-Science/Third_year/sara_guidance/db_3d_models/db/9/m973/m973.off", "name": "m973"}