{"fourier_z": [160.52340389892856, 161.12831021111026, 162.16737055103212, 163.22135087370398, 165.21774875936308, 168.48266301278346, 171.58154989542962, 172.65486655392817, 161.20829487759352, 155.67146636150818, 160.78770797567702, 166.3411937179241, 167.3251367632611, 165.34829270790203, 162.72632568203693, 163.93877489262988, 160.14315205813745, 153.40231956953934, 158.26229924931218, 165.35105669363168, 166.00106876936826, 161.25613095823442, 152.1540161242373, 151.700043327503, 153.9423342782681, 155.28710844192867, 157.76751714394197, 160.2301811562433, 159.57392237041933, 154.5204926857157, 147.24383636758097, 150.1695086855328, 148.0823121649649, 156.77636006135097, 158.78413955847634, 153.94156289352736, 149.31717526691153, 155.19449902766482, 158.57394103149733, 159.19907920682073, 147.1735384598376, 153.81615543173478, 156.24367913740738, 149.79360133765294, 139.20169600830792, 158.35624615757797, 166.06052911488902, 167.2772790467895, 144.40468836111268, 141.08724407331223, 139.39679612721403, 136.8315336238011, 141.40467610871622, 157.7855810062626, 166.6086169690264, 169.9747566984255, 138.09691378408633, 131.53034897118278, 139.73131811699196, 138.50689745000147, 147.5410709566839, 156.02918560166, 162.8334694512553, 168.51338146585036], "fourier_x": [124.68821451436742, 139.83083014535828, 154.69232719146805, 161.4369529241803, 160.96413056194444, 153.01753604026015, 139.1300566746099, 134.26979002742107, 121.89369563570119, 139.52417411269238, 154.52395649685062, 161.7190241693258, 161.54122916045824, 153.71426573114974, 134.97588659357666, 119.92513903027756, 118.7243192405029, 139.74579315408516, 154.50061317838356, 162.38017915100673, 162.74298943121198, 155.67994045542545, 135.9371821354011, 104.39142836348147, 129.41851561448982, 143.19628005603315, 155.20540823497737, 163.3828079279166, 164.25166843846026, 158.04103195483773, 139.1984063466352, 104.4426941782193, 140.70363023874157, 148.70112067723989, 156.70102824535232, 164.4390828912795, 165.6022768000954, 160.01327409220204, 141.66790583300113, 111.10484692432827, 148.2921626588195, 153.75854914046587, 158.4551256192191, 165.1679108509974, 166.40157124365032, 161.16488143880753, 142.4983883693032, 120.50622288827732, 153.07234995969844, 157.4483763665453, 159.84912816329367, 165.24520520747203, 166.3939538997897, 161.314297273823, 141.5329231588724, 128.6074910631498, 155.67248482230994, 159.66401894448873, 160.50366543270792, 164.4421985893959, 165.4324750723868, 160.42951966207846, 138.98706132401603, 134.08735855345418], "fourier_y": [171.71571965763695, 167.39443892724736, 151.37765720359081, 146.13388588347502, 150.64215732877176, 160.46498433981418, 121.961018543631, 164.8908411070171, 169.65876600858485, 166.8312217036349, 148.7610465127467, 146.3963741778897, 143.11861053635502, 145.1231264439472, 137.2429465273279, 157.60117890729694, 165.99723993365825, 159.11223960604897, 155.91753755466226, 140.13502819519655, 156.99707375134787, 165.70600559830444, 155.65087372544332, 139.40686128352425, 160.49965988396974, 148.1338024396671, 162.29462007149965, 160.3476788542003, 160.0730059515662, 165.98717202150323, 156.80013369608315, 134.31119451421904, 144.5259929185887, 149.6323269453563, 157.5659986849882, 163.91513732883584, 164.7070651952633, 164.84086873382498, 157.00265031930698, 156.41348325254356, 154.30593378619815, 152.3869790939795, 112.54757816225855, 162.86521561710632, 161.52460915361638, 166.71903303325854, 167.6226653764898, 152.55890375853045, 161.3817089251815, 156.6100134310914, 162.0006757862639, 164.32380340826955, 161.8692189580941, 166.60605122215017, 176.0470049787566, 166.32453195042362, 163.16822886173753, 166.07675930964345, 176.24661896827251, 158.86591605688685, 164.93071134343936, 168.44051273779922, 174.1994009549498, 174.03081040316914], "src_path": "/Users/hagardolev/Documents/Computer-Science/Third_year/sara_guidance/db_3d_models/db/9/m974/m974.off", "name": "m974"}