{"fourier_z": [146.66046028772962, 138.04416703342272, 166.80187203874314, 172.24166337905405, 167.05092536991975, 161.6899813908121, 163.06623581709636, 156.44663693274248, 147.18218521963797, 130.58721323388892, 159.2674509361853, 167.3647197329257, 158.71628117800324, 148.65521220510774, 158.13571874676703, 159.45330127251907, 120.27602793418781, 140.48792411922972, 153.0529165228359, 155.31648529205532, 149.08075544848393, 161.7959163167569, 167.91885036080274, 162.4297696636941, 156.9250199187507, 164.79566581789467, 159.98650733815674, 155.5597496169927, 168.42655750676283, 174.2796793712907, 170.32371308661146, 158.91301848876043, 175.95584794951816, 176.9253228379846, 171.46441795567597, 165.3754254817481, 165.00294400453737, 165.43776016960555, 156.4241444368294, 153.87269712488458, 173.8732020189937, 171.5093090803468, 163.81464887623108, 159.0921091909404, 150.2879348632406, 155.07776505174343, 168.16250031739048, 164.97349035237812, 151.73078774355346, 138.0739811576476, 145.56725768134817, 157.16187809072787, 167.53953469466006, 163.20024938269984, 155.79723707066643, 132.18608954860858, 129.94874738340536, 163.0001975608812, 169.6722156117401, 146.1956126239987, 160.38810833439015, 166.65538245356348, 159.81692119874322, 158.36727677426495], "fourier_x": [156.87697276304945, 134.37644628815517, 152.70727951437553, 168.27930094388796, 160.60791601907783, 145.99310214230397, 136.29000890528698, 159.7520237274599, 160.0491147585683, 152.5663017653344, 135.20286620228956, 164.28670733232383, 165.36086598013043, 149.39810590798774, 158.90494174668723, 165.245237531403, 162.28775411886386, 161.77568734222194, 159.23006168236643, 156.0479035784488, 164.67068493402417, 149.0563745426452, 165.97769640738963, 159.95764973166305, 159.22909863323744, 159.50551956122263, 165.6492763367062, 151.09340937227182, 157.4719390426481, 141.4460655080354, 165.73689308570746, 139.3389217062496, 153.18791556533364, 144.39143526356753, 166.29049742547264, 151.94724567680456, 141.7709472353709, 159.55827062869156, 166.33882204800273, 127.05723661830751, 155.95107261511777, 145.34808353465337, 165.315878705978, 149.83990276678648, 141.00402350405068, 168.76326298580378, 170.760770733699, 145.7807300051273, 163.14866116431165, 154.07179709303836, 161.05550816258304, 144.81164031089466, 157.02401573914852, 167.3149800618339, 171.74283160952615, 151.41405347447306, 167.27459638353884, 151.308482991892, 155.52340987785612, 138.7334318275803, 165.32585808801767, 150.7428670510878, 167.2716660969204, 150.83338201358777], "fourier_y": [181.35248139549176, 168.00529800346516, 154.40812758040377, 184.91827425144362, 180.0020941106357, 184.4248126253939, 177.19856716292244, 169.5896496753889, 187.74783972646955, 187.61671572542105, 161.31335425215738, 154.4775402208743, 175.5769804493479, 163.75600800248745, 188.28651986393086, 148.6779178388532, 178.99917814744188, 191.6353229548232, 176.41723539455887, 171.9115005723549, 172.8812012799405, 165.34053722845815, 182.6446126536068, 186.20526541704325, 159.35354797866378, 187.49413912035402, 162.61469583577505, 160.15468070769805, 176.69346327744765, 169.0833326408249, 168.64805412269192, 186.3516930341746, 165.43833835942038, 167.7726945366717, 189.8892645918579, 169.13198535087236, 184.2134904111179, 174.87994249135764, 176.06046022516153, 156.8555646793869, 153.9517042085198, 166.32169211462593, 187.2384054938273, 179.06086563274164, 159.00545693568188, 184.00262377117727, 184.31351292808958, 158.7810389488038, 165.0298255446397, 173.64229748066828, 180.58024203405466, 180.21817926923381, 170.23531851231095, 181.19039678704, 160.96155079728038, 114.39890207775244, 179.57650456483577, 167.51584173504386, 153.78948351954708, 164.72989267737432, 177.57151915088048, 135.45084063613527, 190.7005066229797, 175.00527626138916], "src_path": "/Users/hagardolev/Documents/Computer-Science/Third_year/sara_guidance/db_3d_models/db/9/m984/m984.off", "name": "m984"}