{"fourier_z": [193.04274818663475, 176.28344140857877, 183.5663927989453, 193.23498931235326, 185.7243816500626, 152.37149368173579, 188.45016591425662, 181.51418900819604, 181.70403726851774, 159.49899421374323, 184.10347502073475, 185.83582412189955, 164.7575613582322, 181.13690752657982, 181.98223810864292, 183.7809589562671, 179.48253882474745, 175.9229067452402, 175.94812594917727, 172.49768902065142, 159.61635081707612, 177.54338157000637, 169.7994392025459, 172.81827050536117, 183.8218046805588, 165.87063006675126, 177.53551028923934, 174.44735776798098, 169.48247710119614, 169.06572092917517, 179.41589867966653, 176.47098476198988, 157.5621477739223, 186.46385796559338, 189.4007164031581, 163.24055495106802, 160.0819575315399, 150.25209097297252, 171.3907789602104, 156.25633357579466, 176.1009296106747, 187.27354335102245, 174.7766348026433, 183.73402461413033, 190.83687271514356, 166.55345623921107, 182.06570500327868, 183.44814159664142, 179.93106236298883, 170.33795685787572, 171.30391515355822, 191.19831836518156, 192.06969566398598, 166.04468485702813, 183.11698360283214, 192.0879207426193, 164.8834775860935, 153.8471302568675, 169.49171403437975, 175.4907787018177, 177.54941565168505, 175.46640957893604, 168.72965159643428, 179.38114698359163], "fourier_x": [138.55115812556636, 153.78573854053255, 157.043594141033, 146.97181674390424, 156.7697922158846, 164.38398067218804, 154.50197455068746, 153.69152589575424, 141.16877213459765, 156.57355053058322, 155.13582706458283, 146.11123744126752, 156.97468220464057, 163.60614327153553, 149.94631602849867, 151.07958063464193, 145.29475552679406, 157.63098975454582, 151.13680294651252, 145.38965903749144, 154.764763072959, 161.11492641105372, 141.46023563363696, 150.41341444290015, 147.58805978145008, 156.95720286361276, 143.82698140442753, 146.9007776959788, 150.11392199406163, 157.47648883599095, 125.8414612659074, 152.23947809475246, 147.31037690790237, 154.54616798139534, 130.6701733766013, 150.29811121857932, 143.33637933701084, 153.75290563015298, 74.63459638565422, 154.18626648776302, 144.116092030232, 150.36335632763698, 119.58831461336375, 153.41100071503095, 138.02589854648238, 151.09066448536922, 107.3369723184207, 154.6065518645712, 137.11009464942424, 144.2668405863721, 132.22236561249926, 154.94707486974465, 139.63857664150035, 149.24941039832484, 107.10816964978068, 153.01744040505508, 124.13383389998, 135.4070892885041, 137.94390802028457, 154.35679441982919, 142.96476363323134, 146.63308486188305, 119.17087464286077, 149.41022829396456], "fourier_y": [110.82527090316847, 145.46047747427542, 140.57845998040227, 151.15078728399953, 159.56702995489238, 136.0908522563205, 155.198259376321, 151.05300089859108, 146.3365982318083, 145.21437950615262, 143.8226050550865, 153.77238912669665, 162.62359016807187, 139.76304150794104, 157.54514917714656, 154.2464956170377, 156.2138694355199, 152.39945463656065, 145.020002317646, 153.33503129258781, 161.36835618357807, 130.00009670055147, 155.04271129192628, 145.2902625270313, 157.25167947270148, 154.93477863287947, 143.57924328301036, 148.26476173972904, 156.5017063350542, 126.15334392646164, 147.51370720638403, 108.47264812389461, 150.9616414765811, 153.05830206874126, 143.8020145575454, 136.57520037331278, 150.8390508378199, 140.09640730212695, 133.60652314790505, 145.25150245416995, 135.93196904843435, 148.6253343239013, 148.37161488036332, 126.83503372575358, 149.6284823950401, 141.96944050001864, 114.41848648578359, 151.70009661976775, 144.92103872021485, 145.326389067223, 152.54551318974984, 139.36802529696666, 150.3480828126242, 131.34396410402258, 138.24895764214884, 146.4959282108669, 155.81722477726234, 143.85661030911518, 153.8057585633202, 145.82112423894228, 148.44407854832897, 99.55275986771281, 149.87843858347594, 133.72542048898075], "src_path": "/Users/hagardolev/Documents/Computer-Science/Third_year/sara_guidance/db_3d_models/db/9/m985/m985.off", "name": "m985"}