{"fourier_z": [152.41410173676522, 177.2196295086958, 178.55237682212064, 197.6937773540435, 172.40836692415775, 178.2543987609754, 196.49462588129015, 174.78281098085552, 172.81499328623119, 172.33124166838138, 157.8769034785371, 191.67167238128624, 178.1427268035518, 180.10470289407894, 185.10345637196707, 167.7011431474183, 163.85249256857932, 172.23648233217295, 188.4070555057226, 150.04027505097835, 174.9920676669868, 182.0548966591883, 176.83297891652, 175.60848431203044, 185.93616223311705, 189.77259208040533, 184.00049364049806, 166.87370699365346, 175.8957994438032, 196.4668065031907, 180.7631067983434, 181.38220876691793, 185.11186769028126, 181.21552813606274, 185.11278569406028, 170.77655245092527, 160.1159736448848, 197.51862076867314, 171.10951138807903, 172.3275833778825, 187.69103606250485, 162.54155261160128, 196.35885012388655, 184.8286225345717, 166.91093744690073, 158.26157524489477, 184.06786104978562, 171.35103920549108, 184.42215644870717, 169.70627879672554, 183.55127511684398, 170.5076599035164, 181.75296698026, 191.53888029347297, 197.04847445810177, 178.8005782469193, 168.593761352093, 176.30537206166184, 163.13708234145258, 159.37082981432766, 151.78501549399388, 180.41351535190978, 190.85074088923682, 155.37037607805308], "fourier_x": [132.7975166765307, 134.165496126726, 146.14703530560323, 148.0980207022401, 139.3333323767157, 147.63869999739055, 147.418326874517, 140.72430708136565, 145.75367962418963, 150.71589722861378, 140.4816614088426, 153.02325941173206, 160.23464038853194, 162.91828256775045, 167.2927438810283, 167.97876678930368, 167.56142186235013, 154.70320901033045, 136.0451758629232, 129.70066261803345, 146.3255739274172, 144.6011860723323, 152.26564312668154, 164.90291090737213, 164.4762639456604, 160.50246995060945, 159.37957130251675, 159.8085015908075, 157.06747499316148, 147.33441461389467, 152.42602537872918, 163.7710967973914, 168.15281372889925, 168.37762730428477, 162.69350392441535, 150.5959281656778, 135.5968298887654, 147.47723454760154, 158.8998827248633, 163.3124722141015, 148.4817708842648, 154.6067480962143, 149.92397791470992, 145.96330931740368, 151.77165892816322, 157.80252750750148, 159.25858218452439, 152.22233064626062, 153.6152957662114, 161.19698381487862, 160.61722857027337, 153.42626828936451, 148.1044708421896, 147.95258289609257, 139.64607264886268, 136.33588605384648, 150.92693835885348, 147.0172934629597, 149.7815793337246, 148.20414474573113, 152.83553500984505, 161.64082035340684, 166.99613353283945, 166.7915763960695], "fourier_y": [132.79751667653073, 151.62847093821603, 164.63246954707998, 168.56813162702397, 169.4851129685266, 169.25391229971143, 170.87537011260335, 170.86365914933847, 128.40525744906262, 132.8130874755305, 128.2177516836183, 160.92343816067108, 173.03127097363705, 171.0289016480932, 160.95258705100542, 162.73009914993588, 150.5674436516645, 154.48992195420038, 155.03419439580833, 151.55086163474678, 169.30184631556475, 172.70496442807848, 164.62105400654505, 151.8537257333693, 137.71354384555093, 144.3524012996577, 148.32824399594196, 124.79142045364651, 147.17461105375352, 155.6724488875587, 165.009033779324, 172.09382512079605, 134.8256323601239, 149.04928101219423, 158.87915012144828, 147.4916549889748, 157.783740377614, 167.81518144291212, 164.37297871780686, 160.9299965835675, 142.5976087909682, 147.387976785225, 153.411507048501, 149.08196686600036, 121.36114583039148, 162.70721979316204, 173.3801765690507, 172.29831433947905, 156.33531626216376, 170.18115436767812, 171.17887101417878, 162.76280656593707, 167.46148923623664, 173.3050955372505, 171.642403697401, 162.5080618282874, 162.6740749273295, 156.76044231527817, 159.94226348333623, 157.72989223750636, 130.62648478479764, 165.22574467421293, 175.68413968154945, 175.3245928751789], "src_path": "/Users/hagardolev/Documents/Computer-Science/Third_year/sara_guidance/db_3d_models/db/9/m987/m987.off", "name": "m987"}