{"fourier_z": [124.68821451436744, 116.16152345936433, 103.27851389123687, 136.6846307340584, 149.51327764529447, 156.01463388381507, 158.07960458557446, 155.5372586556988, 155.98582218666053, 155.71847733538962, 153.59043397244218, 151.29890981589168, 150.9122642545554, 152.55714642163045, 155.1916738274375, 158.38849138636806, 127.62503749645802, 140.60969968731257, 150.64600834741836, 157.76147749091103, 162.40117811160616, 164.74433341136597, 164.72983677123477, 162.06607679919756, 154.31135063223047, 145.40619205699198, 107.7338642391874, 139.43196034705818, 152.5758273898767, 156.67167868045345, 155.91337880691532, 151.2634549160196, 142.46305625948364, 136.60308480575097, 144.62181054698493, 153.74796217389166, 158.8487174488606, 160.66961913484892, 159.6771399053586, 156.67547261818643, 150.30973367028236, 141.30481550312393, 133.81338734875231, 145.25604466399503, 151.11225284313738, 151.20138890204726, 150.2265631619738, 155.67950402027958, 149.7807234650456, 143.42463883425847, 153.6701443952399, 162.59729479593997, 167.27353654132457, 168.76440490850715, 167.27793234768168, 162.04717631801347, 145.97863580259119, 139.67726892269246, 143.518039010654, 152.57423271077465, 156.08961454973885, 152.8200761195065, 139.01706936898572, 147.26429819809528], "fourier_x": [110.8252709031685, 148.28862565118155, 125.22144062272159, 152.31326111430843, 144.7988350989104, 144.20410824106244, 157.01334527611, 162.39820817282936, 108.66151760281176, 148.0534954177282, 131.55423513931683, 153.55649762907254, 145.2879876840736, 146.31952007345762, 160.5158222135351, 162.9526498930747, 110.4463737278771, 146.80104147487893, 130.57116618430774, 153.03456066001158, 143.0953887993586, 147.86039804029457, 162.00484538975755, 162.1481669141881, 124.64262450523364, 144.17019412290506, 124.3387311667091, 150.51424920840014, 138.78994569970794, 149.5221808711551, 161.68267272758527, 159.89835684583417, 136.75530364333207, 139.61774911148797, 128.27799969336294, 145.7574312023303, 136.36927574126622, 151.31657208372064, 159.73330857642472, 156.01002120409981, 144.83661326559061, 132.43269932555262, 139.635095943063, 139.1167097538877, 139.6095877024644, 152.649288729562, 156.4449269010873, 150.11567689682545, 149.58657165817107, 123.94545838808035, 146.2371177575135, 134.61388602305308, 143.64359973713755, 152.91043883316692, 152.4884017436649, 141.69174180794948, 151.3452614027471, 125.09765418594115, 148.29232856668037, 137.16021435429627, 145.66403753554218, 151.85057272381698, 149.36939048387242, 132.13841354761382], "fourier_y": [149.7434738842748, 173.02272922543608, 150.14659807905178, 160.31813257394592, 177.58731075585698, 186.82250521387058, 179.4321361768449, 178.62642355500557, 188.03739576703887, 169.97374664553178, 177.63023231855107, 178.52668924512085, 178.53167640862864, 195.73363933482523, 174.64402244002764, 174.5054405449477, 186.63823875125658, 187.2132045717751, 168.38699474144292, 152.34071323643352, 184.81823773310123, 192.61187376529983, 163.01037608016782, 181.43512351465955, 185.02739928368854, 183.93335422904627, 160.7421957653782, 170.718021031748, 180.99464612118737, 179.8335063089465, 169.22506111852445, 157.64626796988819, 184.72684297330957, 176.7388185225997, 168.8782757356659, 148.22076171495405, 183.752463344016, 170.4499346793064, 184.53021860239858, 172.64348669335948, 180.32088716854958, 190.59450580060624, 166.23477760170346, 178.90170766978724, 174.81627733002495, 179.84526013772052, 174.47115612642264, 188.69659745650517, 174.21134669387644, 184.91457733950912, 163.8597152527348, 174.8562071297531, 167.6688010620506, 168.28007793616567, 155.6480521351839, 181.66927978512513, 150.37197687458047, 176.6123401146677, 157.49867664871007, 178.4304222425962, 183.56559010654246, 179.03212505106947, 171.65878688225834, 163.78292931327826], "src_path": "/Users/hagardolev/Documents/Computer-Science/Third_year/sara_guidance/db_3d_models/db/9/m988/m988.off", "name": "m988"}