{"fourier_z": [152.41410173676522, 163.52689962650626, 181.39472199285018, 169.03348244366296, 183.6250098299547, 178.01441451568695, 177.90831608278242, 177.75719245844522, 171.3290125187408, 165.8564190824273, 150.39378753195916, 179.48558424129538, 185.64500949659566, 174.18582625762681, 173.41220880177787, 166.2006431993691, 154.17774227616272, 169.3425250788879, 184.07692133658114, 181.22165997372036, 173.8675646498491, 186.95974796353102, 176.82959860136904, 165.9340301837402, 176.38097028612023, 136.89192260865252, 161.2933942558729, 157.80777523354365, 184.0282401870002, 179.7663155203444, 159.2440800290772, 168.85207964129992, 140.27879211894773, 163.5924446282046, 161.53277707155496, 184.336428293395, 182.21209258344376, 179.57288985576974, 176.69102666909978, 154.82742699976993, 181.28966209202537, 161.61129314677763, 181.669298877876, 184.24376772894288, 176.39429512618898, 190.6442671042569, 184.4761482488559, 167.97146969817612, 181.3517513763242, 178.42552818685033, 147.18074226569757, 166.50193481830172, 182.9831436187959, 185.56201335850096, 146.0386355025021, 181.34670204660654, 167.68248222640375, 155.66197505040154, 170.1647312100642, 181.96305252716402, 184.16285111605703, 190.30678212704626, 185.51597933661913, 179.48252566669515], "fourier_x": [174.38634751012742, 174.579128922456, 173.03575456839442, 167.5050967960343, 164.96958997595684, 171.54822107635164, 172.68624579618336, 163.89125251225263, 179.10445068450775, 159.6673511066626, 171.0935921013699, 177.10810271360444, 168.40170637293005, 168.33512254088265, 158.45584158098472, 149.9490908530596, 177.7948946014439, 165.52467845290963, 155.67367267200729, 156.7968081029766, 151.3043862581739, 162.69103828275462, 163.27536224196595, 160.69615059880505, 180.46695579116957, 183.44828890749255, 183.31822731213677, 175.44940352089324, 155.76405437098418, 154.0288077820191, 154.3332188560621, 166.4227080127033, 169.3013214134803, 174.37723427359742, 181.28975038949548, 173.13212155397449, 171.32113747276608, 174.41549342330188, 160.8552162015633, 155.74367839340738, 159.64752059458797, 171.485137396982, 170.81608775285733, 136.2556352691924, 164.94634498420015, 160.45491340383273, 167.44736596908695, 170.73589961473175, 183.3727520188259, 175.11946935253457, 168.50165457768324, 147.5054552129834, 160.73753323445533, 171.2162410173034, 168.45016928511936, 158.30416703052927, 174.90975738563404, 184.37755131717293, 184.90540999401998, 156.9304585594531, 175.7825774395043, 180.45493109464377, 163.57978540647565, 168.1033515504481], "fourier_y": [168.63270606109182, 163.74626803080122, 133.75517803181742, 160.35851608599154, 175.5419145106745, 179.65877491145673, 176.24229344336112, 163.93330221634383, 144.1352878338495, 145.051829694764, 152.26688457578882, 157.31829363772357, 166.0548028117284, 173.94412838411705, 177.2714080960874, 174.88628941100106, 117.8604707899094, 156.36725876917714, 164.64816906552943, 163.8712442556349, 152.46511432448537, 125.48810849463585, 157.77328823485573, 163.34091724668076, 168.52884923629642, 153.24122661147103, 138.27882522707756, 162.3585253632794, 167.51403252308683, 163.634001523707, 142.59032266394405, 153.52884669544653, 160.90596575670128, 148.80671730400752, 152.77726049808058, 164.0221811822066, 169.48785169465572, 171.45653644684344, 170.7245972918023, 166.7200607022649, 158.21986192400104, 165.0295348600843, 169.27358584360337, 170.109544445384, 168.12836340558505, 165.56306355607887, 165.58706922419955, 165.02450778921286, 157.34789204356366, 163.70483933313585, 169.07518096800578, 167.04193794422844, 157.1126392853387, 154.7299419467345, 165.85686374638323, 171.4496957075479, 160.23538984462732, 154.974362337792, 150.5767655987924, 152.8352133963426, 159.17386145190338, 162.05653746779552, 159.71881698410928, 157.67729018271308], "src_path": "/Users/hagardolev/Documents/Computer-Science/Third_year/sara_guidance/db_3d_models/db/0/m99/m99.off", "name": "m99"}