{"fourier_z": [-535.7937148686065, 144.38038533998, 175.0803595475665, 161.38159363493787, 173.40661718991655, 145.4392476360254, 170.20381135682544, 165.73930937410603, 154.90804089131043, 169.37047261286548, 177.9500087575532, 146.98537650555156, 184.74999428991694, 173.93942895561014, 176.43245207560142, 167.99600849496966, 165.44201569890961, 176.43408767638454, 169.04197439019242, 170.53201975627212, 175.60110486011925, 178.72243082738157, 176.247007715106, 171.76023772304893, 168.59640790312284, 178.67965232739903, 146.1546358639396, 184.75450462189917, 155.21069133335612, 180.05406350350313, 177.16985644704394, 181.78820134264942, 165.36743193580605, 188.75051746422318, 168.67068166143557, 188.43787860081378, 170.34503326629377, 174.71243393757337, 177.45175399705457, 185.3435758054709, 176.70620612673758, 193.63142222594246, 178.58349276228893, 187.95613434003496, 175.08527352238684, 149.94274781785623, 175.3840175459769, 182.09695842932325, 185.65738645883783, 190.5541652919742, 182.7316946179571, 188.77315516509475, 183.35311189508647, 169.66838591403098, 175.69772826454772, 174.86675291894187, 180.8236155074855, 184.0895452992838, 185.27479444036624, 191.0259695090815, 191.46168018860095, 173.55471211639522, 195.24403897641145, 171.2951090721831], "fourier_x": [175.20278740053254, 170.3630497725203, 186.58122953568423, 188.96201153744187, 177.59136186164505, 157.71715339239205, 132.96646141834785, 170.59274129892512, 189.0317334937842, 187.54782605387828, 166.5839522076078, 178.00420492070262, 183.94784825383732, 178.7436432175415, 160.12667759109036, 139.6341838533926, 177.65025821385558, 182.92779520383203, 179.5116616614481, 175.19790970498372, 170.8542770029273, 168.44097902613598, 152.16959790442115, 163.80697453168452, 156.9479570301399, 153.56224170523933, 124.97988537070135, 157.08550846234192, 157.8903956523414, 125.5824586400596, 149.8208603412393, 134.35920950231278, 176.04345091794664, 154.35283982440058, 182.73412184996218, 189.46989728996368, 189.3583345125396, 185.23922549043945, 174.1388135757902, 152.35547386422456, 184.9881491434199, 179.74703277110987, 143.59387012141806, 185.23222406557386, 192.98853601667074, 191.27287421098063, 186.5613946850644, 171.3698640478947, 181.40326721501512, 180.19357115685594, 187.5172743936309, 185.69011179475035, 177.9539711857927, 176.6825219652449, 181.9182190019406, 185.1517275109888, 190.2808863802164, 176.78596456590557, 177.6941366691363, 190.65234985324543, 190.19609246605268, 185.69142907743134, 185.45114947419387, 180.3962327482104], "fourier_y": [171.71571965763695, 186.80679669277555, 180.3084867107696, 186.75400023565388, 183.09422322960754, 161.63315903038037, 170.31193816822315, 185.3183333746388, 173.44521122182425, 191.96786002421754, 192.30045727842673, 174.79930012931928, 156.4424997066993, 168.19432800231567, 167.05114281877374, 181.34363197624194, 184.47873545243638, 185.82270514571974, 185.95576362201695, 175.2050243668414, 154.68926896789392, 165.76914028364686, 167.06043308624882, 183.13072999221367, 164.19810947685076, 182.86241719267846, 183.5530036455841, 161.77934650621904, 176.49387419743007, 173.11822801467102, 177.34034369591802, 147.48792183724834, 171.66753437033964, 150.4966515359656, 173.43948421590792, 139.2269231130288, 155.6466546912738, 175.1341013999699, 190.35678431708254, 149.28646434100466, 186.21176772009062, 183.78348231387125, 182.2715727970829, 172.11092534792496, 163.5097350376353, 179.73148330465295, 171.1509144963463, 181.81440798483223, 196.8535099976283, 195.69842029057264, 184.59832922325933, 174.263721399528, 126.36612491504175, 190.93896514326184, 175.2859230104056, 186.96677258958985, 191.19228611027407, 187.22127027055836, 156.57123945981868, 182.8142889873425, 172.67747164096463, 187.697809349668, 158.06952381803532, 188.13008623784114], "src_path": "/Users/hagardolev/Documents/Computer-Science/Third_year/sara_guidance/db_3d_models/db/9/m990/m990.off", "name": "m990"}