{"fourier_z": [156.87697276304942, 154.9946095958118, 149.49953244511616, 141.63824635870262, 134.03100196973617, 121.82843090824262, 101.03952904364972, 134.40285488293566, 108.15408853061471, 127.11150484869954, 125.11815622026353, 104.84355390919576, 126.16030945175862, 137.91033502863763, 140.23280307807616, 135.45420040141923, 134.3269980662415, 138.7153773223201, 143.49119364270317, 147.55513731872495, 150.1250211088275, 150.62456208725766, 148.49986523339723, 143.10544692274595, 151.03947234805065, 154.42310384950719, 154.46192941489952, 151.49338266171603, 145.8843026528539, 138.42460443624395, 129.3435768163534, 112.39578564238867, 154.492625274405, 149.1320068234482, 142.35808986811435, 135.9142953856322, 131.6425910192044, 132.8704745082443, 136.78753081287664, 137.95214742959897, 136.67605321427897, 142.29095940714325, 147.81442328712393, 150.84078168413006, 150.79076825477046, 147.60946038587716, 141.5916018260486, 134.18531330032457, 152.97299540595066, 150.01133932189407, 143.04293780428657, 132.33330147517083, 123.81357299516162, 117.71819827776439, 116.74816791620503, 131.86176386446, 111.75824970439112, 124.04759769680892, 122.46345625602139, 115.23122343977711, 130.1089486631297, 138.96241730996277, 140.40182033318388, 135.40190489902022], "fourier_x": [132.79751667653076, 135.09647253198096, 109.81195074853522, 129.8301427166265, 127.33136566881595, 117.65997935379536, 135.65771627302635, 137.42544659476746, 141.93340944094612, 118.97223088757326, 105.1981241643994, 115.35455911492105, 132.6376885524935, 125.37809378576597, 149.7923657992415, 149.6138064454832, 150.07473540536745, 128.7140079986435, 125.22491124796075, 124.17721778585026, 142.61482613023838, 131.28264102328092, 156.10723426169744, 156.5880526348808, 153.1330433160212, 138.33830631585363, 137.28322869927905, 133.38096788854028, 148.50578016738194, 135.5746522389653, 158.71573539717542, 159.43851592580526, 152.08459813512383, 143.23986387480662, 144.8540824381922, 136.7584943472596, 151.08362740144804, 138.2862625727027, 158.94043775270575, 159.22111642124435, 146.8925702032207, 145.70847965161641, 149.4757891912185, 137.30420959653193, 151.23150224234277, 139.17440677129255, 157.64241955795765, 156.3890113459409, 136.22028747242902, 146.2178473825999, 151.64804984780207, 137.96604747747335, 149.7035792049882, 137.51998622542652, 155.6500169228956, 151.21192311466328, 120.89070939598541, 144.1891481950907, 151.43320183870642, 140.16988138712193, 147.4042152796324, 131.83609768988913, 153.48025840183163, 144.23868174994618], "fourier_y": [193.36795860407037, 189.7863444322204, 167.94361475855922, 163.66470803564582, 147.99013616811402, 166.79999602862748, 142.91427339386314, 162.0252231690372, 193.67184122938016, 163.56721955727778, 188.12202501858468, 191.75487003751041, 182.23681207806177, 168.1318811682979, 184.1420617520623, 158.80318840835008, 184.35254195553335, 180.4523745026595, 196.06633467340802, 197.50203718105843, 191.33122307743696, 160.1144927009102, 189.89064217502653, 180.81977502016395, 92.24601500841595, 191.518789370128, 194.48787152459676, 189.04796363576426, 182.7737186234749, 180.77248949714473, 163.59174616367878, 160.34175267237538, 154.0706299524402, 180.97032200276064, 184.87982693292508, 181.0167641355575, 173.50125390037658, 191.59082265778738, 188.2110001006477, 182.5860001941453, 139.74147402276614, 164.1106812724836, 153.4433724085223, 179.89866518924472, 180.24261009125934, 194.95566205693473, 190.12737499505872, 192.74993164325394, 169.29213714369905, 177.25240016709552, 179.69304002426253, 182.06406683486455, 180.40215297284897, 196.80625400001736, 192.18550050868626, 195.45514035815506, 156.51716913937167, 160.5398100050419, 174.97998065846957, 174.65174745246745, 150.5450209584888, 192.70041733601283, 196.68721793401028, 198.17758934085074], "src_path": "/Users/hagardolev/Documents/Computer-Science/Third_year/sara_guidance/db_3d_models/db/9/m993/m993.off", "name": "m993"}