{"fourier_z": [187.3980988329504, 168.8025565078488, 185.7205913367669, 167.16403746963297, 174.27284498829098, 184.17437018892383, 176.37034158214533, 167.88489588642423, 183.90361472256743, 164.4455854174049, 184.8219022681305, 169.7324757044589, 174.31359432353486, 179.4219008144612, 176.80315700738737, 159.2945284360206, 181.38920939832175, 146.4775353021575, 182.87688547530493, 176.44720036979857, 166.05570140737763, 170.88337547927577, 173.9533856584453, 162.30682159943396, 176.3438277028522, 159.08905163284214, 177.03632103287885, 177.1738694446197, 148.1999884466121, 168.1282829392684, 172.99979992526403, 156.42344470162283, 174.43475817617295, 166.75875973924127, 170.23765688363017, 172.8469685358708, 156.54980224065585, 177.8526372394572, 157.40612303828942, 159.28576058629216, 167.09681877187342, 165.75631031818, 171.8872828422408, 165.28291274903995, 148.45946486040978, 179.862129558031, 149.21698662449833, 159.37121480592577, 166.37101257247048, 163.43741241215298, 175.65216849028403, 164.2607410375208, 153.0676410772801, 179.54992287328224, 142.07883249875744, 167.56278393464083, 165.50193955416927, 163.31201275197284, 176.84922037917264, 177.27333538863903, 158.04285211633652, 181.55406277338489, 144.05325863423096, 170.35720382893004], "fourier_x": [171.715719657637, 153.00234194167072, 165.1419786196317, 167.69746542456429, 133.83603735450953, 171.68355842577884, 176.47195909096084, 168.49032269026566, 178.32423928843093, 180.8957249062178, 173.1613884380784, 174.08707077215738, 178.93684045421696, 171.17667625327104, 149.6042499084476, 163.99937782555125, 175.02103386101138, 177.1638132893492, 178.83743776207604, 179.73563702004864, 175.1789344627272, 174.508584056331, 166.99090363405318, 167.17333809379159, 177.59119317653617, 183.96833497603694, 183.710448042245, 173.76025398256297, 177.22587610050158, 178.83071738898553, 178.1793005269522, 175.6646668496938, 186.2277280037944, 180.02648234313187, 182.50163405198623, 186.85875537701884, 187.70859967034195, 179.93696388637522, 177.77440997947946, 178.32871744336288, 162.8864956541185, 172.69277499970866, 174.1466501440686, 180.52684626575058, 179.88701257657618, 182.06437344213197, 184.31401698285214, 186.20472902026097, 159.46720189817833, 170.92493370068905, 173.43865435946975, 181.33596290334228, 174.26132764830777, 162.9863518467815, 170.93871970047513, 169.9122828342251, 161.07615130302474, 158.39584586708307, 164.576658479841, 150.09208013303373, 164.60145966407526, 176.2382149871458, 176.34312943752747, 174.918027531931], "fourier_y": [175.98720166359814, 174.8227273219698, 158.3051195792237, 160.76511884642895, 173.9456746176995, 187.40156703218062, 175.32150603522484, 183.34285560895435, 175.931975351571, 164.53288801334023, 165.34359991788057, 165.03417064081037, 165.78282929879038, 175.89985048859094, 176.61847161075696, 174.31623357600841, 173.73691754192532, 185.1564672999773, 179.62287745478972, 144.313428628023, 161.1204648402412, 168.18933277050022, 142.81787741207347, 173.9901867028778, 178.62332661988205, 179.11554138658562, 188.1192625278377, 166.47233517423382, 168.55300435271627, 175.33961394703147, 187.8708009273656, 177.93528041237994, 152.9837469577731, 162.06866338949203, 180.12133147972133, 169.98602053983535, 169.25309302790328, 173.06923517361787, 195.44445341296168, 189.83756500101904, 174.4714561528497, 169.77854296213334, 182.32356949572133, 182.7429701463066, 153.06012889960297, 187.8894549008138, 191.05447122923664, 175.87309138326884, 150.01090040467423, 178.6666445698644, 179.82916250963677, 181.9243991912175, 165.3978603412279, 189.79983534876922, 194.04184240648877, 178.96772276878391, 150.92939059237432, 158.1749356404189, 167.38247748021107, 182.26975695566725, 177.95958835913427, 165.1326255021037, 181.8558855677079, 178.45369506473102], "src_path": "/Users/hagardolev/Documents/Computer-Science/Third_year/sara_guidance/db_3d_models/db/9/m994/m994.off", "name": "m994"}