{"fourier_z": [164.98627492521268, 182.82271025351687, 177.19835667543344, 135.17787907596355, 168.69123206758832, 134.62943714420734, 159.40122985603156, 155.9811113099644, 147.15458525255036, 183.6715343816469, 183.47837693472738, 171.12192121126586, 163.97399341327957, 150.85700167197723, 160.14384993577804, 162.97585350065916, 169.8161477243539, 165.35833279042714, 178.87140062049068, 181.93168870811374, 152.4813369203876, 170.6014307139645, 182.13555848966143, 182.00860719546316, 153.66260007554894, 174.68375861442908, 187.9897736088127, 175.9620558670985, 171.0219353948143, 174.9277393697781, 150.88367377659597, 159.88597741181624, 180.00236799311867, 171.71077857877944, 180.6416554697849, 166.17425776258887, 172.9174713967729, 170.92715653281476, 167.8854970860053, 159.41157376901205, 181.37215162605634, 174.2180431484232, 171.18722552316171, 180.14138431555966, 166.44776633613697, 136.33610270105814, 142.87925293771505, 161.79444622634165, 168.45459669892227, 169.89950005148484, 154.41902863826783, 177.46033143029632, 165.3984254558502, 174.1413640121668, 179.16601324067335, 170.98634483664998, 189.5589850768045, 183.63268098878976, 177.85301988558695, 187.95695721883672, 188.1967663615694, 183.8533489960979, 142.78486612728994, 135.3875337719968], "fourier_x": [169.7140504864973, 141.98677362841042, 160.71060685422208, 153.51004271967318, 173.34250803115185, 165.26640221909392, 183.16025634832417, 166.44287792878188, 158.7758563507749, 142.47335194206718, 175.62285049443105, 159.64636465302297, 174.02404644291596, 156.97894658915746, 176.23622992807577, 132.57561812527626, 136.5659807910907, 159.8335099728305, 170.7970624066042, 166.8870701739506, 173.0900332395724, 159.4617908882435, 170.07145463886667, 165.0132252505394, 146.71907678004072, 168.59304388899318, 165.31674954294482, 169.2088628806621, 169.78171390750492, 158.9664502822802, 182.2151832367348, 183.44220682279672, 175.64824896360338, 164.30478091927375, 176.10707003774655, 170.6700261263486, 175.35644318701833, 178.9009545041517, 165.52806305155542, 183.8017086850171, 149.9431189093897, 168.4653874355344, 172.38151201217792, 161.65642913759848, 164.90916182522514, 181.11363837947192, 178.334269043911, 182.0430484584209, 172.80189465458963, 134.1752382007825, 175.8059825267763, 160.13687738014514, 131.35565577979554, 181.56156551613287, 183.99368654639036, 161.84778076070177, 153.77329006883775, 133.52562662762762, 140.4789500652023, 177.68629900297162, 183.17988448105552, 147.7079965569016, 176.00462020496417, 160.07062395224494], "fourier_y": [163.6064174954737, 167.0285501450319, 158.50505323643725, 168.90730742178349, 162.63920230650876, 174.99161711461227, 167.45724947304853, 164.1889117736264, 156.91068338256042, 165.48186989638322, 169.41832192695347, 151.8779778650007, 161.67558970144, 166.92878921583488, 159.6653519774075, 166.23198462480462, 147.67742168872073, 147.0579692477918, 133.61546902245837, 126.24541507222898, 167.01468568117093, 173.62475990629534, 150.23000989910977, 143.14786371313804, 154.50926040572233, 160.3663532914916, 174.52513190686807, 180.04048377818071, 159.382664691772, 172.3797225838732, 167.47897515985142, 148.50741648772865, 174.844676807212, 173.7252963559945, 174.47501068412112, 180.64136745715246, 161.51451036073462, 161.11338222159176, 170.4808854095148, 161.06395929716726, 171.6280234698425, 167.60760573327588, 166.82270346954533, 173.64323707760863, 165.109067922939, 163.89001861929697, 166.20088886730053, 170.32092087661024, 167.30037658518924, 126.9061245549613, 165.780513777467, 165.96432455233503, 173.57946114311844, 170.75621594238098, 168.90935500687388, 171.89404000865736, 171.5176802830537, 168.69684336674783, 176.15262981729668, 174.97393925627728, 181.17869360320196, 167.0709449849457, 149.97739360565294, 153.06720578258503], "src_path": "/Users/hagardolev/Documents/Computer-Science/Third_year/sara_guidance/db_3d_models/db/9/m995/m995.off", "name": "m995"}