{"fourier_z": [171.71571965763695, 173.36028924159268, 171.71634530447588, 157.54227501374965, 156.6742650102749, 145.29025199088107, 139.98524447131376, 145.15918597954595, 150.59012636788702, 144.3673893929888, 163.02142885933227, 171.28418956576292, 171.5101553425405, 170.25455944400557, 167.4356659827325, 157.48747516844801, 165.68901444094777, 146.48697527445023, 153.94672599239834, 170.74463567521403, 177.24928826492257, 164.60715891528665, 159.34684576763448, 168.667834462137, 173.07831175698294, 170.89219995480187, 179.14208117342588, 177.7576715683956, 167.14717306833927, 150.6431809198624, 159.0432835853689, 172.0590684890737, 156.68350804457225, 157.04592112197867, 150.8153716302539, 147.42814568845506, 160.97967669179064, 154.9402010259841, 154.99598430788677, 166.326208316606, 170.71274972580466, 177.279006707473, 175.0347769058979, 139.57462705809397, 170.35885088943348, 175.21574431206483, 179.3640375548116, 181.56962980477704, 167.7549147569347, 181.56543078841878, 178.93165463087382, 161.6698115379943, 150.29478753352515, 162.5775074645324, 156.03722585767713, 177.22893876827084, 153.478126480031, 155.08475933892663, 153.3244154562381, 177.63793180219298, 182.90003225943667, 182.68624048644224, 180.71349731253048, 173.0179063950821], "fourier_x": [191.33230471787152, 180.64109632468507, 175.59964298302904, 176.70580600210909, 150.56599263453356, 181.59777635570754, 181.19520196435334, 182.28222346303858, 189.39325583115635, 187.44549256947118, 175.01058748498505, 185.1920358845992, 139.14924248789407, 161.4075796931342, 176.44635780575828, 172.3889325329316, 188.83627177284575, 194.1615225129, 174.66449471533286, 181.16226652743308, 172.08621435443035, 160.20138406266136, 174.4440556883717, 152.1840388416963, 187.26310070807077, 195.26158188565788, 170.93984356918892, 170.0316169406602, 182.06792812646955, 171.70503125837746, 157.53613388943785, 155.0461539248428, 175.17461874773485, 194.195612202418, 174.7233121690003, 160.8268226628941, 179.47702854349222, 176.997179903251, 131.33598291711843, 171.81453162912914, 149.70464062389686, 188.6065052925626, 165.04012242370032, 157.4052094450327, 174.7293019486686, 172.3863733390914, 150.54696186832234, 177.79719447889516, 165.8204352205888, 175.44117771375193, 164.19072928483905, 161.64006030002977, 176.6656634192299, 166.64280792392873, 154.0366592154306, 180.92786418978875, 173.25881161424985, 164.54697750845682, 165.74608692611545, 163.88190814545024, 175.88543134853964, 171.39573811751933, 147.45940739393703, 180.36698016851776], "fourier_y": [183.57699409769623, 165.64937687819304, 176.01914256066138, 176.56925934874846, 167.4531862597894, 175.00477650855007, 174.91613106402485, 170.67728424867283, 161.17586267586248, 166.14313154480723, 167.72177074690657, 165.8247693178762, 159.63476342543015, 177.74765863883286, 176.85119743271198, 168.93680894356604, 173.54798202619662, 129.53078633761194, 177.5469828612704, 142.88211744110538, 172.294232818663, 167.74580815279776, 190.68453849505957, 178.91615065410963, 173.16178005739587, 172.75866433794758, 175.40604537258832, 161.3988990748987, 189.39878786036616, 171.04301053979617, 188.62367419855752, 174.95513697668957, 161.11185977942023, 156.41133133416196, 187.00650258687875, 156.70212065635155, 182.95008698978899, 167.1083403521089, 162.80488278454817, 159.51583925450907, 171.05610024482385, 182.25854243431772, 160.0216901326271, 171.43686755192832, 191.83365775362472, 137.72312454356785, 167.85530225371363, 146.8554241311402, 176.0915365890686, 193.8386576548, 187.68476038548584, 181.20028437130338, 192.85307103202473, 159.52013227712055, 168.08951099809371, 165.48274544199063, 155.77121214513733, 187.46673944160008, 183.4324148070191, 170.780534991066, 190.54312657407866, 173.62235764816722, 180.77722784078935, 154.19620045009947], "src_path": "/Users/hagardolev/Documents/Computer-Science/Third_year/sara_guidance/db_3d_models/db/9/m996/m996.off", "name": "m996"}