{"fourier_z": [110.82527090316852, 141.19459380560804, 156.0010850371976, 172.33685702309074, 174.5651087430379, 176.81144133209855, 188.14610061351243, 181.7036524872281, 149.32130560169892, 160.44475700991146, 161.06074512680894, 177.00081396189134, 154.34291943354023, 183.02947695938965, 174.34983424866684, 119.01620256303134, 173.65665154384516, 169.51594344166492, 176.86097712179077, 140.9530786618875, 184.93280370607272, 178.29882172730382, 155.5857685626254, 169.40659114720535, 183.12057194318248, 176.30972816387074, 174.06873605952512, 173.7775514889825, 179.13773891492954, 165.65420789072073, 166.89664396187948, 167.28392943601645, 182.92541993844287, 170.23794005556908, 142.02703305382522, 171.83026304493376, 147.92490023274854, 159.2410340880466, 155.46940252996916, 155.6496388402409, 178.17523601393063, 172.7624692228403, 157.94801365830165, 145.32951272162063, 182.94232347490458, 179.85790149237306, 173.0877399430308, 160.43842558479813, 181.10387686914592, 175.46955493053633, 167.74240226441609, 166.27038581952053, 184.9752030721393, 175.85223676181582, 161.3880223519388, 157.24972341714673, 181.6138486288652, 164.66496878933086, 165.71850371988756, 148.58429362871053, 156.54120859710045, 149.71971078103607, 147.16272439167793, 176.42507199918018], "fourier_x": [164.98627492521274, 167.46539462976597, 164.9302371574885, 167.32676926268763, 168.7454718329187, 147.23625407092635, 167.6519811893334, 174.62907425636146, 173.07726956229965, 162.73814013386732, 153.0951176112251, 155.01712293140142, 170.5182876018559, 166.57554532257123, 135.9466514719412, 174.698326168252, 170.10929833137791, 165.90192245665503, 173.05377061540796, 174.75611044847255, 178.48359241247624, 182.24644075680303, 185.5234468067767, 155.62493910211322, 156.15812769471177, 149.6953194034321, 175.06475421897312, 178.17577874910867, 163.85770474957727, 168.77781804033955, 177.42959823561134, 177.05240139882716, 176.90341407718427, 182.22548438741336, 176.29728314891446, 155.31466494784473, 180.31341251898655, 175.34985327721876, 178.1171496636012, 169.04685162645757, 175.4497126197278, 155.595855979334, 119.8291559360492, 165.38519643420221, 180.24282160298714, 176.27641953830934, 178.74951068052636, 174.25818985070921, 170.5452253504473, 113.39350040702485, 175.9648194169297, 181.2111388434849, 175.04552737413053, 156.55277161310408, 164.70997511516794, 177.10593475847034, 171.15073496912794, 152.4911999619042, 174.34013334634147, 184.90287721011094, 183.04553603644504, 168.95549965801172, 164.52656591838092, 171.84402303471074], "fourier_y": [167.48953778429285, 172.27173679885766, 177.71949188173585, 172.79800411187924, 178.03154487066791, 184.25646123878914, 192.3012176701404, 190.46535061846095, 174.04760929103506, 187.87697674133966, 189.01908274274047, 183.62777717541957, 177.20293473933896, 148.8456713252755, 171.50722922958263, 155.68501306516993, 181.0466267117515, 173.76495979035167, 169.974889594848, 168.72382711730577, 171.2124380285498, 187.7030763619317, 178.12917584520437, 187.97952606172146, 191.7545445025046, 177.27779623117112, 179.62960298516595, 183.05359457893314, 161.69742918855587, 176.9563023865013, 188.038182282674, 188.71237905673115, 185.15405552951142, 172.34993411420908, 173.6629720540841, 170.91029817217037, 188.36463482930094, 184.85165712198057, 153.10927412058047, 177.95159341843967, 184.00717087244993, 175.13872861946578, 184.47241724329723, 180.80390670219086, 193.9448188753405, 190.04965019033017, 185.61422543291394, 194.81694861895812, 194.33177606416075, 190.63968443395325, 188.56632254960056, 193.72839057928033, 184.0309595958151, 190.91963436090032, 200.2331442926409, 192.67582712764963, 168.6890984972144, 173.32879865426747, 170.63184592981142, 179.01102263775417, 173.56057562569544, 177.15240011626022, 183.25174186024714, 177.73841909796243], "src_path": "/Users/hagardolev/Documents/Computer-Science/Third_year/sara_guidance/db_3d_models/db/9/m997/m997.off", "name": "m997"}