{"fourier_z": [146.66046028772962, 146.20657898065323, 140.89257917655078, 123.20154696285988, 153.41663581444772, 164.3096573738822, 163.3335628473408, 159.8250126730063, 156.05600071890447, 150.84005685461983, 146.33291500605617, 137.10333162491705, 136.27242761920417, 148.70472719836746, 140.03691050095006, 132.46587277745115, 150.1608833828475, 155.07429369648602, 164.98806597822778, 168.05850678119538, 161.83569685457994, 137.77158475339536, 155.48140393261744, 163.1790186171725, 132.0914498578688, 140.76468434923274, 149.30753485435815, 153.07841262191894, 145.33511725607352, 138.69353700015336, 153.82933106347673, 148.4362147524787, 160.98343000478656, 159.5839566941007, 159.47077240365854, 159.25208220242862, 151.32487913163303, 126.67058580538041, 143.11138023941749, 141.4233244993879, 160.70044959988817, 152.8605273152113, 154.9325560704381, 160.54639319037366, 160.85257300283885, 154.95113137575646, 154.4890495948628, 161.06684696756463, 156.39011758392226, 160.08022473251725, 159.2259626628379, 157.1499590233614, 158.42971593908786, 158.16560693113968, 156.7448139425424, 154.23487352440503, 153.5474152505718, 156.63014132556248, 151.744919248452, 136.00443717579705, 135.90867238323355, 137.18222786764977, 138.5518103635032, 148.92027462882467], "fourier_x": [110.82527090316847, 157.1354399750558, 137.94231201727177, 170.86911002081064, 168.19845222877524, 164.7272146668466, 173.87227973146702, 152.39244206881676, 151.9392111174463, 146.99753250975647, 146.78329082624285, 175.89448597961425, 161.65090529849945, 176.35154004839376, 169.44572795674935, 156.43436378245, 157.67394610573572, 131.20516311529926, 162.5909992363613, 173.48564088687556, 158.2674464137641, 182.44383512323932, 164.70723911158103, 165.113550167211, 150.4812222995572, 161.7781267579375, 165.86002050219565, 164.19620667705726, 162.35124778626115, 183.50676931447592, 161.54924782155194, 166.56254464137348, 148.73058535644338, 171.46008007823224, 163.0194813976701, 158.9687329218781, 166.34935311958492, 179.91502860510855, 160.4338795574817, 160.80813654815836, 155.04604943488215, 172.69861642695406, 159.87769252649247, 165.42660682701924, 169.2324369786736, 171.63299533899857, 161.57410272048895, 145.62226866161484, 152.67693268088155, 167.28389782192272, 154.75338369058738, 165.6186640377679, 170.7561258683863, 160.42320575274056, 161.18791174086198, 124.96161650057529, 156.84880099713428, 156.63796926117985, 122.32531570490261, 161.31731588920928, 170.3465823595343, 153.426774763327, 153.14500486301858, 139.2960264873598], "fourier_y": [190.97193460781796, 184.78679840566843, 173.2906191565718, 178.8860827057535, 184.46492693068635, 177.21160213357624, 160.94000772365098, 182.36160761139604, 189.80523714881872, 187.7252206012449, 182.63907349592097, 176.66509825116395, 184.3992208358282, 182.48127875245248, 181.31031985384794, 189.54900437182624, 181.81472096791032, 179.95294946180985, 175.57365798383844, 173.5771668978242, 184.36820275465635, 184.38258126854325, 179.28312725879476, 184.6393779257033, 165.22670018148136, 149.73683609895264, 162.85823189133174, 183.58204547113212, 186.19075879713623, 180.80464518222445, 175.92447438153818, 182.12056908765302, 175.62159003449224, 177.80271840750757, 183.21685304737457, 187.48548786404132, 180.6353652295595, 168.11260214242157, 179.72303752789702, 179.15886483527643, 183.15219087398282, 184.02623468222077, 187.18699168552348, 184.89023326375064, 176.9992677648217, 161.3570668490654, 160.3524018073988, 156.9953327247772, 180.10128956804678, 187.4060094663502, 184.20256117905842, 167.89002781649643, 158.1536632629231, 155.6714187773404, 160.08125557802424, 161.20947988441768, 179.0168068267388, 186.13787794833132, 180.2969679737056, 167.51862913172636, 168.0252149108053, 167.13187200828906, 174.89019988611108, 159.12517062530537], "src_path": "/Users/hagardolev/Documents/Computer-Science/Third_year/sara_guidance/db_3d_models/db/9/m998/m998.off", "name": "m998"}