{"fourier_z": [174.38634751012742, 157.11904563387, 137.79954342666423, 170.95087800834398, 182.25651905751403, 170.790031370919, 161.95552856597683, 163.11467548914334, 173.09899807916594, 161.31988301734327, 120.04736522594705, 168.42425277666894, 171.19862549529896, 141.93408459970183, 170.6847982905326, 173.2270191271311, 167.4626026567505, 145.7707345503953, 158.42676736077422, 173.5865724594368, 176.5828026244787, 155.52412747017914, 148.38296535021388, 170.52124526181314, 181.01536318538663, 152.13558535595075, 172.77502229212809, 164.46645028421895, 169.41542274032588, 146.32633246867155, 119.6255533522374, 134.99098307267784, 148.68907992311503, 173.03013474626363, 180.41034446495206, 149.4999173120311, 173.98724646380768, 171.5573009215815, 161.40956824572086, 145.5288379178271, 163.93507720316165, 176.53982776241497, 177.58842962666338, 167.1868085678929, 182.8009246649019, 180.10712389947685, 166.5010589368518, 168.10603542313603, 165.34843897260066, 181.8110784005541, 150.25727798628765, 166.62478988530097, 176.24774210877644, 166.30051742394198, 185.02342693798224, 177.638172519694, 153.68610950362654, 186.65356120178612, 166.8180039044192, 174.21302110684212, 150.4394070757672, 160.744695944057, 180.64704999931854, 171.38987785539652], "fourier_x": [156.87697276304942, 149.02245143543016, 177.0696154611681, 179.30519984710725, 156.86339790661293, 163.51061700946804, 182.1220626963374, 180.931354823721, 154.47995078563486, 160.03622804953605, 161.60998193248062, 161.99640455263034, 173.2327192731168, 173.30104755397105, 175.7753689768863, 173.54542214520347, 163.46671508493318, 169.0466633969508, 163.55965297557583, 173.79603939634634, 180.10070088695448, 170.12866434624078, 162.4762713860137, 147.968176436235, 167.09341861094768, 176.82570893457833, 175.7248638454363, 171.99662781530208, 160.627495167122, 147.59319319225708, 148.91550781901643, 120.25467334326578, 159.6618117198002, 165.9877356878065, 172.7493554097347, 170.45068532524317, 155.55023957987757, 155.61571834371404, 173.75034949235197, 172.23695186023946, 158.87846905734943, 174.6553748103546, 156.50108914234858, 130.9995891303567, 140.94675010439212, 160.06795732729185, 157.73091195504486, 177.38298560554625, 147.46837568053158, 178.71254499099166, 179.12369152670112, 171.46081877700544, 153.1223708486522, 177.0004664950687, 169.4359401150534, 167.37796736443516, 171.3638092982668, 172.59877467050657, 177.78812999933092, 172.4117253676218, 159.30388630342316, 168.89642065719343, 171.77405419483375, 154.53387453608528], "fourier_y": [193.04274818663475, 184.4025298827049, 180.30310088741356, 170.48912726166148, 167.13781368780985, 166.9432481010204, 181.96424332251777, 189.58957658733243, 183.84024880416672, 179.85553194003754, 176.87522621536985, 142.3972446623987, 167.2898463818136, 162.48100720931325, 179.78843082823653, 166.73273921138642, 189.12389877602874, 182.9137989023967, 175.95298988903326, 169.58633613166757, 172.00932530170573, 156.08498160002404, 158.67163756768758, 177.93707214584458, 183.62791999417212, 185.8180961748978, 179.4368689814107, 176.72007857341362, 169.87157083269793, 173.34283034108603, 184.62568768852876, 187.79322362888766, 174.3731739740478, 161.13264084691582, 183.90011697505577, 181.6467606230616, 183.24904230224436, 166.933100294534, 186.44344739430102, 185.0325860600893, 168.68792692409184, 190.23954170205752, 135.61286569311727, 181.1637125038855, 178.2123703772009, 177.2073640872995, 162.3039712353884, 177.69766028786916, 177.34575767872047, 178.4984651373608, 176.9296723427632, 189.30191072573734, 180.86844801371006, 176.93445591943492, 164.98149570607188, 149.31305435962707, 156.42493086661597, 141.91042773938102, 158.61887030336825, 144.57164593999204, 167.64045096012188, 189.02032819639416, 177.12596339615476, 180.07013054510952], "src_path": "/Users/hagardolev/Documents/Computer-Science/Third_year/sara_guidance/db_3d_models/db/9/m999/m999.off", "name": "m999"}